object_id,api_supplier_risk,campaign_flag,client_type,dosage_form,line,market,planned_qty,plant,priority,product_code,uom
BATCH01561,Medium,Yes,OwnBrand,Injectable,INJ1,FR,16081,PLANT_PARENTERAL,Medium,HEP5000SC,Units
BATCH04388,Medium,No,OwnBrand,Device,DEV1,DE,3824,PLANT_SPECIAL,Medium,INSUPEN,Units
BATCH07823,Low,No,OwnBrand,Capsule,CL1,IT,167974,PLANT_SOLIDS,Medium,OMEP20CAP,TabletsCaps
BATCH05382,Medium,No,OwnBrand,Injectable,INJ2,FR,31717,PLANT_PARENTERAL,Low,HEP5000SC,Units
BATCH07992,Low,No,OwnBrand,Capsule,CL2,IT,79136,PLANT_SOLIDS,Low,OMEP20CAP,TabletsCaps
BATCH07807,Medium,No,Contract,Hormonal,HORM2,ES,48387,PLANT_SPECIAL,Low,LEVOHORMIMPL,Units
BATCH03648,Medium,No,OwnBrand,Device,DEV2,DE,48040,PLANT_SPECIAL,Medium,INSUPEN,Units
BATCH01376,Low,No,Contract,Device,DEV1,UK,3406,PLANT_SPECIAL,Low,INHALER,Units
BATCH07215,Low,No,OwnBrand,Capsule,CL1,IT,498957,PLANT_SOLIDS,Low,OMEP20CAP,TabletsCaps
BATCH04432,Low,No,Contract,Device,DEV2,UK,43207,PLANT_SPECIAL,Medium,INHALER,Units
BATCH06290,Low,Yes,Contract,Device,DEV1,UK,15105,PLANT_SPECIAL,Low,INHALER,Units
BATCH01225,Low,Yes,OwnBrand,Tablet,TL1,ES,291093,PLANT_SOLIDS,Low,PARA500TAB,TabletsCaps
BATCH05284,Low,No,OwnBrand,Hormonal,HORM1,PT,46886,PLANT_SPECIAL,Medium,EE30TAB,Units
BATCH07626,High,No,Contract,Capsule,CL1,DE,164667,PLANT_SOLIDS,High,AMOX500CAP,TabletsCaps
BATCH02556,Medium,No,Contract,Hormonal,HORM1,ES,34322,PLANT_SPECIAL,Medium,LEVOHORMIMPL,Units
BATCH08633,Medium,Yes,OwnBrand,Injectable,INJ1,FR,22781,PLANT_PARENTERAL,High,HEP5000SC,Units
BATCH06051,Low,No,OwnBrand,Hormonal,HORM2,PT,27147,PLANT_SPECIAL,High,EE30TAB,Units
BATCH05967,Low,No,OwnBrand,Capsule,CL2,IT,311633,PLANT_SOLIDS,Medium,OMEP20CAP,TabletsCaps
BATCH07360,Medium,No,OwnBrand,Device,DEV1,DE,38179,PLANT_SPECIAL,Medium,INSUPEN,Units
BATCH07484,Medium,Yes,OwnBrand,Device,DEV1,DE,6825,PLANT_SPECIAL,Medium,INSUPEN,Units
BATCH08688,Medium,No,Contract,Hormonal,HORM2,ES,30856,PLANT_SPECIAL,Medium,LEVOHORMIMPL,Units
BATCH09006,Low,No,OwnBrand,Capsule,CL2,IT,111114,PLANT_SOLIDS,Medium,OMEP20CAP,TabletsCaps
BATCH09861,Medium,Yes,OwnBrand,Injectable,INJ1,FR,42900,PLANT_PARENTERAL,Low,HEP5000SC,Units
BATCH06861,Medium,No,OwnBrand,Device,DEV2,DE,31656,PLANT_SPECIAL,High,INSUPEN,Units
BATCH04208,Low,Yes,Contract,Device,DEV1,UK,45527,PLANT_SPECIAL,Medium,INHALER,Units
BATCH01082,High,No,Contract,Capsule,CL2,DE,374873,PLANT_SOLIDS,Low,AMOX500CAP,TabletsCaps
BATCH00390,Medium,No,OwnBrand,Injectable,INJ1,FR,28603,PLANT_PARENTERAL,Low,HEP5000SC,Units
BATCH01030,Medium,Yes,OwnBrand,Tablet,TL1,FR,289927,PLANT_SOLIDS,Low,IBUP400TAB,TabletsCaps
BATCH09859,Low,Yes,OwnBrand,Tablet,TL1,ES,215438,PLANT_SOLIDS,High,PARA500TAB,TabletsCaps
BATCH00725,Medium,No,OwnBrand,Device,DEV2,DE,2014,PLANT_SPECIAL,High,INSUPEN,Units
BATCH02368,High,Yes,Contract,Capsule,CL2,DE,431176,PLANT_SOLIDS,Medium,AMOX500CAP,TabletsCaps
BATCH00207,Low,No,OwnBrand,Tablet,TL2,ES,287904,PLANT_SOLIDS,Medium,PARA500TAB,TabletsCaps
BATCH07204,Medium,No,OwnBrand,Device,DEV1,DE,27716,PLANT_SPECIAL,High,INSUPEN,Units
BATCH01154,Low,No,OwnBrand,Capsule,CL1,IT,95020,PLANT_SOLIDS,Medium,OMEP20CAP,TabletsCaps
BATCH06058,Low,No,Contract,Device,DEV1,UK,15799,PLANT_SPECIAL,Medium,INHALER,Units
BATCH02671,Low,No,Contract,Device,DEV2,UK,41801,PLANT_SPECIAL,Low,INHALER,Units
BATCH04439,Medium,No,OwnBrand,Injectable,INJ2,FR,43029,PLANT_PARENTERAL,High,HEP5000SC,Units
BATCH03228,Medium,No,OwnBrand,Device,DEV1,DE,18709,PLANT_SPECIAL,Medium,INSUPEN,Units
BATCH00361,Medium,No,OwnBrand,Tablet,TL3,FR,92424,PLANT_SOLIDS,Medium,IBUP400TAB,TabletsCaps
BATCH06808,Low,No,Contract,Device,DEV1,UK,43902,PLANT_SPECIAL,Low,INHALER,Units
BATCH03512,High,No,Contract,Injectable,INJ1,UK,22938,PLANT_PARENTERAL,Low,CEF1GIV,Units
BATCH08041,Low,No,Contract,Device,DEV2,UK,41420,PLANT_SPECIAL,Medium,INHALER,Units
BATCH09953,Low,No,Contract,Device,DEV1,UK,49586,PLANT_SPECIAL,High,INHALER,Units
BATCH06906,Low,No,OwnBrand,Tablet,TL3,ES,69022,PLANT_SOLIDS,Medium,PARA500TAB,TabletsCaps
BATCH07155,Medium,No,OwnBrand,Injectable,INJ1,FR,49662,PLANT_PARENTERAL,Low,HEP5000SC,Units
BATCH04418,Low,No,OwnBrand,Tablet,TL2,ES,227289,PLANT_SOLIDS,Medium,PARA500TAB,TabletsCaps
BATCH04850,Low,No,OwnBrand,Capsule,CL1,IT,144914,PLANT_SOLIDS,High,OMEP20CAP,TabletsCaps
BATCH07502,Low,No,Contract,Device,DEV1,UK,14450,PLANT_SPECIAL,Low,INHALER,Units
BATCH09685,Medium,No,Contract,Hormonal,HORM2,ES,20456,PLANT_SPECIAL,Medium,LEVOHORMIMPL,Units
BATCH00772,Low,No,OwnBrand,Hormonal,HORM2,PT,46719,PLANT_SPECIAL,Medium,EE30TAB,Units
BATCH08230,Medium,No,OwnBrand,Injectable,INJ1,FR,20951,PLANT_PARENTERAL,High,HEP5000SC,Units
BATCH06692,Low,No,OwnBrand,Hormonal,HORM1,PT,4687,PLANT_SPECIAL,Medium,EE30TAB,Units
BATCH05145,Low,No,OwnBrand,Tablet,TL2,ES,121659,PLANT_SOLIDS,High,PARA500TAB,TabletsCaps
BATCH01660,Low,No,OwnBrand,Capsule,CL1,IT,120603,PLANT_SOLIDS,Medium,OMEP20CAP,TabletsCaps
BATCH09764,Medium,No,Contract,Hormonal,HORM2,ES,40747,PLANT_SPECIAL,High,LEVOHORMIMPL,Units
BATCH06922,Low,No,Contract,Device,DEV1,UK,28354,PLANT_SPECIAL,Medium,INHALER,Units
BATCH09659,Medium,No,Contract,Hormonal,HORM2,ES,27041,PLANT_SPECIAL,Medium,LEVOHORMIMPL,Units
BATCH06554,Low,Yes,OwnBrand,Capsule,CL1,IT,473394,PLANT_SOLIDS,Medium,OMEP20CAP,TabletsCaps
BATCH07013,Medium,No,OwnBrand,Device,DEV2,DE,12159,PLANT_SPECIAL,Medium,INSUPEN,Units
BATCH02276,Medium,Yes,OwnBrand,Tablet,TL2,FR,288264,PLANT_SOLIDS,Medium,IBUP400TAB,TabletsCaps
BATCH05863,Low,No,OwnBrand,Tablet,TL1,ES,69341,PLANT_SOLIDS,Low,PARA500TAB,TabletsCaps
BATCH00441,High,Yes,Contract,Injectable,INJ1,UK,29218,PLANT_PARENTERAL,High,CEF1GIV,Units
BATCH08871,High,No,Contract,Injectable,INJ1,UK,24173,PLANT_PARENTERAL,Low,CEF1GIV,Units
BATCH04427,Medium,No,Contract,Hormonal,HORM2,ES,4133,PLANT_SPECIAL,High,LEVOHORMIMPL,Units
BATCH02605,Medium,No,Contract,Hormonal,HORM2,ES,39375,PLANT_SPECIAL,Low,LEVOHORMIMPL,Units
BATCH01129,Low,No,OwnBrand,Capsule,CL2,IT,449504,PLANT_SOLIDS,High,OMEP20CAP,TabletsCaps
BATCH05842,Low,Yes,OwnBrand,Hormonal,HORM1,PT,10826,PLANT_SPECIAL,Low,EE30TAB,Units
BATCH06324,Medium,No,OwnBrand,Injectable,INJ1,FR,32330,PLANT_PARENTERAL,Medium,HEP5000SC,Units
BATCH05793,Low,Yes,Contract,Device,DEV2,UK,34710,PLANT_SPECIAL,Medium,INHALER,Units
BATCH03858,Low,Yes,OwnBrand,Hormonal,HORM1,PT,49596,PLANT_SPECIAL,Medium,EE30TAB,Units
BATCH08115,Low,No,OwnBrand,Tablet,TL1,ES,94157,PLANT_SOLIDS,High,PARA500TAB,TabletsCaps
BATCH03149,Low,No,OwnBrand,Capsule,CL2,IT,380191,PLANT_SOLIDS,Medium,OMEP20CAP,TabletsCaps
BATCH03043,High,No,Contract,Capsule,CL1,DE,127969,PLANT_SOLIDS,Medium,AMOX500CAP,TabletsCaps
BATCH09548,Medium,No,OwnBrand,Injectable,INJ1,FR,43516,PLANT_PARENTERAL,Medium,HEP5000SC,Units
BATCH01032,High,No,Contract,Injectable,INJ2,UK,2039,PLANT_PARENTERAL,Low,CEF1GIV,Units
BATCH08155,Low,No,OwnBrand,Hormonal,HORM2,PT,38139,PLANT_SPECIAL,High,EE30TAB,Units
BATCH04665,Low,No,OwnBrand,Capsule,CL1,IT,147022,PLANT_SOLIDS,High,OMEP20CAP,TabletsCaps
BATCH07018,Medium,No,Contract,Hormonal,HORM2,ES,15773,PLANT_SPECIAL,High,LEVOHORMIMPL,Units
BATCH00415,High,No,Contract,Capsule,CL2,DE,197727,PLANT_SOLIDS,Low,AMOX500CAP,TabletsCaps
BATCH01542,High,No,Contract,Capsule,CL2,DE,174872,PLANT_SOLIDS,High,AMOX500CAP,TabletsCaps
BATCH03800,Medium,No,Contract,Hormonal,HORM2,ES,33151,PLANT_SPECIAL,Medium,LEVOHORMIMPL,Units
BATCH05294,Low,No,Contract,Device,DEV1,UK,7719,PLANT_SPECIAL,Medium,INHALER,Units
BATCH01684,Low,No,OwnBrand,Capsule,CL2,IT,442841,PLANT_SOLIDS,High,OMEP20CAP,TabletsCaps
BATCH05281,Medium,No,OwnBrand,Injectable,INJ2,FR,17635,PLANT_PARENTERAL,High,HEP5000SC,Units
BATCH02684,Low,No,OwnBrand,Capsule,CL2,IT,57850,PLANT_SOLIDS,Medium,OMEP20CAP,TabletsCaps
BATCH03863,Medium,Yes,OwnBrand,Tablet,TL2,FR,364381,PLANT_SOLIDS,Low,IBUP400TAB,TabletsCaps
BATCH05466,Medium,Yes,Contract,Hormonal,HORM1,ES,27814,PLANT_SPECIAL,Medium,LEVOHORMIMPL,Units
BATCH07993,Medium,Yes,OwnBrand,Tablet,TL2,FR,396276,PLANT_SOLIDS,Low,IBUP400TAB,TabletsCaps
BATCH08802,Medium,Yes,OwnBrand,Tablet,TL2,FR,157881,PLANT_SOLIDS,High,IBUP400TAB,TabletsCaps
BATCH08712,High,No,Contract,Capsule,CL2,DE,188573,PLANT_SOLIDS,High,AMOX500CAP,TabletsCaps
BATCH09186,Low,No,OwnBrand,Tablet,TL1,ES,260856,PLANT_SOLIDS,Low,PARA500TAB,TabletsCaps
BATCH07801,Medium,No,OwnBrand,Device,DEV1,DE,31323,PLANT_SPECIAL,High,INSUPEN,Units
BATCH09153,Medium,No,Contract,Hormonal,HORM2,ES,3981,PLANT_SPECIAL,Medium,LEVOHORMIMPL,Units
BATCH03596,Medium,No,Contract,Hormonal,HORM1,ES,48688,PLANT_SPECIAL,Medium,LEVOHORMIMPL,Units
BATCH08955,High,Yes,Contract,Capsule,CL2,DE,253592,PLANT_SOLIDS,Medium,AMOX500CAP,TabletsCaps
BATCH08689,Low,No,OwnBrand,Hormonal,HORM2,PT,29554,PLANT_SPECIAL,Low,EE30TAB,Units
BATCH08678,Medium,No,OwnBrand,Tablet,TL1,FR,452288,PLANT_SOLIDS,Medium,IBUP400TAB,TabletsCaps
BATCH03038,High,No,Contract,Injectable,INJ1,UK,41006,PLANT_PARENTERAL,Medium,CEF1GIV,Units
BATCH04459,Low,Yes,OwnBrand,Tablet,TL1,ES,88697,PLANT_SOLIDS,Medium,PARA500TAB,TabletsCaps
BATCH03417,Low,No,OwnBrand,Hormonal,HORM1,PT,12340,PLANT_SPECIAL,Medium,EE30TAB,Units
BATCH01171,Low,No,OwnBrand,Hormonal,HORM1,PT,30923,PLANT_SPECIAL,High,EE30TAB,Units
BATCH02917,Medium,Yes,OwnBrand,Device,DEV1,DE,33519,PLANT_SPECIAL,High,INSUPEN,Units
BATCH08693,High,No,Contract,Injectable,INJ2,UK,34230,PLANT_PARENTERAL,Medium,CEF1GIV,Units
BATCH03045,Low,No,Contract,Device,DEV1,UK,3885,PLANT_SPECIAL,Medium,INHALER,Units
BATCH00084,Low,No,OwnBrand,Hormonal,HORM1,PT,49949,PLANT_SPECIAL,Medium,EE30TAB,Units
BATCH02707,High,No,Contract,Injectable,INJ2,UK,21558,PLANT_PARENTERAL,Medium,CEF1GIV,Units
BATCH05062,Low,No,OwnBrand,Hormonal,HORM1,PT,33940,PLANT_SPECIAL,Medium,EE30TAB,Units
BATCH06931,Medium,No,OwnBrand,Device,DEV1,DE,49463,PLANT_SPECIAL,Low,INSUPEN,Units
BATCH07163,High,No,Contract,Injectable,INJ1,UK,9944,PLANT_PARENTERAL,Low,CEF1GIV,Units
BATCH00876,Low,No,Contract,Device,DEV1,UK,48991,PLANT_SPECIAL,High,INHALER,Units
BATCH02038,Low,No,OwnBrand,Hormonal,HORM1,PT,28977,PLANT_SPECIAL,Low,EE30TAB,Units
BATCH03904,Low,Yes,Contract,Device,DEV1,UK,38174,PLANT_SPECIAL,Medium,INHALER,Units
BATCH02023,Low,No,OwnBrand,Capsule,CL1,IT,261806,PLANT_SOLIDS,Medium,OMEP20CAP,TabletsCaps
BATCH07489,High,Yes,Contract,Capsule,CL1,DE,425675,PLANT_SOLIDS,High,AMOX500CAP,TabletsCaps
BATCH03367,Low,No,OwnBrand,Hormonal,HORM1,PT,23072,PLANT_SPECIAL,Medium,EE30TAB,Units
BATCH09354,High,No,Contract,Capsule,CL2,DE,205134,PLANT_SOLIDS,Low,AMOX500CAP,TabletsCaps
BATCH00330,Low,No,OwnBrand,Hormonal,HORM1,PT,19947,PLANT_SPECIAL,Medium,EE30TAB,Units
BATCH05959,Medium,Yes,Contract,Hormonal,HORM1,ES,46536,PLANT_SPECIAL,High,LEVOHORMIMPL,Units
BATCH00420,Medium,No,OwnBrand,Injectable,INJ2,FR,14328,PLANT_PARENTERAL,Medium,HEP5000SC,Units
BATCH03416,Low,Yes,OwnBrand,Hormonal,HORM1,PT,46907,PLANT_SPECIAL,Medium,EE30TAB,Units
BATCH05436,Medium,Yes,Contract,Hormonal,HORM2,ES,36274,PLANT_SPECIAL,Medium,LEVOHORMIMPL,Units
BATCH09791,Low,No,Contract,Device,DEV2,UK,32682,PLANT_SPECIAL,Low,INHALER,Units
BATCH06944,Low,No,OwnBrand,Tablet,TL1,ES,482303,PLANT_SOLIDS,Medium,PARA500TAB,TabletsCaps
BATCH09884,Medium,Yes,OwnBrand,Tablet,TL2,FR,184138,PLANT_SOLIDS,Medium,IBUP400TAB,TabletsCaps
BATCH05668,Low,Yes,OwnBrand,Hormonal,HORM2,PT,22142,PLANT_SPECIAL,Medium,EE30TAB,Units
BATCH09438,Low,No,OwnBrand,Hormonal,HORM2,PT,10562,PLANT_SPECIAL,Medium,EE30TAB,Units
BATCH01090,Medium,No,OwnBrand,Injectable,INJ2,FR,5590,PLANT_PARENTERAL,High,HEP5000SC,Units
BATCH04453,Medium,No,OwnBrand,Injectable,INJ2,FR,25572,PLANT_PARENTERAL,Low,HEP5000SC,Units
BATCH01273,Medium,No,OwnBrand,Device,DEV2,DE,16631,PLANT_SPECIAL,High,INSUPEN,Units
BATCH00294,Low,No,Contract,Device,DEV1,UK,49391,PLANT_SPECIAL,High,INHALER,Units
BATCH01303,High,Yes,Contract,Injectable,INJ1,UK,7396,PLANT_PARENTERAL,High,CEF1GIV,Units
BATCH00621,High,No,Contract,Injectable,INJ1,UK,22469,PLANT_PARENTERAL,High,CEF1GIV,Units
BATCH07514,Low,No,OwnBrand,Hormonal,HORM1,PT,21911,PLANT_SPECIAL,Medium,EE30TAB,Units
BATCH05219,Low,No,Contract,Device,DEV2,UK,40187,PLANT_SPECIAL,High,INHALER,Units
BATCH06266,Low,No,OwnBrand,Capsule,CL1,IT,272812,PLANT_SOLIDS,Medium,OMEP20CAP,TabletsCaps
BATCH03306,High,Yes,Contract,Injectable,INJ1,UK,33805,PLANT_PARENTERAL,Low,CEF1GIV,Units
BATCH02813,High,No,Contract,Injectable,INJ2,UK,35187,PLANT_PARENTERAL,Medium,CEF1GIV,Units
BATCH01399,High,Yes,Contract,Capsule,CL1,DE,456535,PLANT_SOLIDS,Medium,AMOX500CAP,TabletsCaps
BATCH08507,Medium,No,OwnBrand,Injectable,INJ2,FR,10242,PLANT_PARENTERAL,Low,HEP5000SC,Units
BATCH01690,Medium,No,Contract,Hormonal,HORM2,ES,19835,PLANT_SPECIAL,High,LEVOHORMIMPL,Units
BATCH03209,Low,No,OwnBrand,Tablet,TL3,ES,148686,PLANT_SOLIDS,Medium,PARA500TAB,TabletsCaps
BATCH02093,Low,No,Contract,Device,DEV1,UK,6972,PLANT_SPECIAL,High,INHALER,Units
BATCH00498,High,No,Contract,Capsule,CL2,DE,141398,PLANT_SOLIDS,High,AMOX500CAP,TabletsCaps
BATCH07284,Low,No,OwnBrand,Tablet,TL1,ES,113381,PLANT_SOLIDS,Medium,PARA500TAB,TabletsCaps
BATCH00223,Low,No,OwnBrand,Tablet,TL3,ES,258388,PLANT_SOLIDS,Medium,PARA500TAB,TabletsCaps
BATCH07856,Low,Yes,OwnBrand,Hormonal,HORM2,PT,3145,PLANT_SPECIAL,Medium,EE30TAB,Units
BATCH08152,Low,Yes,OwnBrand,Hormonal,HORM2,PT,30447,PLANT_SPECIAL,High,EE30TAB,Units
BATCH07465,Low,No,OwnBrand,Capsule,CL1,IT,210916,PLANT_SOLIDS,Low,OMEP20CAP,TabletsCaps
BATCH08208,Medium,Yes,Contract,Hormonal,HORM1,ES,34602,PLANT_SPECIAL,Low,LEVOHORMIMPL,Units
BATCH04136,Low,No,Contract,Device,DEV1,UK,36828,PLANT_SPECIAL,Low,INHALER,Units
BATCH09979,High,No,Contract,Capsule,CL1,DE,363581,PLANT_SOLIDS,Medium,AMOX500CAP,TabletsCaps
BATCH03187,Medium,No,OwnBrand,Device,DEV1,DE,31566,PLANT_SPECIAL,Low,INSUPEN,Units
BATCH01011,Low,Yes,OwnBrand,Capsule,CL1,IT,264574,PLANT_SOLIDS,Medium,OMEP20CAP,TabletsCaps
BATCH09673,Low,No,OwnBrand,Tablet,TL3,ES,143022,PLANT_SOLIDS,Medium,PARA500TAB,TabletsCaps
BATCH00632,High,No,Contract,Injectable,INJ2,UK,26862,PLANT_PARENTERAL,High,CEF1GIV,Units
BATCH08342,High,No,Contract,Injectable,INJ1,UK,48955,PLANT_PARENTERAL,Medium,CEF1GIV,Units
BATCH05552,Medium,No,OwnBrand,Injectable,INJ2,FR,20738,PLANT_PARENTERAL,Low,HEP5000SC,Units
BATCH04783,Low,No,OwnBrand,Capsule,CL1,IT,326404,PLANT_SOLIDS,Low,OMEP20CAP,TabletsCaps
BATCH09990,Medium,No,OwnBrand,Device,DEV1,DE,6242,PLANT_SPECIAL,Low,INSUPEN,Units
BATCH08473,Medium,No,Contract,Hormonal,HORM2,ES,24546,PLANT_SPECIAL,High,LEVOHORMIMPL,Units
BATCH05054,Low,No,OwnBrand,Hormonal,HORM1,PT,17615,PLANT_SPECIAL,Low,EE30TAB,Units
BATCH04613,Low,No,OwnBrand,Capsule,CL2,IT,58261,PLANT_SOLIDS,Medium,OMEP20CAP,TabletsCaps
BATCH06992,Low,No,OwnBrand,Tablet,TL2,ES,387764,PLANT_SOLIDS,Low,PARA500TAB,TabletsCaps
BATCH07604,Medium,No,OwnBrand,Tablet,TL3,FR,488239,PLANT_SOLIDS,Medium,IBUP400TAB,TabletsCaps
BATCH02225,Low,No,OwnBrand,Tablet,TL2,ES,89470,PLANT_SOLIDS,Low,PARA500TAB,TabletsCaps
BATCH03429,High,Yes,Contract,Injectable,INJ1,UK,21059,PLANT_PARENTERAL,Low,CEF1GIV,Units
BATCH03533,Medium,No,OwnBrand,Device,DEV2,DE,44726,PLANT_SPECIAL,Medium,INSUPEN,Units
BATCH05423,Medium,No,OwnBrand,Tablet,TL3,FR,446257,PLANT_SOLIDS,Medium,IBUP400TAB,TabletsCaps
BATCH02618,Medium,Yes,Contract,Hormonal,HORM1,ES,36684,PLANT_SPECIAL,Medium,LEVOHORMIMPL,Units
BATCH07386,Medium,No,OwnBrand,Injectable,INJ1,FR,36143,PLANT_PARENTERAL,Low,HEP5000SC,Units
BATCH02638,Medium,No,Contract,Hormonal,HORM1,ES,45706,PLANT_SPECIAL,Medium,LEVOHORMIMPL,Units
BATCH03479,High,No,Contract,Injectable,INJ2,UK,16488,PLANT_PARENTERAL,Low,CEF1GIV,Units
BATCH09745,Medium,Yes,OwnBrand,Device,DEV1,DE,9943,PLANT_SPECIAL,Medium,INSUPEN,Units
BATCH00807,Medium,Yes,OwnBrand,Device,DEV1,DE,42206,PLANT_SPECIAL,High,INSUPEN,Units
BATCH09816,Medium,Yes,OwnBrand,Tablet,TL3,FR,123342,PLANT_SOLIDS,Low,IBUP400TAB,TabletsCaps
BATCH04267,Low,No,OwnBrand,Tablet,TL1,ES,209087,PLANT_SOLIDS,Low,PARA500TAB,TabletsCaps
BATCH07909,High,Yes,Contract,Capsule,CL1,DE,174910,PLANT_SOLIDS,High,AMOX500CAP,TabletsCaps
BATCH07324,High,No,Contract,Capsule,CL1,DE,356938,PLANT_SOLIDS,Medium,AMOX500CAP,TabletsCaps
BATCH00816,Low,No,OwnBrand,Tablet,TL1,ES,166155,PLANT_SOLIDS,Medium,PARA500TAB,TabletsCaps
BATCH05585,Medium,No,OwnBrand,Device,DEV2,DE,35613,PLANT_SPECIAL,Low,INSUPEN,Units
BATCH00982,Medium,Yes,OwnBrand,Device,DEV1,DE,19922,PLANT_SPECIAL,Medium,INSUPEN,Units
BATCH09577,High,No,Contract,Capsule,CL2,DE,115793,PLANT_SOLIDS,High,AMOX500CAP,TabletsCaps
BATCH03913,Low,No,OwnBrand,Capsule,CL1,IT,496734,PLANT_SOLIDS,High,OMEP20CAP,TabletsCaps
BATCH00194,Low,No,Contract,Device,DEV2,UK,47458,PLANT_SPECIAL,Medium,INHALER,Units
BATCH02554,Low,No,OwnBrand,Tablet,TL3,ES,492928,PLANT_SOLIDS,Medium,PARA500TAB,TabletsCaps
BATCH07559,High,Yes,Contract,Capsule,CL1,DE,176016,PLANT_SOLIDS,Medium,AMOX500CAP,TabletsCaps
BATCH02185,High,Yes,Contract,Capsule,CL2,DE,147296,PLANT_SOLIDS,Medium,AMOX500CAP,TabletsCaps
BATCH09029,Medium,No,OwnBrand,Injectable,INJ2,FR,7720,PLANT_PARENTERAL,Medium,HEP5000SC,Units
BATCH07541,Low,No,OwnBrand,Tablet,TL2,ES,469197,PLANT_SOLIDS,Low,PARA500TAB,TabletsCaps
BATCH00454,Medium,Yes,OwnBrand,Tablet,TL1,FR,189600,PLANT_SOLIDS,Medium,IBUP400TAB,TabletsCaps
BATCH07961,Low,No,OwnBrand,Capsule,CL1,IT,75662,PLANT_SOLIDS,Medium,OMEP20CAP,TabletsCaps
BATCH08431,Low,No,Contract,Device,DEV1,UK,22978,PLANT_SPECIAL,Low,INHALER,Units
BATCH07746,Medium,Yes,OwnBrand,Injectable,INJ1,FR,36297,PLANT_PARENTERAL,Medium,HEP5000SC,Units
BATCH06414,Low,No,OwnBrand,Capsule,CL2,IT,172595,PLANT_SOLIDS,Medium,OMEP20CAP,TabletsCaps
BATCH01507,Medium,No,OwnBrand,Tablet,TL1,FR,75000,PLANT_SOLIDS,Medium,IBUP400TAB,TabletsCaps
BATCH08701,Low,No,OwnBrand,Hormonal,HORM1,PT,1762,PLANT_SPECIAL,High,EE30TAB,Units
BATCH04302,Medium,No,OwnBrand,Injectable,INJ2,FR,39276,PLANT_PARENTERAL,Low,HEP5000SC,Units
BATCH00760,High,No,Contract,Capsule,CL2,DE,390634,PLANT_SOLIDS,High,AMOX500CAP,TabletsCaps
BATCH04599,Medium,No,OwnBrand,Tablet,TL1,FR,475384,PLANT_SOLIDS,Medium,IBUP400TAB,TabletsCaps
BATCH01220,High,No,Contract,Capsule,CL1,DE,152683,PLANT_SOLIDS,High,AMOX500CAP,TabletsCaps
BATCH01884,Medium,Yes,Contract,Hormonal,HORM2,ES,30149,PLANT_SPECIAL,High,LEVOHORMIMPL,Units
BATCH05565,Medium,Yes,Contract,Hormonal,HORM2,ES,46625,PLANT_SPECIAL,High,LEVOHORMIMPL,Units
BATCH02600,Low,No,Contract,Device,DEV2,UK,9261,PLANT_SPECIAL,High,INHALER,Units
BATCH09721,Low,Yes,OwnBrand,Capsule,CL2,IT,87805,PLANT_SOLIDS,High,OMEP20CAP,TabletsCaps
BATCH08810,Low,No,Contract,Device,DEV1,UK,21153,PLANT_SPECIAL,High,INHALER,Units
BATCH03763,Low,No,OwnBrand,Tablet,TL1,ES,491841,PLANT_SOLIDS,Low,PARA500TAB,TabletsCaps
BATCH02599,High,No,Contract,Capsule,CL1,DE,167428,PLANT_SOLIDS,Medium,AMOX500CAP,TabletsCaps
BATCH05659,Medium,Yes,OwnBrand,Device,DEV2,DE,36070,PLANT_SPECIAL,Low,INSUPEN,Units
BATCH07722,Medium,No,OwnBrand,Device,DEV1,DE,15341,PLANT_SPECIAL,Medium,INSUPEN,Units
BATCH05012,Low,No,OwnBrand,Capsule,CL2,IT,363379,PLANT_SOLIDS,Low,OMEP20CAP,TabletsCaps
BATCH09053,High,No,Contract,Capsule,CL2,DE,243095,PLANT_SOLIDS,Low,AMOX500CAP,TabletsCaps
BATCH05592,Low,No,OwnBrand,Hormonal,HORM1,PT,8930,PLANT_SPECIAL,Medium,EE30TAB,Units
BATCH00681,High,No,Contract,Capsule,CL2,DE,98727,PLANT_SOLIDS,High,AMOX500CAP,TabletsCaps
BATCH06224,High,No,Contract,Injectable,INJ1,UK,47359,PLANT_PARENTERAL,High,CEF1GIV,Units
BATCH01971,Medium,No,OwnBrand,Device,DEV2,DE,8431,PLANT_SPECIAL,Low,INSUPEN,Units
BATCH07051,Medium,No,OwnBrand,Tablet,TL1,FR,412863,PLANT_SOLIDS,Medium,IBUP400TAB,TabletsCaps
BATCH08817,Low,No,OwnBrand,Capsule,CL1,IT,176987,PLANT_SOLIDS,Medium,OMEP20CAP,TabletsCaps
BATCH05335,Medium,No,Contract,Hormonal,HORM1,ES,43559,PLANT_SPECIAL,Medium,LEVOHORMIMPL,Units
BATCH07116,Medium,No,OwnBrand,Injectable,INJ1,FR,33629,PLANT_PARENTERAL,Medium,HEP5000SC,Units
BATCH07383,Low,No,OwnBrand,Hormonal,HORM1,PT,5146,PLANT_SPECIAL,Medium,EE30TAB,Units
BATCH02523,High,No,Contract,Capsule,CL2,DE,169672,PLANT_SOLIDS,High,AMOX500CAP,TabletsCaps
BATCH00902,Medium,No,OwnBrand,Tablet,TL1,FR,338173,PLANT_SOLIDS,Low,IBUP400TAB,TabletsCaps
BATCH05365,Low,No,Contract,Device,DEV2,UK,39313,PLANT_SPECIAL,High,INHALER,Units
BATCH03665,Medium,No,OwnBrand,Tablet,TL2,FR,371379,PLANT_SOLIDS,Medium,IBUP400TAB,TabletsCaps
BATCH02176,Low,No,OwnBrand,Hormonal,HORM1,PT,18516,PLANT_SPECIAL,Low,EE30TAB,Units
BATCH08499,Medium,Yes,OwnBrand,Injectable,INJ1,FR,12127,PLANT_PARENTERAL,Medium,HEP5000SC,Units
BATCH04338,Medium,No,OwnBrand,Device,DEV2,DE,9590,PLANT_SPECIAL,High,INSUPEN,Units
BATCH01143,High,No,Contract,Injectable,INJ1,UK,22546,PLANT_PARENTERAL,High,CEF1GIV,Units
BATCH07118,Medium,Yes,OwnBrand,Tablet,TL1,FR,97317,PLANT_SOLIDS,Medium,IBUP400TAB,TabletsCaps
BATCH08850,Medium,No,OwnBrand,Tablet,TL2,FR,304535,PLANT_SOLIDS,High,IBUP400TAB,TabletsCaps
BATCH01908,Medium,No,OwnBrand,Tablet,TL1,FR,75117,PLANT_SOLIDS,Medium,IBUP400TAB,TabletsCaps
BATCH02384,High,No,Contract,Capsule,CL2,DE,103120,PLANT_SOLIDS,High,AMOX500CAP,TabletsCaps
BATCH05523,High,No,Contract,Capsule,CL2,DE,83797,PLANT_SOLIDS,High,AMOX500CAP,TabletsCaps
BATCH03100,Medium,No,OwnBrand,Tablet,TL1,FR,339456,PLANT_SOLIDS,Low,IBUP400TAB,TabletsCaps
BATCH04553,Low,Yes,Contract,Device,DEV1,UK,6955,PLANT_SPECIAL,Low,INHALER,Units
BATCH04740,Low,Yes,OwnBrand,Tablet,TL2,ES,59436,PLANT_SOLIDS,High,PARA500TAB,TabletsCaps
BATCH02999,High,No,Contract,Injectable,INJ1,UK,29214,PLANT_PARENTERAL,Medium,CEF1GIV,Units
BATCH07385,Medium,Yes,OwnBrand,Tablet,TL3,FR,225292,PLANT_SOLIDS,Low,IBUP400TAB,TabletsCaps
BATCH02993,Low,No,Contract,Device,DEV1,UK,3297,PLANT_SPECIAL,Medium,INHALER,Units
BATCH09611,Medium,No,Contract,Hormonal,HORM2,ES,26565,PLANT_SPECIAL,Medium,LEVOHORMIMPL,Units
BATCH02733,Low,No,OwnBrand,Tablet,TL3,ES,406661,PLANT_SOLIDS,High,PARA500TAB,TabletsCaps
BATCH08321,High,Yes,Contract,Capsule,CL1,DE,291625,PLANT_SOLIDS,Low,AMOX500CAP,TabletsCaps
BATCH01379,Medium,No,OwnBrand,Injectable,INJ2,FR,9830,PLANT_PARENTERAL,High,HEP5000SC,Units
BATCH08813,Medium,No,Contract,Hormonal,HORM1,ES,38495,PLANT_SPECIAL,High,LEVOHORMIMPL,Units
BATCH05143,Low,Yes,OwnBrand,Capsule,CL2,IT,144682,PLANT_SOLIDS,Low,OMEP20CAP,TabletsCaps
BATCH07208,High,No,Contract,Injectable,INJ2,UK,15844,PLANT_PARENTERAL,High,CEF1GIV,Units
BATCH06518,High,Yes,Contract,Injectable,INJ2,UK,14934,PLANT_PARENTERAL,High,CEF1GIV,Units
BATCH04024,Medium,Yes,OwnBrand,Device,DEV1,DE,48745,PLANT_SPECIAL,Medium,INSUPEN,Units
BATCH00231,High,No,Contract,Capsule,CL2,DE,278090,PLANT_SOLIDS,Medium,AMOX500CAP,TabletsCaps
BATCH01349,Medium,No,OwnBrand,Tablet,TL3,FR,475378,PLANT_SOLIDS,Medium,IBUP400TAB,TabletsCaps
BATCH06908,Low,No,OwnBrand,Tablet,TL1,ES,93055,PLANT_SOLIDS,Low,PARA500TAB,TabletsCaps
BATCH01261,Medium,No,OwnBrand,Tablet,TL2,FR,170510,PLANT_SOLIDS,Low,IBUP400TAB,TabletsCaps
BATCH06103,High,No,Contract,Capsule,CL2,DE,404307,PLANT_SOLIDS,High,AMOX500CAP,TabletsCaps
BATCH00096,Low,No,Contract,Device,DEV2,UK,40963,PLANT_SPECIAL,Medium,INHALER,Units
BATCH08769,Low,Yes,OwnBrand,Hormonal,HORM2,PT,47015,PLANT_SPECIAL,High,EE30TAB,Units
BATCH08168,High,No,Contract,Injectable,INJ1,UK,26817,PLANT_PARENTERAL,Medium,CEF1GIV,Units
BATCH04473,High,No,Contract,Capsule,CL1,DE,252656,PLANT_SOLIDS,Medium,AMOX500CAP,TabletsCaps
BATCH01680,Medium,No,OwnBrand,Injectable,INJ1,FR,45950,PLANT_PARENTERAL,Low,HEP5000SC,Units
BATCH01411,High,No,Contract,Capsule,CL2,DE,392358,PLANT_SOLIDS,Low,AMOX500CAP,TabletsCaps
BATCH00489,High,No,Contract,Injectable,INJ1,UK,6666,PLANT_PARENTERAL,Medium,CEF1GIV,Units
BATCH03530,Medium,No,OwnBrand,Device,DEV1,DE,23932,PLANT_SPECIAL,Low,INSUPEN,Units
BATCH03561,Low,No,OwnBrand,Hormonal,HORM2,PT,42612,PLANT_SPECIAL,Medium,EE30TAB,Units
BATCH03168,High,Yes,Contract,Injectable,INJ2,UK,44754,PLANT_PARENTERAL,Medium,CEF1GIV,Units
BATCH07923,Medium,Yes,OwnBrand,Device,DEV2,DE,27992,PLANT_SPECIAL,Medium,INSUPEN,Units
BATCH09356,Low,No,OwnBrand,Hormonal,HORM2,PT,17152,PLANT_SPECIAL,Low,EE30TAB,Units
BATCH01966,Low,No,OwnBrand,Hormonal,HORM1,PT,49489,PLANT_SPECIAL,Medium,EE30TAB,Units
BATCH07512,Medium,No,OwnBrand,Injectable,INJ2,FR,41294,PLANT_PARENTERAL,High,HEP5000SC,Units
BATCH02202,Low,Yes,OwnBrand,Tablet,TL3,ES,98174,PLANT_SOLIDS,Medium,PARA500TAB,TabletsCaps
BATCH01489,Medium,No,OwnBrand,Injectable,INJ1,FR,7269,PLANT_PARENTERAL,Medium,HEP5000SC,Units
BATCH08228,Medium,No,Contract,Hormonal,HORM1,ES,29562,PLANT_SPECIAL,Medium,LEVOHORMIMPL,Units
BATCH01449,Medium,No,OwnBrand,Tablet,TL1,FR,208494,PLANT_SOLIDS,High,IBUP400TAB,TabletsCaps
BATCH04023,Medium,No,OwnBrand,Injectable,INJ1,FR,12648,PLANT_PARENTERAL,Medium,HEP5000SC,Units
BATCH06172,High,No,Contract,Capsule,CL2,DE,242157,PLANT_SOLIDS,Medium,AMOX500CAP,TabletsCaps
BATCH09770,Medium,No,OwnBrand,Injectable,INJ2,FR,7146,PLANT_PARENTERAL,Low,HEP5000SC,Units
BATCH09542,High,No,Contract,Capsule,CL1,DE,289088,PLANT_SOLIDS,Medium,AMOX500CAP,TabletsCaps
BATCH00135,Medium,No,Contract,Hormonal,HORM1,ES,48574,PLANT_SPECIAL,Medium,LEVOHORMIMPL,Units
BATCH06686,Medium,Yes,OwnBrand,Device,DEV1,DE,7785,PLANT_SPECIAL,Medium,INSUPEN,Units
BATCH05081,High,No,Contract,Injectable,INJ2,UK,40731,PLANT_PARENTERAL,Low,CEF1GIV,Units
BATCH01160,Low,No,OwnBrand,Hormonal,HORM1,PT,47247,PLANT_SPECIAL,Medium,EE30TAB,Units
BATCH06055,Low,No,OwnBrand,Tablet,TL3,ES,134222,PLANT_SOLIDS,Low,PARA500TAB,TabletsCaps
BATCH03977,Medium,Yes,OwnBrand,Injectable,INJ1,FR,28501,PLANT_PARENTERAL,Medium,HEP5000SC,Units
BATCH04364,Medium,No,OwnBrand,Injectable,INJ2,FR,39652,PLANT_PARENTERAL,Low,HEP5000SC,Units
BATCH08005,Medium,No,OwnBrand,Tablet,TL3,FR,240028,PLANT_SOLIDS,High,IBUP400TAB,TabletsCaps
BATCH08544,Medium,No,OwnBrand,Tablet,TL1,FR,492489,PLANT_SOLIDS,Low,IBUP400TAB,TabletsCaps
BATCH03633,Low,Yes,OwnBrand,Tablet,TL2,ES,65018,PLANT_SOLIDS,Medium,PARA500TAB,TabletsCaps
BATCH09392,Low,No,OwnBrand,Hormonal,HORM1,PT,49536,PLANT_SPECIAL,Low,EE30TAB,Units
BATCH02808,Medium,Yes,OwnBrand,Device,DEV2,DE,26755,PLANT_SPECIAL,High,INSUPEN,Units
BATCH01743,Medium,Yes,OwnBrand,Tablet,TL2,FR,324013,PLANT_SOLIDS,Medium,IBUP400TAB,TabletsCaps
BATCH02237,Low,No,OwnBrand,Tablet,TL3,ES,266525,PLANT_SOLIDS,High,PARA500TAB,TabletsCaps
BATCH00184,Medium,No,OwnBrand,Device,DEV2,DE,10256,PLANT_SPECIAL,High,INSUPEN,Units
BATCH00636,High,Yes,Contract,Capsule,CL1,DE,361342,PLANT_SOLIDS,Medium,AMOX500CAP,TabletsCaps
BATCH01923,Medium,Yes,OwnBrand,Device,DEV2,DE,23016,PLANT_SPECIAL,Medium,INSUPEN,Units
BATCH00658,Medium,Yes,OwnBrand,Device,DEV1,DE,49223,PLANT_SPECIAL,Medium,INSUPEN,Units
BATCH06806,Medium,Yes,OwnBrand,Device,DEV1,DE,27881,PLANT_SPECIAL,Low,INSUPEN,Units
BATCH05961,Low,Yes,Contract,Device,DEV1,UK,40916,PLANT_SPECIAL,Low,INHALER,Units
BATCH05489,Medium,No,OwnBrand,Injectable,INJ2,FR,34876,PLANT_PARENTERAL,Medium,HEP5000SC,Units
BATCH06349,Medium,No,OwnBrand,Device,DEV2,DE,46756,PLANT_SPECIAL,High,INSUPEN,Units
BATCH04912,High,No,Contract,Capsule,CL2,DE,494657,PLANT_SOLIDS,Low,AMOX500CAP,TabletsCaps
BATCH06275,Low,Yes,Contract,Device,DEV1,UK,6946,PLANT_SPECIAL,High,INHALER,Units
BATCH01475,High,No,Contract,Injectable,INJ2,UK,1568,PLANT_PARENTERAL,Medium,CEF1GIV,Units
BATCH02549,Medium,No,OwnBrand,Tablet,TL2,FR,63872,PLANT_SOLIDS,Medium,IBUP400TAB,TabletsCaps
BATCH04892,Medium,No,Contract,Hormonal,HORM2,ES,42723,PLANT_SPECIAL,High,LEVOHORMIMPL,Units
BATCH06264,Medium,No,OwnBrand,Tablet,TL3,FR,402926,PLANT_SOLIDS,High,IBUP400TAB,TabletsCaps
BATCH04601,High,No,Contract,Injectable,INJ1,UK,9802,PLANT_PARENTERAL,High,CEF1GIV,Units
BATCH00182,Medium,No,OwnBrand,Tablet,TL2,FR,127783,PLANT_SOLIDS,Medium,IBUP400TAB,TabletsCaps
BATCH03549,Medium,No,Contract,Hormonal,HORM1,ES,24620,PLANT_SPECIAL,Medium,LEVOHORMIMPL,Units
BATCH05998,Medium,Yes,OwnBrand,Injectable,INJ1,FR,41588,PLANT_PARENTERAL,Medium,HEP5000SC,Units
BATCH07686,Low,No,OwnBrand,Tablet,TL3,ES,128028,PLANT_SOLIDS,High,PARA500TAB,TabletsCaps
BATCH05531,Low,No,Contract,Device,DEV1,UK,8097,PLANT_SPECIAL,High,INHALER,Units
BATCH01748,Low,No,OwnBrand,Hormonal,HORM1,PT,4020,PLANT_SPECIAL,High,EE30TAB,Units
BATCH00233,Medium,Yes,Contract,Hormonal,HORM2,ES,15757,PLANT_SPECIAL,Medium,LEVOHORMIMPL,Units
BATCH01834,Medium,No,OwnBrand,Device,DEV2,DE,37739,PLANT_SPECIAL,Medium,INSUPEN,Units
BATCH05323,Low,No,Contract,Device,DEV2,UK,35741,PLANT_SPECIAL,Medium,INHALER,Units
BATCH06645,Medium,No,OwnBrand,Device,DEV1,DE,5005,PLANT_SPECIAL,Medium,INSUPEN,Units
BATCH04182,Low,No,Contract,Device,DEV1,UK,13415,PLANT_SPECIAL,High,INHALER,Units
BATCH03276,Low,No,OwnBrand,Capsule,CL2,IT,107303,PLANT_SOLIDS,High,OMEP20CAP,TabletsCaps
BATCH06411,Low,No,OwnBrand,Capsule,CL2,IT,334639,PLANT_SOLIDS,Medium,OMEP20CAP,TabletsCaps
BATCH02257,Medium,No,OwnBrand,Tablet,TL2,FR,326396,PLANT_SOLIDS,Medium,IBUP400TAB,TabletsCaps
BATCH05333,Medium,Yes,OwnBrand,Injectable,INJ2,FR,23779,PLANT_PARENTERAL,High,HEP5000SC,Units
BATCH00671,Low,Yes,OwnBrand,Hormonal,HORM2,PT,25678,PLANT_SPECIAL,High,EE30TAB,Units
BATCH07275,Low,No,OwnBrand,Tablet,TL2,ES,125811,PLANT_SOLIDS,High,PARA500TAB,TabletsCaps
BATCH00613,High,No,Contract,Capsule,CL2,DE,233266,PLANT_SOLIDS,Medium,AMOX500CAP,TabletsCaps
BATCH03461,Low,No,Contract,Device,DEV2,UK,29759,PLANT_SPECIAL,Low,INHALER,Units
BATCH00069,Low,No,OwnBrand,Tablet,TL2,ES,395761,PLANT_SOLIDS,Low,PARA500TAB,TabletsCaps
BATCH08297,Medium,No,OwnBrand,Tablet,TL3,FR,134949,PLANT_SOLIDS,High,IBUP400TAB,TabletsCaps
BATCH00569,Medium,No,OwnBrand,Injectable,INJ2,FR,36896,PLANT_PARENTERAL,Low,HEP5000SC,Units
BATCH03361,High,No,Contract,Capsule,CL2,DE,259192,PLANT_SOLIDS,High,AMOX500CAP,TabletsCaps
BATCH04247,Low,No,OwnBrand,Tablet,TL3,ES,233554,PLANT_SOLIDS,Low,PARA500TAB,TabletsCaps
BATCH07851,Low,Yes,OwnBrand,Tablet,TL2,ES,248047,PLANT_SOLIDS,Medium,PARA500TAB,TabletsCaps
BATCH04692,High,No,Contract,Capsule,CL1,DE,62601,PLANT_SOLIDS,Low,AMOX500CAP,TabletsCaps
BATCH01010,Low,No,OwnBrand,Capsule,CL1,IT,287292,PLANT_SOLIDS,Low,OMEP20CAP,TabletsCaps
BATCH03521,Low,No,OwnBrand,Hormonal,HORM2,PT,14474,PLANT_SPECIAL,Medium,EE30TAB,Units
BATCH05297,Low,No,OwnBrand,Tablet,TL2,ES,210366,PLANT_SOLIDS,Medium,PARA500TAB,TabletsCaps
BATCH04156,Medium,No,Contract,Hormonal,HORM1,ES,37124,PLANT_SPECIAL,Medium,LEVOHORMIMPL,Units
BATCH06104,Low,Yes,OwnBrand,Hormonal,HORM1,PT,17843,PLANT_SPECIAL,Low,EE30TAB,Units
BATCH00824,Low,No,OwnBrand,Hormonal,HORM1,PT,42588,PLANT_SPECIAL,Medium,EE30TAB,Units
BATCH07126,Medium,No,OwnBrand,Device,DEV1,DE,44141,PLANT_SPECIAL,Medium,INSUPEN,Units
BATCH06574,Low,No,OwnBrand,Tablet,TL3,ES,406397,PLANT_SOLIDS,Low,PARA500TAB,TabletsCaps
BATCH03474,Medium,No,OwnBrand,Device,DEV2,DE,30831,PLANT_SPECIAL,Low,INSUPEN,Units
BATCH05427,Medium,No,OwnBrand,Tablet,TL1,FR,338412,PLANT_SOLIDS,Medium,IBUP400TAB,TabletsCaps
BATCH02401,Low,No,OwnBrand,Hormonal,HORM2,PT,48831,PLANT_SPECIAL,High,EE30TAB,Units
BATCH05232,Low,No,Contract,Device,DEV1,UK,3757,PLANT_SPECIAL,Medium,INHALER,Units
BATCH09302,Medium,No,OwnBrand,Device,DEV1,DE,13032,PLANT_SPECIAL,High,INSUPEN,Units
BATCH09947,Low,No,OwnBrand,Capsule,CL2,IT,299131,PLANT_SOLIDS,Low,OMEP20CAP,TabletsCaps
BATCH06426,Medium,No,OwnBrand,Injectable,INJ1,FR,25959,PLANT_PARENTERAL,Low,HEP5000SC,Units
BATCH06084,Medium,No,OwnBrand,Injectable,INJ2,FR,26490,PLANT_PARENTERAL,Medium,HEP5000SC,Units
BATCH00178,High,No,Contract,Capsule,CL1,DE,117305,PLANT_SOLIDS,Medium,AMOX500CAP,TabletsCaps
BATCH01562,Low,No,OwnBrand,Tablet,TL1,ES,147781,PLANT_SOLIDS,High,PARA500TAB,TabletsCaps
BATCH04409,Medium,Yes,OwnBrand,Injectable,INJ2,FR,6911,PLANT_PARENTERAL,Low,HEP5000SC,Units
BATCH05714,High,No,Contract,Capsule,CL1,DE,232340,PLANT_SOLIDS,Medium,AMOX500CAP,TabletsCaps
BATCH04083,Medium,No,OwnBrand,Device,DEV2,DE,23977,PLANT_SPECIAL,Medium,INSUPEN,Units
BATCH08193,Medium,No,OwnBrand,Tablet,TL1,FR,451656,PLANT_SOLIDS,Low,IBUP400TAB,TabletsCaps
BATCH09102,Low,No,Contract,Device,DEV1,UK,7199,PLANT_SPECIAL,Medium,INHALER,Units
BATCH02712,Medium,No,OwnBrand,Device,DEV1,DE,14886,PLANT_SPECIAL,High,INSUPEN,Units
BATCH04321,Low,Yes,OwnBrand,Capsule,CL1,IT,424698,PLANT_SOLIDS,Low,OMEP20CAP,TabletsCaps
BATCH02934,Low,No,OwnBrand,Capsule,CL1,IT,211733,PLANT_SOLIDS,Medium,OMEP20CAP,TabletsCaps
BATCH06074,High,No,Contract,Capsule,CL1,DE,364150,PLANT_SOLIDS,Medium,AMOX500CAP,TabletsCaps
BATCH02304,Low,No,OwnBrand,Hormonal,HORM2,PT,33587,PLANT_SPECIAL,Medium,EE30TAB,Units
BATCH08868,Medium,No,Contract,Hormonal,HORM1,ES,17031,PLANT_SPECIAL,Low,LEVOHORMIMPL,Units
BATCH09090,High,No,Contract,Capsule,CL1,DE,339747,PLANT_SOLIDS,Low,AMOX500CAP,TabletsCaps
BATCH09232,Medium,No,OwnBrand,Tablet,TL3,FR,273167,PLANT_SOLIDS,Medium,IBUP400TAB,TabletsCaps
BATCH00038,Medium,No,OwnBrand,Tablet,TL2,FR,200327,PLANT_SOLIDS,Low,IBUP400TAB,TabletsCaps
BATCH05299,Low,No,OwnBrand,Capsule,CL1,IT,411247,PLANT_SOLIDS,Medium,OMEP20CAP,TabletsCaps
BATCH01058,Low,No,Contract,Device,DEV2,UK,44889,PLANT_SPECIAL,Low,INHALER,Units
BATCH05221,Low,Yes,OwnBrand,Tablet,TL2,ES,199022,PLANT_SOLIDS,Medium,PARA500TAB,TabletsCaps
BATCH04421,High,Yes,Contract,Injectable,INJ1,UK,39532,PLANT_PARENTERAL,High,CEF1GIV,Units
BATCH07762,Medium,No,OwnBrand,Tablet,TL2,FR,299678,PLANT_SOLIDS,High,IBUP400TAB,TabletsCaps
BATCH02477,Medium,No,Contract,Hormonal,HORM2,ES,13221,PLANT_SPECIAL,Low,LEVOHORMIMPL,Units
BATCH06008,Low,No,OwnBrand,Tablet,TL2,ES,131400,PLANT_SOLIDS,Medium,PARA500TAB,TabletsCaps
BATCH00465,High,Yes,Contract,Injectable,INJ1,UK,11552,PLANT_PARENTERAL,Low,CEF1GIV,Units
BATCH05322,Medium,No,OwnBrand,Injectable,INJ1,FR,32960,PLANT_PARENTERAL,Medium,HEP5000SC,Units
BATCH06176,High,No,Contract,Injectable,INJ2,UK,37662,PLANT_PARENTERAL,Medium,CEF1GIV,Units
BATCH02297,Medium,Yes,OwnBrand,Injectable,INJ1,FR,47743,PLANT_PARENTERAL,Low,HEP5000SC,Units
BATCH03157,Medium,No,OwnBrand,Device,DEV2,DE,46190,PLANT_SPECIAL,Medium,INSUPEN,Units
BATCH02964,High,No,Contract,Capsule,CL2,DE,454696,PLANT_SOLIDS,Medium,AMOX500CAP,TabletsCaps
BATCH02669,Low,No,OwnBrand,Tablet,TL3,ES,329479,PLANT_SOLIDS,Low,PARA500TAB,TabletsCaps
BATCH01569,Low,No,OwnBrand,Capsule,CL1,IT,493626,PLANT_SOLIDS,Low,OMEP20CAP,TabletsCaps
BATCH02524,Low,Yes,OwnBrand,Tablet,TL1,ES,478002,PLANT_SOLIDS,Low,PARA500TAB,TabletsCaps
BATCH00777,High,No,Contract,Injectable,INJ1,UK,23045,PLANT_PARENTERAL,Low,CEF1GIV,Units
BATCH02575,Low,Yes,OwnBrand,Tablet,TL3,ES,380962,PLANT_SOLIDS,Medium,PARA500TAB,TabletsCaps
BATCH03266,Low,No,OwnBrand,Hormonal,HORM1,PT,48848,PLANT_SPECIAL,Low,EE30TAB,Units
BATCH05472,Medium,Yes,OwnBrand,Tablet,TL1,FR,457539,PLANT_SOLIDS,Low,IBUP400TAB,TabletsCaps
BATCH03999,High,No,Contract,Capsule,CL2,DE,86114,PLANT_SOLIDS,Medium,AMOX500CAP,TabletsCaps
BATCH02454,Medium,Yes,OwnBrand,Tablet,TL1,FR,462995,PLANT_SOLIDS,Medium,IBUP400TAB,TabletsCaps
BATCH05751,Low,No,OwnBrand,Tablet,TL1,ES,430312,PLANT_SOLIDS,High,PARA500TAB,TabletsCaps
BATCH05391,Low,Yes,OwnBrand,Capsule,CL1,IT,387660,PLANT_SOLIDS,Medium,OMEP20CAP,TabletsCaps
BATCH08923,Medium,No,OwnBrand,Injectable,INJ2,FR,4523,PLANT_PARENTERAL,Medium,HEP5000SC,Units
BATCH02834,Medium,No,OwnBrand,Tablet,TL3,FR,360715,PLANT_SOLIDS,Low,IBUP400TAB,TabletsCaps
BATCH07000,Low,No,OwnBrand,Tablet,TL2,ES,232738,PLANT_SOLIDS,Medium,PARA500TAB,TabletsCaps
BATCH08943,High,No,Contract,Injectable,INJ2,UK,15088,PLANT_PARENTERAL,Low,CEF1GIV,Units
BATCH01832,Low,No,OwnBrand,Capsule,CL1,IT,104818,PLANT_SOLIDS,Low,OMEP20CAP,TabletsCaps
BATCH00744,High,Yes,Contract,Capsule,CL1,DE,124703,PLANT_SOLIDS,High,AMOX500CAP,TabletsCaps
BATCH04296,Low,No,Contract,Device,DEV2,UK,18167,PLANT_SPECIAL,High,INHALER,Units
BATCH03239,Low,No,OwnBrand,Hormonal,HORM1,PT,6427,PLANT_SPECIAL,Low,EE30TAB,Units
BATCH06110,Low,No,OwnBrand,Capsule,CL1,IT,161237,PLANT_SOLIDS,Medium,OMEP20CAP,TabletsCaps
BATCH08474,Medium,No,OwnBrand,Injectable,INJ2,FR,45467,PLANT_PARENTERAL,Medium,HEP5000SC,Units
BATCH01875,Low,No,OwnBrand,Hormonal,HORM2,PT,6080,PLANT_SPECIAL,Low,EE30TAB,Units
BATCH00448,Low,No,OwnBrand,Tablet,TL2,ES,174058,PLANT_SOLIDS,Medium,PARA500TAB,TabletsCaps
BATCH01137,High,No,Contract,Injectable,INJ1,UK,17956,PLANT_PARENTERAL,High,CEF1GIV,Units
BATCH06434,Medium,No,OwnBrand,Tablet,TL2,FR,150977,PLANT_SOLIDS,Low,IBUP400TAB,TabletsCaps
BATCH01954,Medium,No,Contract,Hormonal,HORM1,ES,38471,PLANT_SPECIAL,High,LEVOHORMIMPL,Units
BATCH00552,Low,Yes,OwnBrand,Tablet,TL1,ES,475844,PLANT_SOLIDS,High,PARA500TAB,TabletsCaps
BATCH07776,Medium,No,OwnBrand,Device,DEV2,DE,43926,PLANT_SPECIAL,Medium,INSUPEN,Units
BATCH05904,Medium,No,OwnBrand,Tablet,TL3,FR,349585,PLANT_SOLIDS,High,IBUP400TAB,TabletsCaps
BATCH09526,Medium,Yes,OwnBrand,Device,DEV2,DE,42628,PLANT_SPECIAL,High,INSUPEN,Units
BATCH00086,Medium,No,OwnBrand,Injectable,INJ2,FR,48251,PLANT_PARENTERAL,Low,HEP5000SC,Units
BATCH05780,Low,Yes,OwnBrand,Hormonal,HORM1,PT,42890,PLANT_SPECIAL,Medium,EE30TAB,Units
BATCH06549,Medium,No,OwnBrand,Device,DEV2,DE,21364,PLANT_SPECIAL,Medium,INSUPEN,Units
BATCH06347,High,No,Contract,Capsule,CL1,DE,329971,PLANT_SOLIDS,Low,AMOX500CAP,TabletsCaps
BATCH09513,Low,No,OwnBrand,Tablet,TL3,ES,398781,PLANT_SOLIDS,Medium,PARA500TAB,TabletsCaps
BATCH00269,High,No,Contract,Capsule,CL1,DE,105210,PLANT_SOLIDS,High,AMOX500CAP,TabletsCaps
BATCH01509,High,Yes,Contract,Capsule,CL1,DE,377010,PLANT_SOLIDS,High,AMOX500CAP,TabletsCaps
BATCH04217,Medium,Yes,OwnBrand,Device,DEV1,DE,16368,PLANT_SPECIAL,Low,INSUPEN,Units
BATCH07719,Medium,No,OwnBrand,Device,DEV1,DE,14130,PLANT_SPECIAL,Medium,INSUPEN,Units
BATCH03134,Medium,Yes,Contract,Hormonal,HORM2,ES,35148,PLANT_SPECIAL,Low,LEVOHORMIMPL,Units
BATCH07022,Low,No,OwnBrand,Capsule,CL1,IT,245863,PLANT_SOLIDS,High,OMEP20CAP,TabletsCaps
BATCH08463,Low,No,Contract,Device,DEV1,UK,2508,PLANT_SPECIAL,Low,INHALER,Units
BATCH02011,High,No,Contract,Capsule,CL2,DE,406952,PLANT_SOLIDS,Medium,AMOX500CAP,TabletsCaps
BATCH01523,High,No,Contract,Injectable,INJ1,UK,23362,PLANT_PARENTERAL,Low,CEF1GIV,Units
BATCH09652,High,Yes,Contract,Injectable,INJ1,UK,35778,PLANT_PARENTERAL,High,CEF1GIV,Units
BATCH03232,Medium,No,OwnBrand,Device,DEV1,DE,5853,PLANT_SPECIAL,Medium,INSUPEN,Units
BATCH01611,Medium,No,OwnBrand,Device,DEV2,DE,14082,PLANT_SPECIAL,Medium,INSUPEN,Units
BATCH02640,Low,No,OwnBrand,Capsule,CL2,IT,204786,PLANT_SOLIDS,Medium,OMEP20CAP,TabletsCaps
BATCH05509,Low,No,OwnBrand,Capsule,CL1,IT,174120,PLANT_SOLIDS,Medium,OMEP20CAP,TabletsCaps
BATCH05985,Medium,No,OwnBrand,Device,DEV2,DE,41818,PLANT_SPECIAL,Low,INSUPEN,Units
BATCH08708,Medium,No,OwnBrand,Device,DEV1,DE,16621,PLANT_SPECIAL,Medium,INSUPEN,Units
BATCH06590,Low,No,OwnBrand,Tablet,TL3,ES,301182,PLANT_SOLIDS,Medium,PARA500TAB,TabletsCaps
BATCH05456,Low,No,Contract,Device,DEV1,UK,38693,PLANT_SPECIAL,Medium,INHALER,Units
BATCH01995,Low,No,OwnBrand,Capsule,CL1,IT,144921,PLANT_SOLIDS,High,OMEP20CAP,TabletsCaps
BATCH08523,Medium,No,OwnBrand,Injectable,INJ2,FR,30479,PLANT_PARENTERAL,Medium,HEP5000SC,Units
BATCH01380,Low,No,OwnBrand,Tablet,TL3,ES,483561,PLANT_SOLIDS,High,PARA500TAB,TabletsCaps
BATCH04861,Medium,No,OwnBrand,Device,DEV1,DE,40758,PLANT_SPECIAL,Low,INSUPEN,Units
BATCH01981,High,No,Contract,Injectable,INJ2,UK,3638,PLANT_PARENTERAL,Medium,CEF1GIV,Units
BATCH07782,Medium,No,OwnBrand,Device,DEV1,DE,1668,PLANT_SPECIAL,High,INSUPEN,Units
BATCH01172,Medium,Yes,OwnBrand,Device,DEV2,DE,12088,PLANT_SPECIAL,Medium,INSUPEN,Units
BATCH02836,Medium,Yes,Contract,Hormonal,HORM2,ES,23938,PLANT_SPECIAL,Medium,LEVOHORMIMPL,Units
BATCH06794,Medium,No,OwnBrand,Device,DEV1,DE,1007,PLANT_SPECIAL,Medium,INSUPEN,Units
BATCH02980,High,Yes,Contract,Capsule,CL2,DE,357931,PLANT_SOLIDS,Low,AMOX500CAP,TabletsCaps
BATCH04679,Medium,Yes,OwnBrand,Device,DEV1,DE,33662,PLANT_SPECIAL,High,INSUPEN,Units
BATCH09294,Low,No,OwnBrand,Capsule,CL1,IT,373401,PLANT_SOLIDS,Medium,OMEP20CAP,TabletsCaps
BATCH02140,Low,No,OwnBrand,Hormonal,HORM2,PT,49060,PLANT_SPECIAL,Medium,EE30TAB,Units
BATCH04122,Low,No,OwnBrand,Hormonal,HORM1,PT,35183,PLANT_SPECIAL,Medium,EE30TAB,Units
BATCH08151,High,Yes,Contract,Capsule,CL1,DE,436492,PLANT_SOLIDS,Medium,AMOX500CAP,TabletsCaps
BATCH05183,Medium,No,OwnBrand,Device,DEV1,DE,44976,PLANT_SPECIAL,High,INSUPEN,Units
BATCH06784,Medium,No,Contract,Hormonal,HORM2,ES,21015,PLANT_SPECIAL,Medium,LEVOHORMIMPL,Units
BATCH04763,Low,Yes,OwnBrand,Capsule,CL2,IT,314433,PLANT_SOLIDS,High,OMEP20CAP,TabletsCaps
BATCH02271,High,No,Contract,Injectable,INJ1,UK,38585,PLANT_PARENTERAL,Low,CEF1GIV,Units
BATCH03238,Low,No,OwnBrand,Capsule,CL2,IT,487000,PLANT_SOLIDS,Low,OMEP20CAP,TabletsCaps
BATCH03067,Medium,Yes,OwnBrand,Injectable,INJ1,FR,38891,PLANT_PARENTERAL,High,HEP5000SC,Units
BATCH07877,Medium,No,OwnBrand,Injectable,INJ2,FR,15561,PLANT_PARENTERAL,Medium,HEP5000SC,Units
BATCH02947,Low,No,OwnBrand,Hormonal,HORM1,PT,28616,PLANT_SPECIAL,Medium,EE30TAB,Units
BATCH00055,Medium,No,OwnBrand,Tablet,TL2,FR,99166,PLANT_SOLIDS,Medium,IBUP400TAB,TabletsCaps
BATCH00309,Medium,No,Contract,Hormonal,HORM1,ES,2552,PLANT_SPECIAL,Medium,LEVOHORMIMPL,Units
BATCH06378,Low,Yes,OwnBrand,Capsule,CL2,IT,145553,PLANT_SOLIDS,High,OMEP20CAP,TabletsCaps
BATCH05316,Medium,No,Contract,Hormonal,HORM2,ES,45288,PLANT_SPECIAL,Medium,LEVOHORMIMPL,Units
BATCH03513,Low,Yes,Contract,Device,DEV2,UK,6718,PLANT_SPECIAL,Low,INHALER,Units
BATCH03060,Medium,No,OwnBrand,Injectable,INJ2,FR,49435,PLANT_PARENTERAL,Medium,HEP5000SC,Units
BATCH03967,Medium,Yes,Contract,Hormonal,HORM2,ES,14779,PLANT_SPECIAL,Low,LEVOHORMIMPL,Units
BATCH00095,Low,Yes,OwnBrand,Hormonal,HORM1,PT,37228,PLANT_SPECIAL,Medium,EE30TAB,Units
BATCH09959,Low,No,OwnBrand,Tablet,TL2,ES,92768,PLANT_SOLIDS,Medium,PARA500TAB,TabletsCaps
BATCH08611,High,No,Contract,Injectable,INJ2,UK,19236,PLANT_PARENTERAL,Medium,CEF1GIV,Units
BATCH08575,High,Yes,Contract,Injectable,INJ2,UK,14085,PLANT_PARENTERAL,Low,CEF1GIV,Units
BATCH05741,High,Yes,Contract,Capsule,CL1,DE,67088,PLANT_SOLIDS,Low,AMOX500CAP,TabletsCaps
BATCH03627,Low,No,OwnBrand,Capsule,CL1,IT,442249,PLANT_SOLIDS,Medium,OMEP20CAP,TabletsCaps
BATCH06600,Low,Yes,OwnBrand,Tablet,TL3,ES,240375,PLANT_SOLIDS,Medium,PARA500TAB,TabletsCaps
BATCH09170,Medium,Yes,OwnBrand,Tablet,TL1,FR,432974,PLANT_SOLIDS,High,IBUP400TAB,TabletsCaps
BATCH04545,Medium,No,OwnBrand,Injectable,INJ1,FR,48976,PLANT_PARENTERAL,Medium,HEP5000SC,Units
BATCH09914,Low,Yes,OwnBrand,Capsule,CL1,IT,272309,PLANT_SOLIDS,Low,OMEP20CAP,TabletsCaps
BATCH00043,Medium,No,Contract,Hormonal,HORM2,ES,19114,PLANT_SPECIAL,Low,LEVOHORMIMPL,Units
BATCH06756,Low,No,OwnBrand,Tablet,TL3,ES,101488,PLANT_SOLIDS,High,PARA500TAB,TabletsCaps
BATCH00900,Medium,No,OwnBrand,Injectable,INJ2,FR,48462,PLANT_PARENTERAL,High,HEP5000SC,Units
BATCH02646,Medium,No,Contract,Hormonal,HORM2,ES,49683,PLANT_SPECIAL,Low,LEVOHORMIMPL,Units
BATCH01512,Medium,Yes,OwnBrand,Injectable,INJ2,FR,13676,PLANT_PARENTERAL,High,HEP5000SC,Units
BATCH01781,Medium,Yes,OwnBrand,Tablet,TL1,FR,328489,PLANT_SOLIDS,Medium,IBUP400TAB,TabletsCaps
BATCH00579,Low,Yes,OwnBrand,Tablet,TL1,ES,229259,PLANT_SOLIDS,High,PARA500TAB,TabletsCaps
BATCH09597,Medium,No,OwnBrand,Injectable,INJ1,FR,5556,PLANT_PARENTERAL,Medium,HEP5000SC,Units
BATCH05958,Medium,No,OwnBrand,Tablet,TL2,FR,379332,PLANT_SOLIDS,Low,IBUP400TAB,TabletsCaps
BATCH07156,Medium,No,OwnBrand,Device,DEV1,DE,23252,PLANT_SPECIAL,Medium,INSUPEN,Units
BATCH04189,Medium,Yes,OwnBrand,Injectable,INJ2,FR,12643,PLANT_PARENTERAL,Medium,HEP5000SC,Units
BATCH07381,Low,No,OwnBrand,Hormonal,HORM2,PT,41015,PLANT_SPECIAL,Low,EE30TAB,Units
BATCH03264,Low,No,OwnBrand,Capsule,CL2,IT,273586,PLANT_SOLIDS,Medium,OMEP20CAP,TabletsCaps
BATCH03478,Medium,No,OwnBrand,Injectable,INJ1,FR,29971,PLANT_PARENTERAL,Low,HEP5000SC,Units
BATCH04901,Medium,No,OwnBrand,Tablet,TL2,FR,368950,PLANT_SOLIDS,High,IBUP400TAB,TabletsCaps
BATCH07287,Medium,Yes,OwnBrand,Tablet,TL2,FR,380747,PLANT_SOLIDS,High,IBUP400TAB,TabletsCaps
BATCH02125,Medium,Yes,OwnBrand,Tablet,TL2,FR,95193,PLANT_SOLIDS,Low,IBUP400TAB,TabletsCaps
BATCH00301,Medium,Yes,OwnBrand,Injectable,INJ1,FR,39594,PLANT_PARENTERAL,Medium,HEP5000SC,Units
BATCH03281,High,No,Contract,Capsule,CL1,DE,316348,PLANT_SOLIDS,Low,AMOX500CAP,TabletsCaps
BATCH02769,Medium,No,OwnBrand,Device,DEV1,DE,22872,PLANT_SPECIAL,Low,INSUPEN,Units
BATCH05010,Medium,No,OwnBrand,Tablet,TL2,FR,110594,PLANT_SOLIDS,Medium,IBUP400TAB,TabletsCaps
BATCH02758,Medium,Yes,OwnBrand,Tablet,TL1,FR,385041,PLANT_SOLIDS,Medium,IBUP400TAB,TabletsCaps
BATCH03516,Low,No,OwnBrand,Capsule,CL1,IT,164799,PLANT_SOLIDS,High,OMEP20CAP,TabletsCaps
BATCH04773,Low,No,Contract,Device,DEV2,UK,28507,PLANT_SPECIAL,High,INHALER,Units
BATCH00919,Medium,Yes,OwnBrand,Tablet,TL2,FR,258941,PLANT_SOLIDS,Low,IBUP400TAB,TabletsCaps
BATCH00056,Medium,No,OwnBrand,Device,DEV1,DE,47003,PLANT_SPECIAL,Low,INSUPEN,Units
BATCH00563,Low,No,OwnBrand,Tablet,TL3,ES,185982,PLANT_SOLIDS,High,PARA500TAB,TabletsCaps
BATCH04255,Medium,No,OwnBrand,Tablet,TL2,FR,449413,PLANT_SOLIDS,Low,IBUP400TAB,TabletsCaps
BATCH02451,Low,No,OwnBrand,Capsule,CL2,IT,56531,PLANT_SOLIDS,Medium,OMEP20CAP,TabletsCaps
BATCH04807,High,No,Contract,Injectable,INJ2,UK,41648,PLANT_PARENTERAL,High,CEF1GIV,Units
BATCH02529,Medium,No,OwnBrand,Injectable,INJ1,FR,15031,PLANT_PARENTERAL,Low,HEP5000SC,Units
BATCH02101,Medium,Yes,OwnBrand,Injectable,INJ1,FR,6904,PLANT_PARENTERAL,Low,HEP5000SC,Units
BATCH02091,High,No,Contract,Injectable,INJ1,UK,30465,PLANT_PARENTERAL,Medium,CEF1GIV,Units
BATCH09663,Low,No,Contract,Device,DEV2,UK,30678,PLANT_SPECIAL,Medium,INHALER,Units
BATCH03573,Medium,No,OwnBrand,Tablet,TL2,FR,490212,PLANT_SOLIDS,Medium,IBUP400TAB,TabletsCaps
BATCH05034,Medium,No,Contract,Hormonal,HORM1,ES,27366,PLANT_SPECIAL,Medium,LEVOHORMIMPL,Units
BATCH05819,Medium,No,OwnBrand,Device,DEV1,DE,45485,PLANT_SPECIAL,High,INSUPEN,Units
BATCH09160,High,Yes,Contract,Injectable,INJ1,UK,36701,PLANT_PARENTERAL,Medium,CEF1GIV,Units
BATCH01956,High,No,Contract,Injectable,INJ1,UK,18395,PLANT_PARENTERAL,Medium,CEF1GIV,Units
BATCH06042,Medium,No,OwnBrand,Injectable,INJ2,FR,1424,PLANT_PARENTERAL,Medium,HEP5000SC,Units
BATCH03726,High,No,Contract,Capsule,CL2,DE,217634,PLANT_SOLIDS,Medium,AMOX500CAP,TabletsCaps
BATCH02309,High,No,Contract,Injectable,INJ2,UK,38344,PLANT_PARENTERAL,Low,CEF1GIV,Units
BATCH07618,High,No,Contract,Injectable,INJ2,UK,42007,PLANT_PARENTERAL,Low,CEF1GIV,Units
BATCH01631,Low,No,OwnBrand,Tablet,TL2,ES,378067,PLANT_SOLIDS,Medium,PARA500TAB,TabletsCaps
BATCH08212,Medium,No,OwnBrand,Injectable,INJ1,FR,24466,PLANT_PARENTERAL,Low,HEP5000SC,Units
BATCH06063,Low,No,OwnBrand,Capsule,CL2,IT,325862,PLANT_SOLIDS,Medium,OMEP20CAP,TabletsCaps
BATCH02420,Low,No,OwnBrand,Hormonal,HORM2,PT,12419,PLANT_SPECIAL,High,EE30TAB,Units
BATCH08071,Medium,No,OwnBrand,Device,DEV2,DE,9837,PLANT_SPECIAL,Low,INSUPEN,Units
BATCH09801,Medium,No,OwnBrand,Device,DEV2,DE,5473,PLANT_SPECIAL,High,INSUPEN,Units
BATCH04674,High,Yes,Contract,Capsule,CL2,DE,100680,PLANT_SOLIDS,Medium,AMOX500CAP,TabletsCaps
BATCH07819,Medium,No,OwnBrand,Injectable,INJ2,FR,10790,PLANT_PARENTERAL,Medium,HEP5000SC,Units
BATCH07467,Medium,No,OwnBrand,Device,DEV1,DE,10227,PLANT_SPECIAL,High,INSUPEN,Units
BATCH03245,High,No,Contract,Capsule,CL1,DE,285892,PLANT_SOLIDS,Medium,AMOX500CAP,TabletsCaps
BATCH04455,Medium,No,OwnBrand,Tablet,TL3,FR,159234,PLANT_SOLIDS,High,IBUP400TAB,TabletsCaps
BATCH07740,Low,No,OwnBrand,Tablet,TL3,ES,210673,PLANT_SOLIDS,Medium,PARA500TAB,TabletsCaps
BATCH05803,Medium,No,OwnBrand,Tablet,TL2,FR,388217,PLANT_SOLIDS,High,IBUP400TAB,TabletsCaps
BATCH08529,Low,No,OwnBrand,Tablet,TL2,ES,166299,PLANT_SOLIDS,Medium,PARA500TAB,TabletsCaps
BATCH08845,Medium,No,OwnBrand,Injectable,INJ1,FR,42710,PLANT_PARENTERAL,Medium,HEP5000SC,Units
BATCH06132,Medium,Yes,Contract,Hormonal,HORM2,ES,28128,PLANT_SPECIAL,Low,LEVOHORMIMPL,Units
BATCH09196,Low,No,OwnBrand,Hormonal,HORM1,PT,29000,PLANT_SPECIAL,Medium,EE30TAB,Units
BATCH03431,Low,No,OwnBrand,Capsule,CL2,IT,355001,PLANT_SOLIDS,High,OMEP20CAP,TabletsCaps
BATCH01000,High,Yes,Contract,Capsule,CL2,DE,114863,PLANT_SOLIDS,Medium,AMOX500CAP,TabletsCaps
BATCH06576,Low,No,OwnBrand,Hormonal,HORM2,PT,46575,PLANT_SPECIAL,Low,EE30TAB,Units
BATCH09765,Medium,No,OwnBrand,Injectable,INJ1,FR,7062,PLANT_PARENTERAL,Low,HEP5000SC,Units
BATCH01951,High,No,Contract,Capsule,CL2,DE,423978,PLANT_SOLIDS,High,AMOX500CAP,TabletsCaps
BATCH09429,Low,No,OwnBrand,Tablet,TL1,ES,220071,PLANT_SOLIDS,Medium,PARA500TAB,TabletsCaps
BATCH02956,High,Yes,Contract,Capsule,CL1,DE,173867,PLANT_SOLIDS,Low,AMOX500CAP,TabletsCaps
BATCH01879,Medium,No,Contract,Hormonal,HORM2,ES,31724,PLANT_SPECIAL,High,LEVOHORMIMPL,Units
BATCH06268,Low,No,OwnBrand,Hormonal,HORM2,PT,48791,PLANT_SPECIAL,Medium,EE30TAB,Units
BATCH00850,High,No,Contract,Injectable,INJ1,UK,7371,PLANT_PARENTERAL,High,CEF1GIV,Units
BATCH08915,Low,No,Contract,Device,DEV1,UK,9977,PLANT_SPECIAL,High,INHALER,Units
BATCH01106,Medium,No,OwnBrand,Device,DEV1,DE,8192,PLANT_SPECIAL,Medium,INSUPEN,Units
BATCH04847,Medium,No,OwnBrand,Tablet,TL1,FR,427641,PLANT_SOLIDS,Medium,IBUP400TAB,TabletsCaps
BATCH00129,High,No,Contract,Injectable,INJ1,UK,15955,PLANT_PARENTERAL,Low,CEF1GIV,Units
BATCH03387,Medium,No,OwnBrand,Injectable,INJ1,FR,21785,PLANT_PARENTERAL,High,HEP5000SC,Units
BATCH09743,Medium,No,Contract,Hormonal,HORM2,ES,43609,PLANT_SPECIAL,High,LEVOHORMIMPL,Units
BATCH00355,Low,Yes,OwnBrand,Capsule,CL2,IT,485850,PLANT_SOLIDS,High,OMEP20CAP,TabletsCaps
BATCH08277,Medium,No,OwnBrand,Injectable,INJ2,FR,25915,PLANT_PARENTERAL,Medium,HEP5000SC,Units
BATCH03867,Low,No,OwnBrand,Capsule,CL2,IT,364164,PLANT_SOLIDS,Medium,OMEP20CAP,TabletsCaps
BATCH09411,Medium,No,OwnBrand,Device,DEV1,DE,11921,PLANT_SPECIAL,Medium,INSUPEN,Units
BATCH03219,Low,No,OwnBrand,Tablet,TL2,ES,423716,PLANT_SOLIDS,High,PARA500TAB,TabletsCaps
BATCH01823,Low,No,OwnBrand,Hormonal,HORM1,PT,13751,PLANT_SPECIAL,Medium,EE30TAB,Units
BATCH09231,Low,No,Contract,Device,DEV2,UK,30209,PLANT_SPECIAL,Medium,INHALER,Units
BATCH07085,Low,No,OwnBrand,Capsule,CL2,IT,330893,PLANT_SOLIDS,Low,OMEP20CAP,TabletsCaps
BATCH09563,Medium,No,OwnBrand,Device,DEV1,DE,46440,PLANT_SPECIAL,Low,INSUPEN,Units
BATCH04605,Low,Yes,OwnBrand,Capsule,CL1,IT,454378,PLANT_SOLIDS,Medium,OMEP20CAP,TabletsCaps
BATCH02593,High,Yes,Contract,Injectable,INJ1,UK,26545,PLANT_PARENTERAL,High,CEF1GIV,Units
BATCH05161,Medium,No,OwnBrand,Injectable,INJ1,FR,16338,PLANT_PARENTERAL,Low,HEP5000SC,Units
BATCH04828,Low,Yes,OwnBrand,Tablet,TL2,ES,235598,PLANT_SOLIDS,High,PARA500TAB,TabletsCaps
BATCH05641,Medium,No,OwnBrand,Tablet,TL1,FR,373906,PLANT_SOLIDS,High,IBUP400TAB,TabletsCaps
BATCH00063,Low,No,OwnBrand,Tablet,TL3,ES,456857,PLANT_SOLIDS,Medium,PARA500TAB,TabletsCaps
BATCH07164,Medium,No,OwnBrand,Device,DEV2,DE,45862,PLANT_SPECIAL,High,INSUPEN,Units
BATCH02854,Medium,No,OwnBrand,Tablet,TL1,FR,335833,PLANT_SOLIDS,Medium,IBUP400TAB,TabletsCaps
BATCH06974,Medium,No,Contract,Hormonal,HORM2,ES,21386,PLANT_SPECIAL,Low,LEVOHORMIMPL,Units
BATCH07149,Medium,Yes,OwnBrand,Injectable,INJ2,FR,18209,PLANT_PARENTERAL,High,HEP5000SC,Units
BATCH08348,Low,No,OwnBrand,Tablet,TL3,ES,210335,PLANT_SOLIDS,Medium,PARA500TAB,TabletsCaps
BATCH05789,Low,No,Contract,Device,DEV2,UK,2689,PLANT_SPECIAL,Low,INHALER,Units
BATCH04406,Medium,No,OwnBrand,Injectable,INJ1,FR,1928,PLANT_PARENTERAL,Low,HEP5000SC,Units
BATCH01963,Medium,No,OwnBrand,Tablet,TL2,FR,184510,PLANT_SOLIDS,Medium,IBUP400TAB,TabletsCaps
BATCH09555,Medium,Yes,Contract,Hormonal,HORM2,ES,46182,PLANT_SPECIAL,Medium,LEVOHORMIMPL,Units
BATCH00175,Medium,No,OwnBrand,Tablet,TL1,FR,316314,PLANT_SOLIDS,Medium,IBUP400TAB,TabletsCaps
BATCH07607,Medium,Yes,OwnBrand,Tablet,TL3,FR,106830,PLANT_SOLIDS,High,IBUP400TAB,TabletsCaps
BATCH08498,Low,No,OwnBrand,Hormonal,HORM1,PT,30234,PLANT_SPECIAL,High,EE30TAB,Units
BATCH03339,Medium,Yes,Contract,Hormonal,HORM1,ES,43703,PLANT_SPECIAL,Medium,LEVOHORMIMPL,Units
BATCH07730,High,No,Contract,Injectable,INJ2,UK,8815,PLANT_PARENTERAL,Medium,CEF1GIV,Units
BATCH07201,Low,No,OwnBrand,Hormonal,HORM1,PT,46661,PLANT_SPECIAL,Low,EE30TAB,Units
BATCH05444,Medium,Yes,OwnBrand,Device,DEV2,DE,24164,PLANT_SPECIAL,Low,INSUPEN,Units
BATCH01997,Medium,No,Contract,Hormonal,HORM2,ES,29104,PLANT_SPECIAL,Low,LEVOHORMIMPL,Units
BATCH03796,Low,No,OwnBrand,Capsule,CL1,IT,479054,PLANT_SOLIDS,High,OMEP20CAP,TabletsCaps
BATCH04973,Low,No,OwnBrand,Capsule,CL2,IT,169522,PLANT_SOLIDS,Low,OMEP20CAP,TabletsCaps
BATCH05805,Medium,No,Contract,Hormonal,HORM2,ES,29832,PLANT_SPECIAL,Medium,LEVOHORMIMPL,Units
BATCH03234,Low,No,OwnBrand,Hormonal,HORM1,PT,45898,PLANT_SPECIAL,Low,EE30TAB,Units
BATCH07576,Medium,No,OwnBrand,Device,DEV2,DE,26579,PLANT_SPECIAL,Medium,INSUPEN,Units
BATCH09738,High,No,Contract,Capsule,CL1,DE,173958,PLANT_SOLIDS,Medium,AMOX500CAP,TabletsCaps
BATCH02301,Low,No,OwnBrand,Tablet,TL2,ES,400225,PLANT_SOLIDS,Low,PARA500TAB,TabletsCaps
BATCH00877,Low,No,OwnBrand,Capsule,CL1,IT,349808,PLANT_SOLIDS,Low,OMEP20CAP,TabletsCaps
BATCH03630,Low,No,OwnBrand,Capsule,CL2,IT,200329,PLANT_SOLIDS,Medium,OMEP20CAP,TabletsCaps
BATCH00285,Low,Yes,OwnBrand,Capsule,CL2,IT,215143,PLANT_SOLIDS,Low,OMEP20CAP,TabletsCaps
BATCH07045,Low,No,Contract,Device,DEV1,UK,31362,PLANT_SPECIAL,Medium,INHALER,Units
BATCH01246,Medium,No,OwnBrand,Tablet,TL1,FR,282123,PLANT_SOLIDS,Low,IBUP400TAB,TabletsCaps
BATCH05923,Low,Yes,Contract,Device,DEV1,UK,20737,PLANT_SPECIAL,Low,INHALER,Units
BATCH06281,High,No,Contract,Capsule,CL1,DE,448933,PLANT_SOLIDS,Medium,AMOX500CAP,TabletsCaps
BATCH03980,Medium,No,OwnBrand,Tablet,TL2,FR,241586,PLANT_SOLIDS,Low,IBUP400TAB,TabletsCaps
BATCH01423,Low,No,OwnBrand,Hormonal,HORM1,PT,48555,PLANT_SPECIAL,High,EE30TAB,Units
BATCH04423,Medium,Yes,OwnBrand,Injectable,INJ2,FR,27829,PLANT_PARENTERAL,Medium,HEP5000SC,Units
BATCH02386,High,No,Contract,Capsule,CL2,DE,207817,PLANT_SOLIDS,Medium,AMOX500CAP,TabletsCaps
BATCH09777,High,Yes,Contract,Injectable,INJ1,UK,21367,PLANT_PARENTERAL,High,CEF1GIV,Units
BATCH04292,Medium,No,Contract,Hormonal,HORM1,ES,32711,PLANT_SPECIAL,Medium,LEVOHORMIMPL,Units
BATCH00287,Low,Yes,OwnBrand,Capsule,CL2,IT,184970,PLANT_SOLIDS,Low,OMEP20CAP,TabletsCaps
BATCH02886,High,No,Contract,Capsule,CL2,DE,158608,PLANT_SOLIDS,Medium,AMOX500CAP,TabletsCaps
BATCH09705,Low,Yes,Contract,Device,DEV2,UK,8380,PLANT_SPECIAL,Low,INHALER,Units
BATCH07634,Medium,No,OwnBrand,Device,DEV1,DE,10153,PLANT_SPECIAL,Medium,INSUPEN,Units
BATCH08200,Medium,No,OwnBrand,Injectable,INJ1,FR,23562,PLANT_PARENTERAL,Low,HEP5000SC,Units
BATCH03086,Medium,Yes,OwnBrand,Tablet,TL3,FR,385394,PLANT_SOLIDS,Medium,IBUP400TAB,TabletsCaps
BATCH09629,Medium,No,OwnBrand,Tablet,TL3,FR,296306,PLANT_SOLIDS,Medium,IBUP400TAB,TabletsCaps
BATCH08787,Medium,No,Contract,Hormonal,HORM2,ES,4403,PLANT_SPECIAL,High,LEVOHORMIMPL,Units
BATCH05491,Medium,No,Contract,Hormonal,HORM2,ES,13832,PLANT_SPECIAL,Medium,LEVOHORMIMPL,Units
BATCH08194,High,Yes,Contract,Injectable,INJ2,UK,44322,PLANT_PARENTERAL,Medium,CEF1GIV,Units
BATCH08736,Low,No,Contract,Device,DEV2,UK,8392,PLANT_SPECIAL,Low,INHALER,Units
BATCH06295,Medium,No,OwnBrand,Device,DEV1,DE,11211,PLANT_SPECIAL,Medium,INSUPEN,Units
BATCH07562,Low,No,OwnBrand,Hormonal,HORM2,PT,26692,PLANT_SPECIAL,Low,EE30TAB,Units
BATCH07165,Low,No,Contract,Device,DEV1,UK,30226,PLANT_SPECIAL,Medium,INHALER,Units
BATCH06444,Medium,No,Contract,Hormonal,HORM1,ES,14183,PLANT_SPECIAL,Medium,LEVOHORMIMPL,Units
BATCH08680,Low,No,OwnBrand,Hormonal,HORM2,PT,47588,PLANT_SPECIAL,Medium,EE30TAB,Units
BATCH03753,Medium,No,OwnBrand,Device,DEV1,DE,33081,PLANT_SPECIAL,Medium,INSUPEN,Units
BATCH01079,Medium,No,Contract,Hormonal,HORM2,ES,10056,PLANT_SPECIAL,High,LEVOHORMIMPL,Units
BATCH03127,Medium,No,OwnBrand,Device,DEV1,DE,18877,PLANT_SPECIAL,Medium,INSUPEN,Units
BATCH02714,Medium,No,OwnBrand,Tablet,TL3,FR,415825,PLANT_SOLIDS,High,IBUP400TAB,TabletsCaps
BATCH05631,High,No,Contract,Injectable,INJ2,UK,16819,PLANT_PARENTERAL,Low,CEF1GIV,Units
BATCH03396,Low,Yes,OwnBrand,Hormonal,HORM2,PT,21525,PLANT_SPECIAL,Medium,EE30TAB,Units
BATCH01187,Low,No,OwnBrand,Capsule,CL1,IT,269667,PLANT_SOLIDS,Low,OMEP20CAP,TabletsCaps
BATCH06710,Low,Yes,OwnBrand,Capsule,CL1,IT,290301,PLANT_SOLIDS,High,OMEP20CAP,TabletsCaps
BATCH01587,Medium,No,OwnBrand,Device,DEV2,DE,32744,PLANT_SPECIAL,Medium,INSUPEN,Units
BATCH02044,Medium,No,OwnBrand,Injectable,INJ2,FR,2023,PLANT_PARENTERAL,Low,HEP5000SC,Units
BATCH04969,Medium,No,OwnBrand,Injectable,INJ2,FR,31268,PLANT_PARENTERAL,High,HEP5000SC,Units
BATCH01694,High,No,Contract,Capsule,CL2,DE,421560,PLANT_SOLIDS,Medium,AMOX500CAP,TabletsCaps
BATCH03812,Medium,No,Contract,Hormonal,HORM1,ES,9658,PLANT_SPECIAL,High,LEVOHORMIMPL,Units
BATCH09031,Medium,No,OwnBrand,Device,DEV2,DE,9589,PLANT_SPECIAL,Medium,INSUPEN,Units
BATCH02500,High,No,Contract,Injectable,INJ2,UK,32624,PLANT_PARENTERAL,Medium,CEF1GIV,Units
BATCH02569,Medium,No,Contract,Hormonal,HORM1,ES,27345,PLANT_SPECIAL,High,LEVOHORMIMPL,Units
BATCH03813,Low,Yes,OwnBrand,Capsule,CL1,IT,293642,PLANT_SOLIDS,Low,OMEP20CAP,TabletsCaps
BATCH09484,Low,No,OwnBrand,Tablet,TL2,ES,291521,PLANT_SOLIDS,High,PARA500TAB,TabletsCaps
BATCH01511,Low,No,OwnBrand,Tablet,TL3,ES,88866,PLANT_SOLIDS,Medium,PARA500TAB,TabletsCaps
BATCH08665,High,No,Contract,Capsule,CL1,DE,405209,PLANT_SOLIDS,Medium,AMOX500CAP,TabletsCaps
BATCH06265,Low,No,OwnBrand,Capsule,CL1,IT,52460,PLANT_SOLIDS,Medium,OMEP20CAP,TabletsCaps
BATCH04906,Medium,No,OwnBrand,Device,DEV2,DE,49686,PLANT_SPECIAL,High,INSUPEN,Units
BATCH07864,Medium,Yes,OwnBrand,Device,DEV1,DE,19222,PLANT_SPECIAL,Low,INSUPEN,Units
BATCH03735,High,Yes,Contract,Capsule,CL2,DE,400239,PLANT_SOLIDS,Low,AMOX500CAP,TabletsCaps
BATCH09407,Low,Yes,OwnBrand,Capsule,CL1,IT,212680,PLANT_SOLIDS,Low,OMEP20CAP,TabletsCaps
BATCH06519,Low,No,OwnBrand,Hormonal,HORM2,PT,35130,PLANT_SPECIAL,Medium,EE30TAB,Units
BATCH07233,Medium,No,OwnBrand,Injectable,INJ1,FR,44182,PLANT_PARENTERAL,Low,HEP5000SC,Units
BATCH03685,Low,No,OwnBrand,Capsule,CL1,IT,277683,PLANT_SOLIDS,Low,OMEP20CAP,TabletsCaps
BATCH04706,Low,Yes,Contract,Device,DEV1,UK,30743,PLANT_SPECIAL,Low,INHALER,Units
BATCH03297,Medium,No,OwnBrand,Injectable,INJ2,FR,5263,PLANT_PARENTERAL,Medium,HEP5000SC,Units
BATCH07605,Low,Yes,Contract,Device,DEV2,UK,21876,PLANT_SPECIAL,Medium,INHALER,Units
BATCH00588,Medium,No,OwnBrand,Injectable,INJ1,FR,19070,PLANT_PARENTERAL,Medium,HEP5000SC,Units
BATCH05977,Medium,Yes,OwnBrand,Injectable,INJ2,FR,25015,PLANT_PARENTERAL,High,HEP5000SC,Units
BATCH04812,Low,No,OwnBrand,Hormonal,HORM1,PT,49200,PLANT_SPECIAL,Medium,EE30TAB,Units
BATCH06463,Medium,No,Contract,Hormonal,HORM2,ES,17997,PLANT_SPECIAL,Medium,LEVOHORMIMPL,Units
BATCH06987,Medium,No,OwnBrand,Tablet,TL2,FR,283657,PLANT_SOLIDS,Low,IBUP400TAB,TabletsCaps
BATCH09967,Medium,No,OwnBrand,Tablet,TL1,FR,153287,PLANT_SOLIDS,Medium,IBUP400TAB,TabletsCaps
BATCH02566,Medium,No,OwnBrand,Tablet,TL3,FR,478638,PLANT_SOLIDS,Low,IBUP400TAB,TabletsCaps
BATCH06920,Medium,Yes,OwnBrand,Tablet,TL1,FR,473727,PLANT_SOLIDS,Medium,IBUP400TAB,TabletsCaps
BATCH02474,Medium,Yes,OwnBrand,Device,DEV1,DE,1379,PLANT_SPECIAL,Medium,INSUPEN,Units
BATCH04142,Medium,Yes,OwnBrand,Tablet,TL1,FR,86846,PLANT_SOLIDS,High,IBUP400TAB,TabletsCaps
BATCH07994,Low,No,Contract,Device,DEV1,UK,45926,PLANT_SPECIAL,Medium,INHALER,Units
BATCH05694,Medium,No,OwnBrand,Injectable,INJ1,FR,23672,PLANT_PARENTERAL,Medium,HEP5000SC,Units
BATCH00033,Low,Yes,OwnBrand,Hormonal,HORM2,PT,35082,PLANT_SPECIAL,Medium,EE30TAB,Units
BATCH04999,Low,No,OwnBrand,Capsule,CL2,IT,108943,PLANT_SOLIDS,Medium,OMEP20CAP,TabletsCaps
BATCH02498,Medium,No,OwnBrand,Device,DEV2,DE,12313,PLANT_SPECIAL,Medium,INSUPEN,Units
BATCH05638,Low,No,OwnBrand,Tablet,TL3,ES,237925,PLANT_SOLIDS,Medium,PARA500TAB,TabletsCaps
BATCH02625,Low,No,OwnBrand,Capsule,CL1,IT,467022,PLANT_SOLIDS,Medium,OMEP20CAP,TabletsCaps
BATCH01067,Low,No,OwnBrand,Hormonal,HORM2,PT,17009,PLANT_SPECIAL,Medium,EE30TAB,Units
BATCH04933,Medium,No,Contract,Hormonal,HORM1,ES,5472,PLANT_SPECIAL,High,LEVOHORMIMPL,Units
BATCH03594,Medium,Yes,OwnBrand,Device,DEV2,DE,36233,PLANT_SPECIAL,Low,INSUPEN,Units
BATCH00002,Medium,No,OwnBrand,Tablet,TL3,FR,363729,PLANT_SOLIDS,High,IBUP400TAB,TabletsCaps
BATCH06451,Medium,No,OwnBrand,Tablet,TL3,FR,85285,PLANT_SOLIDS,Low,IBUP400TAB,TabletsCaps
BATCH03676,High,No,Contract,Injectable,INJ2,UK,14360,PLANT_PARENTERAL,Medium,CEF1GIV,Units
BATCH07999,High,No,Contract,Capsule,CL2,DE,478364,PLANT_SOLIDS,High,AMOX500CAP,TabletsCaps
BATCH04035,Medium,Yes,Contract,Hormonal,HORM1,ES,19423,PLANT_SPECIAL,High,LEVOHORMIMPL,Units
BATCH09495,High,Yes,Contract,Capsule,CL2,DE,310839,PLANT_SOLIDS,Low,AMOX500CAP,TabletsCaps
BATCH03203,Low,No,OwnBrand,Hormonal,HORM1,PT,34756,PLANT_SPECIAL,Medium,EE30TAB,Units
BATCH07678,Low,No,OwnBrand,Tablet,TL1,ES,61932,PLANT_SOLIDS,Low,PARA500TAB,TabletsCaps
BATCH04603,High,Yes,Contract,Injectable,INJ2,UK,12300,PLANT_PARENTERAL,Medium,CEF1GIV,Units
BATCH06203,High,No,Contract,Injectable,INJ2,UK,23200,PLANT_PARENTERAL,Medium,CEF1GIV,Units
BATCH03682,Low,No,Contract,Device,DEV2,UK,7530,PLANT_SPECIAL,Low,INHALER,Units
BATCH02412,Medium,No,OwnBrand,Tablet,TL2,FR,139782,PLANT_SOLIDS,Medium,IBUP400TAB,TabletsCaps
BATCH04809,Medium,No,OwnBrand,Device,DEV1,DE,6499,PLANT_SPECIAL,Low,INSUPEN,Units
BATCH01904,Low,No,Contract,Device,DEV1,UK,43320,PLANT_SPECIAL,Medium,INHALER,Units
BATCH07753,Low,Yes,Contract,Device,DEV1,UK,21242,PLANT_SPECIAL,Low,INHALER,Units
BATCH00515,Medium,No,OwnBrand,Injectable,INJ2,FR,25042,PLANT_PARENTERAL,Medium,HEP5000SC,Units
BATCH01659,High,Yes,Contract,Capsule,CL2,DE,268251,PLANT_SOLIDS,High,AMOX500CAP,TabletsCaps
BATCH05139,Medium,No,Contract,Hormonal,HORM2,ES,4774,PLANT_SPECIAL,Low,LEVOHORMIMPL,Units
BATCH05354,Low,Yes,OwnBrand,Capsule,CL2,IT,249155,PLANT_SOLIDS,Low,OMEP20CAP,TabletsCaps
BATCH06773,Medium,No,OwnBrand,Tablet,TL1,FR,79962,PLANT_SOLIDS,High,IBUP400TAB,TabletsCaps
BATCH05881,High,No,Contract,Capsule,CL2,DE,458918,PLANT_SOLIDS,High,AMOX500CAP,TabletsCaps
BATCH00808,Medium,No,OwnBrand,Device,DEV1,DE,11349,PLANT_SPECIAL,High,INSUPEN,Units
BATCH07594,Medium,No,OwnBrand,Device,DEV2,DE,37908,PLANT_SPECIAL,Low,INSUPEN,Units
BATCH04089,Medium,Yes,OwnBrand,Tablet,TL2,FR,446182,PLANT_SOLIDS,Medium,IBUP400TAB,TabletsCaps
BATCH04814,Low,No,Contract,Device,DEV1,UK,12008,PLANT_SPECIAL,Low,INHALER,Units
BATCH09596,Low,No,OwnBrand,Hormonal,HORM2,PT,18543,PLANT_SPECIAL,Low,EE30TAB,Units
BATCH00076,Low,No,OwnBrand,Capsule,CL2,IT,112218,PLANT_SOLIDS,Low,OMEP20CAP,TabletsCaps
BATCH08968,Low,No,OwnBrand,Tablet,TL1,ES,111300,PLANT_SOLIDS,Low,PARA500TAB,TabletsCaps
BATCH07848,Medium,No,OwnBrand,Injectable,INJ2,FR,35333,PLANT_PARENTERAL,Medium,HEP5000SC,Units
BATCH08839,Medium,No,Contract,Hormonal,HORM1,ES,28425,PLANT_SPECIAL,Medium,LEVOHORMIMPL,Units
BATCH07952,High,No,Contract,Injectable,INJ1,UK,9171,PLANT_PARENTERAL,High,CEF1GIV,Units
BATCH04334,Medium,No,Contract,Hormonal,HORM2,ES,30332,PLANT_SPECIAL,Low,LEVOHORMIMPL,Units
BATCH05589,Medium,Yes,OwnBrand,Device,DEV1,DE,19292,PLANT_SPECIAL,High,INSUPEN,Units
BATCH03174,High,No,Contract,Injectable,INJ1,UK,3389,PLANT_PARENTERAL,High,CEF1GIV,Units
BATCH05435,Low,No,OwnBrand,Tablet,TL3,ES,80154,PLANT_SOLIDS,Medium,PARA500TAB,TabletsCaps
BATCH04697,Medium,No,Contract,Hormonal,HORM1,ES,35718,PLANT_SPECIAL,Low,LEVOHORMIMPL,Units
BATCH00817,Medium,No,Contract,Hormonal,HORM2,ES,22976,PLANT_SPECIAL,Low,LEVOHORMIMPL,Units
BATCH05105,High,No,Contract,Injectable,INJ1,UK,46970,PLANT_PARENTERAL,Low,CEF1GIV,Units
BATCH07389,Low,No,OwnBrand,Tablet,TL1,ES,382249,PLANT_SOLIDS,Low,PARA500TAB,TabletsCaps
BATCH03889,Medium,No,OwnBrand,Injectable,INJ1,FR,17078,PLANT_PARENTERAL,Low,HEP5000SC,Units
BATCH07677,Low,Yes,OwnBrand,Hormonal,HORM2,PT,24744,PLANT_SPECIAL,Medium,EE30TAB,Units
BATCH03476,Low,No,OwnBrand,Hormonal,HORM2,PT,15733,PLANT_SPECIAL,Medium,EE30TAB,Units
BATCH08029,Low,No,OwnBrand,Hormonal,HORM2,PT,5915,PLANT_SPECIAL,Medium,EE30TAB,Units
BATCH08724,Medium,No,OwnBrand,Device,DEV2,DE,19841,PLANT_SPECIAL,Medium,INSUPEN,Units
BATCH06650,Low,No,OwnBrand,Capsule,CL1,IT,371267,PLANT_SOLIDS,High,OMEP20CAP,TabletsCaps
BATCH04115,Medium,No,Contract,Hormonal,HORM2,ES,21355,PLANT_SPECIAL,Medium,LEVOHORMIMPL,Units
BATCH07772,Medium,No,OwnBrand,Tablet,TL2,FR,109635,PLANT_SOLIDS,High,IBUP400TAB,TabletsCaps
BATCH07597,High,No,Contract,Capsule,CL1,DE,335914,PLANT_SOLIDS,Medium,AMOX500CAP,TabletsCaps
BATCH02284,High,Yes,Contract,Capsule,CL2,DE,142344,PLANT_SOLIDS,Medium,AMOX500CAP,TabletsCaps
BATCH09728,Medium,No,OwnBrand,Tablet,TL2,FR,339240,PLANT_SOLIDS,Medium,IBUP400TAB,TabletsCaps
BATCH00168,Low,No,OwnBrand,Capsule,CL2,IT,456069,PLANT_SOLIDS,Medium,OMEP20CAP,TabletsCaps
BATCH07415,Medium,No,Contract,Hormonal,HORM1,ES,43829,PLANT_SPECIAL,High,LEVOHORMIMPL,Units
BATCH06812,Medium,No,Contract,Hormonal,HORM2,ES,38065,PLANT_SPECIAL,Medium,LEVOHORMIMPL,Units
BATCH04400,Low,No,OwnBrand,Tablet,TL3,ES,182923,PLANT_SOLIDS,Medium,PARA500TAB,TabletsCaps
BATCH07804,Low,No,Contract,Device,DEV2,UK,9513,PLANT_SPECIAL,High,INHALER,Units
BATCH03765,Low,No,Contract,Device,DEV1,UK,20245,PLANT_SPECIAL,High,INHALER,Units
BATCH04288,Medium,Yes,OwnBrand,Tablet,TL1,FR,300115,PLANT_SOLIDS,Medium,IBUP400TAB,TabletsCaps
BATCH09244,High,No,Contract,Injectable,INJ2,UK,15984,PLANT_PARENTERAL,Medium,CEF1GIV,Units
BATCH04009,High,No,Contract,Injectable,INJ2,UK,39358,PLANT_PARENTERAL,Medium,CEF1GIV,Units
BATCH06371,Low,No,OwnBrand,Capsule,CL2,IT,94313,PLANT_SOLIDS,Low,OMEP20CAP,TabletsCaps
BATCH01942,Low,No,OwnBrand,Tablet,TL1,ES,229896,PLANT_SOLIDS,Medium,PARA500TAB,TabletsCaps
BATCH08797,Low,Yes,Contract,Device,DEV2,UK,30939,PLANT_SPECIAL,Medium,INHALER,Units
BATCH07280,Low,No,OwnBrand,Tablet,TL3,ES,472860,PLANT_SOLIDS,Medium,PARA500TAB,TabletsCaps
BATCH07802,Low,No,OwnBrand,Hormonal,HORM2,PT,24661,PLANT_SPECIAL,Medium,EE30TAB,Units
BATCH09079,Medium,No,OwnBrand,Device,DEV1,DE,5623,PLANT_SPECIAL,Medium,INSUPEN,Units
BATCH05900,Low,Yes,OwnBrand,Hormonal,HORM2,PT,34970,PLANT_SPECIAL,Low,EE30TAB,Units
BATCH06457,Low,No,OwnBrand,Hormonal,HORM1,PT,36754,PLANT_SPECIAL,Medium,EE30TAB,Units
BATCH00157,Low,No,OwnBrand,Capsule,CL1,IT,261873,PLANT_SOLIDS,Medium,OMEP20CAP,TabletsCaps
BATCH02900,Low,No,OwnBrand,Capsule,CL1,IT,173260,PLANT_SOLIDS,Medium,OMEP20CAP,TabletsCaps
BATCH04353,Medium,No,OwnBrand,Injectable,INJ2,FR,31774,PLANT_PARENTERAL,Low,HEP5000SC,Units
BATCH02028,Medium,No,OwnBrand,Tablet,TL2,FR,140817,PLANT_SOLIDS,High,IBUP400TAB,TabletsCaps
BATCH02504,Medium,Yes,Contract,Hormonal,HORM2,ES,43394,PLANT_SPECIAL,Medium,LEVOHORMIMPL,Units
BATCH03076,Low,No,OwnBrand,Hormonal,HORM1,PT,6218,PLANT_SPECIAL,Medium,EE30TAB,Units
BATCH06523,Medium,Yes,OwnBrand,Device,DEV1,DE,30181,PLANT_SPECIAL,Medium,INSUPEN,Units
BATCH07509,Medium,No,OwnBrand,Tablet,TL1,FR,245609,PLANT_SOLIDS,Low,IBUP400TAB,TabletsCaps
BATCH05476,Low,No,OwnBrand,Capsule,CL1,IT,179598,PLANT_SOLIDS,Medium,OMEP20CAP,TabletsCaps
BATCH09654,Low,No,OwnBrand,Hormonal,HORM2,PT,3182,PLANT_SPECIAL,Low,EE30TAB,Units
BATCH08825,Medium,Yes,Contract,Hormonal,HORM1,ES,49250,PLANT_SPECIAL,Low,LEVOHORMIMPL,Units
BATCH07089,Medium,No,OwnBrand,Device,DEV1,DE,41062,PLANT_SPECIAL,Low,INSUPEN,Units
BATCH05328,Medium,Yes,OwnBrand,Device,DEV2,DE,5770,PLANT_SPECIAL,Medium,INSUPEN,Units
BATCH05617,High,No,Contract,Injectable,INJ1,UK,43898,PLANT_PARENTERAL,Low,CEF1GIV,Units
BATCH06214,Medium,No,Contract,Hormonal,HORM2,ES,37491,PLANT_SPECIAL,Medium,LEVOHORMIMPL,Units
BATCH01295,Low,Yes,Contract,Device,DEV2,UK,4532,PLANT_SPECIAL,High,INHALER,Units
BATCH09602,Low,No,Contract,Device,DEV1,UK,46497,PLANT_SPECIAL,High,INHALER,Units
BATCH05030,High,No,Contract,Injectable,INJ1,UK,36619,PLANT_PARENTERAL,High,CEF1GIV,Units
BATCH02347,High,No,Contract,Capsule,CL1,DE,274864,PLANT_SOLIDS,Low,AMOX500CAP,TabletsCaps
BATCH01480,Low,Yes,Contract,Device,DEV2,UK,19519,PLANT_SPECIAL,Medium,INHALER,Units
BATCH01293,High,No,Contract,Injectable,INJ1,UK,25831,PLANT_PARENTERAL,Medium,CEF1GIV,Units
BATCH06476,Medium,No,OwnBrand,Device,DEV1,DE,21589,PLANT_SPECIAL,Low,INSUPEN,Units
BATCH07945,Medium,Yes,OwnBrand,Device,DEV1,DE,12562,PLANT_SPECIAL,Medium,INSUPEN,Units
BATCH08106,Low,Yes,OwnBrand,Tablet,TL3,ES,133394,PLANT_SOLIDS,High,PARA500TAB,TabletsCaps
BATCH03553,High,No,Contract,Injectable,INJ2,UK,33214,PLANT_PARENTERAL,High,CEF1GIV,Units
BATCH07974,Low,No,OwnBrand,Tablet,TL2,ES,107871,PLANT_SOLIDS,Low,PARA500TAB,TabletsCaps
BATCH09509,Low,No,Contract,Device,DEV1,UK,25583,PLANT_SPECIAL,Medium,INHALER,Units
BATCH02441,Low,No,OwnBrand,Tablet,TL2,ES,212691,PLANT_SOLIDS,Medium,PARA500TAB,TabletsCaps
BATCH01483,Low,No,OwnBrand,Hormonal,HORM1,PT,4820,PLANT_SPECIAL,Low,EE30TAB,Units
BATCH07189,Low,No,Contract,Device,DEV2,UK,6478,PLANT_SPECIAL,Medium,INHALER,Units
BATCH02291,Medium,No,OwnBrand,Tablet,TL3,FR,471058,PLANT_SOLIDS,High,IBUP400TAB,TabletsCaps
BATCH08691,High,Yes,Contract,Capsule,CL2,DE,449825,PLANT_SOLIDS,Low,AMOX500CAP,TabletsCaps
BATCH08543,High,No,Contract,Injectable,INJ1,UK,2932,PLANT_PARENTERAL,High,CEF1GIV,Units
BATCH01382,High,No,Contract,Capsule,CL1,DE,197349,PLANT_SOLIDS,High,AMOX500CAP,TabletsCaps
BATCH06540,Medium,No,OwnBrand,Injectable,INJ1,FR,33687,PLANT_PARENTERAL,Medium,HEP5000SC,Units
BATCH05038,High,No,Contract,Capsule,CL2,DE,59133,PLANT_SOLIDS,Medium,AMOX500CAP,TabletsCaps
BATCH07241,Low,No,Contract,Device,DEV1,UK,30801,PLANT_SPECIAL,Medium,INHALER,Units
BATCH03409,High,No,Contract,Injectable,INJ2,UK,5682,PLANT_PARENTERAL,High,CEF1GIV,Units
BATCH01598,Medium,No,Contract,Hormonal,HORM2,ES,10303,PLANT_SPECIAL,Low,LEVOHORMIMPL,Units
BATCH07761,Low,No,OwnBrand,Tablet,TL1,ES,156521,PLANT_SOLIDS,Medium,PARA500TAB,TabletsCaps
BATCH00710,High,No,Contract,Capsule,CL1,DE,300178,PLANT_SOLIDS,Medium,AMOX500CAP,TabletsCaps
BATCH01795,Low,No,OwnBrand,Capsule,CL1,IT,299994,PLANT_SOLIDS,Medium,OMEP20CAP,TabletsCaps
BATCH09329,Low,No,Contract,Device,DEV2,UK,24646,PLANT_SPECIAL,Low,INHALER,Units
BATCH05854,Medium,Yes,OwnBrand,Tablet,TL2,FR,286076,PLANT_SOLIDS,Low,IBUP400TAB,TabletsCaps
BATCH03569,High,No,Contract,Capsule,CL2,DE,173476,PLANT_SOLIDS,High,AMOX500CAP,TabletsCaps
BATCH05311,Medium,No,OwnBrand,Device,DEV2,DE,5943,PLANT_SPECIAL,Low,INSUPEN,Units
BATCH06953,Low,No,OwnBrand,Capsule,CL1,IT,115825,PLANT_SOLIDS,Low,OMEP20CAP,TabletsCaps
BATCH04178,Medium,No,Contract,Hormonal,HORM1,ES,19252,PLANT_SPECIAL,Medium,LEVOHORMIMPL,Units
BATCH09119,Low,No,Contract,Device,DEV1,UK,47006,PLANT_SPECIAL,High,INHALER,Units
BATCH02396,Low,No,Contract,Device,DEV2,UK,30208,PLANT_SPECIAL,High,INHALER,Units
BATCH01994,Medium,No,OwnBrand,Tablet,TL1,FR,394301,PLANT_SOLIDS,Medium,IBUP400TAB,TabletsCaps
BATCH01158,Low,Yes,Contract,Device,DEV1,UK,6304,PLANT_SPECIAL,Medium,INHALER,Units
BATCH04726,Low,No,OwnBrand,Hormonal,HORM1,PT,39293,PLANT_SPECIAL,Low,EE30TAB,Units
BATCH06614,Low,No,Contract,Device,DEV2,UK,24389,PLANT_SPECIAL,Medium,INHALER,Units
BATCH00648,Medium,No,OwnBrand,Device,DEV1,DE,34660,PLANT_SPECIAL,Medium,INSUPEN,Units
BATCH09752,Medium,No,Contract,Hormonal,HORM2,ES,8802,PLANT_SPECIAL,Low,LEVOHORMIMPL,Units
BATCH01404,Low,No,OwnBrand,Capsule,CL2,IT,122902,PLANT_SOLIDS,Medium,OMEP20CAP,TabletsCaps
BATCH09567,Low,Yes,OwnBrand,Hormonal,HORM2,PT,34883,PLANT_SPECIAL,High,EE30TAB,Units
BATCH09164,Low,Yes,Contract,Device,DEV1,UK,28897,PLANT_SPECIAL,Medium,INHALER,Units
BATCH01886,Medium,Yes,OwnBrand,Injectable,INJ1,FR,32197,PLANT_PARENTERAL,Low,HEP5000SC,Units
BATCH03783,Low,No,Contract,Device,DEV2,UK,35016,PLANT_SPECIAL,High,INHALER,Units
BATCH07270,Medium,No,OwnBrand,Tablet,TL3,FR,276941,PLANT_SOLIDS,Medium,IBUP400TAB,TabletsCaps
BATCH03440,High,Yes,Contract,Injectable,INJ2,UK,21147,PLANT_PARENTERAL,Medium,CEF1GIV,Units
BATCH08275,Medium,No,OwnBrand,Device,DEV2,DE,8155,PLANT_SPECIAL,Low,INSUPEN,Units
BATCH07069,High,No,Contract,Injectable,INJ1,UK,4057,PLANT_PARENTERAL,High,CEF1GIV,Units
BATCH09666,Low,Yes,OwnBrand,Capsule,CL2,IT,430231,PLANT_SOLIDS,Medium,OMEP20CAP,TabletsCaps
BATCH07257,Low,Yes,OwnBrand,Tablet,TL2,ES,73223,PLANT_SOLIDS,Low,PARA500TAB,TabletsCaps
BATCH00311,Medium,No,OwnBrand,Device,DEV1,DE,21519,PLANT_SPECIAL,High,INSUPEN,Units
BATCH04821,Medium,No,OwnBrand,Tablet,TL1,FR,291254,PLANT_SOLIDS,Medium,IBUP400TAB,TabletsCaps
BATCH06862,Medium,Yes,OwnBrand,Tablet,TL3,FR,459588,PLANT_SOLIDS,Medium,IBUP400TAB,TabletsCaps
BATCH07715,Low,Yes,OwnBrand,Tablet,TL3,ES,202430,PLANT_SOLIDS,Medium,PARA500TAB,TabletsCaps
BATCH05153,High,No,Contract,Capsule,CL2,DE,478373,PLANT_SOLIDS,Low,AMOX500CAP,TabletsCaps
BATCH06509,Low,No,Contract,Device,DEV2,UK,43654,PLANT_SPECIAL,High,INHALER,Units
BATCH05905,Low,No,OwnBrand,Tablet,TL1,ES,416323,PLANT_SOLIDS,Medium,PARA500TAB,TabletsCaps
BATCH06741,Low,No,OwnBrand,Hormonal,HORM1,PT,14379,PLANT_SPECIAL,Medium,EE30TAB,Units
BATCH06673,Medium,Yes,OwnBrand,Device,DEV1,DE,37656,PLANT_SPECIAL,High,INSUPEN,Units
BATCH00261,Low,No,OwnBrand,Tablet,TL1,ES,269655,PLANT_SOLIDS,Medium,PARA500TAB,TabletsCaps
BATCH02217,Low,Yes,OwnBrand,Capsule,CL1,IT,490754,PLANT_SOLIDS,Medium,OMEP20CAP,TabletsCaps
BATCH08281,Medium,No,Contract,Hormonal,HORM2,ES,7925,PLANT_SPECIAL,Medium,LEVOHORMIMPL,Units
BATCH04457,Medium,Yes,Contract,Hormonal,HORM2,ES,13251,PLANT_SPECIAL,Medium,LEVOHORMIMPL,Units
BATCH03680,Medium,No,OwnBrand,Device,DEV2,DE,29946,PLANT_SPECIAL,Medium,INSUPEN,Units
BATCH07073,Medium,Yes,OwnBrand,Injectable,INJ2,FR,7964,PLANT_PARENTERAL,Medium,HEP5000SC,Units
BATCH03878,Low,No,OwnBrand,Capsule,CL1,IT,426699,PLANT_SOLIDS,Medium,OMEP20CAP,TabletsCaps
BATCH03214,Low,No,OwnBrand,Tablet,TL1,ES,107031,PLANT_SOLIDS,Medium,PARA500TAB,TabletsCaps
BATCH04329,Low,Yes,OwnBrand,Capsule,CL1,IT,57088,PLANT_SOLIDS,Medium,OMEP20CAP,TabletsCaps
BATCH05574,Low,No,Contract,Device,DEV1,UK,49871,PLANT_SPECIAL,Low,INHALER,Units
BATCH02704,Low,Yes,OwnBrand,Tablet,TL2,ES,444253,PLANT_SOLIDS,High,PARA500TAB,TabletsCaps
BATCH01043,Medium,No,OwnBrand,Device,DEV1,DE,9885,PLANT_SPECIAL,Medium,INSUPEN,Units
BATCH04346,Low,No,Contract,Device,DEV1,UK,40220,PLANT_SPECIAL,High,INHALER,Units
BATCH02136,Medium,No,Contract,Hormonal,HORM1,ES,8842,PLANT_SPECIAL,Medium,LEVOHORMIMPL,Units
BATCH09552,Medium,No,OwnBrand,Tablet,TL2,FR,321379,PLANT_SOLIDS,Low,IBUP400TAB,TabletsCaps
BATCH03312,High,Yes,Contract,Injectable,INJ2,UK,35177,PLANT_PARENTERAL,Medium,CEF1GIV,Units
BATCH00847,Low,No,OwnBrand,Hormonal,HORM1,PT,48612,PLANT_SPECIAL,High,EE30TAB,Units
BATCH04037,Medium,No,OwnBrand,Injectable,INJ2,FR,6848,PLANT_PARENTERAL,Medium,HEP5000SC,Units
BATCH08643,Low,No,OwnBrand,Capsule,CL1,IT,79968,PLANT_SOLIDS,Medium,OMEP20CAP,TabletsCaps
BATCH01968,Medium,Yes,OwnBrand,Tablet,TL1,FR,421989,PLANT_SOLIDS,Medium,IBUP400TAB,TabletsCaps
BATCH02008,High,No,Contract,Capsule,CL2,DE,374669,PLANT_SOLIDS,Low,AMOX500CAP,TabletsCaps
BATCH03986,High,No,Contract,Injectable,INJ2,UK,14524,PLANT_PARENTERAL,Medium,CEF1GIV,Units
BATCH09333,Low,Yes,OwnBrand,Capsule,CL2,IT,128397,PLANT_SOLIDS,Medium,OMEP20CAP,TabletsCaps
BATCH09013,Medium,No,OwnBrand,Tablet,TL1,FR,396358,PLANT_SOLIDS,High,IBUP400TAB,TabletsCaps
BATCH05108,Low,No,OwnBrand,Hormonal,HORM2,PT,36025,PLANT_SPECIAL,High,EE30TAB,Units
BATCH09025,Medium,No,OwnBrand,Tablet,TL3,FR,74439,PLANT_SOLIDS,Low,IBUP400TAB,TabletsCaps
BATCH02737,Medium,No,OwnBrand,Injectable,INJ2,FR,39101,PLANT_PARENTERAL,Medium,HEP5000SC,Units
BATCH03693,Low,No,OwnBrand,Capsule,CL2,IT,225175,PLANT_SOLIDS,High,OMEP20CAP,TabletsCaps
BATCH03128,Medium,No,OwnBrand,Device,DEV1,DE,32048,PLANT_SPECIAL,High,INSUPEN,Units
BATCH04103,Medium,No,OwnBrand,Device,DEV2,DE,49030,PLANT_SPECIAL,Low,INSUPEN,Units
BATCH09556,Medium,No,OwnBrand,Tablet,TL3,FR,166748,PLANT_SOLIDS,High,IBUP400TAB,TabletsCaps
BATCH03120,Low,Yes,OwnBrand,Hormonal,HORM1,PT,47317,PLANT_SPECIAL,Medium,EE30TAB,Units
BATCH09749,High,Yes,Contract,Capsule,CL2,DE,351173,PLANT_SOLIDS,Medium,AMOX500CAP,TabletsCaps
BATCH01047,Low,Yes,Contract,Device,DEV2,UK,38775,PLANT_SPECIAL,Medium,INHALER,Units
BATCH00471,Medium,No,OwnBrand,Tablet,TL3,FR,400582,PLANT_SOLIDS,High,IBUP400TAB,TabletsCaps
BATCH05084,Medium,No,OwnBrand,Device,DEV1,DE,9573,PLANT_SPECIAL,Low,INSUPEN,Units
BATCH07765,Medium,Yes,Contract,Hormonal,HORM1,ES,34517,PLANT_SPECIAL,Medium,LEVOHORMIMPL,Units
BATCH02940,Medium,No,OwnBrand,Tablet,TL2,FR,122604,PLANT_SOLIDS,Medium,IBUP400TAB,TabletsCaps
BATCH09748,Medium,No,Contract,Hormonal,HORM2,ES,8585,PLANT_SPECIAL,High,LEVOHORMIMPL,Units
BATCH03914,Low,No,OwnBrand,Capsule,CL1,IT,162745,PLANT_SOLIDS,High,OMEP20CAP,TabletsCaps
BATCH04130,Medium,Yes,OwnBrand,Tablet,TL1,FR,260976,PLANT_SOLIDS,High,IBUP400TAB,TabletsCaps
BATCH00020,Low,No,OwnBrand,Capsule,CL2,IT,75423,PLANT_SOLIDS,Medium,OMEP20CAP,TabletsCaps
BATCH07884,Medium,No,OwnBrand,Tablet,TL3,FR,64644,PLANT_SOLIDS,Low,IBUP400TAB,TabletsCaps
BATCH06958,Low,No,OwnBrand,Capsule,CL2,IT,181428,PLANT_SOLIDS,Medium,OMEP20CAP,TabletsCaps
BATCH02058,Low,Yes,OwnBrand,Tablet,TL1,ES,368343,PLANT_SOLIDS,Low,PARA500TAB,TabletsCaps
BATCH03320,Medium,No,OwnBrand,Device,DEV1,DE,45922,PLANT_SPECIAL,Medium,INSUPEN,Units
BATCH03469,Medium,Yes,OwnBrand,Device,DEV2,DE,43565,PLANT_SPECIAL,Medium,INSUPEN,Units
BATCH04725,Medium,No,Contract,Hormonal,HORM1,ES,29476,PLANT_SPECIAL,Medium,LEVOHORMIMPL,Units
BATCH09999,Medium,No,OwnBrand,Injectable,INJ1,FR,46085,PLANT_PARENTERAL,Medium,HEP5000SC,Units
BATCH00614,Medium,No,OwnBrand,Device,DEV2,DE,19773,PLANT_SPECIAL,Medium,INSUPEN,Units
BATCH02289,Low,No,Contract,Device,DEV1,UK,24295,PLANT_SPECIAL,Low,INHALER,Units
BATCH08674,Low,Yes,OwnBrand,Capsule,CL2,IT,355009,PLANT_SOLIDS,Medium,OMEP20CAP,TabletsCaps
BATCH02559,Low,Yes,OwnBrand,Capsule,CL1,IT,411660,PLANT_SOLIDS,Medium,OMEP20CAP,TabletsCaps
BATCH08161,Medium,Yes,OwnBrand,Injectable,INJ2,FR,5502,PLANT_PARENTERAL,Medium,HEP5000SC,Units
BATCH00935,High,Yes,Contract,Capsule,CL2,DE,470359,PLANT_SOLIDS,Medium,AMOX500CAP,TabletsCaps
BATCH08583,Medium,No,OwnBrand,Injectable,INJ2,FR,10592,PLANT_PARENTERAL,Medium,HEP5000SC,Units
BATCH09887,Low,No,OwnBrand,Hormonal,HORM1,PT,30792,PLANT_SPECIAL,Low,EE30TAB,Units
BATCH05453,High,No,Contract,Capsule,CL1,DE,396755,PLANT_SOLIDS,Low,AMOX500CAP,TabletsCaps
BATCH09140,Medium,No,Contract,Hormonal,HORM2,ES,49740,PLANT_SPECIAL,Medium,LEVOHORMIMPL,Units
BATCH08503,Low,Yes,Contract,Device,DEV2,UK,1997,PLANT_SPECIAL,Medium,INHALER,Units
BATCH09670,Medium,No,OwnBrand,Tablet,TL2,FR,101194,PLANT_SOLIDS,High,IBUP400TAB,TabletsCaps
BATCH06938,Low,Yes,OwnBrand,Hormonal,HORM1,PT,34444,PLANT_SPECIAL,Low,EE30TAB,Units
BATCH08531,Medium,No,OwnBrand,Tablet,TL2,FR,365338,PLANT_SOLIDS,Medium,IBUP400TAB,TabletsCaps
BATCH07557,Low,No,OwnBrand,Tablet,TL1,ES,485990,PLANT_SOLIDS,Medium,PARA500TAB,TabletsCaps
BATCH06813,Low,No,OwnBrand,Capsule,CL2,IT,412815,PLANT_SOLIDS,Medium,OMEP20CAP,TabletsCaps
BATCH08003,Low,Yes,OwnBrand,Capsule,CL2,IT,458217,PLANT_SOLIDS,Low,OMEP20CAP,TabletsCaps
BATCH06977,Low,No,OwnBrand,Hormonal,HORM1,PT,6311,PLANT_SPECIAL,Medium,EE30TAB,Units
BATCH08001,Low,No,OwnBrand,Hormonal,HORM2,PT,9092,PLANT_SPECIAL,Medium,EE30TAB,Units
BATCH00857,High,Yes,Contract,Injectable,INJ2,UK,4796,PLANT_PARENTERAL,High,CEF1GIV,Units
BATCH02351,High,Yes,Contract,Capsule,CL2,DE,267453,PLANT_SOLIDS,High,AMOX500CAP,TabletsCaps
BATCH02439,High,No,Contract,Injectable,INJ2,UK,12827,PLANT_PARENTERAL,Low,CEF1GIV,Units
BATCH08309,Medium,No,OwnBrand,Tablet,TL2,FR,325564,PLANT_SOLIDS,Medium,IBUP400TAB,TabletsCaps
BATCH06207,High,Yes,Contract,Capsule,CL2,DE,179534,PLANT_SOLIDS,Low,AMOX500CAP,TabletsCaps
BATCH05429,Medium,No,OwnBrand,Device,DEV1,DE,8026,PLANT_SPECIAL,Medium,INSUPEN,Units
BATCH01771,Low,No,OwnBrand,Tablet,TL2,ES,408766,PLANT_SOLIDS,Medium,PARA500TAB,TabletsCaps
BATCH00125,Medium,No,Contract,Hormonal,HORM2,ES,40384,PLANT_SPECIAL,High,LEVOHORMIMPL,Units
BATCH07159,High,No,Contract,Injectable,INJ1,UK,21113,PLANT_PARENTERAL,Low,CEF1GIV,Units
BATCH09784,Medium,Yes,OwnBrand,Tablet,TL3,FR,314536,PLANT_SOLIDS,Medium,IBUP400TAB,TabletsCaps
BATCH04273,Medium,Yes,Contract,Hormonal,HORM2,ES,4397,PLANT_SPECIAL,Low,LEVOHORMIMPL,Units
BATCH02846,Medium,No,OwnBrand,Tablet,TL2,FR,343461,PLANT_SOLIDS,High,IBUP400TAB,TabletsCaps
BATCH05298,Low,Yes,OwnBrand,Tablet,TL1,ES,200939,PLANT_SOLIDS,Medium,PARA500TAB,TabletsCaps
BATCH01642,Low,No,Contract,Device,DEV2,UK,39160,PLANT_SPECIAL,Low,INHALER,Units
BATCH02394,Low,Yes,OwnBrand,Capsule,CL2,IT,67393,PLANT_SOLIDS,Medium,OMEP20CAP,TabletsCaps
BATCH06289,Medium,Yes,OwnBrand,Injectable,INJ2,FR,10212,PLANT_PARENTERAL,Medium,HEP5000SC,Units
BATCH01628,Medium,No,OwnBrand,Tablet,TL2,FR,362097,PLANT_SOLIDS,High,IBUP400TAB,TabletsCaps
BATCH01546,Low,No,OwnBrand,Hormonal,HORM2,PT,37573,PLANT_SPECIAL,High,EE30TAB,Units
BATCH02139,Low,No,Contract,Device,DEV1,UK,40583,PLANT_SPECIAL,Medium,INHALER,Units
BATCH03201,Low,No,OwnBrand,Tablet,TL3,ES,404354,PLANT_SOLIDS,Medium,PARA500TAB,TabletsCaps
BATCH01033,Medium,No,OwnBrand,Tablet,TL3,FR,203171,PLANT_SOLIDS,Medium,IBUP400TAB,TabletsCaps
BATCH01123,Low,No,OwnBrand,Capsule,CL1,IT,151521,PLANT_SOLIDS,Low,OMEP20CAP,TabletsCaps
BATCH04514,Low,No,OwnBrand,Tablet,TL3,ES,102470,PLANT_SOLIDS,Low,PARA500TAB,TabletsCaps
BATCH01797,Low,Yes,OwnBrand,Capsule,CL2,IT,322456,PLANT_SOLIDS,High,OMEP20CAP,TabletsCaps
BATCH00150,High,No,Contract,Capsule,CL2,DE,459342,PLANT_SOLIDS,Medium,AMOX500CAP,TabletsCaps
BATCH08035,Low,No,OwnBrand,Hormonal,HORM2,PT,34289,PLANT_SPECIAL,Medium,EE30TAB,Units
BATCH07252,Low,No,OwnBrand,Tablet,TL2,ES,439996,PLANT_SOLIDS,High,PARA500TAB,TabletsCaps
BATCH09692,Medium,Yes,OwnBrand,Device,DEV1,DE,40076,PLANT_SPECIAL,Medium,INSUPEN,Units
BATCH06195,Low,No,Contract,Device,DEV2,UK,41843,PLANT_SPECIAL,Medium,INHALER,Units
BATCH02568,Medium,Yes,OwnBrand,Tablet,TL2,FR,441794,PLANT_SOLIDS,Medium,IBUP400TAB,TabletsCaps
BATCH06527,Medium,No,OwnBrand,Tablet,TL1,FR,88474,PLANT_SOLIDS,Low,IBUP400TAB,TabletsCaps
BATCH03807,Medium,No,Contract,Hormonal,HORM2,ES,39557,PLANT_SPECIAL,Medium,LEVOHORMIMPL,Units
BATCH00173,Low,Yes,OwnBrand,Tablet,TL3,ES,409893,PLANT_SOLIDS,Low,PARA500TAB,TabletsCaps
BATCH00684,Low,No,OwnBrand,Hormonal,HORM1,PT,18915,PLANT_SPECIAL,Medium,EE30TAB,Units
BATCH02403,Low,Yes,OwnBrand,Hormonal,HORM1,PT,11415,PLANT_SPECIAL,High,EE30TAB,Units
BATCH03849,Low,No,OwnBrand,Tablet,TL1,ES,409131,PLANT_SOLIDS,Medium,PARA500TAB,TabletsCaps
BATCH03871,High,Yes,Contract,Injectable,INJ1,UK,38523,PLANT_PARENTERAL,High,CEF1GIV,Units
BATCH04612,Low,No,Contract,Device,DEV2,UK,16125,PLANT_SPECIAL,Low,INHALER,Units
BATCH00366,Medium,No,OwnBrand,Injectable,INJ2,FR,8307,PLANT_PARENTERAL,Medium,HEP5000SC,Units
BATCH04200,Medium,Yes,OwnBrand,Tablet,TL3,FR,233519,PLANT_SOLIDS,High,IBUP400TAB,TabletsCaps
BATCH01457,Medium,No,OwnBrand,Tablet,TL2,FR,472154,PLANT_SOLIDS,High,IBUP400TAB,TabletsCaps
BATCH06660,Low,No,OwnBrand,Hormonal,HORM2,PT,11173,PLANT_SPECIAL,Medium,EE30TAB,Units
BATCH08169,Low,Yes,OwnBrand,Hormonal,HORM2,PT,30462,PLANT_SPECIAL,High,EE30TAB,Units
BATCH01133,Low,No,Contract,Device,DEV1,UK,13177,PLANT_SPECIAL,Low,INHALER,Units
BATCH00013,Medium,Yes,OwnBrand,Injectable,INJ1,FR,48494,PLANT_PARENTERAL,High,HEP5000SC,Units
BATCH03908,Medium,No,OwnBrand,Tablet,TL3,FR,304940,PLANT_SOLIDS,Medium,IBUP400TAB,TabletsCaps
BATCH06495,Low,No,OwnBrand,Tablet,TL3,ES,94191,PLANT_SOLIDS,Medium,PARA500TAB,TabletsCaps
BATCH05999,Medium,No,Contract,Hormonal,HORM2,ES,1896,PLANT_SPECIAL,Medium,LEVOHORMIMPL,Units
BATCH05586,Low,No,OwnBrand,Hormonal,HORM2,PT,29786,PLANT_SPECIAL,Medium,EE30TAB,Units
BATCH08381,Medium,Yes,OwnBrand,Device,DEV1,DE,28380,PLANT_SPECIAL,Medium,INSUPEN,Units
BATCH09032,Low,No,OwnBrand,Hormonal,HORM2,PT,9630,PLANT_SPECIAL,Medium,EE30TAB,Units
BATCH08028,Low,Yes,OwnBrand,Hormonal,HORM1,PT,2994,PLANT_SPECIAL,Low,EE30TAB,Units
BATCH08694,Medium,No,OwnBrand,Injectable,INJ1,FR,32664,PLANT_PARENTERAL,High,HEP5000SC,Units
BATCH00416,Low,No,OwnBrand,Tablet,TL2,ES,156984,PLANT_SOLIDS,Medium,PARA500TAB,TabletsCaps
BATCH05862,Low,No,Contract,Device,DEV1,UK,23909,PLANT_SPECIAL,Medium,INHALER,Units
BATCH05537,Medium,No,OwnBrand,Device,DEV2,DE,9273,PLANT_SPECIAL,Medium,INSUPEN,Units
BATCH04242,Medium,No,OwnBrand,Device,DEV1,DE,5529,PLANT_SPECIAL,Low,INSUPEN,Units
BATCH08534,Low,No,Contract,Device,DEV2,UK,33439,PLANT_SPECIAL,Medium,INHALER,Units
BATCH05513,Low,No,OwnBrand,Capsule,CL2,IT,412380,PLANT_SOLIDS,Medium,OMEP20CAP,TabletsCaps
BATCH04835,Medium,Yes,OwnBrand,Device,DEV1,DE,9741,PLANT_SPECIAL,Medium,INSUPEN,Units
BATCH06352,Medium,Yes,OwnBrand,Injectable,INJ1,FR,47552,PLANT_PARENTERAL,Medium,HEP5000SC,Units
BATCH09471,Medium,No,OwnBrand,Tablet,TL1,FR,352591,PLANT_SOLIDS,Low,IBUP400TAB,TabletsCaps
BATCH01329,Low,No,OwnBrand,Tablet,TL3,ES,468195,PLANT_SOLIDS,Low,PARA500TAB,TabletsCaps
BATCH04181,Medium,No,OwnBrand,Injectable,INJ1,FR,25747,PLANT_PARENTERAL,Medium,HEP5000SC,Units
BATCH07797,Low,No,OwnBrand,Tablet,TL1,ES,156855,PLANT_SOLIDS,Low,PARA500TAB,TabletsCaps
BATCH01326,High,Yes,Contract,Capsule,CL1,DE,436434,PLANT_SOLIDS,High,AMOX500CAP,TabletsCaps
BATCH04499,High,No,Contract,Capsule,CL1,DE,309015,PLANT_SOLIDS,High,AMOX500CAP,TabletsCaps
BATCH00251,Medium,Yes,OwnBrand,Tablet,TL3,FR,88621,PLANT_SOLIDS,Medium,IBUP400TAB,TabletsCaps
BATCH02312,Medium,No,Contract,Hormonal,HORM2,ES,9127,PLANT_SPECIAL,Medium,LEVOHORMIMPL,Units
BATCH04965,High,No,Contract,Capsule,CL2,DE,166008,PLANT_SOLIDS,Medium,AMOX500CAP,TabletsCaps
BATCH08926,Low,No,OwnBrand,Hormonal,HORM2,PT,11768,PLANT_SPECIAL,Medium,EE30TAB,Units
BATCH06107,High,No,Contract,Injectable,INJ1,UK,7545,PLANT_PARENTERAL,High,CEF1GIV,Units
BATCH01005,High,No,Contract,Injectable,INJ1,UK,29824,PLANT_PARENTERAL,Low,CEF1GIV,Units
BATCH08064,Low,No,OwnBrand,Hormonal,HORM2,PT,2157,PLANT_SPECIAL,Medium,EE30TAB,Units
BATCH02026,Medium,No,OwnBrand,Injectable,INJ1,FR,24881,PLANT_PARENTERAL,High,HEP5000SC,Units
BATCH07239,Low,No,OwnBrand,Tablet,TL2,ES,276536,PLANT_SOLIDS,High,PARA500TAB,TabletsCaps
BATCH06244,High,No,Contract,Capsule,CL1,DE,212049,PLANT_SOLIDS,Medium,AMOX500CAP,TabletsCaps
BATCH06740,High,No,Contract,Injectable,INJ1,UK,18742,PLANT_PARENTERAL,Low,CEF1GIV,Units
BATCH01878,Low,No,Contract,Device,DEV1,UK,43435,PLANT_SPECIAL,Medium,INHALER,Units
BATCH02041,High,No,Contract,Injectable,INJ1,UK,40126,PLANT_PARENTERAL,Low,CEF1GIV,Units
BATCH05471,Medium,No,Contract,Hormonal,HORM2,ES,25296,PLANT_SPECIAL,Medium,LEVOHORMIMPL,Units
BATCH02616,High,No,Contract,Capsule,CL2,DE,461058,PLANT_SOLIDS,Medium,AMOX500CAP,TabletsCaps
BATCH04811,Medium,No,OwnBrand,Device,DEV2,DE,40156,PLANT_SPECIAL,Low,INSUPEN,Units
BATCH08963,Low,No,OwnBrand,Hormonal,HORM1,PT,6346,PLANT_SPECIAL,High,EE30TAB,Units
BATCH03793,Low,Yes,Contract,Device,DEV2,UK,25130,PLANT_SPECIAL,Low,INHALER,Units
BATCH06211,Low,Yes,OwnBrand,Tablet,TL1,ES,198197,PLANT_SOLIDS,Medium,PARA500TAB,TabletsCaps
BATCH05468,Medium,No,Contract,Hormonal,HORM1,ES,16085,PLANT_SPECIAL,High,LEVOHORMIMPL,Units
BATCH08766,Medium,No,Contract,Hormonal,HORM2,ES,6850,PLANT_SPECIAL,Medium,LEVOHORMIMPL,Units
BATCH03756,High,Yes,Contract,Capsule,CL2,DE,468015,PLANT_SOLIDS,Medium,AMOX500CAP,TabletsCaps
BATCH04964,Low,No,OwnBrand,Hormonal,HORM2,PT,2614,PLANT_SPECIAL,Medium,EE30TAB,Units
BATCH04928,Low,Yes,Contract,Device,DEV2,UK,23337,PLANT_SPECIAL,High,INHALER,Units
BATCH02161,Medium,No,OwnBrand,Injectable,INJ1,FR,23863,PLANT_PARENTERAL,Medium,HEP5000SC,Units
BATCH03816,Medium,No,OwnBrand,Device,DEV2,DE,32095,PLANT_SPECIAL,Medium,INSUPEN,Units
BATCH00891,Medium,No,OwnBrand,Device,DEV1,DE,47981,PLANT_SPECIAL,High,INSUPEN,Units
BATCH05208,High,No,Contract,Capsule,CL2,DE,185049,PLANT_SOLIDS,Low,AMOX500CAP,TabletsCaps
BATCH09488,Low,No,Contract,Device,DEV2,UK,46705,PLANT_SPECIAL,Low,INHALER,Units
BATCH00386,Low,No,OwnBrand,Capsule,CL1,IT,405497,PLANT_SOLIDS,Low,OMEP20CAP,TabletsCaps
BATCH03762,Low,No,OwnBrand,Tablet,TL3,ES,464817,PLANT_SOLIDS,Low,PARA500TAB,TabletsCaps
BATCH06449,Low,No,OwnBrand,Hormonal,HORM2,PT,23767,PLANT_SPECIAL,Low,EE30TAB,Units
BATCH04519,Medium,Yes,OwnBrand,Tablet,TL1,FR,402929,PLANT_SOLIDS,Medium,IBUP400TAB,TabletsCaps
BATCH08466,Low,No,OwnBrand,Hormonal,HORM1,PT,9592,PLANT_SPECIAL,Medium,EE30TAB,Units
BATCH09589,Low,No,OwnBrand,Tablet,TL2,ES,455879,PLANT_SOLIDS,Medium,PARA500TAB,TabletsCaps
BATCH02748,Low,No,Contract,Device,DEV1,UK,20256,PLANT_SPECIAL,Medium,INHALER,Units
BATCH05702,Medium,No,OwnBrand,Device,DEV1,DE,28798,PLANT_SPECIAL,Low,INSUPEN,Units
BATCH06401,High,No,Contract,Injectable,INJ2,UK,35366,PLANT_PARENTERAL,Medium,CEF1GIV,Units
BATCH08202,Medium,Yes,Contract,Hormonal,HORM2,ES,22662,PLANT_SPECIAL,Low,LEVOHORMIMPL,Units
BATCH09519,Medium,No,OwnBrand,Tablet,TL1,FR,459024,PLANT_SOLIDS,Low,IBUP400TAB,TabletsCaps
BATCH09283,High,Yes,Contract,Capsule,CL2,DE,440420,PLANT_SOLIDS,High,AMOX500CAP,TabletsCaps
BATCH05619,High,Yes,Contract,Capsule,CL1,DE,97186,PLANT_SOLIDS,High,AMOX500CAP,TabletsCaps
BATCH09971,Medium,No,OwnBrand,Tablet,TL2,FR,309593,PLANT_SOLIDS,Medium,IBUP400TAB,TabletsCaps
BATCH06469,Medium,No,OwnBrand,Injectable,INJ2,FR,42283,PLANT_PARENTERAL,Medium,HEP5000SC,Units
BATCH07370,Low,No,Contract,Device,DEV1,UK,6381,PLANT_SPECIAL,High,INHALER,Units
BATCH07094,Medium,No,OwnBrand,Injectable,INJ1,FR,49236,PLANT_PARENTERAL,Medium,HEP5000SC,Units
BATCH02826,Low,No,OwnBrand,Tablet,TL2,ES,163249,PLANT_SOLIDS,Medium,PARA500TAB,TabletsCaps
BATCH07027,Medium,No,Contract,Hormonal,HORM1,ES,31094,PLANT_SPECIAL,Low,LEVOHORMIMPL,Units
BATCH04113,Low,No,Contract,Device,DEV2,UK,13287,PLANT_SPECIAL,High,INHALER,Units
BATCH00277,Medium,No,Contract,Hormonal,HORM2,ES,35759,PLANT_SPECIAL,Medium,LEVOHORMIMPL,Units
BATCH02643,Low,No,OwnBrand,Capsule,CL1,IT,253053,PLANT_SOLIDS,High,OMEP20CAP,TabletsCaps
BATCH08365,Low,No,OwnBrand,Capsule,CL2,IT,358250,PLANT_SOLIDS,Medium,OMEP20CAP,TabletsCaps
BATCH09467,High,No,Contract,Injectable,INJ2,UK,40778,PLANT_PARENTERAL,Medium,CEF1GIV,Units
BATCH07955,Low,No,OwnBrand,Capsule,CL1,IT,237634,PLANT_SOLIDS,Medium,OMEP20CAP,TabletsCaps
BATCH08660,High,No,Contract,Injectable,INJ1,UK,41259,PLANT_PARENTERAL,High,CEF1GIV,Units
BATCH09452,Low,No,OwnBrand,Capsule,CL1,IT,322084,PLANT_SOLIDS,Medium,OMEP20CAP,TabletsCaps
BATCH01513,High,No,Contract,Capsule,CL2,DE,267232,PLANT_SOLIDS,Medium,AMOX500CAP,TabletsCaps
BATCH04431,High,No,Contract,Capsule,CL2,DE,313721,PLANT_SOLIDS,Low,AMOX500CAP,TabletsCaps
BATCH05736,High,No,Contract,Capsule,CL1,DE,250088,PLANT_SOLIDS,Low,AMOX500CAP,TabletsCaps
BATCH09962,Medium,No,OwnBrand,Injectable,INJ1,FR,21655,PLANT_PARENTERAL,Medium,HEP5000SC,Units
BATCH03979,Low,No,OwnBrand,Tablet,TL2,ES,231299,PLANT_SOLIDS,Medium,PARA500TAB,TabletsCaps
BATCH08897,Medium,No,OwnBrand,Tablet,TL3,FR,186258,PLANT_SOLIDS,Medium,IBUP400TAB,TabletsCaps
BATCH08814,Low,No,Contract,Device,DEV1,UK,28047,PLANT_SPECIAL,Medium,INHALER,Units
BATCH03509,Medium,No,OwnBrand,Injectable,INJ1,FR,18426,PLANT_PARENTERAL,Medium,HEP5000SC,Units
BATCH03475,Medium,No,OwnBrand,Device,DEV1,DE,29713,PLANT_SPECIAL,Medium,INSUPEN,Units
BATCH03551,Medium,No,OwnBrand,Tablet,TL3,FR,450123,PLANT_SOLIDS,Medium,IBUP400TAB,TabletsCaps
BATCH05487,Medium,No,OwnBrand,Device,DEV1,DE,37689,PLANT_SPECIAL,Low,INSUPEN,Units
BATCH00722,Medium,No,OwnBrand,Tablet,TL1,FR,61392,PLANT_SOLIDS,Medium,IBUP400TAB,TabletsCaps
BATCH02852,Low,No,OwnBrand,Hormonal,HORM2,PT,1067,PLANT_SPECIAL,Low,EE30TAB,Units
BATCH09147,Medium,No,OwnBrand,Device,DEV2,DE,10616,PLANT_SPECIAL,Medium,INSUPEN,Units
BATCH07743,Medium,No,OwnBrand,Device,DEV2,DE,35212,PLANT_SPECIAL,Low,INSUPEN,Units
BATCH03830,Medium,Yes,OwnBrand,Device,DEV2,DE,32652,PLANT_SPECIAL,Medium,INSUPEN,Units
BATCH05867,Medium,No,OwnBrand,Device,DEV2,DE,38945,PLANT_SPECIAL,High,INSUPEN,Units
BATCH06171,High,No,Contract,Capsule,CL2,DE,250360,PLANT_SOLIDS,Low,AMOX500CAP,TabletsCaps
BATCH00241,Low,No,OwnBrand,Tablet,TL1,ES,264983,PLANT_SOLIDS,Medium,PARA500TAB,TabletsCaps
BATCH09336,Low,No,OwnBrand,Capsule,CL1,IT,273877,PLANT_SOLIDS,Low,OMEP20CAP,TabletsCaps
BATCH00462,Medium,No,Contract,Hormonal,HORM1,ES,22794,PLANT_SPECIAL,Medium,LEVOHORMIMPL,Units
BATCH02931,Medium,Yes,OwnBrand,Injectable,INJ1,FR,26248,PLANT_PARENTERAL,Medium,HEP5000SC,Units
BATCH06513,Medium,No,OwnBrand,Tablet,TL3,FR,148933,PLANT_SOLIDS,Medium,IBUP400TAB,TabletsCaps
BATCH04316,Low,No,OwnBrand,Tablet,TL1,ES,90252,PLANT_SOLIDS,High,PARA500TAB,TabletsCaps
BATCH03265,Low,No,Contract,Device,DEV1,UK,23686,PLANT_SPECIAL,Medium,INHALER,Units
BATCH01126,Medium,No,OwnBrand,Device,DEV2,DE,12296,PLANT_SPECIAL,Medium,INSUPEN,Units
BATCH09408,Medium,No,Contract,Hormonal,HORM1,ES,20552,PLANT_SPECIAL,Medium,LEVOHORMIMPL,Units
BATCH01060,Medium,Yes,OwnBrand,Injectable,INJ1,FR,13758,PLANT_PARENTERAL,High,HEP5000SC,Units
BATCH01307,Low,Yes,OwnBrand,Capsule,CL1,IT,452735,PLANT_SOLIDS,Medium,OMEP20CAP,TabletsCaps
BATCH05110,High,No,Contract,Capsule,CL1,DE,231121,PLANT_SOLIDS,High,AMOX500CAP,TabletsCaps
BATCH03728,Low,No,OwnBrand,Tablet,TL3,ES,452516,PLANT_SOLIDS,High,PARA500TAB,TabletsCaps
BATCH05928,Low,No,OwnBrand,Tablet,TL3,ES,431596,PLANT_SOLIDS,Medium,PARA500TAB,TabletsCaps
BATCH01801,Medium,No,Contract,Hormonal,HORM2,ES,16296,PLANT_SPECIAL,Low,LEVOHORMIMPL,Units
BATCH08885,High,No,Contract,Injectable,INJ1,UK,1420,PLANT_PARENTERAL,Low,CEF1GIV,Units
BATCH00593,Medium,Yes,OwnBrand,Device,DEV1,DE,37253,PLANT_SPECIAL,Low,INSUPEN,Units
BATCH09241,Medium,No,OwnBrand,Tablet,TL2,FR,396558,PLANT_SOLIDS,Medium,IBUP400TAB,TabletsCaps
BATCH07414,Low,No,OwnBrand,Hormonal,HORM2,PT,16855,PLANT_SPECIAL,Medium,EE30TAB,Units
BATCH02507,Medium,Yes,OwnBrand,Injectable,INJ1,FR,40585,PLANT_PARENTERAL,High,HEP5000SC,Units
BATCH08975,Low,No,OwnBrand,Capsule,CL1,IT,231041,PLANT_SOLIDS,Medium,OMEP20CAP,TabletsCaps
BATCH02197,Medium,No,OwnBrand,Tablet,TL2,FR,280366,PLANT_SOLIDS,Low,IBUP400TAB,TabletsCaps
BATCH06336,High,No,Contract,Injectable,INJ2,UK,47479,PLANT_PARENTERAL,Medium,CEF1GIV,Units
BATCH08046,High,No,Contract,Injectable,INJ1,UK,31586,PLANT_PARENTERAL,Low,CEF1GIV,Units
BATCH08659,Medium,Yes,Contract,Hormonal,HORM2,ES,15860,PLANT_SPECIAL,Medium,LEVOHORMIMPL,Units
BATCH01366,Low,No,OwnBrand,Capsule,CL2,IT,137673,PLANT_SOLIDS,High,OMEP20CAP,TabletsCaps
BATCH09208,Medium,No,OwnBrand,Injectable,INJ2,FR,47075,PLANT_PARENTERAL,Medium,HEP5000SC,Units
BATCH08520,Medium,No,OwnBrand,Tablet,TL3,FR,240270,PLANT_SOLIDS,High,IBUP400TAB,TabletsCaps
BATCH02092,Low,No,OwnBrand,Capsule,CL2,IT,182927,PLANT_SOLIDS,High,OMEP20CAP,TabletsCaps
BATCH02840,Medium,No,Contract,Hormonal,HORM1,ES,32116,PLANT_SPECIAL,Medium,LEVOHORMIMPL,Units
BATCH01739,High,Yes,Contract,Injectable,INJ1,UK,24738,PLANT_PARENTERAL,High,CEF1GIV,Units
BATCH03973,Low,No,Contract,Device,DEV1,UK,27524,PLANT_SPECIAL,Low,INHALER,Units
BATCH01695,High,No,Contract,Injectable,INJ2,UK,19319,PLANT_PARENTERAL,Medium,CEF1GIV,Units
BATCH04030,Low,Yes,Contract,Device,DEV1,UK,33649,PLANT_SPECIAL,High,INHALER,Units
BATCH06417,Low,No,Contract,Device,DEV1,UK,7089,PLANT_SPECIAL,High,INHALER,Units
BATCH03319,High,No,Contract,Injectable,INJ1,UK,38708,PLANT_PARENTERAL,Low,CEF1GIV,Units
BATCH01149,High,No,Contract,Capsule,CL1,DE,361277,PLANT_SOLIDS,Low,AMOX500CAP,TabletsCaps
BATCH04526,Low,Yes,Contract,Device,DEV1,UK,23121,PLANT_SPECIAL,Medium,INHALER,Units
BATCH00625,High,No,Contract,Capsule,CL2,DE,189184,PLANT_SOLIDS,Medium,AMOX500CAP,TabletsCaps
BATCH08448,Medium,No,OwnBrand,Device,DEV2,DE,3719,PLANT_SPECIAL,High,INSUPEN,Units
BATCH01633,Low,Yes,Contract,Device,DEV1,UK,44336,PLANT_SPECIAL,Low,INHALER,Units
BATCH07872,High,No,Contract,Injectable,INJ1,UK,27946,PLANT_PARENTERAL,Medium,CEF1GIV,Units
BATCH09571,Low,Yes,Contract,Device,DEV1,UK,34381,PLANT_SPECIAL,Low,INHALER,Units
BATCH09312,High,No,Contract,Capsule,CL1,DE,123170,PLANT_SOLIDS,Medium,AMOX500CAP,TabletsCaps
BATCH02353,Medium,No,OwnBrand,Device,DEV2,DE,13566,PLANT_SPECIAL,High,INSUPEN,Units
BATCH06363,High,No,Contract,Injectable,INJ2,UK,49387,PLANT_PARENTERAL,Medium,CEF1GIV,Units
BATCH05343,Medium,No,Contract,Hormonal,HORM1,ES,49898,PLANT_SPECIAL,Medium,LEVOHORMIMPL,Units
BATCH00306,Medium,No,OwnBrand,Injectable,INJ1,FR,17299,PLANT_PARENTERAL,Medium,HEP5000SC,Units
BATCH01632,Low,No,OwnBrand,Hormonal,HORM2,PT,31832,PLANT_SPECIAL,Medium,EE30TAB,Units
BATCH00152,Medium,No,OwnBrand,Tablet,TL1,FR,456004,PLANT_SOLIDS,Medium,IBUP400TAB,TabletsCaps
BATCH07040,Low,Yes,Contract,Device,DEV1,UK,34863,PLANT_SPECIAL,Low,INHALER,Units
BATCH06379,Medium,No,OwnBrand,Device,DEV2,DE,25634,PLANT_SPECIAL,High,INSUPEN,Units
BATCH01395,Low,No,OwnBrand,Hormonal,HORM2,PT,21690,PLANT_SPECIAL,Medium,EE30TAB,Units
BATCH09785,Medium,No,Contract,Hormonal,HORM2,ES,36811,PLANT_SPECIAL,Medium,LEVOHORMIMPL,Units
BATCH07362,Medium,Yes,Contract,Hormonal,HORM2,ES,8469,PLANT_SPECIAL,Low,LEVOHORMIMPL,Units
BATCH02431,High,No,Contract,Injectable,INJ1,UK,15134,PLANT_PARENTERAL,Medium,CEF1GIV,Units
BATCH09465,Low,No,OwnBrand,Tablet,TL3,ES,364981,PLANT_SOLIDS,Medium,PARA500TAB,TabletsCaps
BATCH00351,Low,No,Contract,Device,DEV1,UK,31889,PLANT_SPECIAL,Medium,INHALER,Units
BATCH02298,Medium,No,OwnBrand,Tablet,TL2,FR,245034,PLANT_SOLIDS,Low,IBUP400TAB,TabletsCaps
BATCH04303,Medium,No,OwnBrand,Device,DEV2,DE,33907,PLANT_SPECIAL,Medium,INSUPEN,Units
BATCH01239,Medium,No,Contract,Hormonal,HORM2,ES,16561,PLANT_SPECIAL,Medium,LEVOHORMIMPL,Units
BATCH07757,Medium,Yes,OwnBrand,Injectable,INJ2,FR,4785,PLANT_PARENTERAL,Low,HEP5000SC,Units
BATCH02930,Low,Yes,Contract,Device,DEV2,UK,35197,PLANT_SPECIAL,Low,INHALER,Units
BATCH08861,Low,No,OwnBrand,Tablet,TL3,ES,339000,PLANT_SOLIDS,Medium,PARA500TAB,TabletsCaps
BATCH02489,Low,No,OwnBrand,Capsule,CL1,IT,105890,PLANT_SOLIDS,High,OMEP20CAP,TabletsCaps
BATCH01610,Low,No,Contract,Device,DEV1,UK,35104,PLANT_SPECIAL,Low,INHALER,Units
BATCH00230,Medium,No,OwnBrand,Tablet,TL2,FR,95203,PLANT_SOLIDS,Medium,IBUP400TAB,TabletsCaps
BATCH03317,Low,No,OwnBrand,Tablet,TL2,ES,150878,PLANT_SOLIDS,Medium,PARA500TAB,TabletsCaps
BATCH05859,Low,No,Contract,Device,DEV1,UK,7549,PLANT_SPECIAL,High,INHALER,Units
BATCH01965,Medium,No,OwnBrand,Device,DEV2,DE,20275,PLANT_SPECIAL,High,INSUPEN,Units
BATCH07940,Medium,No,Contract,Hormonal,HORM1,ES,21079,PLANT_SPECIAL,Low,LEVOHORMIMPL,Units
BATCH00609,Low,No,OwnBrand,Tablet,TL1,ES,117599,PLANT_SOLIDS,Low,PARA500TAB,TabletsCaps
BATCH03542,Medium,No,OwnBrand,Tablet,TL3,FR,159876,PLANT_SOLIDS,Medium,IBUP400TAB,TabletsCaps
BATCH03460,Medium,No,Contract,Hormonal,HORM1,ES,30790,PLANT_SPECIAL,Medium,LEVOHORMIMPL,Units
BATCH00314,Medium,Yes,OwnBrand,Injectable,INJ2,FR,36802,PLANT_PARENTERAL,Medium,HEP5000SC,Units
BATCH03376,Medium,Yes,OwnBrand,Device,DEV2,DE,40493,PLANT_SPECIAL,High,INSUPEN,Units
BATCH02760,High,No,Contract,Capsule,CL1,DE,120597,PLANT_SOLIDS,Medium,AMOX500CAP,TabletsCaps
BATCH08925,Medium,Yes,OwnBrand,Tablet,TL2,FR,443567,PLANT_SOLIDS,Low,IBUP400TAB,TabletsCaps
BATCH09658,Medium,No,OwnBrand,Device,DEV1,DE,28398,PLANT_SPECIAL,Medium,INSUPEN,Units
BATCH02660,Low,Yes,Contract,Device,DEV1,UK,32486,PLANT_SPECIAL,Low,INHALER,Units
BATCH04250,Medium,No,OwnBrand,Tablet,TL1,FR,139814,PLANT_SOLIDS,Medium,IBUP400TAB,TabletsCaps
BATCH07379,Medium,No,OwnBrand,Injectable,INJ1,FR,39714,PLANT_PARENTERAL,Medium,HEP5000SC,Units
BATCH07655,High,No,Contract,Capsule,CL2,DE,217132,PLANT_SOLIDS,High,AMOX500CAP,TabletsCaps
BATCH02359,Low,No,OwnBrand,Tablet,TL3,ES,171109,PLANT_SOLIDS,Medium,PARA500TAB,TabletsCaps
BATCH01979,High,No,Contract,Capsule,CL2,DE,107977,PLANT_SOLIDS,High,AMOX500CAP,TabletsCaps
BATCH00823,Medium,No,OwnBrand,Tablet,TL1,FR,453270,PLANT_SOLIDS,Medium,IBUP400TAB,TabletsCaps
BATCH06542,Low,No,OwnBrand,Capsule,CL2,IT,472916,PLANT_SOLIDS,High,OMEP20CAP,TabletsCaps
BATCH00660,Low,No,OwnBrand,Capsule,CL2,IT,169118,PLANT_SOLIDS,Medium,OMEP20CAP,TabletsCaps
BATCH08937,Low,No,Contract,Device,DEV2,UK,41439,PLANT_SPECIAL,High,INHALER,Units
BATCH00121,Low,Yes,Contract,Device,DEV2,UK,38218,PLANT_SPECIAL,Low,INHALER,Units
BATCH05916,Low,No,OwnBrand,Capsule,CL1,IT,498185,PLANT_SOLIDS,Medium,OMEP20CAP,TabletsCaps
BATCH04596,Low,Yes,OwnBrand,Capsule,CL1,IT,421324,PLANT_SOLIDS,Low,OMEP20CAP,TabletsCaps
BATCH01683,Medium,No,Contract,Hormonal,HORM1,ES,35923,PLANT_SPECIAL,High,LEVOHORMIMPL,Units
BATCH05836,Medium,Yes,OwnBrand,Injectable,INJ1,FR,19384,PLANT_PARENTERAL,Medium,HEP5000SC,Units
BATCH05269,Medium,No,Contract,Hormonal,HORM1,ES,1246,PLANT_SPECIAL,Medium,LEVOHORMIMPL,Units
BATCH06819,High,No,Contract,Capsule,CL2,DE,477439,PLANT_SOLIDS,Low,AMOX500CAP,TabletsCaps
BATCH04331,Medium,Yes,Contract,Hormonal,HORM1,ES,20338,PLANT_SPECIAL,Medium,LEVOHORMIMPL,Units
BATCH02905,Medium,No,Contract,Hormonal,HORM1,ES,4962,PLANT_SPECIAL,Low,LEVOHORMIMPL,Units
BATCH03942,Medium,No,OwnBrand,Device,DEV1,DE,11884,PLANT_SPECIAL,High,INSUPEN,Units
BATCH08725,Low,No,OwnBrand,Tablet,TL2,ES,149010,PLANT_SOLIDS,Low,PARA500TAB,TabletsCaps
BATCH00186,High,No,Contract,Capsule,CL1,DE,149727,PLANT_SOLIDS,High,AMOX500CAP,TabletsCaps
BATCH02889,Low,No,Contract,Device,DEV1,UK,21578,PLANT_SPECIAL,Low,INHALER,Units
BATCH01219,Low,No,OwnBrand,Hormonal,HORM1,PT,18624,PLANT_SPECIAL,High,EE30TAB,Units
BATCH06243,Low,No,OwnBrand,Hormonal,HORM1,PT,32038,PLANT_SPECIAL,Low,EE30TAB,Units
BATCH08006,Low,No,OwnBrand,Capsule,CL1,IT,498478,PLANT_SOLIDS,Medium,OMEP20CAP,TabletsCaps
BATCH00568,Medium,Yes,OwnBrand,Device,DEV2,DE,48265,PLANT_SPECIAL,Low,INSUPEN,Units
BATCH02630,Medium,No,Contract,Hormonal,HORM1,ES,33522,PLANT_SPECIAL,Medium,LEVOHORMIMPL,Units
BATCH01185,Medium,No,OwnBrand,Device,DEV2,DE,24451,PLANT_SPECIAL,High,INSUPEN,Units
BATCH05398,Low,No,Contract,Device,DEV2,UK,16959,PLANT_SPECIAL,Low,INHALER,Units
BATCH07748,Low,No,OwnBrand,Tablet,TL1,ES,419031,PLANT_SOLIDS,Medium,PARA500TAB,TabletsCaps
BATCH09700,Low,No,OwnBrand,Capsule,CL1,IT,274139,PLANT_SOLIDS,Low,OMEP20CAP,TabletsCaps
BATCH01283,Low,No,OwnBrand,Capsule,CL2,IT,455066,PLANT_SOLIDS,Medium,OMEP20CAP,TabletsCaps
BATCH09575,High,No,Contract,Capsule,CL2,DE,111383,PLANT_SOLIDS,Medium,AMOX500CAP,TabletsCaps
BATCH09434,High,No,Contract,Capsule,CL2,DE,115277,PLANT_SOLIDS,Medium,AMOX500CAP,TabletsCaps
BATCH05762,Medium,Yes,OwnBrand,Tablet,TL3,FR,272585,PLANT_SOLIDS,Medium,IBUP400TAB,TabletsCaps
BATCH07395,Low,No,OwnBrand,Tablet,TL1,ES,166227,PLANT_SOLIDS,Medium,PARA500TAB,TabletsCaps
BATCH09309,High,No,Contract,Capsule,CL1,DE,229803,PLANT_SOLIDS,Medium,AMOX500CAP,TabletsCaps
BATCH04580,High,Yes,Contract,Capsule,CL1,DE,319505,PLANT_SOLIDS,Medium,AMOX500CAP,TabletsCaps
BATCH05068,Low,No,OwnBrand,Capsule,CL2,IT,263979,PLANT_SOLIDS,Low,OMEP20CAP,TabletsCaps
BATCH06757,High,Yes,Contract,Injectable,INJ2,UK,46700,PLANT_PARENTERAL,Medium,CEF1GIV,Units
BATCH02350,Medium,No,OwnBrand,Tablet,TL3,FR,414171,PLANT_SOLIDS,Medium,IBUP400TAB,TabletsCaps
BATCH06739,Low,No,OwnBrand,Capsule,CL1,IT,189376,PLANT_SOLIDS,Medium,OMEP20CAP,TabletsCaps
BATCH08858,Low,No,Contract,Device,DEV1,UK,45597,PLANT_SPECIAL,Medium,INHALER,Units
BATCH05121,Medium,No,OwnBrand,Injectable,INJ1,FR,6235,PLANT_PARENTERAL,Low,HEP5000SC,Units
BATCH07697,Medium,No,OwnBrand,Injectable,INJ2,FR,16253,PLANT_PARENTERAL,High,HEP5000SC,Units
BATCH06284,Low,No,OwnBrand,Hormonal,HORM1,PT,15079,PLANT_SPECIAL,Low,EE30TAB,Units
BATCH00505,Medium,No,OwnBrand,Injectable,INJ2,FR,16338,PLANT_PARENTERAL,Medium,HEP5000SC,Units
BATCH01665,Medium,Yes,Contract,Hormonal,HORM2,ES,19620,PLANT_SPECIAL,Medium,LEVOHORMIMPL,Units
BATCH03303,Low,Yes,OwnBrand,Capsule,CL1,IT,66400,PLANT_SOLIDS,Medium,OMEP20CAP,TabletsCaps
BATCH06979,High,No,Contract,Injectable,INJ1,UK,49260,PLANT_PARENTERAL,Low,CEF1GIV,Units
BATCH05737,High,No,Contract,Injectable,INJ1,UK,11286,PLANT_PARENTERAL,High,CEF1GIV,Units
BATCH05782,Medium,Yes,Contract,Hormonal,HORM1,ES,46172,PLANT_SPECIAL,Medium,LEVOHORMIMPL,Units
BATCH09713,Medium,No,Contract,Hormonal,HORM1,ES,24004,PLANT_SPECIAL,High,LEVOHORMIMPL,Units
BATCH09187,Low,Yes,OwnBrand,Hormonal,HORM1,PT,28519,PLANT_SPECIAL,Low,EE30TAB,Units
BATCH07408,Medium,No,OwnBrand,Device,DEV2,DE,7424,PLANT_SPECIAL,Low,INSUPEN,Units
BATCH05920,Low,Yes,OwnBrand,Hormonal,HORM2,PT,43959,PLANT_SPECIAL,Medium,EE30TAB,Units
BATCH07542,Low,No,OwnBrand,Tablet,TL2,ES,155926,PLANT_SOLIDS,Low,PARA500TAB,TabletsCaps
BATCH06911,Low,No,OwnBrand,Capsule,CL1,IT,488280,PLANT_SOLIDS,Medium,OMEP20CAP,TabletsCaps
BATCH00779,Low,Yes,OwnBrand,Capsule,CL2,IT,264872,PLANT_SOLIDS,Medium,OMEP20CAP,TabletsCaps
BATCH04971,Low,No,OwnBrand,Hormonal,HORM1,PT,43510,PLANT_SPECIAL,Low,EE30TAB,Units
BATCH09233,Low,Yes,OwnBrand,Hormonal,HORM1,PT,12809,PLANT_SPECIAL,High,EE30TAB,Units
BATCH01882,Low,No,OwnBrand,Capsule,CL1,IT,160383,PLANT_SOLIDS,Medium,OMEP20CAP,TabletsCaps
BATCH03124,Medium,No,OwnBrand,Device,DEV2,DE,13255,PLANT_SPECIAL,Medium,INSUPEN,Units
BATCH05691,Medium,No,Contract,Hormonal,HORM1,ES,9677,PLANT_SPECIAL,High,LEVOHORMIMPL,Units
BATCH02550,Low,Yes,OwnBrand,Capsule,CL2,IT,130142,PLANT_SOLIDS,Medium,OMEP20CAP,TabletsCaps
BATCH07184,Low,No,Contract,Device,DEV1,UK,44444,PLANT_SPECIAL,Medium,INHALER,Units
BATCH02423,Medium,Yes,OwnBrand,Injectable,INJ2,FR,6930,PLANT_PARENTERAL,Low,HEP5000SC,Units
BATCH04186,Low,No,OwnBrand,Hormonal,HORM1,PT,6238,PLANT_SPECIAL,High,EE30TAB,Units
BATCH02343,Low,No,OwnBrand,Capsule,CL2,IT,417702,PLANT_SOLIDS,Low,OMEP20CAP,TabletsCaps
BATCH01217,Medium,Yes,OwnBrand,Injectable,INJ2,FR,17916,PLANT_PARENTERAL,Medium,HEP5000SC,Units
BATCH00610,Medium,No,OwnBrand,Tablet,TL3,FR,153743,PLANT_SOLIDS,Medium,IBUP400TAB,TabletsCaps
BATCH02770,Medium,No,OwnBrand,Injectable,INJ1,FR,22851,PLANT_PARENTERAL,Medium,HEP5000SC,Units
BATCH02171,Medium,Yes,Contract,Hormonal,HORM1,ES,7236,PLANT_SPECIAL,Medium,LEVOHORMIMPL,Units
BATCH04351,Medium,No,OwnBrand,Injectable,INJ1,FR,25342,PLANT_PARENTERAL,Medium,HEP5000SC,Units
BATCH09822,Low,No,OwnBrand,Capsule,CL2,IT,303848,PLANT_SOLIDS,Medium,OMEP20CAP,TabletsCaps
BATCH05360,Medium,Yes,OwnBrand,Injectable,INJ2,FR,7316,PLANT_PARENTERAL,Medium,HEP5000SC,Units
BATCH00267,High,No,Contract,Capsule,CL2,DE,413748,PLANT_SOLIDS,High,AMOX500CAP,TabletsCaps
BATCH08031,Low,No,Contract,Device,DEV1,UK,30960,PLANT_SPECIAL,Low,INHALER,Units
BATCH04661,High,No,Contract,Injectable,INJ2,UK,42677,PLANT_PARENTERAL,Low,CEF1GIV,Units
BATCH00645,High,No,Contract,Injectable,INJ2,UK,35284,PLANT_PARENTERAL,Medium,CEF1GIV,Units
BATCH07221,Low,Yes,OwnBrand,Capsule,CL1,IT,267019,PLANT_SOLIDS,Medium,OMEP20CAP,TabletsCaps
BATCH06446,Medium,Yes,OwnBrand,Injectable,INJ1,FR,14012,PLANT_PARENTERAL,Medium,HEP5000SC,Units
BATCH03129,Medium,No,OwnBrand,Injectable,INJ2,FR,2714,PLANT_PARENTERAL,Medium,HEP5000SC,Units
BATCH02873,High,No,Contract,Injectable,INJ2,UK,10631,PLANT_PARENTERAL,Medium,CEF1GIV,Units
BATCH06994,Medium,No,OwnBrand,Tablet,TL3,FR,451479,PLANT_SOLIDS,Medium,IBUP400TAB,TabletsCaps
BATCH07326,Low,No,OwnBrand,Hormonal,HORM2,PT,1519,PLANT_SPECIAL,High,EE30TAB,Units
BATCH06520,Medium,No,Contract,Hormonal,HORM1,ES,42652,PLANT_SPECIAL,Low,LEVOHORMIMPL,Units
BATCH02951,Medium,No,OwnBrand,Tablet,TL1,FR,314080,PLANT_SOLIDS,Low,IBUP400TAB,TabletsCaps
BATCH02238,Low,No,OwnBrand,Tablet,TL2,ES,419826,PLANT_SOLIDS,Medium,PARA500TAB,TabletsCaps
BATCH05832,Low,No,Contract,Device,DEV1,UK,44098,PLANT_SPECIAL,High,INHALER,Units
BATCH08065,Medium,Yes,Contract,Hormonal,HORM1,ES,31399,PLANT_SPECIAL,High,LEVOHORMIMPL,Units
BATCH09546,Low,Yes,OwnBrand,Hormonal,HORM2,PT,34067,PLANT_SPECIAL,Medium,EE30TAB,Units
BATCH01776,High,Yes,Contract,Injectable,INJ2,UK,49414,PLANT_PARENTERAL,Low,CEF1GIV,Units
BATCH09033,Medium,No,OwnBrand,Tablet,TL2,FR,87331,PLANT_SOLIDS,Medium,IBUP400TAB,TabletsCaps
BATCH07132,Medium,No,OwnBrand,Tablet,TL1,FR,396426,PLANT_SOLIDS,Medium,IBUP400TAB,TabletsCaps
BATCH06593,Medium,No,OwnBrand,Device,DEV1,DE,41984,PLANT_SPECIAL,Medium,INSUPEN,Units
BATCH03442,Medium,No,OwnBrand,Tablet,TL3,FR,376812,PLANT_SOLIDS,Low,IBUP400TAB,TabletsCaps
BATCH07699,Medium,No,OwnBrand,Injectable,INJ2,FR,21770,PLANT_PARENTERAL,High,HEP5000SC,Units
BATCH02458,Low,Yes,OwnBrand,Hormonal,HORM1,PT,7181,PLANT_SPECIAL,Low,EE30TAB,Units
BATCH00752,Medium,Yes,OwnBrand,Tablet,TL2,FR,372746,PLANT_SOLIDS,Low,IBUP400TAB,TabletsCaps
BATCH00325,High,No,Contract,Injectable,INJ2,UK,11897,PLANT_PARENTERAL,Medium,CEF1GIV,Units
BATCH04948,Low,No,OwnBrand,Capsule,CL2,IT,177990,PLANT_SOLIDS,Low,OMEP20CAP,TabletsCaps
BATCH07600,Medium,Yes,OwnBrand,Tablet,TL2,FR,103159,PLANT_SOLIDS,Medium,IBUP400TAB,TabletsCaps
BATCH08673,Low,No,OwnBrand,Capsule,CL1,IT,214838,PLANT_SOLIDS,Low,OMEP20CAP,TabletsCaps
BATCH01883,Low,No,OwnBrand,Tablet,TL1,ES,131531,PLANT_SOLIDS,Medium,PARA500TAB,TabletsCaps
BATCH00576,Low,No,OwnBrand,Hormonal,HORM2,PT,1120,PLANT_SPECIAL,Medium,EE30TAB,Units
BATCH02711,Low,No,OwnBrand,Capsule,CL2,IT,349534,PLANT_SOLIDS,Low,OMEP20CAP,TabletsCaps
BATCH06795,Low,No,OwnBrand,Hormonal,HORM1,PT,2090,PLANT_SPECIAL,Medium,EE30TAB,Units
BATCH06201,Low,No,OwnBrand,Capsule,CL2,IT,450477,PLANT_SOLIDS,Medium,OMEP20CAP,TabletsCaps
BATCH09616,Low,Yes,OwnBrand,Hormonal,HORM2,PT,25749,PLANT_SPECIAL,Low,EE30TAB,Units
BATCH07795,Medium,No,OwnBrand,Injectable,INJ1,FR,24899,PLANT_PARENTERAL,Low,HEP5000SC,Units
BATCH01817,Low,Yes,OwnBrand,Capsule,CL1,IT,232921,PLANT_SOLIDS,Medium,OMEP20CAP,TabletsCaps
BATCH02856,High,No,Contract,Injectable,INJ2,UK,42038,PLANT_PARENTERAL,Low,CEF1GIV,Units
BATCH03926,High,Yes,Contract,Injectable,INJ1,UK,6631,PLANT_PARENTERAL,Low,CEF1GIV,Units
BATCH05915,Medium,No,OwnBrand,Injectable,INJ1,FR,9441,PLANT_PARENTERAL,Medium,HEP5000SC,Units
BATCH02175,Medium,No,OwnBrand,Injectable,INJ2,FR,23937,PLANT_PARENTERAL,Medium,HEP5000SC,Units
BATCH05079,Medium,No,OwnBrand,Device,DEV1,DE,20860,PLANT_SPECIAL,Medium,INSUPEN,Units
BATCH04143,Medium,Yes,OwnBrand,Device,DEV2,DE,49047,PLANT_SPECIAL,Low,INSUPEN,Units
BATCH06746,Low,Yes,OwnBrand,Tablet,TL1,ES,165322,PLANT_SOLIDS,High,PARA500TAB,TabletsCaps
BATCH07327,Medium,No,OwnBrand,Tablet,TL3,FR,367889,PLANT_SOLIDS,High,IBUP400TAB,TabletsCaps
BATCH02379,Medium,No,OwnBrand,Device,DEV1,DE,20234,PLANT_SPECIAL,Medium,INSUPEN,Units
BATCH01829,High,No,Contract,Capsule,CL2,DE,474931,PLANT_SOLIDS,Medium,AMOX500CAP,TabletsCaps
BATCH01881,High,No,Contract,Injectable,INJ1,UK,11586,PLANT_PARENTERAL,Medium,CEF1GIV,Units
BATCH09455,Low,No,Contract,Device,DEV1,UK,18443,PLANT_SPECIAL,High,INHALER,Units
BATCH08532,Low,No,OwnBrand,Hormonal,HORM1,PT,19242,PLANT_SPECIAL,Medium,EE30TAB,Units
BATCH09367,Medium,No,Contract,Hormonal,HORM2,ES,46247,PLANT_SPECIAL,Low,LEVOHORMIMPL,Units
BATCH09710,Low,No,OwnBrand,Hormonal,HORM1,PT,37626,PLANT_SPECIAL,High,EE30TAB,Units
BATCH07082,Low,No,OwnBrand,Hormonal,HORM1,PT,6140,PLANT_SPECIAL,Medium,EE30TAB,Units
BATCH03314,High,No,Contract,Capsule,CL1,DE,349722,PLANT_SOLIDS,Medium,AMOX500CAP,TabletsCaps
BATCH05733,Medium,Yes,OwnBrand,Injectable,INJ1,FR,45321,PLANT_PARENTERAL,Medium,HEP5000SC,Units
BATCH00838,Low,No,OwnBrand,Capsule,CL1,IT,144075,PLANT_SOLIDS,Medium,OMEP20CAP,TabletsCaps
BATCH09414,High,No,Contract,Injectable,INJ1,UK,42439,PLANT_PARENTERAL,Medium,CEF1GIV,Units
BATCH09389,High,Yes,Contract,Injectable,INJ1,UK,45538,PLANT_PARENTERAL,Medium,CEF1GIV,Units
BATCH00705,Medium,No,OwnBrand,Device,DEV1,DE,13764,PLANT_SPECIAL,Low,INSUPEN,Units
BATCH01026,Medium,No,Contract,Hormonal,HORM1,ES,43394,PLANT_SPECIAL,Medium,LEVOHORMIMPL,Units
BATCH06663,Medium,No,Contract,Hormonal,HORM2,ES,21895,PLANT_SPECIAL,High,LEVOHORMIMPL,Units
BATCH06589,Medium,No,OwnBrand,Device,DEV1,DE,44225,PLANT_SPECIAL,Medium,INSUPEN,Units
BATCH07356,Medium,No,OwnBrand,Device,DEV1,DE,14646,PLANT_SPECIAL,Medium,INSUPEN,Units
BATCH09114,Low,No,OwnBrand,Tablet,TL2,ES,193216,PLANT_SOLIDS,Medium,PARA500TAB,TabletsCaps
BATCH04515,Low,Yes,Contract,Device,DEV1,UK,11302,PLANT_SPECIAL,High,INHALER,Units
BATCH06946,Low,Yes,Contract,Device,DEV1,UK,42225,PLANT_SPECIAL,High,INHALER,Units
BATCH04445,Low,No,Contract,Device,DEV2,UK,25801,PLANT_SPECIAL,Medium,INHALER,Units
BATCH04426,Low,Yes,OwnBrand,Tablet,TL3,ES,138972,PLANT_SOLIDS,Medium,PARA500TAB,TabletsCaps
BATCH03695,Low,No,OwnBrand,Tablet,TL2,ES,86836,PLANT_SOLIDS,Medium,PARA500TAB,TabletsCaps
BATCH01252,High,Yes,Contract,Capsule,CL1,DE,460192,PLANT_SOLIDS,High,AMOX500CAP,TabletsCaps
BATCH04676,Medium,No,Contract,Hormonal,HORM2,ES,7755,PLANT_SPECIAL,High,LEVOHORMIMPL,Units
BATCH07401,Medium,Yes,OwnBrand,Tablet,TL3,FR,129485,PLANT_SOLIDS,Medium,IBUP400TAB,TabletsCaps
BATCH03901,High,Yes,Contract,Capsule,CL1,DE,53012,PLANT_SOLIDS,Medium,AMOX500CAP,TabletsCaps
BATCH06566,High,No,Contract,Injectable,INJ2,UK,36953,PLANT_PARENTERAL,High,CEF1GIV,Units
BATCH02167,High,No,Contract,Injectable,INJ2,UK,27352,PLANT_PARENTERAL,Low,CEF1GIV,Units
BATCH02887,Low,No,OwnBrand,Tablet,TL2,ES,224935,PLANT_SOLIDS,High,PARA500TAB,TabletsCaps
BATCH04914,Low,No,Contract,Device,DEV2,UK,32268,PLANT_SPECIAL,Medium,INHALER,Units
BATCH07717,Medium,No,OwnBrand,Tablet,TL3,FR,241742,PLANT_SOLIDS,Medium,IBUP400TAB,TabletsCaps
BATCH09838,Medium,No,OwnBrand,Device,DEV1,DE,23998,PLANT_SPECIAL,Medium,INSUPEN,Units
BATCH05233,High,Yes,Contract,Capsule,CL1,DE,126572,PLANT_SOLIDS,High,AMOX500CAP,TabletsCaps
BATCH02573,Low,No,Contract,Device,DEV2,UK,1638,PLANT_SPECIAL,Medium,INHALER,Units
BATCH06170,Low,No,OwnBrand,Hormonal,HORM2,PT,49132,PLANT_SPECIAL,Medium,EE30TAB,Units
BATCH01400,High,Yes,Contract,Injectable,INJ1,UK,45994,PLANT_PARENTERAL,Low,CEF1GIV,Units
BATCH03652,Low,No,OwnBrand,Tablet,TL2,ES,152967,PLANT_SOLIDS,Medium,PARA500TAB,TabletsCaps
BATCH05037,Low,No,OwnBrand,Hormonal,HORM2,PT,30711,PLANT_SPECIAL,Medium,EE30TAB,Units
BATCH01294,Medium,Yes,OwnBrand,Injectable,INJ1,FR,36796,PLANT_PARENTERAL,Low,HEP5000SC,Units
BATCH00829,Medium,No,Contract,Hormonal,HORM1,ES,48959,PLANT_SPECIAL,Medium,LEVOHORMIMPL,Units
BATCH04832,Medium,Yes,OwnBrand,Tablet,TL1,FR,332428,PLANT_SOLIDS,High,IBUP400TAB,TabletsCaps
BATCH03592,Medium,No,OwnBrand,Injectable,INJ2,FR,14757,PLANT_PARENTERAL,High,HEP5000SC,Units
BATCH09836,High,Yes,Contract,Capsule,CL1,DE,427512,PLANT_SOLIDS,Low,AMOX500CAP,TabletsCaps
BATCH08485,Low,No,Contract,Device,DEV2,UK,32822,PLANT_SPECIAL,Medium,INHALER,Units
BATCH03419,Medium,Yes,OwnBrand,Device,DEV2,DE,38111,PLANT_SPECIAL,Medium,INSUPEN,Units
BATCH00109,Low,Yes,Contract,Device,DEV1,UK,25476,PLANT_SPECIAL,Medium,INHALER,Units
BATCH08525,High,No,Contract,Injectable,INJ2,UK,38509,PLANT_PARENTERAL,High,CEF1GIV,Units
BATCH09885,Low,No,OwnBrand,Tablet,TL1,ES,220464,PLANT_SOLIDS,Low,PARA500TAB,TabletsCaps
BATCH00466,Medium,No,Contract,Hormonal,HORM1,ES,19610,PLANT_SPECIAL,Medium,LEVOHORMIMPL,Units
BATCH07210,Low,No,OwnBrand,Capsule,CL1,IT,140069,PLANT_SOLIDS,High,OMEP20CAP,TabletsCaps
BATCH05525,Low,Yes,OwnBrand,Capsule,CL2,IT,206905,PLANT_SOLIDS,High,OMEP20CAP,TabletsCaps
BATCH00089,Low,No,OwnBrand,Hormonal,HORM2,PT,23343,PLANT_SPECIAL,Low,EE30TAB,Units
BATCH05256,High,Yes,Contract,Injectable,INJ2,UK,2828,PLANT_PARENTERAL,High,CEF1GIV,Units
BATCH09016,Low,Yes,OwnBrand,Tablet,TL3,ES,448273,PLANT_SOLIDS,Medium,PARA500TAB,TabletsCaps
BATCH04092,Low,No,OwnBrand,Capsule,CL2,IT,239467,PLANT_SOLIDS,Low,OMEP20CAP,TabletsCaps
BATCH06705,High,No,Contract,Capsule,CL1,DE,255998,PLANT_SOLIDS,Low,AMOX500CAP,TabletsCaps
BATCH03899,High,No,Contract,Capsule,CL1,DE,184820,PLANT_SOLIDS,Low,AMOX500CAP,TabletsCaps
BATCH04695,Low,No,OwnBrand,Capsule,CL1,IT,230247,PLANT_SOLIDS,Low,OMEP20CAP,TabletsCaps
BATCH01540,Low,Yes,OwnBrand,Capsule,CL2,IT,139734,PLANT_SOLIDS,Medium,OMEP20CAP,TabletsCaps
BATCH07158,Low,No,Contract,Device,DEV2,UK,31306,PLANT_SPECIAL,High,INHALER,Units
BATCH02151,High,No,Contract,Capsule,CL1,DE,295141,PLANT_SOLIDS,Low,AMOX500CAP,TabletsCaps
BATCH00132,Low,No,OwnBrand,Tablet,TL2,ES,238983,PLANT_SOLIDS,High,PARA500TAB,TabletsCaps
BATCH02075,High,No,Contract,Capsule,CL1,DE,118033,PLANT_SOLIDS,Low,AMOX500CAP,TabletsCaps
BATCH06199,Low,No,OwnBrand,Hormonal,HORM2,PT,46714,PLANT_SPECIAL,Medium,EE30TAB,Units
BATCH05637,Medium,No,Contract,Hormonal,HORM1,ES,25880,PLANT_SPECIAL,Low,LEVOHORMIMPL,Units
BATCH02725,Low,No,OwnBrand,Capsule,CL2,IT,451959,PLANT_SOLIDS,Low,OMEP20CAP,TabletsCaps
BATCH01891,Medium,Yes,Contract,Hormonal,HORM1,ES,44033,PLANT_SPECIAL,Medium,LEVOHORMIMPL,Units
BATCH05178,Low,No,OwnBrand,Tablet,TL3,ES,338944,PLANT_SOLIDS,Medium,PARA500TAB,TabletsCaps
BATCH08492,Low,No,OwnBrand,Tablet,TL3,ES,366426,PLANT_SOLIDS,High,PARA500TAB,TabletsCaps
BATCH03757,Medium,No,OwnBrand,Injectable,INJ1,FR,2157,PLANT_PARENTERAL,High,HEP5000SC,Units
BATCH05901,Medium,No,OwnBrand,Injectable,INJ1,FR,17334,PLANT_PARENTERAL,Medium,HEP5000SC,Units
BATCH09536,Medium,No,OwnBrand,Device,DEV1,DE,28753,PLANT_SPECIAL,Low,INSUPEN,Units
BATCH09619,Medium,No,Contract,Hormonal,HORM1,ES,19364,PLANT_SPECIAL,Medium,LEVOHORMIMPL,Units
BATCH00733,High,Yes,Contract,Injectable,INJ1,UK,39918,PLANT_PARENTERAL,High,CEF1GIV,Units
BATCH04025,Low,No,OwnBrand,Capsule,CL2,IT,108380,PLANT_SOLIDS,High,OMEP20CAP,TabletsCaps
BATCH09327,Low,No,OwnBrand,Capsule,CL1,IT,382369,PLANT_SOLIDS,High,OMEP20CAP,TabletsCaps
BATCH05683,Medium,No,OwnBrand,Tablet,TL3,FR,478276,PLANT_SOLIDS,Low,IBUP400TAB,TabletsCaps
BATCH08584,Medium,No,Contract,Hormonal,HORM2,ES,46469,PLANT_SPECIAL,Medium,LEVOHORMIMPL,Units
BATCH09248,Medium,Yes,OwnBrand,Injectable,INJ2,FR,25653,PLANT_PARENTERAL,High,HEP5000SC,Units
BATCH04610,High,Yes,Contract,Injectable,INJ1,UK,26095,PLANT_PARENTERAL,Medium,CEF1GIV,Units
BATCH03047,High,No,Contract,Capsule,CL2,DE,394027,PLANT_SOLIDS,Medium,AMOX500CAP,TabletsCaps
BATCH08642,Low,No,OwnBrand,Hormonal,HORM2,PT,28309,PLANT_SPECIAL,High,EE30TAB,Units
BATCH03689,Low,Yes,OwnBrand,Hormonal,HORM2,PT,42851,PLANT_SPECIAL,Medium,EE30TAB,Units
BATCH08591,Low,No,OwnBrand,Capsule,CL2,IT,389622,PLANT_SOLIDS,Low,OMEP20CAP,TabletsCaps
BATCH08780,Low,No,Contract,Device,DEV2,UK,20349,PLANT_SPECIAL,High,INHALER,Units
BATCH07668,Medium,Yes,OwnBrand,Injectable,INJ1,FR,26926,PLANT_PARENTERAL,Low,HEP5000SC,Units
BATCH02069,Low,No,OwnBrand,Capsule,CL1,IT,128920,PLANT_SOLIDS,High,OMEP20CAP,TabletsCaps
BATCH07524,Medium,Yes,OwnBrand,Device,DEV1,DE,9866,PLANT_SPECIAL,Medium,INSUPEN,Units
BATCH06321,Medium,No,Contract,Hormonal,HORM1,ES,41197,PLANT_SPECIAL,Low,LEVOHORMIMPL,Units
BATCH01048,High,No,Contract,Capsule,CL2,DE,375944,PLANT_SOLIDS,High,AMOX500CAP,TabletsCaps
BATCH04411,Low,No,Contract,Device,DEV2,UK,15142,PLANT_SPECIAL,Medium,INHALER,Units
BATCH01470,Medium,Yes,OwnBrand,Injectable,INJ1,FR,31070,PLANT_PARENTERAL,Medium,HEP5000SC,Units
BATCH01046,Low,No,OwnBrand,Hormonal,HORM2,PT,24969,PLANT_SPECIAL,Medium,EE30TAB,Units
BATCH02060,High,Yes,Contract,Capsule,CL2,DE,341458,PLANT_SOLIDS,Low,AMOX500CAP,TabletsCaps
BATCH09806,Medium,No,Contract,Hormonal,HORM1,ES,45646,PLANT_SPECIAL,Low,LEVOHORMIMPL,Units
BATCH04894,High,Yes,Contract,Injectable,INJ2,UK,48089,PLANT_PARENTERAL,Medium,CEF1GIV,Units
BATCH09489,High,Yes,Contract,Injectable,INJ1,UK,26528,PLANT_PARENTERAL,Medium,CEF1GIV,Units
BATCH07739,Medium,Yes,OwnBrand,Tablet,TL3,FR,226224,PLANT_SOLIDS,Medium,IBUP400TAB,TabletsCaps
BATCH00852,Low,No,OwnBrand,Capsule,CL2,IT,167236,PLANT_SOLIDS,High,OMEP20CAP,TabletsCaps
BATCH00854,Low,No,OwnBrand,Hormonal,HORM2,PT,47061,PLANT_SPECIAL,High,EE30TAB,Units
BATCH02129,Medium,No,OwnBrand,Injectable,INJ1,FR,19026,PLANT_PARENTERAL,Medium,HEP5000SC,Units
BATCH08092,High,Yes,Contract,Capsule,CL1,DE,476602,PLANT_SOLIDS,Medium,AMOX500CAP,TabletsCaps
BATCH05802,High,No,Contract,Capsule,CL2,DE,467237,PLANT_SOLIDS,Medium,AMOX500CAP,TabletsCaps
BATCH07332,Low,Yes,OwnBrand,Tablet,TL1,ES,482769,PLANT_SOLIDS,Medium,PARA500TAB,TabletsCaps
BATCH09900,Medium,Yes,OwnBrand,Injectable,INJ2,FR,11099,PLANT_PARENTERAL,Medium,HEP5000SC,Units
BATCH04616,Medium,No,Contract,Hormonal,HORM1,ES,5031,PLANT_SPECIAL,Medium,LEVOHORMIMPL,Units
BATCH07920,Low,No,Contract,Device,DEV2,UK,38674,PLANT_SPECIAL,High,INHALER,Units
BATCH05541,High,Yes,Contract,Capsule,CL2,DE,409238,PLANT_SOLIDS,High,AMOX500CAP,TabletsCaps
BATCH09107,Medium,No,OwnBrand,Tablet,TL3,FR,176159,PLANT_SOLIDS,Medium,IBUP400TAB,TabletsCaps
BATCH09449,Low,No,OwnBrand,Capsule,CL2,IT,182757,PLANT_SOLIDS,Medium,OMEP20CAP,TabletsCaps
BATCH00381,Medium,No,OwnBrand,Injectable,INJ2,FR,35389,PLANT_PARENTERAL,Low,HEP5000SC,Units
BATCH06440,High,No,Contract,Injectable,INJ2,UK,32022,PLANT_PARENTERAL,Medium,CEF1GIV,Units
BATCH03564,Medium,No,OwnBrand,Device,DEV1,DE,37305,PLANT_SPECIAL,High,INSUPEN,Units
BATCH07024,Low,No,OwnBrand,Capsule,CL2,IT,448319,PLANT_SOLIDS,High,OMEP20CAP,TabletsCaps
BATCH00262,Low,No,Contract,Device,DEV1,UK,4775,PLANT_SPECIAL,Medium,INHALER,Units
BATCH05334,Medium,No,Contract,Hormonal,HORM2,ES,26950,PLANT_SPECIAL,Low,LEVOHORMIMPL,Units
BATCH04787,Low,Yes,OwnBrand,Hormonal,HORM2,PT,45771,PLANT_SPECIAL,Low,EE30TAB,Units
BATCH01088,High,No,Contract,Injectable,INJ1,UK,47711,PLANT_PARENTERAL,Low,CEF1GIV,Units
BATCH03651,Low,Yes,Contract,Device,DEV2,UK,19279,PLANT_SPECIAL,Low,INHALER,Units
BATCH09417,High,No,Contract,Injectable,INJ1,UK,39138,PLANT_PARENTERAL,Medium,CEF1GIV,Units
BATCH00828,Medium,No,OwnBrand,Tablet,TL2,FR,222865,PLANT_SOLIDS,Low,IBUP400TAB,TabletsCaps
BATCH02342,Medium,No,OwnBrand,Tablet,TL1,FR,279648,PLANT_SOLIDS,Medium,IBUP400TAB,TabletsCaps
BATCH00832,Medium,No,OwnBrand,Tablet,TL2,FR,436490,PLANT_SOLIDS,Low,IBUP400TAB,TabletsCaps
BATCH07115,Low,No,OwnBrand,Hormonal,HORM1,PT,30421,PLANT_SPECIAL,Low,EE30TAB,Units
BATCH08527,Low,No,Contract,Device,DEV2,UK,26889,PLANT_SPECIAL,Medium,INHALER,Units
BATCH07071,Low,No,OwnBrand,Tablet,TL1,ES,439815,PLANT_SOLIDS,Medium,PARA500TAB,TabletsCaps
BATCH01839,Medium,No,OwnBrand,Tablet,TL2,FR,361427,PLANT_SOLIDS,High,IBUP400TAB,TabletsCaps
BATCH05369,Low,No,Contract,Device,DEV1,UK,49371,PLANT_SPECIAL,High,INHALER,Units
BATCH05516,Low,No,OwnBrand,Tablet,TL2,ES,105966,PLANT_SOLIDS,Medium,PARA500TAB,TabletsCaps
BATCH04454,Low,No,Contract,Device,DEV1,UK,33692,PLANT_SPECIAL,Medium,INHALER,Units
BATCH03119,Medium,Yes,OwnBrand,Device,DEV1,DE,5497,PLANT_SPECIAL,High,INSUPEN,Units
BATCH06802,Low,Yes,OwnBrand,Tablet,TL2,ES,437276,PLANT_SOLIDS,Low,PARA500TAB,TabletsCaps
BATCH06139,Low,No,Contract,Device,DEV1,UK,35060,PLANT_SPECIAL,Medium,INHALER,Units
BATCH05231,Medium,No,Contract,Hormonal,HORM1,ES,1574,PLANT_SPECIAL,Medium,LEVOHORMIMPL,Units
BATCH04710,Low,No,OwnBrand,Tablet,TL2,ES,494160,PLANT_SOLIDS,Medium,PARA500TAB,TabletsCaps
BATCH08423,Medium,No,OwnBrand,Tablet,TL1,FR,98591,PLANT_SOLIDS,Low,IBUP400TAB,TabletsCaps
BATCH07170,Medium,No,OwnBrand,Injectable,INJ1,FR,35177,PLANT_PARENTERAL,High,HEP5000SC,Units
BATCH07676,Low,No,OwnBrand,Capsule,CL2,IT,483646,PLANT_SOLIDS,High,OMEP20CAP,TabletsCaps
BATCH09458,Medium,No,Contract,Hormonal,HORM1,ES,12430,PLANT_SPECIAL,Medium,LEVOHORMIMPL,Units
BATCH02306,Medium,No,OwnBrand,Tablet,TL2,FR,499628,PLANT_SOLIDS,High,IBUP400TAB,TabletsCaps
BATCH01031,Medium,No,OwnBrand,Tablet,TL2,FR,489628,PLANT_SOLIDS,Medium,IBUP400TAB,TabletsCaps
BATCH00348,High,No,Contract,Injectable,INJ1,UK,44467,PLANT_PARENTERAL,Low,CEF1GIV,Units
BATCH00382,Medium,No,Contract,Hormonal,HORM2,ES,30332,PLANT_SPECIAL,High,LEVOHORMIMPL,Units
BATCH03363,Medium,Yes,Contract,Hormonal,HORM1,ES,4270,PLANT_SPECIAL,High,LEVOHORMIMPL,Units
BATCH02962,Low,No,Contract,Device,DEV2,UK,12990,PLANT_SPECIAL,High,INHALER,Units
BATCH03613,High,Yes,Contract,Capsule,CL1,DE,419972,PLANT_SOLIDS,Low,AMOX500CAP,TabletsCaps
BATCH03291,High,No,Contract,Capsule,CL2,DE,322399,PLANT_SOLIDS,High,AMOX500CAP,TabletsCaps
BATCH03106,High,No,Contract,Capsule,CL2,DE,293120,PLANT_SOLIDS,Low,AMOX500CAP,TabletsCaps
BATCH00596,Medium,No,OwnBrand,Device,DEV2,DE,34513,PLANT_SPECIAL,Medium,INSUPEN,Units
BATCH04036,High,Yes,Contract,Capsule,CL2,DE,363785,PLANT_SOLIDS,Medium,AMOX500CAP,TabletsCaps
BATCH09661,Medium,No,Contract,Hormonal,HORM2,ES,35510,PLANT_SPECIAL,Medium,LEVOHORMIMPL,Units
BATCH07211,Medium,No,OwnBrand,Injectable,INJ2,FR,36676,PLANT_PARENTERAL,High,HEP5000SC,Units
BATCH05026,Medium,No,Contract,Hormonal,HORM1,ES,10926,PLANT_SPECIAL,High,LEVOHORMIMPL,Units
BATCH03777,Low,No,OwnBrand,Tablet,TL2,ES,133171,PLANT_SOLIDS,High,PARA500TAB,TabletsCaps
BATCH09491,Low,No,OwnBrand,Hormonal,HORM1,PT,48906,PLANT_SPECIAL,Low,EE30TAB,Units
BATCH08855,Medium,Yes,Contract,Hormonal,HORM2,ES,48674,PLANT_SPECIAL,High,LEVOHORMIMPL,Units
BATCH00920,Low,No,OwnBrand,Tablet,TL2,ES,161579,PLANT_SOLIDS,Medium,PARA500TAB,TabletsCaps
BATCH07534,Medium,No,OwnBrand,Injectable,INJ2,FR,34499,PLANT_PARENTERAL,High,HEP5000SC,Units
BATCH00728,Medium,No,OwnBrand,Injectable,INJ1,FR,6878,PLANT_PARENTERAL,Medium,HEP5000SC,Units
BATCH06220,Medium,No,OwnBrand,Tablet,TL2,FR,199302,PLANT_SOLIDS,Medium,IBUP400TAB,TabletsCaps
BATCH02018,High,No,Contract,Injectable,INJ1,UK,2885,PLANT_PARENTERAL,Low,CEF1GIV,Units
BATCH00284,Low,No,OwnBrand,Tablet,TL2,ES,280368,PLANT_SOLIDS,Medium,PARA500TAB,TabletsCaps
BATCH09076,Low,No,Contract,Device,DEV2,UK,1712,PLANT_SPECIAL,Low,INHALER,Units
BATCH09944,Medium,Yes,Contract,Hormonal,HORM2,ES,6790,PLANT_SPECIAL,Medium,LEVOHORMIMPL,Units
BATCH04774,Medium,No,OwnBrand,Device,DEV1,DE,17172,PLANT_SPECIAL,Medium,INSUPEN,Units
BATCH07380,Low,Yes,OwnBrand,Hormonal,HORM2,PT,24316,PLANT_SPECIAL,High,EE30TAB,Units
BATCH05783,Low,No,OwnBrand,Tablet,TL3,ES,313000,PLANT_SOLIDS,Medium,PARA500TAB,TabletsCaps
BATCH07229,Medium,No,OwnBrand,Device,DEV2,DE,15805,PLANT_SPECIAL,High,INSUPEN,Units
BATCH03094,High,No,Contract,Injectable,INJ2,UK,32368,PLANT_PARENTERAL,Medium,CEF1GIV,Units
BATCH06067,Low,No,OwnBrand,Hormonal,HORM2,PT,22529,PLANT_SPECIAL,High,EE30TAB,Units
BATCH00398,Low,No,OwnBrand,Hormonal,HORM2,PT,27696,PLANT_SPECIAL,Low,EE30TAB,Units
BATCH02869,Low,No,Contract,Device,DEV1,UK,46610,PLANT_SPECIAL,Medium,INHALER,Units
BATCH02819,Medium,No,OwnBrand,Tablet,TL1,FR,384968,PLANT_SOLIDS,Low,IBUP400TAB,TabletsCaps
BATCH03036,Low,Yes,OwnBrand,Hormonal,HORM1,PT,20681,PLANT_SPECIAL,Low,EE30TAB,Units
BATCH05048,Medium,Yes,OwnBrand,Injectable,INJ2,FR,13557,PLANT_PARENTERAL,Medium,HEP5000SC,Units
BATCH08336,Medium,No,OwnBrand,Device,DEV1,DE,7637,PLANT_SPECIAL,Medium,INSUPEN,Units
BATCH08380,Medium,No,OwnBrand,Device,DEV2,DE,49539,PLANT_SPECIAL,Medium,INSUPEN,Units
BATCH03160,Medium,No,OwnBrand,Tablet,TL3,FR,384730,PLANT_SOLIDS,Medium,IBUP400TAB,TabletsCaps
BATCH01234,High,No,Contract,Injectable,INJ2,UK,46534,PLANT_PARENTERAL,Medium,CEF1GIV,Units
BATCH04799,High,No,Contract,Capsule,CL2,DE,459306,PLANT_SOLIDS,Medium,AMOX500CAP,TabletsCaps
BATCH06734,Medium,No,OwnBrand,Injectable,INJ2,FR,44163,PLANT_PARENTERAL,High,HEP5000SC,Units
BATCH00467,Low,No,OwnBrand,Tablet,TL1,ES,289567,PLANT_SOLIDS,Low,PARA500TAB,TabletsCaps
BATCH07273,Medium,No,OwnBrand,Tablet,TL2,FR,333679,PLANT_SOLIDS,Medium,IBUP400TAB,TabletsCaps
BATCH01722,Low,Yes,OwnBrand,Hormonal,HORM2,PT,19564,PLANT_SPECIAL,Low,EE30TAB,Units
BATCH04950,Medium,Yes,Contract,Hormonal,HORM1,ES,34943,PLANT_SPECIAL,Medium,LEVOHORMIMPL,Units
BATCH06664,Low,Yes,Contract,Device,DEV2,UK,24273,PLANT_SPECIAL,Medium,INHALER,Units
BATCH08756,Medium,No,OwnBrand,Injectable,INJ1,FR,10286,PLANT_PARENTERAL,Medium,HEP5000SC,Units
BATCH02828,Medium,Yes,Contract,Hormonal,HORM1,ES,43406,PLANT_SPECIAL,Medium,LEVOHORMIMPL,Units
BATCH05725,Low,Yes,OwnBrand,Hormonal,HORM2,PT,37464,PLANT_SPECIAL,High,EE30TAB,Units
BATCH03116,High,Yes,Contract,Injectable,INJ1,UK,20925,PLANT_PARENTERAL,Low,CEF1GIV,Units
BATCH04118,Low,Yes,OwnBrand,Tablet,TL2,ES,222032,PLANT_SOLIDS,Medium,PARA500TAB,TabletsCaps
BATCH03494,High,No,Contract,Capsule,CL2,DE,478671,PLANT_SOLIDS,High,AMOX500CAP,TabletsCaps
BATCH00151,Medium,Yes,Contract,Hormonal,HORM1,ES,13990,PLANT_SPECIAL,High,LEVOHORMIMPL,Units
BATCH09496,Low,No,OwnBrand,Hormonal,HORM1,PT,46429,PLANT_SPECIAL,Medium,EE30TAB,Units
BATCH03546,Medium,No,OwnBrand,Device,DEV2,DE,2775,PLANT_SPECIAL,Medium,INSUPEN,Units
BATCH01846,Low,No,Contract,Device,DEV2,UK,28322,PLANT_SPECIAL,Low,INHALER,Units
BATCH02494,Low,No,OwnBrand,Hormonal,HORM2,PT,30846,PLANT_SPECIAL,Medium,EE30TAB,Units
BATCH05894,Medium,Yes,OwnBrand,Injectable,INJ2,FR,25290,PLANT_PARENTERAL,Low,HEP5000SC,Units
BATCH02665,Medium,No,Contract,Hormonal,HORM1,ES,24055,PLANT_SPECIAL,Medium,LEVOHORMIMPL,Units
BATCH07034,Low,No,OwnBrand,Tablet,TL3,ES,69690,PLANT_SOLIDS,High,PARA500TAB,TabletsCaps
BATCH06448,Medium,No,OwnBrand,Injectable,INJ2,FR,44141,PLANT_PARENTERAL,High,HEP5000SC,Units
BATCH01402,High,No,Contract,Capsule,CL2,DE,461743,PLANT_SOLIDS,Medium,AMOX500CAP,TabletsCaps
BATCH05296,Medium,No,OwnBrand,Injectable,INJ2,FR,18892,PLANT_PARENTERAL,Medium,HEP5000SC,Units
BATCH01528,Medium,Yes,Contract,Hormonal,HORM1,ES,4710,PLANT_SPECIAL,High,LEVOHORMIMPL,Units
BATCH03143,Low,Yes,OwnBrand,Hormonal,HORM2,PT,12053,PLANT_SPECIAL,Low,EE30TAB,Units
BATCH00715,Low,No,Contract,Device,DEV1,UK,13938,PLANT_SPECIAL,High,INHALER,Units
BATCH01592,Low,No,Contract,Device,DEV1,UK,3021,PLANT_SPECIAL,High,INHALER,Units
BATCH04442,Medium,No,OwnBrand,Tablet,TL2,FR,363608,PLANT_SOLIDS,High,IBUP400TAB,TabletsCaps
BATCH07847,Low,Yes,Contract,Device,DEV1,UK,12958,PLANT_SPECIAL,Medium,INHALER,Units
BATCH04793,High,No,Contract,Injectable,INJ2,UK,15725,PLANT_PARENTERAL,Medium,CEF1GIV,Units
BATCH09727,Medium,Yes,OwnBrand,Tablet,TL3,FR,409887,PLANT_SOLIDS,Medium,IBUP400TAB,TabletsCaps
BATCH04108,Low,Yes,OwnBrand,Tablet,TL1,ES,313059,PLANT_SOLIDS,Medium,PARA500TAB,TabletsCaps
BATCH01857,Low,Yes,OwnBrand,Hormonal,HORM1,PT,13625,PLANT_SPECIAL,Medium,EE30TAB,Units
BATCH07258,High,Yes,Contract,Capsule,CL1,DE,215878,PLANT_SOLIDS,Low,AMOX500CAP,TabletsCaps
BATCH09758,High,No,Contract,Capsule,CL1,DE,228840,PLANT_SOLIDS,Medium,AMOX500CAP,TabletsCaps
BATCH08956,High,No,Contract,Capsule,CL2,DE,134113,PLANT_SOLIDS,High,AMOX500CAP,TabletsCaps
BATCH01702,High,Yes,Contract,Injectable,INJ2,UK,1201,PLANT_PARENTERAL,High,CEF1GIV,Units
BATCH04016,Medium,Yes,OwnBrand,Device,DEV2,DE,36045,PLANT_SPECIAL,Medium,INSUPEN,Units
BATCH08644,High,No,Contract,Capsule,CL1,DE,285158,PLANT_SOLIDS,Medium,AMOX500CAP,TabletsCaps
BATCH06611,Low,No,OwnBrand,Tablet,TL3,ES,371338,PLANT_SOLIDS,Low,PARA500TAB,TabletsCaps
BATCH02003,Medium,No,OwnBrand,Device,DEV1,DE,16459,PLANT_SPECIAL,Medium,INSUPEN,Units
BATCH05556,Medium,No,Contract,Hormonal,HORM2,ES,39400,PLANT_SPECIAL,High,LEVOHORMIMPL,Units
BATCH04219,Medium,No,OwnBrand,Tablet,TL1,FR,317204,PLANT_SOLIDS,High,IBUP400TAB,TabletsCaps
BATCH02789,Medium,No,OwnBrand,Injectable,INJ1,FR,9236,PLANT_PARENTERAL,High,HEP5000SC,Units
BATCH05171,Medium,No,OwnBrand,Injectable,INJ1,FR,41446,PLANT_PARENTERAL,Low,HEP5000SC,Units
BATCH05378,Low,No,OwnBrand,Capsule,CL2,IT,434500,PLANT_SOLIDS,Medium,OMEP20CAP,TabletsCaps
BATCH05553,Medium,No,Contract,Hormonal,HORM2,ES,31665,PLANT_SPECIAL,Low,LEVOHORMIMPL,Units
BATCH09268,Medium,No,OwnBrand,Device,DEV1,DE,45330,PLANT_SPECIAL,Low,INSUPEN,Units
BATCH09875,Medium,Yes,Contract,Hormonal,HORM2,ES,32746,PLANT_SPECIAL,Medium,LEVOHORMIMPL,Units
BATCH08906,High,Yes,Contract,Capsule,CL2,DE,114794,PLANT_SOLIDS,High,AMOX500CAP,TabletsCaps
BATCH02216,Medium,No,Contract,Hormonal,HORM1,ES,34159,PLANT_SPECIAL,Low,LEVOHORMIMPL,Units
BATCH02537,Low,No,OwnBrand,Capsule,CL2,IT,168382,PLANT_SOLIDS,High,OMEP20CAP,TabletsCaps
BATCH08962,Low,No,OwnBrand,Capsule,CL2,IT,339699,PLANT_SOLIDS,Low,OMEP20CAP,TabletsCaps
BATCH09440,High,No,Contract,Capsule,CL1,DE,397841,PLANT_SOLIDS,Medium,AMOX500CAP,TabletsCaps
BATCH01455,Medium,No,OwnBrand,Device,DEV1,DE,48763,PLANT_SPECIAL,High,INSUPEN,Units
BATCH09812,Low,Yes,OwnBrand,Capsule,CL1,IT,476760,PLANT_SOLIDS,Medium,OMEP20CAP,TabletsCaps
BATCH04615,Low,Yes,Contract,Device,DEV1,UK,5588,PLANT_SPECIAL,High,INHALER,Units
BATCH00826,Low,No,OwnBrand,Tablet,TL3,ES,482066,PLANT_SOLIDS,Low,PARA500TAB,TabletsCaps
BATCH00721,Low,No,Contract,Device,DEV1,UK,7737,PLANT_SPECIAL,Medium,INHALER,Units
BATCH06041,Medium,Yes,OwnBrand,Injectable,INJ1,FR,30895,PLANT_PARENTERAL,Low,HEP5000SC,Units
BATCH07709,Low,Yes,Contract,Device,DEV1,UK,28732,PLANT_SPECIAL,High,INHALER,Units
BATCH09355,High,Yes,Contract,Capsule,CL1,DE,133307,PLANT_SOLIDS,High,AMOX500CAP,TabletsCaps
BATCH06137,Medium,No,OwnBrand,Tablet,TL1,FR,207690,PLANT_SOLIDS,Low,IBUP400TAB,TabletsCaps
BATCH08197,Medium,Yes,Contract,Hormonal,HORM1,ES,18950,PLANT_SPECIAL,Medium,LEVOHORMIMPL,Units
BATCH01279,Low,Yes,Contract,Device,DEV2,UK,16050,PLANT_SPECIAL,Medium,INHALER,Units
BATCH06032,Medium,No,OwnBrand,Injectable,INJ1,FR,40786,PLANT_PARENTERAL,Low,HEP5000SC,Units
BATCH01777,Low,Yes,OwnBrand,Tablet,TL1,ES,179532,PLANT_SOLIDS,Medium,PARA500TAB,TabletsCaps
BATCH03939,Low,Yes,OwnBrand,Capsule,CL2,IT,324950,PLANT_SOLIDS,Medium,OMEP20CAP,TabletsCaps
BATCH03420,High,No,Contract,Injectable,INJ1,UK,16381,PLANT_PARENTERAL,Medium,CEF1GIV,Units
BATCH05596,Low,Yes,OwnBrand,Capsule,CL2,IT,429466,PLANT_SOLIDS,Medium,OMEP20CAP,TabletsCaps
BATCH04705,Low,No,OwnBrand,Hormonal,HORM1,PT,46477,PLANT_SPECIAL,High,EE30TAB,Units
BATCH08768,Low,No,Contract,Device,DEV1,UK,28146,PLANT_SPECIAL,High,INHALER,Units
BATCH00483,High,No,Contract,Injectable,INJ1,UK,44884,PLANT_PARENTERAL,High,CEF1GIV,Units
BATCH00268,Low,Yes,OwnBrand,Tablet,TL1,ES,198531,PLANT_SOLIDS,Medium,PARA500TAB,TabletsCaps
BATCH02727,Low,No,OwnBrand,Hormonal,HORM1,PT,38801,PLANT_SPECIAL,Low,EE30TAB,Units
BATCH02841,Medium,Yes,OwnBrand,Device,DEV2,DE,3927,PLANT_SPECIAL,Medium,INSUPEN,Units
BATCH04494,Medium,Yes,Contract,Hormonal,HORM2,ES,46628,PLANT_SPECIAL,Low,LEVOHORMIMPL,Units
BATCH04165,Medium,No,Contract,Hormonal,HORM1,ES,16734,PLANT_SPECIAL,High,LEVOHORMIMPL,Units
BATCH03392,Low,Yes,OwnBrand,Tablet,TL2,ES,487153,PLANT_SOLIDS,Medium,PARA500TAB,TabletsCaps
BATCH02293,Medium,No,Contract,Hormonal,HORM2,ES,12209,PLANT_SPECIAL,High,LEVOHORMIMPL,Units
BATCH05988,High,Yes,Contract,Injectable,INJ2,UK,26204,PLANT_PARENTERAL,High,CEF1GIV,Units
BATCH04404,Low,No,Contract,Device,DEV2,UK,15411,PLANT_SPECIAL,Medium,INHALER,Units
BATCH09059,Medium,Yes,Contract,Hormonal,HORM1,ES,19176,PLANT_SPECIAL,High,LEVOHORMIMPL,Units
BATCH07352,Medium,No,OwnBrand,Tablet,TL1,FR,57990,PLANT_SOLIDS,Medium,IBUP400TAB,TabletsCaps
BATCH05098,Medium,Yes,OwnBrand,Tablet,TL3,FR,373234,PLANT_SOLIDS,Medium,IBUP400TAB,TabletsCaps
BATCH00712,High,Yes,Contract,Injectable,INJ1,UK,20860,PLANT_PARENTERAL,High,CEF1GIV,Units
BATCH00222,Medium,Yes,OwnBrand,Tablet,TL1,FR,126880,PLANT_SOLIDS,Medium,IBUP400TAB,TabletsCaps
BATCH08357,High,No,Contract,Capsule,CL2,DE,418171,PLANT_SOLIDS,Medium,AMOX500CAP,TabletsCaps
BATCH05059,Low,No,OwnBrand,Capsule,CL1,IT,397995,PLANT_SOLIDS,Medium,OMEP20CAP,TabletsCaps
BATCH00910,Low,No,Contract,Device,DEV1,UK,16160,PLANT_SPECIAL,Medium,INHALER,Units
BATCH08823,Low,No,OwnBrand,Capsule,CL1,IT,431490,PLANT_SOLIDS,Medium,OMEP20CAP,TabletsCaps
BATCH07205,Low,Yes,Contract,Device,DEV2,UK,19195,PLANT_SPECIAL,Low,INHALER,Units
BATCH08417,Medium,No,OwnBrand,Device,DEV1,DE,15966,PLANT_SPECIAL,Low,INSUPEN,Units
BATCH09070,Low,No,OwnBrand,Capsule,CL1,IT,243549,PLANT_SOLIDS,Medium,OMEP20CAP,TabletsCaps
BATCH04387,Low,Yes,OwnBrand,Tablet,TL1,ES,336680,PLANT_SOLIDS,Medium,PARA500TAB,TabletsCaps
BATCH08526,Medium,No,OwnBrand,Tablet,TL1,FR,93004,PLANT_SOLIDS,Medium,IBUP400TAB,TabletsCaps
BATCH04960,Low,No,OwnBrand,Tablet,TL3,ES,215687,PLANT_SOLIDS,Medium,PARA500TAB,TabletsCaps
BATCH05485,High,No,Contract,Capsule,CL2,DE,159428,PLANT_SOLIDS,High,AMOX500CAP,TabletsCaps
BATCH08128,Medium,No,OwnBrand,Device,DEV1,DE,9871,PLANT_SPECIAL,Medium,INSUPEN,Units
BATCH03674,High,No,Contract,Injectable,INJ2,UK,40642,PLANT_PARENTERAL,Medium,CEF1GIV,Units
BATCH00756,High,No,Contract,Capsule,CL1,DE,479516,PLANT_SOLIDS,Low,AMOX500CAP,TabletsCaps
BATCH07295,Low,No,OwnBrand,Tablet,TL2,ES,68006,PLANT_SOLIDS,Low,PARA500TAB,TabletsCaps
BATCH07906,Medium,No,OwnBrand,Tablet,TL1,FR,122690,PLANT_SOLIDS,Medium,IBUP400TAB,TabletsCaps
BATCH09035,High,No,Contract,Injectable,INJ1,UK,41043,PLANT_PARENTERAL,Low,CEF1GIV,Units
BATCH03243,High,No,Contract,Capsule,CL2,DE,436963,PLANT_SOLIDS,High,AMOX500CAP,TabletsCaps
BATCH07650,Medium,No,OwnBrand,Injectable,INJ2,FR,43595,PLANT_PARENTERAL,High,HEP5000SC,Units
BATCH01745,Low,No,Contract,Device,DEV2,UK,31170,PLANT_SPECIAL,Low,INHALER,Units
BATCH02564,High,Yes,Contract,Capsule,CL1,DE,243204,PLANT_SOLIDS,Medium,AMOX500CAP,TabletsCaps
BATCH09097,Low,No,OwnBrand,Tablet,TL2,ES,108463,PLANT_SOLIDS,Medium,PARA500TAB,TabletsCaps
BATCH06896,Low,No,OwnBrand,Capsule,CL2,IT,197282,PLANT_SOLIDS,Medium,OMEP20CAP,TabletsCaps
BATCH09091,Low,No,Contract,Device,DEV2,UK,26142,PLANT_SPECIAL,Medium,INHALER,Units
BATCH07041,High,Yes,Contract,Capsule,CL1,DE,407990,PLANT_SOLIDS,Medium,AMOX500CAP,TabletsCaps
BATCH06759,Medium,No,Contract,Hormonal,HORM1,ES,19418,PLANT_SPECIAL,Medium,LEVOHORMIMPL,Units
BATCH07513,Medium,No,OwnBrand,Injectable,INJ2,FR,6328,PLANT_PARENTERAL,Medium,HEP5000SC,Units
BATCH03523,Low,No,Contract,Device,DEV1,UK,43214,PLANT_SPECIAL,Low,INHALER,Units
BATCH06262,Low,Yes,OwnBrand,Hormonal,HORM2,PT,5324,PLANT_SPECIAL,Low,EE30TAB,Units
BATCH04778,Low,No,OwnBrand,Hormonal,HORM2,PT,40462,PLANT_SPECIAL,Medium,EE30TAB,Units
BATCH02472,Medium,Yes,OwnBrand,Device,DEV2,DE,23790,PLANT_SPECIAL,Medium,INSUPEN,Units
BATCH00064,Medium,No,OwnBrand,Injectable,INJ2,FR,38422,PLANT_PARENTERAL,High,HEP5000SC,Units
BATCH07962,High,No,Contract,Injectable,INJ2,UK,23115,PLANT_PARENTERAL,High,CEF1GIV,Units
BATCH04717,Medium,Yes,OwnBrand,Device,DEV2,DE,46720,PLANT_SPECIAL,Medium,INSUPEN,Units
BATCH04831,Low,No,OwnBrand,Capsule,CL1,IT,378107,PLANT_SOLIDS,Medium,OMEP20CAP,TabletsCaps
BATCH05277,Medium,No,Contract,Hormonal,HORM2,ES,4649,PLANT_SPECIAL,Low,LEVOHORMIMPL,Units
BATCH09882,Medium,Yes,OwnBrand,Tablet,TL3,FR,432696,PLANT_SOLIDS,Low,IBUP400TAB,TabletsCaps
BATCH09338,High,Yes,Contract,Capsule,CL1,DE,130639,PLANT_SOLIDS,Medium,AMOX500CAP,TabletsCaps
BATCH06228,High,No,Contract,Capsule,CL1,DE,122731,PLANT_SOLIDS,High,AMOX500CAP,TabletsCaps
BATCH09258,Medium,No,OwnBrand,Device,DEV1,DE,1273,PLANT_SPECIAL,Medium,INSUPEN,Units
BATCH05205,Low,No,OwnBrand,Hormonal,HORM2,PT,39870,PLANT_SPECIAL,High,EE30TAB,Units
BATCH08716,Medium,No,OwnBrand,Device,DEV1,DE,2996,PLANT_SPECIAL,Medium,INSUPEN,Units
BATCH03644,Medium,Yes,Contract,Hormonal,HORM1,ES,30450,PLANT_SPECIAL,High,LEVOHORMIMPL,Units
BATCH07030,Low,Yes,OwnBrand,Tablet,TL1,ES,333117,PLANT_SOLIDS,High,PARA500TAB,TabletsCaps
BATCH04040,Medium,No,Contract,Hormonal,HORM2,ES,7265,PLANT_SPECIAL,Medium,LEVOHORMIMPL,Units
BATCH00602,Medium,Yes,OwnBrand,Tablet,TL3,FR,221837,PLANT_SOLIDS,Low,IBUP400TAB,TabletsCaps
BATCH01034,Low,No,OwnBrand,Capsule,CL2,IT,230963,PLANT_SOLIDS,Low,OMEP20CAP,TabletsCaps
BATCH03167,Medium,No,OwnBrand,Tablet,TL3,FR,94322,PLANT_SOLIDS,High,IBUP400TAB,TabletsCaps
BATCH00347,Medium,No,Contract,Hormonal,HORM1,ES,43825,PLANT_SPECIAL,Medium,LEVOHORMIMPL,Units
BATCH01425,Medium,No,Contract,Hormonal,HORM2,ES,17686,PLANT_SPECIAL,High,LEVOHORMIMPL,Units
BATCH08330,Low,No,OwnBrand,Capsule,CL2,IT,210010,PLANT_SOLIDS,Medium,OMEP20CAP,TabletsCaps
BATCH05412,High,Yes,Contract,Capsule,CL2,DE,475705,PLANT_SOLIDS,High,AMOX500CAP,TabletsCaps
BATCH06185,Medium,No,OwnBrand,Device,DEV1,DE,31066,PLANT_SPECIAL,Low,INSUPEN,Units
BATCH04618,Medium,No,OwnBrand,Device,DEV2,DE,41650,PLANT_SPECIAL,Low,INSUPEN,Units
BATCH09062,High,No,Contract,Injectable,INJ1,UK,9043,PLANT_PARENTERAL,Medium,CEF1GIV,Units
BATCH07568,Low,No,OwnBrand,Tablet,TL2,ES,407678,PLANT_SOLIDS,High,PARA500TAB,TabletsCaps
BATCH07044,Medium,No,OwnBrand,Device,DEV2,DE,5233,PLANT_SPECIAL,Low,INSUPEN,Units
BATCH04860,Medium,No,OwnBrand,Injectable,INJ2,FR,27313,PLANT_PARENTERAL,Low,HEP5000SC,Units
BATCH09566,Low,No,OwnBrand,Hormonal,HORM1,PT,32474,PLANT_SPECIAL,High,EE30TAB,Units
BATCH07315,High,No,Contract,Injectable,INJ1,UK,41536,PLANT_PARENTERAL,Medium,CEF1GIV,Units
BATCH07671,Medium,Yes,OwnBrand,Tablet,TL3,FR,151264,PLANT_SOLIDS,High,IBUP400TAB,TabletsCaps
BATCH00711,Medium,No,OwnBrand,Tablet,TL1,FR,417196,PLANT_SOLIDS,Medium,IBUP400TAB,TabletsCaps
BATCH08992,Low,Yes,OwnBrand,Tablet,TL1,ES,63808,PLANT_SOLIDS,Medium,PARA500TAB,TabletsCaps
BATCH04029,Medium,No,OwnBrand,Injectable,INJ1,FR,9335,PLANT_PARENTERAL,Medium,HEP5000SC,Units
BATCH03584,Low,Yes,Contract,Device,DEV1,UK,36493,PLANT_SPECIAL,High,INHALER,Units
BATCH02581,Medium,No,OwnBrand,Tablet,TL3,FR,322468,PLANT_SOLIDS,Low,IBUP400TAB,TabletsCaps
BATCH08569,Medium,Yes,OwnBrand,Tablet,TL3,FR,420498,PLANT_SOLIDS,Medium,IBUP400TAB,TabletsCaps
BATCH07318,High,No,Contract,Injectable,INJ2,UK,19461,PLANT_PARENTERAL,Low,CEF1GIV,Units
BATCH00761,Low,No,OwnBrand,Capsule,CL2,IT,212153,PLANT_SOLIDS,Medium,OMEP20CAP,TabletsCaps
BATCH01669,Medium,No,OwnBrand,Injectable,INJ2,FR,44609,PLANT_PARENTERAL,Low,HEP5000SC,Units
BATCH01114,Low,No,OwnBrand,Hormonal,HORM1,PT,5216,PLANT_SPECIAL,High,EE30TAB,Units
BATCH04227,Low,No,OwnBrand,Capsule,CL1,IT,459112,PLANT_SOLIDS,Medium,OMEP20CAP,TabletsCaps
BATCH04513,Low,No,Contract,Device,DEV2,UK,6469,PLANT_SPECIAL,Medium,INHALER,Units
BATCH04660,Low,No,OwnBrand,Hormonal,HORM1,PT,38197,PLANT_SPECIAL,High,EE30TAB,Units
BATCH01573,Low,No,OwnBrand,Hormonal,HORM1,PT,21760,PLANT_SPECIAL,High,EE30TAB,Units
BATCH03070,Low,Yes,OwnBrand,Capsule,CL1,IT,117355,PLANT_SOLIDS,High,OMEP20CAP,TabletsCaps
BATCH09406,Medium,No,Contract,Hormonal,HORM1,ES,47034,PLANT_SPECIAL,Medium,LEVOHORMIMPL,Units
BATCH05808,Medium,No,OwnBrand,Tablet,TL1,FR,487985,PLANT_SOLIDS,Low,IBUP400TAB,TabletsCaps
BATCH05873,Medium,No,OwnBrand,Device,DEV2,DE,6766,PLANT_SPECIAL,Medium,INSUPEN,Units
BATCH04359,Low,Yes,OwnBrand,Capsule,CL1,IT,361628,PLANT_SOLIDS,Medium,OMEP20CAP,TabletsCaps
BATCH09587,Medium,No,OwnBrand,Device,DEV2,DE,48612,PLANT_SPECIAL,High,INSUPEN,Units
BATCH08143,Medium,Yes,OwnBrand,Injectable,INJ2,FR,39222,PLANT_PARENTERAL,Medium,HEP5000SC,Units
BATCH05399,Low,No,OwnBrand,Tablet,TL2,ES,293958,PLANT_SOLIDS,Medium,PARA500TAB,TabletsCaps
BATCH05291,Medium,No,OwnBrand,Injectable,INJ1,FR,37176,PLANT_PARENTERAL,Medium,HEP5000SC,Units
BATCH08961,Medium,No,OwnBrand,Device,DEV1,DE,49580,PLANT_SPECIAL,Medium,INSUPEN,Units
BATCH09142,Medium,No,OwnBrand,Device,DEV2,DE,16495,PLANT_SPECIAL,Medium,INSUPEN,Units
BATCH00853,Low,No,OwnBrand,Tablet,TL2,ES,362469,PLANT_SOLIDS,Low,PARA500TAB,TabletsCaps
BATCH02229,Low,No,Contract,Device,DEV1,UK,15137,PLANT_SPECIAL,Medium,INHALER,Units
BATCH06006,Medium,Yes,Contract,Hormonal,HORM2,ES,28245,PLANT_SPECIAL,Medium,LEVOHORMIMPL,Units
BATCH06125,Low,No,OwnBrand,Hormonal,HORM1,PT,37471,PLANT_SPECIAL,Medium,EE30TAB,Units
BATCH01840,Medium,No,OwnBrand,Device,DEV1,DE,15592,PLANT_SPECIAL,Low,INSUPEN,Units
BATCH02189,Low,No,Contract,Device,DEV1,UK,31371,PLANT_SPECIAL,High,INHALER,Units
BATCH08989,Low,No,OwnBrand,Tablet,TL3,ES,162110,PLANT_SOLIDS,Medium,PARA500TAB,TabletsCaps
BATCH03457,Low,Yes,OwnBrand,Hormonal,HORM2,PT,30410,PLANT_SPECIAL,Low,EE30TAB,Units
BATCH02142,Low,Yes,OwnBrand,Tablet,TL2,ES,442968,PLANT_SOLIDS,High,PARA500TAB,TabletsCaps
BATCH00651,Low,No,OwnBrand,Hormonal,HORM1,PT,19557,PLANT_SPECIAL,High,EE30TAB,Units
BATCH05799,Low,No,OwnBrand,Tablet,TL3,ES,52728,PLANT_SOLIDS,Medium,PARA500TAB,TabletsCaps
BATCH00719,Medium,Yes,Contract,Hormonal,HORM1,ES,10197,PLANT_SPECIAL,Medium,LEVOHORMIMPL,Units
BATCH05127,Medium,No,OwnBrand,Tablet,TL1,FR,339143,PLANT_SOLIDS,Low,IBUP400TAB,TabletsCaps
BATCH02377,Low,Yes,OwnBrand,Hormonal,HORM2,PT,11134,PLANT_SPECIAL,Medium,EE30TAB,Units
BATCH07773,Low,No,OwnBrand,Capsule,CL1,IT,92274,PLANT_SOLIDS,High,OMEP20CAP,TabletsCaps
BATCH02496,Low,No,Contract,Device,DEV1,UK,30183,PLANT_SPECIAL,Medium,INHALER,Units
BATCH00227,Medium,No,OwnBrand,Injectable,INJ2,FR,33531,PLANT_PARENTERAL,High,HEP5000SC,Units
BATCH06937,High,Yes,Contract,Injectable,INJ2,UK,30416,PLANT_PARENTERAL,Medium,CEF1GIV,Units
BATCH02747,Medium,No,OwnBrand,Device,DEV2,DE,19602,PLANT_SPECIAL,Medium,INSUPEN,Units
BATCH01689,Medium,No,OwnBrand,Device,DEV1,DE,43782,PLANT_SPECIAL,Medium,INSUPEN,Units
BATCH03515,Low,Yes,Contract,Device,DEV2,UK,9730,PLANT_SPECIAL,Low,INHALER,Units
BATCH06318,Low,No,OwnBrand,Hormonal,HORM1,PT,16489,PLANT_SPECIAL,Medium,EE30TAB,Units
BATCH08938,High,No,Contract,Injectable,INJ2,UK,29403,PLANT_PARENTERAL,Medium,CEF1GIV,Units
BATCH09008,Medium,Yes,OwnBrand,Injectable,INJ1,FR,27943,PLANT_PARENTERAL,Low,HEP5000SC,Units
BATCH03845,Low,Yes,OwnBrand,Tablet,TL2,ES,275549,PLANT_SOLIDS,Medium,PARA500TAB,TabletsCaps
BATCH02285,High,No,Contract,Injectable,INJ2,UK,1772,PLANT_PARENTERAL,Medium,CEF1GIV,Units
BATCH04080,Medium,No,OwnBrand,Injectable,INJ1,FR,7779,PLANT_PARENTERAL,Medium,HEP5000SC,Units
BATCH08413,Medium,No,OwnBrand,Device,DEV2,DE,5385,PLANT_SPECIAL,Medium,INSUPEN,Units
BATCH00597,Low,Yes,OwnBrand,Hormonal,HORM2,PT,19759,PLANT_SPECIAL,Medium,EE30TAB,Units
BATCH00583,Medium,No,OwnBrand,Injectable,INJ1,FR,8037,PLANT_PARENTERAL,Low,HEP5000SC,Units
BATCH03681,High,No,Contract,Injectable,INJ2,UK,8555,PLANT_PARENTERAL,Medium,CEF1GIV,Units
BATCH06384,Low,No,OwnBrand,Capsule,CL1,IT,452687,PLANT_SOLIDS,Low,OMEP20CAP,TabletsCaps
BATCH09975,Medium,No,OwnBrand,Injectable,INJ1,FR,15863,PLANT_PARENTERAL,Medium,HEP5000SC,Units
BATCH05235,High,No,Contract,Injectable,INJ1,UK,35796,PLANT_PARENTERAL,High,CEF1GIV,Units
BATCH01298,Low,Yes,Contract,Device,DEV2,UK,35600,PLANT_SPECIAL,High,INHALER,Units
BATCH08559,Medium,No,Contract,Hormonal,HORM2,ES,22691,PLANT_SPECIAL,High,LEVOHORMIMPL,Units
BATCH00097,Medium,No,Contract,Hormonal,HORM2,ES,13091,PLANT_SPECIAL,High,LEVOHORMIMPL,Units
BATCH02611,Medium,No,OwnBrand,Injectable,INJ2,FR,21889,PLANT_PARENTERAL,Low,HEP5000SC,Units
BATCH08391,Medium,No,OwnBrand,Injectable,INJ1,FR,34255,PLANT_PARENTERAL,High,HEP5000SC,Units
BATCH04565,Medium,Yes,OwnBrand,Device,DEV1,DE,4847,PLANT_SPECIAL,Medium,INSUPEN,Units
BATCH03186,High,No,Contract,Injectable,INJ2,UK,40156,PLANT_PARENTERAL,Low,CEF1GIV,Units
BATCH02907,Low,No,Contract,Device,DEV1,UK,23003,PLANT_SPECIAL,Medium,INHALER,Units
BATCH01135,Low,No,OwnBrand,Hormonal,HORM1,PT,31942,PLANT_SPECIAL,Low,EE30TAB,Units
BATCH06184,Medium,No,OwnBrand,Device,DEV1,DE,14553,PLANT_SPECIAL,Medium,INSUPEN,Units
BATCH09637,Low,Yes,OwnBrand,Hormonal,HORM2,PT,10283,PLANT_SPECIAL,Low,EE30TAB,Units
BATCH02236,High,No,Contract,Capsule,CL1,DE,381073,PLANT_SOLIDS,Medium,AMOX500CAP,TabletsCaps
BATCH05131,High,Yes,Contract,Injectable,INJ1,UK,10322,PLANT_PARENTERAL,Medium,CEF1GIV,Units
BATCH04209,Low,No,Contract,Device,DEV2,UK,38826,PLANT_SPECIAL,Medium,INHALER,Units
BATCH08981,Medium,Yes,OwnBrand,Tablet,TL2,FR,387556,PLANT_SOLIDS,Medium,IBUP400TAB,TabletsCaps
BATCH01918,Medium,No,Contract,Hormonal,HORM1,ES,41739,PLANT_SPECIAL,Low,LEVOHORMIMPL,Units
BATCH05174,Low,No,OwnBrand,Hormonal,HORM2,PT,37595,PLANT_SPECIAL,Low,EE30TAB,Units
BATCH07659,Medium,No,Contract,Hormonal,HORM1,ES,18848,PLANT_SPECIAL,Medium,LEVOHORMIMPL,Units
BATCH08796,Low,No,Contract,Device,DEV2,UK,10946,PLANT_SPECIAL,Medium,INHALER,Units
BATCH00238,Medium,No,OwnBrand,Injectable,INJ1,FR,34896,PLANT_PARENTERAL,Medium,HEP5000SC,Units
BATCH03610,Medium,No,OwnBrand,Device,DEV2,DE,43966,PLANT_SPECIAL,Low,INSUPEN,Units
BATCH00571,Medium,No,OwnBrand,Tablet,TL2,FR,407374,PLANT_SOLIDS,Medium,IBUP400TAB,TabletsCaps
BATCH05970,Low,No,OwnBrand,Hormonal,HORM1,PT,37983,PLANT_SPECIAL,Medium,EE30TAB,Units
BATCH07300,Medium,Yes,OwnBrand,Injectable,INJ1,FR,8792,PLANT_PARENTERAL,Medium,HEP5000SC,Units
BATCH06493,Low,No,OwnBrand,Tablet,TL2,ES,75554,PLANT_SOLIDS,Low,PARA500TAB,TabletsCaps
BATCH03384,Medium,Yes,OwnBrand,Tablet,TL2,FR,437723,PLANT_SOLIDS,Medium,IBUP400TAB,TabletsCaps
BATCH08888,Low,No,Contract,Device,DEV1,UK,35233,PLANT_SPECIAL,Medium,INHALER,Units
BATCH02209,High,No,Contract,Capsule,CL1,DE,194945,PLANT_SOLIDS,Medium,AMOX500CAP,TabletsCaps
BATCH08446,Medium,No,OwnBrand,Device,DEV2,DE,29243,PLANT_SPECIAL,Medium,INSUPEN,Units
BATCH05685,Medium,No,OwnBrand,Tablet,TL1,FR,386779,PLANT_SOLIDS,Medium,IBUP400TAB,TabletsCaps
BATCH07933,Medium,No,OwnBrand,Device,DEV1,DE,29337,PLANT_SPECIAL,Medium,INSUPEN,Units
BATCH03992,Medium,No,OwnBrand,Tablet,TL1,FR,273309,PLANT_SOLIDS,High,IBUP400TAB,TabletsCaps
BATCH07195,Low,No,Contract,Device,DEV2,UK,32477,PLANT_SPECIAL,Medium,INHALER,Units
BATCH08972,Low,Yes,OwnBrand,Hormonal,HORM2,PT,35577,PLANT_SPECIAL,Medium,EE30TAB,Units
BATCH05442,Medium,No,Contract,Hormonal,HORM1,ES,23928,PLANT_SPECIAL,Low,LEVOHORMIMPL,Units
BATCH01339,High,No,Contract,Injectable,INJ1,UK,7061,PLANT_PARENTERAL,Medium,CEF1GIV,Units
BATCH00472,Low,No,OwnBrand,Tablet,TL2,ES,219957,PLANT_SOLIDS,Low,PARA500TAB,TabletsCaps
BATCH00836,Low,No,OwnBrand,Hormonal,HORM1,PT,17840,PLANT_SPECIAL,Low,EE30TAB,Units
BATCH05255,Low,No,OwnBrand,Capsule,CL2,IT,212753,PLANT_SOLIDS,Medium,OMEP20CAP,TabletsCaps
BATCH08165,Low,No,Contract,Device,DEV1,UK,35669,PLANT_SPECIAL,Medium,INHALER,Units
BATCH04893,Medium,Yes,Contract,Hormonal,HORM1,ES,48499,PLANT_SPECIAL,Low,LEVOHORMIMPL,Units
BATCH09678,High,No,Contract,Injectable,INJ1,UK,44340,PLANT_PARENTERAL,Medium,CEF1GIV,Units
BATCH00611,High,No,Contract,Capsule,CL1,DE,472297,PLANT_SOLIDS,Medium,AMOX500CAP,TabletsCaps
BATCH05147,Medium,No,OwnBrand,Device,DEV2,DE,18695,PLANT_SPECIAL,Low,INSUPEN,Units
BATCH05259,Medium,No,OwnBrand,Tablet,TL1,FR,436561,PLANT_SOLIDS,Medium,IBUP400TAB,TabletsCaps
BATCH00308,Medium,Yes,OwnBrand,Tablet,TL3,FR,439691,PLANT_SOLIDS,High,IBUP400TAB,TabletsCaps
BATCH00967,Low,Yes,Contract,Device,DEV1,UK,40745,PLANT_SPECIAL,Low,INHALER,Units
BATCH04152,Medium,Yes,OwnBrand,Injectable,INJ2,FR,49594,PLANT_PARENTERAL,Medium,HEP5000SC,Units
BATCH03870,Medium,No,Contract,Hormonal,HORM2,ES,8603,PLANT_SPECIAL,Medium,LEVOHORMIMPL,Units
BATCH03903,Medium,Yes,OwnBrand,Injectable,INJ1,FR,44368,PLANT_PARENTERAL,Low,HEP5000SC,Units
BATCH03879,High,No,Contract,Capsule,CL2,DE,442131,PLANT_SOLIDS,Low,AMOX500CAP,TabletsCaps
BATCH01931,Medium,No,OwnBrand,Device,DEV1,DE,46829,PLANT_SPECIAL,High,INSUPEN,Units
BATCH04829,Medium,No,OwnBrand,Injectable,INJ1,FR,11986,PLANT_PARENTERAL,Medium,HEP5000SC,Units
BATCH05483,Medium,No,Contract,Hormonal,HORM2,ES,19031,PLANT_SPECIAL,Medium,LEVOHORMIMPL,Units
BATCH01647,Low,No,Contract,Device,DEV1,UK,16101,PLANT_SPECIAL,High,INHALER,Units
BATCH06353,Low,No,OwnBrand,Tablet,TL3,ES,343315,PLANT_SOLIDS,High,PARA500TAB,TabletsCaps
BATCH04722,Low,No,OwnBrand,Hormonal,HORM1,PT,49212,PLANT_SPECIAL,Medium,EE30TAB,Units
BATCH06535,High,No,Contract,Injectable,INJ2,UK,16517,PLANT_PARENTERAL,Medium,CEF1GIV,Units
BATCH09583,High,No,Contract,Capsule,CL1,DE,209622,PLANT_SOLIDS,Medium,AMOX500CAP,TabletsCaps
BATCH06145,Low,Yes,OwnBrand,Capsule,CL1,IT,368113,PLANT_SOLIDS,Medium,OMEP20CAP,TabletsCaps
BATCH06096,High,No,Contract,Injectable,INJ2,UK,47043,PLANT_PARENTERAL,High,CEF1GIV,Units
BATCH08939,Medium,No,Contract,Hormonal,HORM2,ES,49837,PLANT_SPECIAL,High,LEVOHORMIMPL,Units
BATCH02517,Medium,No,OwnBrand,Tablet,TL3,FR,481429,PLANT_SOLIDS,Low,IBUP400TAB,TabletsCaps
BATCH05166,Low,No,OwnBrand,Hormonal,HORM2,PT,14931,PLANT_SPECIAL,Medium,EE30TAB,Units
BATCH06816,High,No,Contract,Injectable,INJ2,UK,21581,PLANT_PARENTERAL,Medium,CEF1GIV,Units
BATCH06789,High,No,Contract,Injectable,INJ2,UK,36893,PLANT_PARENTERAL,Low,CEF1GIV,Units
BATCH00070,High,No,Contract,Injectable,INJ1,UK,1754,PLANT_PARENTERAL,Low,CEF1GIV,Units
BATCH04632,Medium,No,OwnBrand,Device,DEV2,DE,23788,PLANT_SPECIAL,Medium,INSUPEN,Units
BATCH01623,Low,No,OwnBrand,Tablet,TL3,ES,257974,PLANT_SOLIDS,Medium,PARA500TAB,TabletsCaps
BATCH01807,Low,No,OwnBrand,Tablet,TL2,ES,278382,PLANT_SOLIDS,Low,PARA500TAB,TabletsCaps
BATCH04646,Medium,No,OwnBrand,Tablet,TL3,FR,427652,PLANT_SOLIDS,Medium,IBUP400TAB,TabletsCaps
BATCH01924,Medium,No,Contract,Hormonal,HORM1,ES,13988,PLANT_SPECIAL,Medium,LEVOHORMIMPL,Units
BATCH07854,Medium,No,OwnBrand,Device,DEV1,DE,13487,PLANT_SPECIAL,Low,INSUPEN,Units
BATCH08258,Medium,Yes,OwnBrand,Tablet,TL1,FR,471372,PLANT_SOLIDS,Medium,IBUP400TAB,TabletsCaps
BATCH07551,Medium,No,OwnBrand,Injectable,INJ2,FR,15504,PLANT_PARENTERAL,Medium,HEP5000SC,Units
BATCH04450,Medium,No,OwnBrand,Tablet,TL1,FR,199822,PLANT_SOLIDS,Medium,IBUP400TAB,TabletsCaps
BATCH02310,Low,No,OwnBrand,Hormonal,HORM1,PT,15332,PLANT_SPECIAL,Medium,EE30TAB,Units
BATCH08055,Low,No,OwnBrand,Tablet,TL2,ES,88106,PLANT_SOLIDS,Low,PARA500TAB,TabletsCaps
BATCH09483,Low,No,OwnBrand,Tablet,TL3,ES,422438,PLANT_SOLIDS,Medium,PARA500TAB,TabletsCaps
BATCH08651,Medium,Yes,OwnBrand,Tablet,TL2,FR,340006,PLANT_SOLIDS,High,IBUP400TAB,TabletsCaps
BATCH06752,Medium,Yes,Contract,Hormonal,HORM2,ES,39597,PLANT_SPECIAL,Low,LEVOHORMIMPL,Units
BATCH02107,Low,No,Contract,Device,DEV2,UK,1292,PLANT_SPECIAL,High,INHALER,Units
BATCH03498,High,No,Contract,Injectable,INJ2,UK,25847,PLANT_PARENTERAL,Medium,CEF1GIV,Units
BATCH08327,Medium,No,Contract,Hormonal,HORM1,ES,10035,PLANT_SPECIAL,Medium,LEVOHORMIMPL,Units
BATCH08747,High,No,Contract,Injectable,INJ1,UK,12876,PLANT_PARENTERAL,Medium,CEF1GIV,Units
BATCH06053,Medium,No,OwnBrand,Device,DEV1,DE,26214,PLANT_SPECIAL,Medium,INSUPEN,Units
BATCH09075,Medium,No,OwnBrand,Injectable,INJ1,FR,43880,PLANT_PARENTERAL,Medium,HEP5000SC,Units
BATCH08641,Medium,No,Contract,Hormonal,HORM1,ES,16513,PLANT_SPECIAL,Medium,LEVOHORMIMPL,Units
BATCH04496,Medium,Yes,OwnBrand,Device,DEV1,DE,3123,PLANT_SPECIAL,High,INSUPEN,Units
BATCH08077,Low,Yes,OwnBrand,Capsule,CL2,IT,73680,PLANT_SOLIDS,High,OMEP20CAP,TabletsCaps
BATCH06219,High,No,Contract,Injectable,INJ2,UK,45927,PLANT_PARENTERAL,Low,CEF1GIV,Units
BATCH05979,Low,Yes,OwnBrand,Hormonal,HORM1,PT,37085,PLANT_SPECIAL,Low,EE30TAB,Units
BATCH07391,High,No,Contract,Injectable,INJ1,UK,13392,PLANT_PARENTERAL,Medium,CEF1GIV,Units
BATCH05653,Medium,No,Contract,Hormonal,HORM2,ES,15803,PLANT_SPECIAL,Low,LEVOHORMIMPL,Units
BATCH03779,Low,Yes,Contract,Device,DEV2,UK,7195,PLANT_SPECIAL,High,INHALER,Units
BATCH04855,Low,No,OwnBrand,Hormonal,HORM2,PT,19566,PLANT_SPECIAL,Medium,EE30TAB,Units
BATCH08918,Medium,No,Contract,Hormonal,HORM1,ES,43217,PLANT_SPECIAL,Low,LEVOHORMIMPL,Units
BATCH06680,Medium,No,Contract,Hormonal,HORM1,ES,39417,PLANT_SPECIAL,Medium,LEVOHORMIMPL,Units
BATCH09093,Low,No,OwnBrand,Hormonal,HORM2,PT,24199,PLANT_SPECIAL,Medium,EE30TAB,Units
BATCH02824,Low,No,OwnBrand,Hormonal,HORM1,PT,11419,PLANT_SPECIAL,Medium,EE30TAB,Units
BATCH09693,Medium,Yes,OwnBrand,Injectable,INJ2,FR,6922,PLANT_PARENTERAL,Medium,HEP5000SC,Units
BATCH07407,Low,No,OwnBrand,Capsule,CL1,IT,374484,PLANT_SOLIDS,Medium,OMEP20CAP,TabletsCaps
BATCH09412,Low,No,OwnBrand,Capsule,CL2,IT,405891,PLANT_SOLIDS,Medium,OMEP20CAP,TabletsCaps
BATCH01313,Medium,No,OwnBrand,Tablet,TL1,FR,427002,PLANT_SOLIDS,High,IBUP400TAB,TabletsCaps
BATCH04801,Low,No,Contract,Device,DEV1,UK,34005,PLANT_SPECIAL,Medium,INHALER,Units
BATCH07570,Medium,No,Contract,Hormonal,HORM2,ES,21075,PLANT_SPECIAL,Medium,LEVOHORMIMPL,Units
BATCH01245,Low,Yes,Contract,Device,DEV2,UK,17028,PLANT_SPECIAL,High,INHALER,Units
BATCH06636,High,Yes,Contract,Capsule,CL2,DE,348093,PLANT_SOLIDS,Medium,AMOX500CAP,TabletsCaps
BATCH07497,High,No,Contract,Capsule,CL2,DE,169810,PLANT_SOLIDS,Low,AMOX500CAP,TabletsCaps
BATCH06983,Medium,No,OwnBrand,Injectable,INJ2,FR,37811,PLANT_PARENTERAL,Low,HEP5000SC,Units
BATCH03052,Medium,No,OwnBrand,Device,DEV1,DE,43794,PLANT_SPECIAL,Low,INSUPEN,Units
BATCH08993,Medium,No,OwnBrand,Tablet,TL1,FR,256494,PLANT_SOLIDS,Low,IBUP400TAB,TabletsCaps
BATCH07033,Medium,No,OwnBrand,Tablet,TL3,FR,365710,PLANT_SOLIDS,Low,IBUP400TAB,TabletsCaps
BATCH07751,Medium,No,OwnBrand,Injectable,INJ1,FR,33285,PLANT_PARENTERAL,High,HEP5000SC,Units
BATCH06504,High,No,Contract,Capsule,CL1,DE,481272,PLANT_SOLIDS,Low,AMOX500CAP,TabletsCaps
BATCH02476,Medium,No,OwnBrand,Injectable,INJ2,FR,46799,PLANT_PARENTERAL,Low,HEP5000SC,Units
BATCH01274,Medium,Yes,OwnBrand,Tablet,TL3,FR,470777,PLANT_SOLIDS,Low,IBUP400TAB,TabletsCaps
BATCH00868,Low,Yes,OwnBrand,Tablet,TL1,ES,359817,PLANT_SOLIDS,Medium,PARA500TAB,TabletsCaps
BATCH08222,Low,No,OwnBrand,Capsule,CL1,IT,86016,PLANT_SOLIDS,Medium,OMEP20CAP,TabletsCaps
BATCH00964,Low,Yes,OwnBrand,Hormonal,HORM2,PT,28638,PLANT_SPECIAL,High,EE30TAB,Units
BATCH05595,Medium,Yes,OwnBrand,Tablet,TL2,FR,445532,PLANT_SOLIDS,Medium,IBUP400TAB,TabletsCaps
BATCH09190,Medium,No,Contract,Hormonal,HORM2,ES,9090,PLANT_SPECIAL,High,LEVOHORMIMPL,Units
BATCH07998,Low,No,OwnBrand,Capsule,CL2,IT,159472,PLANT_SOLIDS,High,OMEP20CAP,TabletsCaps
BATCH03059,High,No,Contract,Capsule,CL2,DE,310229,PLANT_SOLIDS,Medium,AMOX500CAP,TabletsCaps
BATCH00450,Medium,No,Contract,Hormonal,HORM2,ES,40281,PLANT_SPECIAL,Medium,LEVOHORMIMPL,Units
BATCH03448,Low,Yes,OwnBrand,Hormonal,HORM2,PT,25340,PLANT_SPECIAL,Medium,EE30TAB,Units
BATCH00616,Low,No,OwnBrand,Hormonal,HORM1,PT,1947,PLANT_SPECIAL,High,EE30TAB,Units
BATCH00553,High,No,Contract,Injectable,INJ2,UK,15080,PLANT_PARENTERAL,Medium,CEF1GIV,Units
BATCH00565,Low,No,OwnBrand,Capsule,CL1,IT,256425,PLANT_SOLIDS,Medium,OMEP20CAP,TabletsCaps
BATCH01765,Low,No,OwnBrand,Hormonal,HORM2,PT,19008,PLANT_SPECIAL,Medium,EE30TAB,Units
BATCH00120,Low,No,Contract,Device,DEV2,UK,28887,PLANT_SPECIAL,Medium,INHALER,Units
BATCH09374,Medium,Yes,OwnBrand,Injectable,INJ2,FR,10296,PLANT_PARENTERAL,High,HEP5000SC,Units
BATCH01316,Medium,Yes,OwnBrand,Tablet,TL1,FR,497567,PLANT_SOLIDS,Medium,IBUP400TAB,TabletsCaps
BATCH00907,Low,No,OwnBrand,Tablet,TL1,ES,156091,PLANT_SOLIDS,Low,PARA500TAB,TabletsCaps
BATCH03974,Low,No,OwnBrand,Tablet,TL1,ES,473675,PLANT_SOLIDS,Low,PARA500TAB,TabletsCaps
BATCH09212,Low,Yes,OwnBrand,Tablet,TL2,ES,290941,PLANT_SOLIDS,Medium,PARA500TAB,TabletsCaps
BATCH08875,Medium,No,OwnBrand,Device,DEV1,DE,46729,PLANT_SPECIAL,High,INSUPEN,Units
BATCH07553,Low,No,Contract,Device,DEV1,UK,3826,PLANT_SPECIAL,High,INHALER,Units
BATCH00338,High,No,Contract,Capsule,CL2,DE,371901,PLANT_SOLIDS,Medium,AMOX500CAP,TabletsCaps
BATCH01861,Medium,No,Contract,Hormonal,HORM1,ES,4180,PLANT_SPECIAL,Low,LEVOHORMIMPL,Units
BATCH06491,High,No,Contract,Injectable,INJ2,UK,16398,PLANT_PARENTERAL,Low,CEF1GIV,Units
BATCH00753,Medium,No,OwnBrand,Device,DEV2,DE,46157,PLANT_SPECIAL,Medium,INSUPEN,Units
BATCH04134,Low,Yes,OwnBrand,Hormonal,HORM1,PT,44310,PLANT_SPECIAL,Low,EE30TAB,Units
BATCH09538,Low,No,OwnBrand,Hormonal,HORM1,PT,28413,PLANT_SPECIAL,Medium,EE30TAB,Units
BATCH03982,Low,Yes,OwnBrand,Capsule,CL2,IT,453571,PLANT_SOLIDS,Medium,OMEP20CAP,TabletsCaps
BATCH09108,Medium,No,Contract,Hormonal,HORM2,ES,46636,PLANT_SPECIAL,Medium,LEVOHORMIMPL,Units
BATCH01763,High,Yes,Contract,Injectable,INJ1,UK,5332,PLANT_PARENTERAL,Medium,CEF1GIV,Units
BATCH06026,Medium,No,Contract,Hormonal,HORM2,ES,27120,PLANT_SPECIAL,Low,LEVOHORMIMPL,Units
BATCH02243,Medium,No,OwnBrand,Device,DEV2,DE,12487,PLANT_SPECIAL,Medium,INSUPEN,Units
BATCH07108,Medium,No,OwnBrand,Device,DEV1,DE,9369,PLANT_SPECIAL,Low,INSUPEN,Units
BATCH06454,Low,No,OwnBrand,Hormonal,HORM2,PT,39309,PLANT_SPECIAL,High,EE30TAB,Units
BATCH08742,High,No,Contract,Injectable,INJ2,UK,13536,PLANT_PARENTERAL,High,CEF1GIV,Units
BATCH08048,Medium,Yes,Contract,Hormonal,HORM2,ES,37199,PLANT_SPECIAL,High,LEVOHORMIMPL,Units
BATCH06674,Low,No,Contract,Device,DEV2,UK,35834,PLANT_SPECIAL,Medium,INHALER,Units
BATCH03727,Medium,No,OwnBrand,Tablet,TL3,FR,118005,PLANT_SOLIDS,Medium,IBUP400TAB,TabletsCaps
BATCH05350,Low,No,OwnBrand,Capsule,CL1,IT,228036,PLANT_SOLIDS,Medium,OMEP20CAP,TabletsCaps
BATCH05649,Low,No,OwnBrand,Capsule,CL2,IT,309968,PLANT_SOLIDS,High,OMEP20CAP,TabletsCaps
BATCH00915,Medium,No,OwnBrand,Tablet,TL1,FR,243825,PLANT_SOLIDS,High,IBUP400TAB,TabletsCaps
BATCH00846,Low,No,OwnBrand,Hormonal,HORM2,PT,33846,PLANT_SPECIAL,High,EE30TAB,Units
BATCH01855,Medium,Yes,OwnBrand,Injectable,INJ2,FR,16941,PLANT_PARENTERAL,High,HEP5000SC,Units
BATCH09674,High,No,Contract,Capsule,CL1,DE,419265,PLANT_SOLIDS,High,AMOX500CAP,TabletsCaps
BATCH07886,Medium,No,OwnBrand,Tablet,TL1,FR,195720,PLANT_SOLIDS,Low,IBUP400TAB,TabletsCaps
BATCH09409,High,No,Contract,Injectable,INJ2,UK,21778,PLANT_PARENTERAL,Medium,CEF1GIV,Units
BATCH08899,Low,No,OwnBrand,Capsule,CL1,IT,164309,PLANT_SOLIDS,High,OMEP20CAP,TabletsCaps
BATCH03649,High,No,Contract,Injectable,INJ1,UK,8047,PLANT_PARENTERAL,Medium,CEF1GIV,Units
BATCH08679,Medium,Yes,OwnBrand,Injectable,INJ2,FR,41855,PLANT_PARENTERAL,Medium,HEP5000SC,Units
BATCH05109,Medium,Yes,OwnBrand,Injectable,INJ1,FR,2059,PLANT_PARENTERAL,High,HEP5000SC,Units
BATCH04617,High,Yes,Contract,Capsule,CL1,DE,325474,PLANT_SOLIDS,Low,AMOX500CAP,TabletsCaps
BATCH06825,Low,Yes,OwnBrand,Tablet,TL1,ES,174139,PLANT_SOLIDS,Low,PARA500TAB,TabletsCaps
BATCH08997,Low,No,OwnBrand,Tablet,TL3,ES,240884,PLANT_SOLIDS,Medium,PARA500TAB,TabletsCaps
BATCH08748,Low,No,OwnBrand,Capsule,CL1,IT,142426,PLANT_SOLIDS,Low,OMEP20CAP,TabletsCaps
BATCH07410,Low,No,OwnBrand,Tablet,TL3,ES,86220,PLANT_SOLIDS,High,PARA500TAB,TabletsCaps
BATCH00980,Low,No,Contract,Device,DEV1,UK,2904,PLANT_SPECIAL,High,INHALER,Units
BATCH06292,High,No,Contract,Capsule,CL1,DE,387643,PLANT_SOLIDS,Medium,AMOX500CAP,TabletsCaps
BATCH08075,High,No,Contract,Capsule,CL2,DE,328852,PLANT_SOLIDS,Low,AMOX500CAP,TabletsCaps
BATCH05817,Low,No,OwnBrand,Hormonal,HORM2,PT,18768,PLANT_SPECIAL,Medium,EE30TAB,Units
BATCH09402,Low,No,OwnBrand,Capsule,CL1,IT,118561,PLANT_SOLIDS,Low,OMEP20CAP,TabletsCaps
BATCH07430,Medium,No,OwnBrand,Device,DEV1,DE,23019,PLANT_SPECIAL,Medium,INSUPEN,Units
BATCH09340,High,No,Contract,Injectable,INJ1,UK,28520,PLANT_PARENTERAL,Medium,CEF1GIV,Units
BATCH06511,Low,No,OwnBrand,Hormonal,HORM1,PT,46525,PLANT_SPECIAL,Medium,EE30TAB,Units
BATCH04413,Low,No,OwnBrand,Hormonal,HORM2,PT,12860,PLANT_SPECIAL,High,EE30TAB,Units
BATCH07745,High,No,Contract,Capsule,CL1,DE,77504,PLANT_SOLIDS,Low,AMOX500CAP,TabletsCaps
BATCH05812,Low,No,OwnBrand,Tablet,TL1,ES,454618,PLANT_SOLIDS,Medium,PARA500TAB,TabletsCaps
BATCH07216,Medium,No,OwnBrand,Injectable,INJ2,FR,27678,PLANT_PARENTERAL,High,HEP5000SC,Units
BATCH06537,Medium,Yes,Contract,Hormonal,HORM2,ES,30257,PLANT_SPECIAL,High,LEVOHORMIMPL,Units
BATCH02689,Low,No,OwnBrand,Tablet,TL1,ES,393671,PLANT_SOLIDS,Low,PARA500TAB,TabletsCaps
BATCH08428,High,No,Contract,Capsule,CL1,DE,446137,PLANT_SOLIDS,Low,AMOX500CAP,TabletsCaps
BATCH06894,Low,No,OwnBrand,Capsule,CL2,IT,68806,PLANT_SOLIDS,Medium,OMEP20CAP,TabletsCaps
BATCH08504,Low,No,OwnBrand,Hormonal,HORM1,PT,32058,PLANT_SPECIAL,High,EE30TAB,Units
BATCH02098,Medium,No,OwnBrand,Tablet,TL3,FR,466952,PLANT_SOLIDS,Medium,IBUP400TAB,TabletsCaps
BATCH09372,Medium,No,Contract,Hormonal,HORM2,ES,44152,PLANT_SPECIAL,High,LEVOHORMIMPL,Units
BATCH02134,Low,No,OwnBrand,Hormonal,HORM1,PT,41379,PLANT_SPECIAL,Low,EE30TAB,Units
BATCH02883,Low,No,Contract,Device,DEV1,UK,28858,PLANT_SPECIAL,Low,INHALER,Units
BATCH06102,Low,No,OwnBrand,Capsule,CL2,IT,157180,PLANT_SOLIDS,Medium,OMEP20CAP,TabletsCaps
BATCH07148,Low,No,OwnBrand,Capsule,CL1,IT,273502,PLANT_SOLIDS,Low,OMEP20CAP,TabletsCaps
BATCH08592,Medium,Yes,OwnBrand,Device,DEV1,DE,10068,PLANT_SPECIAL,Medium,INSUPEN,Units
BATCH06630,Medium,No,OwnBrand,Injectable,INJ2,FR,47294,PLANT_PARENTERAL,Medium,HEP5000SC,Units
BATCH08921,High,Yes,Contract,Injectable,INJ2,UK,25929,PLANT_PARENTERAL,Low,CEF1GIV,Units
BATCH03377,Low,Yes,OwnBrand,Hormonal,HORM1,PT,14398,PLANT_SPECIAL,Medium,EE30TAB,Units
BATCH03597,High,No,Contract,Injectable,INJ2,UK,12161,PLANT_PARENTERAL,Medium,CEF1GIV,Units
BATCH09987,High,No,Contract,Capsule,CL2,DE,108354,PLANT_SOLIDS,Medium,AMOX500CAP,TabletsCaps
BATCH08018,Low,No,OwnBrand,Hormonal,HORM1,PT,13057,PLANT_SPECIAL,Medium,EE30TAB,Units
BATCH04857,High,No,Contract,Injectable,INJ1,UK,37992,PLANT_PARENTERAL,Low,CEF1GIV,Units
BATCH09797,Medium,No,Contract,Hormonal,HORM2,ES,14944,PLANT_SPECIAL,Medium,LEVOHORMIMPL,Units
BATCH00312,High,No,Contract,Capsule,CL2,DE,455379,PLANT_SOLIDS,High,AMOX500CAP,TabletsCaps
BATCH03018,High,No,Contract,Injectable,INJ2,UK,9936,PLANT_PARENTERAL,High,CEF1GIV,Units
BATCH08361,High,No,Contract,Capsule,CL1,DE,447830,PLANT_SOLIDS,Medium,AMOX500CAP,TabletsCaps
BATCH08822,Medium,No,OwnBrand,Tablet,TL2,FR,365819,PLANT_SOLIDS,High,IBUP400TAB,TabletsCaps
BATCH01482,High,No,Contract,Injectable,INJ2,UK,32113,PLANT_PARENTERAL,High,CEF1GIV,Units
BATCH03016,High,No,Contract,Capsule,CL1,DE,410508,PLANT_SOLIDS,Medium,AMOX500CAP,TabletsCaps
BATCH02620,High,No,Contract,Capsule,CL2,DE,482845,PLANT_SOLIDS,Low,AMOX500CAP,TabletsCaps
BATCH05498,High,No,Contract,Capsule,CL1,DE,189933,PLANT_SOLIDS,Medium,AMOX500CAP,TabletsCaps
BATCH07150,Medium,No,Contract,Hormonal,HORM1,ES,34985,PLANT_SPECIAL,High,LEVOHORMIMPL,Units
BATCH09972,Medium,Yes,OwnBrand,Tablet,TL2,FR,393544,PLANT_SOLIDS,Medium,IBUP400TAB,TabletsCaps
BATCH07106,Low,No,OwnBrand,Capsule,CL1,IT,432279,PLANT_SOLIDS,High,OMEP20CAP,TabletsCaps
BATCH06525,High,No,Contract,Injectable,INJ2,UK,47564,PLANT_PARENTERAL,Medium,CEF1GIV,Units
BATCH08119,Low,No,OwnBrand,Tablet,TL3,ES,428260,PLANT_SOLIDS,Medium,PARA500TAB,TabletsCaps
BATCH05120,Low,No,OwnBrand,Capsule,CL2,IT,406366,PLANT_SOLIDS,Medium,OMEP20CAP,TabletsCaps
BATCH03205,Medium,Yes,OwnBrand,Tablet,TL2,FR,417456,PLANT_SOLIDS,Medium,IBUP400TAB,TabletsCaps
BATCH02659,Medium,Yes,OwnBrand,Injectable,INJ1,FR,29707,PLANT_PARENTERAL,High,HEP5000SC,Units
BATCH01589,Medium,No,OwnBrand,Injectable,INJ1,FR,44434,PLANT_PARENTERAL,Medium,HEP5000SC,Units
BATCH01494,Low,Yes,OwnBrand,Capsule,CL1,IT,252891,PLANT_SOLIDS,Medium,OMEP20CAP,TabletsCaps
BATCH05372,Medium,No,Contract,Hormonal,HORM2,ES,42566,PLANT_SPECIAL,Medium,LEVOHORMIMPL,Units
BATCH07662,Medium,Yes,Contract,Hormonal,HORM2,ES,33497,PLANT_SPECIAL,Medium,LEVOHORMIMPL,Units
BATCH05773,Medium,No,OwnBrand,Injectable,INJ2,FR,1092,PLANT_PARENTERAL,Medium,HEP5000SC,Units
BATCH03599,Low,No,OwnBrand,Hormonal,HORM2,PT,39827,PLANT_SPECIAL,Low,EE30TAB,Units
BATCH05899,Medium,No,Contract,Hormonal,HORM1,ES,44181,PLANT_SPECIAL,High,LEVOHORMIMPL,Units
BATCH04366,Medium,No,Contract,Hormonal,HORM1,ES,31559,PLANT_SPECIAL,Medium,LEVOHORMIMPL,Units
BATCH06016,Medium,No,Contract,Hormonal,HORM2,ES,29446,PLANT_SPECIAL,Medium,LEVOHORMIMPL,Units
BATCH07963,High,No,Contract,Injectable,INJ2,UK,49713,PLANT_PARENTERAL,Low,CEF1GIV,Units
BATCH02365,High,No,Contract,Injectable,INJ1,UK,40292,PLANT_PARENTERAL,High,CEF1GIV,Units
BATCH07749,Low,No,OwnBrand,Hormonal,HORM2,PT,32614,PLANT_SPECIAL,Medium,EE30TAB,Units
BATCH02811,Low,Yes,OwnBrand,Tablet,TL2,ES,392173,PLANT_SOLIDS,Medium,PARA500TAB,TabletsCaps
BATCH09682,High,No,Contract,Capsule,CL1,DE,230885,PLANT_SOLIDS,Medium,AMOX500CAP,TabletsCaps
BATCH06534,Low,No,OwnBrand,Capsule,CL1,IT,479339,PLANT_SOLIDS,High,OMEP20CAP,TabletsCaps
BATCH01864,Medium,No,Contract,Hormonal,HORM1,ES,28353,PLANT_SPECIAL,Medium,LEVOHORMIMPL,Units
BATCH04275,Medium,No,OwnBrand,Tablet,TL3,FR,342735,PLANT_SOLIDS,High,IBUP400TAB,TabletsCaps
BATCH07836,Low,Yes,OwnBrand,Hormonal,HORM1,PT,20570,PLANT_SPECIAL,Medium,EE30TAB,Units
BATCH00445,Medium,No,OwnBrand,Injectable,INJ2,FR,23431,PLANT_PARENTERAL,High,HEP5000SC,Units
BATCH02406,Low,No,Contract,Device,DEV2,UK,5067,PLANT_SPECIAL,Low,INHALER,Units
BATCH09809,High,No,Contract,Injectable,INJ1,UK,22484,PLANT_PARENTERAL,Medium,CEF1GIV,Units
BATCH01837,Low,No,OwnBrand,Hormonal,HORM1,PT,18127,PLANT_SPECIAL,Medium,EE30TAB,Units
BATCH03666,Low,No,OwnBrand,Tablet,TL3,ES,168528,PLANT_SOLIDS,Low,PARA500TAB,TabletsCaps
BATCH09377,Low,Yes,OwnBrand,Tablet,TL1,ES,213732,PLANT_SOLIDS,High,PARA500TAB,TabletsCaps
BATCH09937,Low,Yes,Contract,Device,DEV2,UK,31990,PLANT_SPECIAL,Low,INHALER,Units
BATCH06632,Medium,No,Contract,Hormonal,HORM2,ES,21663,PLANT_SPECIAL,Medium,LEVOHORMIMPL,Units
BATCH05422,Low,No,OwnBrand,Capsule,CL2,IT,399736,PLANT_SOLIDS,Low,OMEP20CAP,TabletsCaps
BATCH05272,Medium,No,OwnBrand,Injectable,INJ1,FR,24640,PLANT_PARENTERAL,Low,HEP5000SC,Units
BATCH06986,Medium,No,OwnBrand,Tablet,TL3,FR,408212,PLANT_SOLIDS,Medium,IBUP400TAB,TabletsCaps
BATCH02740,Low,No,OwnBrand,Hormonal,HORM2,PT,38675,PLANT_SPECIAL,Medium,EE30TAB,Units
BATCH08137,Medium,No,OwnBrand,Tablet,TL1,FR,143768,PLANT_SOLIDS,Low,IBUP400TAB,TabletsCaps
BATCH02610,Low,No,OwnBrand,Hormonal,HORM2,PT,46178,PLANT_SPECIAL,High,EE30TAB,Units
BATCH01199,Medium,No,Contract,Hormonal,HORM1,ES,39021,PLANT_SPECIAL,Low,LEVOHORMIMPL,Units
BATCH01037,High,No,Contract,Capsule,CL2,DE,81692,PLANT_SOLIDS,Medium,AMOX500CAP,TabletsCaps
BATCH05215,Low,No,OwnBrand,Hormonal,HORM2,PT,49372,PLANT_SPECIAL,Low,EE30TAB,Units
BATCH00060,Medium,No,OwnBrand,Tablet,TL1,FR,283861,PLANT_SOLIDS,Medium,IBUP400TAB,TabletsCaps
BATCH03353,Medium,Yes,OwnBrand,Injectable,INJ1,FR,3876,PLANT_PARENTERAL,Medium,HEP5000SC,Units
BATCH00504,Low,Yes,OwnBrand,Hormonal,HORM1,PT,6840,PLANT_SPECIAL,Medium,EE30TAB,Units
BATCH09098,Low,No,Contract,Device,DEV2,UK,5310,PLANT_SPECIAL,Medium,INHALER,Units
BATCH06915,Low,No,Contract,Device,DEV1,UK,42030,PLANT_SPECIAL,Low,INHALER,Units
BATCH07373,Medium,No,OwnBrand,Injectable,INJ1,FR,12301,PLANT_PARENTERAL,Medium,HEP5000SC,Units
BATCH01673,Medium,No,OwnBrand,Tablet,TL3,FR,202891,PLANT_SOLIDS,Low,IBUP400TAB,TabletsCaps
BATCH09343,Medium,Yes,OwnBrand,Injectable,INJ2,FR,31562,PLANT_PARENTERAL,High,HEP5000SC,Units
BATCH01729,Low,No,OwnBrand,Hormonal,HORM1,PT,37984,PLANT_SPECIAL,Medium,EE30TAB,Units
BATCH06356,Medium,No,OwnBrand,Tablet,TL2,FR,168934,PLANT_SOLIDS,Medium,IBUP400TAB,TabletsCaps
BATCH01675,Low,No,OwnBrand,Hormonal,HORM2,PT,20099,PLANT_SPECIAL,Medium,EE30TAB,Units
BATCH04633,Low,No,OwnBrand,Tablet,TL3,ES,59670,PLANT_SOLIDS,High,PARA500TAB,TabletsCaps
BATCH03299,Low,No,OwnBrand,Hormonal,HORM1,PT,21314,PLANT_SPECIAL,Low,EE30TAB,Units
BATCH09655,Medium,No,OwnBrand,Injectable,INJ2,FR,37891,PLANT_PARENTERAL,Low,HEP5000SC,Units
BATCH06405,Medium,No,OwnBrand,Device,DEV2,DE,10361,PLANT_SPECIAL,Medium,INSUPEN,Units
BATCH05550,Low,No,OwnBrand,Capsule,CL1,IT,382705,PLANT_SOLIDS,Low,OMEP20CAP,TabletsCaps
BATCH09386,High,No,Contract,Injectable,INJ1,UK,4274,PLANT_PARENTERAL,Low,CEF1GIV,Units
BATCH01396,Medium,Yes,OwnBrand,Tablet,TL3,FR,198311,PLANT_SOLIDS,High,IBUP400TAB,TabletsCaps
BATCH00946,Low,Yes,OwnBrand,Capsule,CL1,IT,227969,PLANT_SOLIDS,Low,OMEP20CAP,TabletsCaps
BATCH00378,Medium,No,Contract,Hormonal,HORM2,ES,26085,PLANT_SPECIAL,High,LEVOHORMIMPL,Units
BATCH03368,High,No,Contract,Injectable,INJ2,UK,1761,PLANT_PARENTERAL,High,CEF1GIV,Units
BATCH04629,Low,No,Contract,Device,DEV1,UK,13315,PLANT_SPECIAL,Medium,INHALER,Units
BATCH01867,Medium,No,OwnBrand,Tablet,TL3,FR,444951,PLANT_SOLIDS,Medium,IBUP400TAB,TabletsCaps
BATCH02607,High,No,Contract,Injectable,INJ2,UK,2850,PLANT_PARENTERAL,Medium,CEF1GIV,Units
BATCH05009,Medium,No,OwnBrand,Device,DEV2,DE,8448,PLANT_SPECIAL,High,INSUPEN,Units
BATCH07978,Low,No,OwnBrand,Capsule,CL2,IT,227040,PLANT_SOLIDS,Low,OMEP20CAP,TabletsCaps
BATCH06573,Medium,No,Contract,Hormonal,HORM2,ES,37985,PLANT_SPECIAL,High,LEVOHORMIMPL,Units
BATCH07101,Low,No,OwnBrand,Hormonal,HORM2,PT,36294,PLANT_SPECIAL,Medium,EE30TAB,Units
BATCH04737,Low,Yes,Contract,Device,DEV2,UK,21575,PLANT_SPECIAL,Medium,INHALER,Units
BATCH06623,Medium,No,OwnBrand,Injectable,INJ1,FR,32495,PLANT_PARENTERAL,Medium,HEP5000SC,Units
BATCH02452,Low,Yes,OwnBrand,Hormonal,HORM1,PT,47844,PLANT_SPECIAL,Medium,EE30TAB,Units
BATCH09675,Medium,Yes,Contract,Hormonal,HORM1,ES,36090,PLANT_SPECIAL,Medium,LEVOHORMIMPL,Units
BATCH04045,Low,No,OwnBrand,Capsule,CL2,IT,97066,PLANT_SOLIDS,High,OMEP20CAP,TabletsCaps
BATCH04381,Medium,No,OwnBrand,Tablet,TL2,FR,282033,PLANT_SOLIDS,Medium,IBUP400TAB,TabletsCaps
BATCH07031,Low,No,OwnBrand,Tablet,TL1,ES,393061,PLANT_SOLIDS,Low,PARA500TAB,TabletsCaps
BATCH09282,Low,No,OwnBrand,Capsule,CL1,IT,258805,PLANT_SOLIDS,Low,OMEP20CAP,TabletsCaps
BATCH07880,Medium,No,OwnBrand,Tablet,TL2,FR,61147,PLANT_SOLIDS,Medium,IBUP400TAB,TabletsCaps
BATCH00795,High,No,Contract,Capsule,CL2,DE,113635,PLANT_SOLIDS,Medium,AMOX500CAP,TabletsCaps
BATCH07624,Medium,No,OwnBrand,Injectable,INJ2,FR,25954,PLANT_PARENTERAL,High,HEP5000SC,Units
BATCH03838,Low,No,OwnBrand,Hormonal,HORM1,PT,6337,PLANT_SPECIAL,Medium,EE30TAB,Units
BATCH01446,Medium,No,OwnBrand,Device,DEV2,DE,14746,PLANT_SPECIAL,High,INSUPEN,Units
BATCH03953,Medium,No,OwnBrand,Device,DEV1,DE,49375,PLANT_SPECIAL,Low,INSUPEN,Units
BATCH04330,Low,No,OwnBrand,Capsule,CL1,IT,252292,PLANT_SOLIDS,Low,OMEP20CAP,TabletsCaps
BATCH03579,Medium,No,OwnBrand,Injectable,INJ1,FR,12787,PLANT_PARENTERAL,High,HEP5000SC,Units
BATCH06706,High,Yes,Contract,Capsule,CL1,DE,187254,PLANT_SOLIDS,Low,AMOX500CAP,TabletsCaps
BATCH06966,Low,No,OwnBrand,Hormonal,HORM1,PT,47101,PLANT_SPECIAL,Low,EE30TAB,Units
BATCH08970,High,Yes,Contract,Injectable,INJ2,UK,36586,PLANT_PARENTERAL,Low,CEF1GIV,Units
BATCH04752,Medium,No,OwnBrand,Device,DEV2,DE,17245,PLANT_SPECIAL,Medium,INSUPEN,Units
BATCH08334,Low,No,OwnBrand,Capsule,CL1,IT,202058,PLANT_SOLIDS,Medium,OMEP20CAP,TabletsCaps
BATCH05188,Medium,Yes,OwnBrand,Device,DEV1,DE,13129,PLANT_SPECIAL,High,INSUPEN,Units
BATCH03608,Medium,Yes,OwnBrand,Device,DEV2,DE,41500,PLANT_SPECIAL,Low,INSUPEN,Units
BATCH07853,Low,No,OwnBrand,Tablet,TL1,ES,121249,PLANT_SOLIDS,Medium,PARA500TAB,TabletsCaps
BATCH07892,Low,No,OwnBrand,Hormonal,HORM2,PT,49376,PLANT_SPECIAL,Medium,EE30TAB,Units
BATCH06831,Low,No,OwnBrand,Capsule,CL2,IT,308685,PLANT_SOLIDS,Low,OMEP20CAP,TabletsCaps
BATCH00989,Medium,No,OwnBrand,Tablet,TL3,FR,468956,PLANT_SOLIDS,High,IBUP400TAB,TabletsCaps
BATCH06558,Medium,No,OwnBrand,Injectable,INJ2,FR,31357,PLANT_PARENTERAL,Medium,HEP5000SC,Units
BATCH03605,Medium,No,OwnBrand,Device,DEV1,DE,47181,PLANT_SPECIAL,Medium,INSUPEN,Units
BATCH09182,Low,No,Contract,Device,DEV2,UK,42652,PLANT_SPECIAL,Medium,INHALER,Units
BATCH05693,High,Yes,Contract,Injectable,INJ2,UK,16053,PLANT_PARENTERAL,Medium,CEF1GIV,Units
BATCH00340,High,No,Contract,Injectable,INJ2,UK,42123,PLANT_PARENTERAL,Low,CEF1GIV,Units
BATCH00397,Low,Yes,Contract,Device,DEV2,UK,30649,PLANT_SPECIAL,Medium,INHALER,Units
BATCH07683,Low,No,OwnBrand,Hormonal,HORM1,PT,4017,PLANT_SPECIAL,Medium,EE30TAB,Units
BATCH08081,Low,Yes,Contract,Device,DEV1,UK,1047,PLANT_SPECIAL,High,INHALER,Units
BATCH01521,Low,No,OwnBrand,Hormonal,HORM2,PT,39275,PLANT_SPECIAL,Medium,EE30TAB,Units
BATCH01444,Low,No,OwnBrand,Capsule,CL2,IT,269178,PLANT_SOLIDS,Low,OMEP20CAP,TabletsCaps
BATCH07636,Low,No,OwnBrand,Hormonal,HORM1,PT,1518,PLANT_SPECIAL,Medium,EE30TAB,Units
BATCH04308,High,No,Contract,Injectable,INJ1,UK,12297,PLANT_PARENTERAL,Low,CEF1GIV,Units
BATCH02219,High,No,Contract,Injectable,INJ2,UK,33161,PLANT_PARENTERAL,High,CEF1GIV,Units
BATCH01038,Low,No,OwnBrand,Hormonal,HORM1,PT,37363,PLANT_SPECIAL,Low,EE30TAB,Units
BATCH00001,Low,No,OwnBrand,Capsule,CL2,IT,278607,PLANT_SOLIDS,Medium,OMEP20CAP,TabletsCaps
BATCH05424,Low,No,OwnBrand,Tablet,TL1,ES,470129,PLANT_SOLIDS,Medium,PARA500TAB,TabletsCaps
BATCH07310,Low,No,OwnBrand,Capsule,CL1,IT,168873,PLANT_SOLIDS,High,OMEP20CAP,TabletsCaps
BATCH05210,Medium,No,OwnBrand,Injectable,INJ2,FR,44608,PLANT_PARENTERAL,Medium,HEP5000SC,Units
BATCH01987,Medium,Yes,Contract,Hormonal,HORM2,ES,29667,PLANT_SPECIAL,Low,LEVOHORMIMPL,Units
BATCH09344,Medium,No,Contract,Hormonal,HORM1,ES,45647,PLANT_SPECIAL,Medium,LEVOHORMIMPL,Units
BATCH07774,High,Yes,Contract,Injectable,INJ1,UK,13402,PLANT_PARENTERAL,High,CEF1GIV,Units
BATCH00694,Low,Yes,OwnBrand,Hormonal,HORM2,PT,31315,PLANT_SPECIAL,Medium,EE30TAB,Units
BATCH04543,Low,No,OwnBrand,Hormonal,HORM2,PT,16639,PLANT_SPECIAL,High,EE30TAB,Units
BATCH09307,Low,No,OwnBrand,Tablet,TL1,ES,468346,PLANT_SOLIDS,Medium,PARA500TAB,TabletsCaps
BATCH02277,Medium,No,OwnBrand,Device,DEV2,DE,9392,PLANT_SPECIAL,Medium,INSUPEN,Units
BATCH02278,Low,No,OwnBrand,Tablet,TL1,ES,227562,PLANT_SOLIDS,Low,PARA500TAB,TabletsCaps
BATCH08869,Medium,No,OwnBrand,Device,DEV1,DE,6880,PLANT_SPECIAL,Medium,INSUPEN,Units
BATCH07980,Medium,No,OwnBrand,Device,DEV2,DE,25080,PLANT_SPECIAL,High,INSUPEN,Units
BATCH04124,Medium,Yes,OwnBrand,Device,DEV2,DE,2466,PLANT_SPECIAL,Medium,INSUPEN,Units
BATCH02149,High,No,Contract,Injectable,INJ2,UK,5314,PLANT_PARENTERAL,Low,CEF1GIV,Units
BATCH07885,High,Yes,Contract,Injectable,INJ2,UK,41301,PLANT_PARENTERAL,Medium,CEF1GIV,Units
BATCH01895,Medium,Yes,Contract,Hormonal,HORM2,ES,17069,PLANT_SPECIAL,Low,LEVOHORMIMPL,Units
BATCH05948,Medium,No,OwnBrand,Injectable,INJ1,FR,27072,PLANT_PARENTERAL,High,HEP5000SC,Units
BATCH02521,Low,No,OwnBrand,Hormonal,HORM1,PT,41763,PLANT_SPECIAL,High,EE30TAB,Units
BATCH08922,Low,No,OwnBrand,Tablet,TL3,ES,412818,PLANT_SOLIDS,Medium,PARA500TAB,TabletsCaps
BATCH01699,Low,No,OwnBrand,Capsule,CL2,IT,381056,PLANT_SOLIDS,Medium,OMEP20CAP,TabletsCaps
BATCH06492,Medium,No,OwnBrand,Injectable,INJ1,FR,45441,PLANT_PARENTERAL,High,HEP5000SC,Units
BATCH03848,Medium,Yes,OwnBrand,Device,DEV1,DE,8330,PLANT_SPECIAL,Low,INSUPEN,Units
BATCH05610,Medium,No,OwnBrand,Tablet,TL3,FR,446790,PLANT_SOLIDS,High,IBUP400TAB,TabletsCaps
BATCH04367,Medium,No,Contract,Hormonal,HORM1,ES,42459,PLANT_SPECIAL,High,LEVOHORMIMPL,Units
BATCH09490,Low,No,OwnBrand,Capsule,CL1,IT,153562,PLANT_SOLIDS,Medium,OMEP20CAP,TabletsCaps
BATCH05888,Medium,Yes,OwnBrand,Tablet,TL3,FR,66122,PLANT_SOLIDS,Medium,IBUP400TAB,TabletsCaps
BATCH06618,Medium,No,OwnBrand,Tablet,TL3,FR,338150,PLANT_SOLIDS,Medium,IBUP400TAB,TabletsCaps
BATCH09709,Medium,No,OwnBrand,Tablet,TL1,FR,123069,PLANT_SOLIDS,Medium,IBUP400TAB,TabletsCaps
BATCH04220,Low,Yes,OwnBrand,Tablet,TL3,ES,118712,PLANT_SOLIDS,Medium,PARA500TAB,TabletsCaps
BATCH01181,High,Yes,Contract,Capsule,CL1,DE,296795,PLANT_SOLIDS,High,AMOX500CAP,TabletsCaps
BATCH05828,Low,Yes,OwnBrand,Tablet,TL3,ES,104265,PLANT_SOLIDS,Medium,PARA500TAB,TabletsCaps
BATCH06130,Low,No,OwnBrand,Capsule,CL2,IT,286418,PLANT_SOLIDS,High,OMEP20CAP,TabletsCaps
BATCH09370,Low,No,OwnBrand,Tablet,TL3,ES,426170,PLANT_SOLIDS,Low,PARA500TAB,TabletsCaps
BATCH07177,Medium,No,OwnBrand,Device,DEV1,DE,31942,PLANT_SPECIAL,Medium,INSUPEN,Units
BATCH07425,Medium,No,OwnBrand,Tablet,TL3,FR,355342,PLANT_SOLIDS,Medium,IBUP400TAB,TabletsCaps
BATCH08617,Medium,No,OwnBrand,Device,DEV2,DE,33267,PLANT_SPECIAL,Medium,INSUPEN,Units
BATCH04126,Low,No,OwnBrand,Capsule,CL2,IT,413021,PLANT_SOLIDS,Medium,OMEP20CAP,TabletsCaps
BATCH09825,Medium,Yes,OwnBrand,Tablet,TL3,FR,258106,PLANT_SOLIDS,Medium,IBUP400TAB,TabletsCaps
BATCH00690,Medium,No,OwnBrand,Injectable,INJ2,FR,29055,PLANT_PARENTERAL,Medium,HEP5000SC,Units
BATCH06810,Low,No,OwnBrand,Tablet,TL3,ES,231049,PLANT_SOLIDS,Low,PARA500TAB,TabletsCaps
BATCH08933,High,No,Contract,Injectable,INJ1,UK,6717,PLANT_PARENTERAL,Low,CEF1GIV,Units
BATCH05876,Low,No,OwnBrand,Capsule,CL2,IT,237536,PLANT_SOLIDS,Medium,OMEP20CAP,TabletsCaps
BATCH05936,Medium,No,OwnBrand,Tablet,TL3,FR,420575,PLANT_SOLIDS,High,IBUP400TAB,TabletsCaps
BATCH00024,Medium,No,OwnBrand,Tablet,TL1,FR,339267,PLANT_SOLIDS,Medium,IBUP400TAB,TabletsCaps
BATCH01204,Low,No,OwnBrand,Hormonal,HORM1,PT,15080,PLANT_SPECIAL,High,EE30TAB,Units
BATCH09781,Medium,Yes,OwnBrand,Tablet,TL1,FR,236744,PLANT_SOLIDS,High,IBUP400TAB,TabletsCaps
BATCH04864,Low,No,OwnBrand,Hormonal,HORM1,PT,18911,PLANT_SPECIAL,Medium,EE30TAB,Units
BATCH02520,Medium,No,Contract,Hormonal,HORM1,ES,5224,PLANT_SPECIAL,High,LEVOHORMIMPL,Units
BATCH05359,Low,No,OwnBrand,Tablet,TL3,ES,83222,PLANT_SOLIDS,Low,PARA500TAB,TabletsCaps
BATCH03412,Medium,No,Contract,Hormonal,HORM2,ES,47237,PLANT_SPECIAL,Low,LEVOHORMIMPL,Units
BATCH05114,High,No,Contract,Injectable,INJ2,UK,20193,PLANT_PARENTERAL,Low,CEF1GIV,Units
BATCH04491,Low,Yes,OwnBrand,Tablet,TL2,ES,300264,PLANT_SOLIDS,Medium,PARA500TAB,TabletsCaps
BATCH09820,High,No,Contract,Injectable,INJ2,UK,34672,PLANT_PARENTERAL,Low,CEF1GIV,Units
BATCH05533,High,No,Contract,Injectable,INJ1,UK,23609,PLANT_PARENTERAL,Medium,CEF1GIV,Units
BATCH04568,Low,Yes,OwnBrand,Tablet,TL1,ES,81423,PLANT_SOLIDS,Low,PARA500TAB,TabletsCaps
BATCH04693,Medium,No,Contract,Hormonal,HORM2,ES,11950,PLANT_SPECIAL,Medium,LEVOHORMIMPL,Units
BATCH06188,Low,No,Contract,Device,DEV2,UK,43529,PLANT_SPECIAL,Medium,INHALER,Units
BATCH03142,Low,No,OwnBrand,Tablet,TL2,ES,493282,PLANT_SOLIDS,Medium,PARA500TAB,TabletsCaps
BATCH05300,Low,No,OwnBrand,Tablet,TL2,ES,239247,PLANT_SOLIDS,Medium,PARA500TAB,TabletsCaps
BATCH01340,High,Yes,Contract,Capsule,CL2,DE,53513,PLANT_SOLIDS,Medium,AMOX500CAP,TabletsCaps
BATCH05496,Low,No,OwnBrand,Hormonal,HORM2,PT,36427,PLANT_SPECIAL,Low,EE30TAB,Units
BATCH08486,Low,Yes,Contract,Device,DEV2,UK,48286,PLANT_SPECIAL,High,INHALER,Units
BATCH06039,High,No,Contract,Capsule,CL1,DE,387240,PLANT_SOLIDS,Medium,AMOX500CAP,TabletsCaps
BATCH09544,Medium,No,OwnBrand,Tablet,TL3,FR,146025,PLANT_SOLIDS,Medium,IBUP400TAB,TabletsCaps
BATCH00337,Low,Yes,OwnBrand,Tablet,TL2,ES,348943,PLANT_SOLIDS,Medium,PARA500TAB,TabletsCaps
BATCH01848,Low,No,Contract,Device,DEV2,UK,40708,PLANT_SPECIAL,Medium,INHALER,Units
BATCH06735,Low,Yes,Contract,Device,DEV1,UK,36660,PLANT_SPECIAL,Medium,INHALER,Units
BATCH04750,High,No,Contract,Capsule,CL2,DE,111668,PLANT_SOLIDS,Low,AMOX500CAP,TabletsCaps
BATCH06526,Medium,No,OwnBrand,Device,DEV2,DE,38054,PLANT_SPECIAL,Low,INSUPEN,Units
BATCH00606,High,Yes,Contract,Capsule,CL1,DE,393509,PLANT_SOLIDS,Medium,AMOX500CAP,TabletsCaps
BATCH01284,Medium,Yes,OwnBrand,Injectable,INJ1,FR,49627,PLANT_PARENTERAL,Medium,HEP5000SC,Units
BATCH06309,Medium,No,OwnBrand,Tablet,TL1,FR,427026,PLANT_SOLIDS,Medium,IBUP400TAB,TabletsCaps
BATCH03404,High,Yes,Contract,Injectable,INJ1,UK,9135,PLANT_PARENTERAL,Medium,CEF1GIV,Units
BATCH06637,Low,No,OwnBrand,Tablet,TL3,ES,158457,PLANT_SOLIDS,High,PARA500TAB,TabletsCaps
BATCH09230,High,Yes,Contract,Injectable,INJ2,UK,8941,PLANT_PARENTERAL,Medium,CEF1GIV,Units
BATCH00131,Medium,No,OwnBrand,Injectable,INJ2,FR,44313,PLANT_PARENTERAL,Medium,HEP5000SC,Units
BATCH02959,Low,No,OwnBrand,Hormonal,HORM2,PT,49969,PLANT_SPECIAL,Medium,EE30TAB,Units
BATCH07371,Medium,No,OwnBrand,Device,DEV1,DE,39056,PLANT_SPECIAL,Medium,INSUPEN,Units
BATCH02526,Low,Yes,OwnBrand,Hormonal,HORM1,PT,35851,PLANT_SPECIAL,High,EE30TAB,Units
BATCH05989,Medium,No,Contract,Hormonal,HORM1,ES,26640,PLANT_SPECIAL,Medium,LEVOHORMIMPL,Units
BATCH01977,Medium,No,OwnBrand,Tablet,TL2,FR,154589,PLANT_SOLIDS,High,IBUP400TAB,TabletsCaps
BATCH05146,High,No,Contract,Capsule,CL1,DE,418592,PLANT_SOLIDS,Medium,AMOX500CAP,TabletsCaps
BATCH03670,Medium,Yes,OwnBrand,Tablet,TL2,FR,84301,PLANT_SOLIDS,Medium,IBUP400TAB,TabletsCaps
BATCH09928,Medium,Yes,OwnBrand,Tablet,TL2,FR,292516,PLANT_SOLIDS,Low,IBUP400TAB,TabletsCaps
BATCH06605,High,No,Contract,Capsule,CL1,DE,457135,PLANT_SOLIDS,Medium,AMOX500CAP,TabletsCaps
BATCH00805,Medium,Yes,OwnBrand,Injectable,INJ2,FR,42241,PLANT_PARENTERAL,High,HEP5000SC,Units
BATCH07539,Low,No,Contract,Device,DEV2,UK,17811,PLANT_SPECIAL,Medium,INHALER,Units
BATCH04436,Low,No,OwnBrand,Tablet,TL1,ES,482298,PLANT_SOLIDS,Low,PARA500TAB,TabletsCaps
BATCH06005,Medium,No,OwnBrand,Tablet,TL3,FR,460190,PLANT_SOLIDS,Low,IBUP400TAB,TabletsCaps
BATCH06858,Medium,No,OwnBrand,Injectable,INJ1,FR,49715,PLANT_PARENTERAL,Medium,HEP5000SC,Units
BATCH02875,High,No,Contract,Capsule,CL1,DE,273816,PLANT_SOLIDS,High,AMOX500CAP,TabletsCaps
BATCH09278,Low,No,Contract,Device,DEV2,UK,12976,PLANT_SPECIAL,Medium,INHALER,Units
BATCH02958,Low,No,OwnBrand,Hormonal,HORM1,PT,14854,PLANT_SPECIAL,Medium,EE30TAB,Units
BATCH06919,Low,Yes,OwnBrand,Capsule,CL2,IT,396996,PLANT_SOLIDS,High,OMEP20CAP,TabletsCaps
BATCH06304,Low,No,OwnBrand,Tablet,TL1,ES,325593,PLANT_SOLIDS,Medium,PARA500TAB,TabletsCaps
BATCH05756,Medium,No,OwnBrand,Tablet,TL2,FR,70434,PLANT_SOLIDS,High,IBUP400TAB,TabletsCaps
BATCH08883,High,No,Contract,Capsule,CL2,DE,250218,PLANT_SOLIDS,Medium,AMOX500CAP,TabletsCaps
BATCH00879,Medium,No,OwnBrand,Device,DEV1,DE,18482,PLANT_SPECIAL,High,INSUPEN,Units
BATCH06665,High,No,Contract,Injectable,INJ1,UK,19171,PLANT_PARENTERAL,Low,CEF1GIV,Units
BATCH01762,High,Yes,Contract,Capsule,CL1,DE,131022,PLANT_SOLIDS,High,AMOX500CAP,TabletsCaps
BATCH05658,High,No,Contract,Capsule,CL2,DE,262186,PLANT_SOLIDS,Medium,AMOX500CAP,TabletsCaps
BATCH06627,Medium,No,OwnBrand,Device,DEV2,DE,26207,PLANT_SPECIAL,High,INSUPEN,Units
BATCH00248,High,No,Contract,Injectable,INJ2,UK,37664,PLANT_PARENTERAL,Low,CEF1GIV,Units
BATCH03357,Low,No,OwnBrand,Hormonal,HORM2,PT,12997,PLANT_SPECIAL,Medium,EE30TAB,Units
BATCH02436,High,No,Contract,Injectable,INJ2,UK,36564,PLANT_PARENTERAL,Low,CEF1GIV,Units
BATCH01887,Medium,No,OwnBrand,Device,DEV2,DE,7317,PLANT_SPECIAL,Medium,INSUPEN,Units
BATCH05960,Low,Yes,OwnBrand,Capsule,CL1,IT,454967,PLANT_SOLIDS,Medium,OMEP20CAP,TabletsCaps
BATCH00321,High,No,Contract,Capsule,CL1,DE,296670,PLANT_SOLIDS,Medium,AMOX500CAP,TabletsCaps
BATCH02191,High,No,Contract,Injectable,INJ1,UK,39833,PLANT_PARENTERAL,Low,CEF1GIV,Units
BATCH03625,Medium,No,OwnBrand,Tablet,TL1,FR,313378,PLANT_SOLIDS,Medium,IBUP400TAB,TabletsCaps
BATCH00749,Medium,No,OwnBrand,Device,DEV2,DE,4234,PLANT_SPECIAL,Low,INSUPEN,Units
BATCH09144,High,Yes,Contract,Capsule,CL1,DE,177467,PLANT_SOLIDS,Medium,AMOX500CAP,TabletsCaps
BATCH03565,High,No,Contract,Injectable,INJ1,UK,22988,PLANT_PARENTERAL,Low,CEF1GIV,Units
BATCH08590,Medium,No,OwnBrand,Tablet,TL2,FR,499751,PLANT_SOLIDS,Medium,IBUP400TAB,TabletsCaps
BATCH01586,Low,No,Contract,Device,DEV1,UK,21285,PLANT_SPECIAL,Medium,INHALER,Units
BATCH03854,Low,No,OwnBrand,Capsule,CL2,IT,197251,PLANT_SOLIDS,High,OMEP20CAP,TabletsCaps
BATCH06109,High,Yes,Contract,Capsule,CL1,DE,224472,PLANT_SOLIDS,Medium,AMOX500CAP,TabletsCaps
BATCH02944,Low,No,OwnBrand,Capsule,CL2,IT,326310,PLANT_SOLIDS,Medium,OMEP20CAP,TabletsCaps
BATCH01254,Low,Yes,OwnBrand,Hormonal,HORM1,PT,49062,PLANT_SPECIAL,Medium,EE30TAB,Units
BATCH00371,High,No,Contract,Capsule,CL1,DE,480370,PLANT_SOLIDS,Low,AMOX500CAP,TabletsCaps
BATCH00922,Medium,No,Contract,Hormonal,HORM2,ES,12229,PLANT_SPECIAL,Low,LEVOHORMIMPL,Units
BATCH05404,Low,Yes,OwnBrand,Tablet,TL3,ES,299296,PLANT_SOLIDS,Low,PARA500TAB,TabletsCaps
BATCH08447,High,No,Contract,Capsule,CL1,DE,193087,PLANT_SOLIDS,Medium,AMOX500CAP,TabletsCaps
BATCH04883,High,Yes,Contract,Injectable,INJ2,UK,49005,PLANT_PARENTERAL,High,CEF1GIV,Units
BATCH07367,Medium,No,OwnBrand,Device,DEV1,DE,28838,PLANT_SPECIAL,Medium,INSUPEN,Units
BATCH04391,High,No,Contract,Injectable,INJ2,UK,35771,PLANT_PARENTERAL,Medium,CEF1GIV,Units
BATCH08187,Medium,No,OwnBrand,Tablet,TL2,FR,93540,PLANT_SOLIDS,Medium,IBUP400TAB,TabletsCaps
BATCH05652,Low,No,Contract,Device,DEV2,UK,24592,PLANT_SPECIAL,Low,INHALER,Units
BATCH05922,Medium,No,OwnBrand,Injectable,INJ2,FR,39056,PLANT_PARENTERAL,High,HEP5000SC,Units
BATCH02181,High,Yes,Contract,Injectable,INJ1,UK,35771,PLANT_PARENTERAL,Low,CEF1GIV,Units
BATCH08566,Medium,No,OwnBrand,Device,DEV1,DE,41534,PLANT_SPECIAL,Medium,INSUPEN,Units
BATCH04586,Low,No,OwnBrand,Tablet,TL2,ES,202876,PLANT_SOLIDS,High,PARA500TAB,TabletsCaps
BATCH03657,Medium,Yes,OwnBrand,Tablet,TL2,FR,494302,PLANT_SOLIDS,Medium,IBUP400TAB,TabletsCaps
BATCH08432,Low,No,OwnBrand,Capsule,CL2,IT,81781,PLANT_SOLIDS,High,OMEP20CAP,TabletsCaps
BATCH02606,Medium,Yes,Contract,Hormonal,HORM2,ES,39808,PLANT_SPECIAL,Low,LEVOHORMIMPL,Units
BATCH09424,Medium,Yes,OwnBrand,Device,DEV2,DE,49182,PLANT_SPECIAL,High,INSUPEN,Units
BATCH07102,High,Yes,Contract,Capsule,CL2,DE,170007,PLANT_SOLIDS,High,AMOX500CAP,TabletsCaps
BATCH05717,Medium,No,OwnBrand,Device,DEV2,DE,45504,PLANT_SPECIAL,High,INSUPEN,Units
BATCH04923,Medium,No,OwnBrand,Device,DEV2,DE,21633,PLANT_SPECIAL,Medium,INSUPEN,Units
BATCH04358,Low,No,OwnBrand,Hormonal,HORM2,PT,46061,PLANT_SPECIAL,Medium,EE30TAB,Units
BATCH09955,Medium,No,OwnBrand,Tablet,TL2,FR,402856,PLANT_SOLIDS,High,IBUP400TAB,TabletsCaps
BATCH07911,Low,Yes,Contract,Device,DEV1,UK,46928,PLANT_SPECIAL,High,INHALER,Units
BATCH07865,High,No,Contract,Injectable,INJ1,UK,38768,PLANT_PARENTERAL,Medium,CEF1GIV,Units
BATCH03677,Medium,Yes,Contract,Hormonal,HORM1,ES,16245,PLANT_SPECIAL,Low,LEVOHORMIMPL,Units
BATCH09677,High,No,Contract,Injectable,INJ2,UK,40085,PLANT_PARENTERAL,Low,CEF1GIV,Units
BATCH02021,High,No,Contract,Injectable,INJ2,UK,38809,PLANT_PARENTERAL,High,CEF1GIV,Units
BATCH05229,High,No,Contract,Capsule,CL1,DE,195963,PLANT_SOLIDS,Medium,AMOX500CAP,TabletsCaps
BATCH05271,High,No,Contract,Injectable,INJ2,UK,43859,PLANT_PARENTERAL,Medium,CEF1GIV,Units
BATCH09897,Low,Yes,OwnBrand,Hormonal,HORM2,PT,40223,PLANT_SPECIAL,High,EE30TAB,Units
BATCH01347,Low,No,OwnBrand,Tablet,TL3,ES,61538,PLANT_SOLIDS,Low,PARA500TAB,TabletsCaps
BATCH06389,Low,No,OwnBrand,Tablet,TL3,ES,114033,PLANT_SOLIDS,Low,PARA500TAB,TabletsCaps
BATCH02415,Low,No,Contract,Device,DEV1,UK,19543,PLANT_SPECIAL,High,INHALER,Units
BATCH06100,Medium,No,OwnBrand,Injectable,INJ1,FR,47285,PLANT_PARENTERAL,Medium,HEP5000SC,Units
BATCH08238,Medium,No,OwnBrand,Injectable,INJ1,FR,19649,PLANT_PARENTERAL,Medium,HEP5000SC,Units
BATCH02392,Low,No,OwnBrand,Tablet,TL2,ES,118598,PLANT_SOLIDS,Low,PARA500TAB,TabletsCaps
BATCH01285,High,Yes,Contract,Injectable,INJ2,UK,48944,PLANT_PARENTERAL,Medium,CEF1GIV,Units
BATCH09161,Low,No,OwnBrand,Hormonal,HORM2,PT,41043,PLANT_SPECIAL,Medium,EE30TAB,Units
BATCH05041,High,No,Contract,Capsule,CL1,DE,77117,PLANT_SOLIDS,Medium,AMOX500CAP,TabletsCaps
BATCH02470,Low,Yes,Contract,Device,DEV1,UK,40275,PLANT_SPECIAL,High,INHALER,Units
BATCH05234,Low,Yes,OwnBrand,Hormonal,HORM2,PT,21912,PLANT_SPECIAL,Low,EE30TAB,Units
BATCH03242,Medium,No,Contract,Hormonal,HORM2,ES,39877,PLANT_SPECIAL,Medium,LEVOHORMIMPL,Units
BATCH06945,Low,No,OwnBrand,Hormonal,HORM2,PT,15043,PLANT_SPECIAL,Medium,EE30TAB,Units
BATCH04685,Low,Yes,Contract,Device,DEV2,UK,14443,PLANT_SPECIAL,High,INHALER,Units
BATCH05886,Low,No,OwnBrand,Hormonal,HORM1,PT,27575,PLANT_SPECIAL,Medium,EE30TAB,Units
BATCH00697,Low,No,OwnBrand,Hormonal,HORM1,PT,49064,PLANT_SPECIAL,High,EE30TAB,Units
BATCH01223,Medium,No,OwnBrand,Injectable,INJ1,FR,45750,PLANT_PARENTERAL,Low,HEP5000SC,Units
BATCH07198,Medium,No,Contract,Hormonal,HORM1,ES,29208,PLANT_SPECIAL,Medium,LEVOHORMIMPL,Units
BATCH01530,Medium,No,Contract,Hormonal,HORM2,ES,20798,PLANT_SPECIAL,Medium,LEVOHORMIMPL,Units
BATCH02103,Medium,No,OwnBrand,Injectable,INJ2,FR,8162,PLANT_PARENTERAL,Medium,HEP5000SC,Units
BATCH02815,Low,No,Contract,Device,DEV1,UK,16488,PLANT_SPECIAL,Medium,INHALER,Units
BATCH09722,Low,No,OwnBrand,Capsule,CL1,IT,404593,PLANT_SOLIDS,Medium,OMEP20CAP,TabletsCaps
BATCH01438,Low,Yes,OwnBrand,Capsule,CL1,IT,173424,PLANT_SOLIDS,Medium,OMEP20CAP,TabletsCaps
BATCH03050,High,No,Contract,Capsule,CL2,DE,381325,PLANT_SOLIDS,High,AMOX500CAP,TabletsCaps
BATCH08878,Medium,No,OwnBrand,Device,DEV1,DE,27041,PLANT_SPECIAL,Low,INSUPEN,Units
BATCH09903,Low,Yes,OwnBrand,Capsule,CL2,IT,71578,PLANT_SOLIDS,Low,OMEP20CAP,TabletsCaps
BATCH06143,Low,No,Contract,Device,DEV2,UK,41726,PLANT_SPECIAL,Medium,INHALER,Units
BATCH05493,Low,No,OwnBrand,Hormonal,HORM2,PT,22058,PLANT_SPECIAL,Medium,EE30TAB,Units
BATCH01050,Low,No,OwnBrand,Hormonal,HORM1,PT,5522,PLANT_SPECIAL,Medium,EE30TAB,Units
BATCH00299,Low,No,OwnBrand,Tablet,TL2,ES,291085,PLANT_SOLIDS,Medium,PARA500TAB,TabletsCaps
BATCH09165,Low,No,OwnBrand,Tablet,TL3,ES,261697,PLANT_SOLIDS,High,PARA500TAB,TabletsCaps
BATCH04064,Low,No,Contract,Device,DEV1,UK,39224,PLANT_SPECIAL,Low,INHALER,Units
BATCH00116,High,No,Contract,Injectable,INJ1,UK,39191,PLANT_PARENTERAL,Medium,CEF1GIV,Units
BATCH06334,Medium,Yes,Contract,Hormonal,HORM1,ES,8611,PLANT_SPECIAL,High,LEVOHORMIMPL,Units
BATCH05669,High,No,Contract,Capsule,CL2,DE,239383,PLANT_SOLIDS,High,AMOX500CAP,TabletsCaps
BATCH07111,Medium,No,OwnBrand,Tablet,TL3,FR,269125,PLANT_SOLIDS,Medium,IBUP400TAB,TabletsCaps
BATCH03595,Low,No,OwnBrand,Capsule,CL2,IT,184930,PLANT_SOLIDS,Medium,OMEP20CAP,TabletsCaps
BATCH00274,Medium,No,OwnBrand,Tablet,TL2,FR,267565,PLANT_SOLIDS,Low,IBUP400TAB,TabletsCaps
BATCH09578,Low,No,Contract,Device,DEV2,UK,32847,PLANT_SPECIAL,Medium,INHALER,Units
BATCH07240,Medium,No,OwnBrand,Tablet,TL2,FR,262854,PLANT_SOLIDS,Medium,IBUP400TAB,TabletsCaps
BATCH07545,Low,No,OwnBrand,Capsule,CL1,IT,169876,PLANT_SOLIDS,Medium,OMEP20CAP,TabletsCaps
BATCH06273,Medium,No,OwnBrand,Tablet,TL1,FR,314312,PLANT_SOLIDS,Medium,IBUP400TAB,TabletsCaps
BATCH06489,Low,No,OwnBrand,Tablet,TL1,ES,385393,PLANT_SOLIDS,Medium,PARA500TAB,TabletsCaps
BATCH07057,Low,No,OwnBrand,Hormonal,HORM2,PT,47182,PLANT_SPECIAL,Low,EE30TAB,Units
BATCH09055,Low,No,OwnBrand,Capsule,CL2,IT,461381,PLANT_SOLIDS,Medium,OMEP20CAP,TabletsCaps
BATCH05795,Low,No,OwnBrand,Capsule,CL1,IT,154665,PLANT_SOLIDS,High,OMEP20CAP,TabletsCaps
BATCH02495,High,Yes,Contract,Injectable,INJ1,UK,23052,PLANT_PARENTERAL,Medium,CEF1GIV,Units
BATCH09931,Medium,Yes,OwnBrand,Injectable,INJ2,FR,9992,PLANT_PARENTERAL,Medium,HEP5000SC,Units
BATCH03566,Low,No,Contract,Device,DEV1,UK,1965,PLANT_SPECIAL,Low,INHALER,Units
BATCH01692,Medium,Yes,Contract,Hormonal,HORM2,ES,38488,PLANT_SPECIAL,Low,LEVOHORMIMPL,Units
BATCH02829,High,No,Contract,Capsule,CL2,DE,391661,PLANT_SOLIDS,Medium,AMOX500CAP,TabletsCaps
BATCH06529,High,Yes,Contract,Capsule,CL1,DE,109577,PLANT_SOLIDS,Medium,AMOX500CAP,TabletsCaps
BATCH03343,Low,No,OwnBrand,Tablet,TL3,ES,342058,PLANT_SOLIDS,Medium,PARA500TAB,TabletsCaps
BATCH03436,Low,No,Contract,Device,DEV2,UK,33285,PLANT_SPECIAL,Medium,INHALER,Units
BATCH01602,Low,Yes,OwnBrand,Capsule,CL1,IT,495073,PLANT_SOLIDS,Low,OMEP20CAP,TabletsCaps
BATCH02036,Low,No,OwnBrand,Tablet,TL2,ES,265349,PLANT_SOLIDS,Medium,PARA500TAB,TabletsCaps
BATCH09052,Medium,No,OwnBrand,Tablet,TL3,FR,364530,PLANT_SOLIDS,High,IBUP400TAB,TabletsCaps
BATCH01072,Low,No,OwnBrand,Hormonal,HORM2,PT,41606,PLANT_SPECIAL,Medium,EE30TAB,Units
BATCH04486,Low,No,OwnBrand,Hormonal,HORM1,PT,10271,PLANT_SPECIAL,Medium,EE30TAB,Units
BATCH00202,Medium,No,Contract,Hormonal,HORM2,ES,16774,PLANT_SPECIAL,Medium,LEVOHORMIMPL,Units
BATCH08008,High,Yes,Contract,Injectable,INJ2,UK,7787,PLANT_PARENTERAL,Low,CEF1GIV,Units
BATCH03993,Medium,No,OwnBrand,Injectable,INJ1,FR,42416,PLANT_PARENTERAL,Medium,HEP5000SC,Units
BATCH04277,Low,No,OwnBrand,Hormonal,HORM2,PT,4178,PLANT_SPECIAL,Medium,EE30TAB,Units
BATCH03780,Medium,No,OwnBrand,Tablet,TL3,FR,64162,PLANT_SOLIDS,Low,IBUP400TAB,TabletsCaps
BATCH08969,Low,Yes,OwnBrand,Hormonal,HORM1,PT,32980,PLANT_SPECIAL,High,EE30TAB,Units
BATCH09478,Low,No,OwnBrand,Capsule,CL1,IT,291666,PLANT_SOLIDS,High,OMEP20CAP,TabletsCaps
BATCH08805,Low,No,OwnBrand,Hormonal,HORM1,PT,11841,PLANT_SPECIAL,Medium,EE30TAB,Units
BATCH02814,Medium,No,OwnBrand,Device,DEV2,DE,34966,PLANT_SPECIAL,High,INSUPEN,Units
BATCH05510,Medium,Yes,Contract,Hormonal,HORM1,ES,16204,PLANT_SPECIAL,Low,LEVOHORMIMPL,Units
BATCH09984,Medium,No,Contract,Hormonal,HORM2,ES,1635,PLANT_SPECIAL,High,LEVOHORMIMPL,Units
BATCH04853,Medium,No,OwnBrand,Tablet,TL3,FR,143838,PLANT_SOLIDS,High,IBUP400TAB,TabletsCaps
BATCH05373,Medium,No,Contract,Hormonal,HORM2,ES,41893,PLANT_SPECIAL,Low,LEVOHORMIMPL,Units
BATCH02666,Medium,No,OwnBrand,Injectable,INJ2,FR,17136,PLANT_PARENTERAL,Medium,HEP5000SC,Units
BATCH07291,Medium,No,Contract,Hormonal,HORM1,ES,18270,PLANT_SPECIAL,High,LEVOHORMIMPL,Units
BATCH07086,Medium,No,OwnBrand,Device,DEV2,DE,1586,PLANT_SPECIAL,High,INSUPEN,Units
BATCH08803,Medium,Yes,OwnBrand,Injectable,INJ1,FR,32352,PLANT_PARENTERAL,High,HEP5000SC,Units
BATCH02090,Medium,Yes,OwnBrand,Tablet,TL3,FR,493832,PLANT_SOLIDS,Medium,IBUP400TAB,TabletsCaps
BATCH00025,Low,Yes,OwnBrand,Capsule,CL2,IT,297474,PLANT_SOLIDS,Medium,OMEP20CAP,TabletsCaps
BATCH01213,Medium,No,OwnBrand,Injectable,INJ1,FR,45957,PLANT_PARENTERAL,Low,HEP5000SC,Units
BATCH05921,High,Yes,Contract,Capsule,CL1,DE,423203,PLANT_SOLIDS,Medium,AMOX500CAP,TabletsCaps
BATCH02449,Medium,No,OwnBrand,Injectable,INJ2,FR,9751,PLANT_PARENTERAL,Medium,HEP5000SC,Units
BATCH03298,Low,Yes,Contract,Device,DEV1,UK,7691,PLANT_SPECIAL,Low,INHALER,Units
BATCH02497,Low,Yes,OwnBrand,Hormonal,HORM2,PT,49540,PLANT_SPECIAL,Medium,EE30TAB,Units
BATCH07442,Medium,Yes,OwnBrand,Device,DEV2,DE,9841,PLANT_SPECIAL,Medium,INSUPEN,Units
BATCH07037,Low,No,OwnBrand,Tablet,TL1,ES,303925,PLANT_SOLIDS,Medium,PARA500TAB,TabletsCaps
BATCH05213,Medium,No,OwnBrand,Device,DEV2,DE,19310,PLANT_SPECIAL,High,INSUPEN,Units
BATCH01355,High,Yes,Contract,Capsule,CL2,DE,199177,PLANT_SOLIDS,Low,AMOX500CAP,TabletsCaps
BATCH00626,Medium,No,OwnBrand,Injectable,INJ2,FR,25822,PLANT_PARENTERAL,High,HEP5000SC,Units
BATCH05032,High,No,Contract,Capsule,CL2,DE,402468,PLANT_SOLIDS,Medium,AMOX500CAP,TabletsCaps
BATCH05810,Medium,No,Contract,Hormonal,HORM1,ES,49210,PLANT_SPECIAL,Medium,LEVOHORMIMPL,Units
BATCH03182,Medium,No,OwnBrand,Tablet,TL3,FR,366625,PLANT_SOLIDS,Medium,IBUP400TAB,TabletsCaps
BATCH00810,Medium,No,Contract,Hormonal,HORM1,ES,8103,PLANT_SPECIAL,Medium,LEVOHORMIMPL,Units
BATCH06082,Medium,Yes,OwnBrand,Tablet,TL1,FR,112661,PLANT_SOLIDS,Medium,IBUP400TAB,TabletsCaps
BATCH05014,Low,Yes,Contract,Device,DEV1,UK,32069,PLANT_SPECIAL,Medium,INHALER,Units
BATCH09642,Medium,Yes,Contract,Hormonal,HORM1,ES,22739,PLANT_SPECIAL,Medium,LEVOHORMIMPL,Units
BATCH00717,Medium,No,OwnBrand,Tablet,TL1,FR,472090,PLANT_SOLIDS,Low,IBUP400TAB,TabletsCaps
BATCH05774,Low,No,OwnBrand,Capsule,CL1,IT,392916,PLANT_SOLIDS,Medium,OMEP20CAP,TabletsCaps
BATCH01113,Medium,Yes,OwnBrand,Injectable,INJ1,FR,24760,PLANT_PARENTERAL,High,HEP5000SC,Units
BATCH08323,Low,No,Contract,Device,DEV1,UK,45712,PLANT_SPECIAL,Medium,INHALER,Units
BATCH02369,Medium,No,OwnBrand,Tablet,TL2,FR,354955,PLANT_SOLIDS,Low,IBUP400TAB,TabletsCaps
BATCH07090,Low,Yes,OwnBrand,Hormonal,HORM1,PT,13886,PLANT_SPECIAL,Medium,EE30TAB,Units
BATCH03084,Medium,No,OwnBrand,Device,DEV2,DE,37948,PLANT_SPECIAL,Low,INSUPEN,Units
BATCH01066,Medium,No,OwnBrand,Injectable,INJ1,FR,14278,PLANT_PARENTERAL,Low,HEP5000SC,Units
BATCH08811,Medium,No,OwnBrand,Device,DEV1,DE,26421,PLANT_SPECIAL,Medium,INSUPEN,Units
BATCH04691,Medium,No,OwnBrand,Injectable,INJ1,FR,26706,PLANT_PARENTERAL,Medium,HEP5000SC,Units
BATCH03938,Medium,Yes,OwnBrand,Tablet,TL2,FR,355433,PLANT_SOLIDS,High,IBUP400TAB,TabletsCaps
BATCH04916,Low,Yes,OwnBrand,Hormonal,HORM1,PT,44271,PLANT_SPECIAL,Low,EE30TAB,Units
BATCH00629,High,Yes,Contract,Capsule,CL2,DE,330257,PLANT_SOLIDS,Medium,AMOX500CAP,TabletsCaps
BATCH07531,Low,No,OwnBrand,Capsule,CL2,IT,395792,PLANT_SOLIDS,Medium,OMEP20CAP,TabletsCaps
BATCH04254,Low,No,OwnBrand,Capsule,CL2,IT,193197,PLANT_SOLIDS,Low,OMEP20CAP,TabletsCaps
BATCH06925,Medium,No,OwnBrand,Device,DEV1,DE,27863,PLANT_SPECIAL,High,INSUPEN,Units
BATCH09011,Medium,Yes,OwnBrand,Device,DEV2,DE,37011,PLANT_SPECIAL,Medium,INSUPEN,Units
BATCH01164,Medium,No,Contract,Hormonal,HORM2,ES,39212,PLANT_SPECIAL,Medium,LEVOHORMIMPL,Units
BATCH02685,Medium,No,OwnBrand,Tablet,TL1,FR,259411,PLANT_SOLIDS,Medium,IBUP400TAB,TabletsCaps
BATCH07616,Low,No,Contract,Device,DEV2,UK,19029,PLANT_SPECIAL,Medium,INHALER,Units
BATCH09216,Low,No,OwnBrand,Tablet,TL1,ES,299940,PLANT_SOLIDS,Medium,PARA500TAB,TabletsCaps
BATCH03394,High,No,Contract,Capsule,CL2,DE,225297,PLANT_SOLIDS,Medium,AMOX500CAP,TabletsCaps
BATCH09199,Medium,No,OwnBrand,Injectable,INJ1,FR,40517,PLANT_PARENTERAL,Medium,HEP5000SC,Units
BATCH03495,High,No,Contract,Injectable,INJ1,UK,28287,PLANT_PARENTERAL,Medium,CEF1GIV,Units
BATCH07949,Medium,No,OwnBrand,Tablet,TL2,FR,72845,PLANT_SOLIDS,Low,IBUP400TAB,TabletsCaps
BATCH09274,Low,No,Contract,Device,DEV1,UK,36297,PLANT_SPECIAL,Medium,INHALER,Units
BATCH04548,Medium,No,OwnBrand,Injectable,INJ1,FR,10338,PLANT_PARENTERAL,Medium,HEP5000SC,Units
BATCH01711,Medium,No,OwnBrand,Tablet,TL1,FR,313863,PLANT_SOLIDS,Low,IBUP400TAB,TabletsCaps
BATCH09802,Medium,Yes,OwnBrand,Injectable,INJ2,FR,18712,PLANT_PARENTERAL,Low,HEP5000SC,Units
BATCH05760,Low,No,Contract,Device,DEV1,UK,26991,PLANT_SPECIAL,Medium,INHALER,Units
BATCH01819,Medium,No,OwnBrand,Injectable,INJ1,FR,44175,PLANT_PARENTERAL,Medium,HEP5000SC,Units
BATCH05703,Medium,No,OwnBrand,Device,DEV2,DE,6736,PLANT_SPECIAL,Low,INSUPEN,Units
BATCH09383,Low,No,OwnBrand,Capsule,CL2,IT,240092,PLANT_SOLIDS,Medium,OMEP20CAP,TabletsCaps
BATCH04996,Low,No,OwnBrand,Hormonal,HORM1,PT,2987,PLANT_SPECIAL,Medium,EE30TAB,Units
BATCH07463,Low,No,OwnBrand,Capsule,CL1,IT,213107,PLANT_SOLIDS,High,OMEP20CAP,TabletsCaps
BATCH02515,Medium,No,OwnBrand,Device,DEV1,DE,28644,PLANT_SPECIAL,Medium,INSUPEN,Units
BATCH07070,Medium,Yes,Contract,Hormonal,HORM1,ES,26302,PLANT_SPECIAL,Medium,LEVOHORMIMPL,Units
BATCH00822,Low,No,OwnBrand,Capsule,CL2,IT,499668,PLANT_SOLIDS,High,OMEP20CAP,TabletsCaps
BATCH01361,Medium,No,OwnBrand,Injectable,INJ1,FR,8825,PLANT_PARENTERAL,Medium,HEP5000SC,Units
BATCH03109,High,No,Contract,Injectable,INJ1,UK,6751,PLANT_PARENTERAL,High,CEF1GIV,Units
BATCH04233,Low,No,Contract,Device,DEV2,UK,41605,PLANT_SPECIAL,Low,INHALER,Units
BATCH02228,High,No,Contract,Capsule,CL1,DE,143778,PLANT_SOLIDS,High,AMOX500CAP,TabletsCaps
BATCH09783,High,No,Contract,Injectable,INJ2,UK,12348,PLANT_PARENTERAL,Low,CEF1GIV,Units
BATCH00886,Low,No,OwnBrand,Hormonal,HORM2,PT,7323,PLANT_SPECIAL,High,EE30TAB,Units
BATCH06612,Medium,Yes,OwnBrand,Tablet,TL1,FR,160334,PLANT_SOLIDS,Medium,IBUP400TAB,TabletsCaps
BATCH04788,Medium,Yes,Contract,Hormonal,HORM2,ES,12934,PLANT_SPECIAL,Medium,LEVOHORMIMPL,Units
BATCH06646,Low,No,OwnBrand,Hormonal,HORM1,PT,31271,PLANT_SPECIAL,Medium,EE30TAB,Units
BATCH00743,Medium,No,OwnBrand,Device,DEV1,DE,8169,PLANT_SPECIAL,Medium,INSUPEN,Units
BATCH06702,Medium,No,OwnBrand,Device,DEV1,DE,35545,PLANT_SPECIAL,Low,INSUPEN,Units
BATCH03112,Medium,No,OwnBrand,Tablet,TL2,FR,419333,PLANT_SOLIDS,Medium,IBUP400TAB,TabletsCaps
BATCH01548,Medium,No,OwnBrand,Injectable,INJ2,FR,14707,PLANT_PARENTERAL,Low,HEP5000SC,Units
BATCH04970,Medium,No,OwnBrand,Injectable,INJ2,FR,35722,PLANT_PARENTERAL,Low,HEP5000SC,Units
BATCH03108,Medium,No,OwnBrand,Tablet,TL2,FR,227186,PLANT_SOLIDS,Medium,IBUP400TAB,TabletsCaps
BATCH04223,Medium,No,Contract,Hormonal,HORM2,ES,36854,PLANT_SPECIAL,Medium,LEVOHORMIMPL,Units
BATCH02525,Medium,Yes,Contract,Hormonal,HORM1,ES,35872,PLANT_SPECIAL,High,LEVOHORMIMPL,Units
BATCH04528,Medium,No,OwnBrand,Device,DEV2,DE,14962,PLANT_SPECIAL,Medium,INSUPEN,Units
BATCH03002,Low,No,OwnBrand,Tablet,TL1,ES,467624,PLANT_SOLIDS,Low,PARA500TAB,TabletsCaps
BATCH01374,Medium,No,OwnBrand,Tablet,TL3,FR,276238,PLANT_SOLIDS,Medium,IBUP400TAB,TabletsCaps
BATCH00843,High,No,Contract,Injectable,INJ1,UK,9619,PLANT_PARENTERAL,High,CEF1GIV,Units
BATCH02173,Medium,No,Contract,Hormonal,HORM2,ES,24917,PLANT_SPECIAL,Low,LEVOHORMIMPL,Units
BATCH02180,Low,Yes,OwnBrand,Tablet,TL1,ES,202015,PLANT_SOLIDS,Medium,PARA500TAB,TabletsCaps
BATCH07914,Low,Yes,OwnBrand,Hormonal,HORM2,PT,34953,PLANT_SPECIAL,Medium,EE30TAB,Units
BATCH05438,Low,No,OwnBrand,Hormonal,HORM1,PT,30677,PLANT_SPECIAL,Low,EE30TAB,Units
BATCH07895,High,Yes,Contract,Injectable,INJ2,UK,33320,PLANT_PARENTERAL,High,CEF1GIV,Units
BATCH01190,Medium,No,Contract,Hormonal,HORM2,ES,48638,PLANT_SPECIAL,Low,LEVOHORMIMPL,Units
BATCH01419,Low,Yes,OwnBrand,Capsule,CL2,IT,482844,PLANT_SOLIDS,Low,OMEP20CAP,TabletsCaps
BATCH08095,Low,Yes,OwnBrand,Tablet,TL1,ES,425079,PLANT_SOLIDS,Medium,PARA500TAB,TabletsCaps
BATCH01207,Medium,No,OwnBrand,Device,DEV2,DE,37459,PLANT_SPECIAL,Medium,INSUPEN,Units
BATCH09325,Low,Yes,OwnBrand,Tablet,TL3,ES,162819,PLANT_SOLIDS,Medium,PARA500TAB,TabletsCaps
BATCH05136,Low,No,OwnBrand,Capsule,CL2,IT,288297,PLANT_SOLIDS,Low,OMEP20CAP,TabletsCaps
BATCH05211,Low,No,OwnBrand,Hormonal,HORM2,PT,20149,PLANT_SPECIAL,Medium,EE30TAB,Units
BATCH01175,High,No,Contract,Capsule,CL1,DE,446065,PLANT_SOLIDS,Low,AMOX500CAP,TabletsCaps
BATCH07222,High,Yes,Contract,Capsule,CL1,DE,496932,PLANT_SOLIDS,Medium,AMOX500CAP,TabletsCaps
BATCH00149,Low,No,OwnBrand,Capsule,CL2,IT,446738,PLANT_SOLIDS,High,OMEP20CAP,TabletsCaps
BATCH09430,Low,Yes,OwnBrand,Hormonal,HORM1,PT,31309,PLANT_SPECIAL,Medium,EE30TAB,Units
BATCH07912,Low,Yes,OwnBrand,Capsule,CL1,IT,350836,PLANT_SOLIDS,Low,OMEP20CAP,TabletsCaps
BATCH07203,Low,Yes,Contract,Device,DEV2,UK,18881,PLANT_SPECIAL,Medium,INHALER,Units
BATCH06550,Medium,No,OwnBrand,Device,DEV1,DE,2425,PLANT_SPECIAL,Medium,INSUPEN,Units
BATCH09410,Medium,No,OwnBrand,Tablet,TL1,FR,335217,PLANT_SOLIDS,Medium,IBUP400TAB,TabletsCaps
BATCH00983,Medium,Yes,OwnBrand,Tablet,TL3,FR,360030,PLANT_SOLIDS,Medium,IBUP400TAB,TabletsCaps
BATCH08502,Medium,No,Contract,Hormonal,HORM2,ES,16595,PLANT_SPECIAL,Medium,LEVOHORMIMPL,Units
BATCH06855,Medium,No,Contract,Hormonal,HORM2,ES,34825,PLANT_SPECIAL,Medium,LEVOHORMIMPL,Units
BATCH09615,Low,No,Contract,Device,DEV2,UK,5042,PLANT_SPECIAL,Medium,INHALER,Units
BATCH03275,Medium,No,OwnBrand,Injectable,INJ1,FR,30649,PLANT_PARENTERAL,Medium,HEP5000SC,Units
BATCH02346,Medium,Yes,OwnBrand,Injectable,INJ1,FR,20954,PLANT_PARENTERAL,Low,HEP5000SC,Units
BATCH00272,High,No,Contract,Capsule,CL1,DE,70134,PLANT_SOLIDS,Medium,AMOX500CAP,TabletsCaps
BATCH08788,Medium,No,OwnBrand,Tablet,TL1,FR,225069,PLANT_SOLIDS,Medium,IBUP400TAB,TabletsCaps
BATCH04979,Medium,Yes,OwnBrand,Tablet,TL2,FR,222608,PLANT_SOLIDS,Low,IBUP400TAB,TabletsCaps
BATCH05418,Medium,Yes,OwnBrand,Injectable,INJ1,FR,30049,PLANT_PARENTERAL,Medium,HEP5000SC,Units
BATCH01871,Low,No,OwnBrand,Capsule,CL1,IT,210085,PLANT_SOLIDS,Medium,OMEP20CAP,TabletsCaps
BATCH01052,High,No,Contract,Injectable,INJ2,UK,47882,PLANT_PARENTERAL,Medium,CEF1GIV,Units
BATCH09010,Medium,No,Contract,Hormonal,HORM1,ES,39532,PLANT_SPECIAL,Low,LEVOHORMIMPL,Units
BATCH06965,Low,No,Contract,Device,DEV1,UK,6758,PLANT_SPECIAL,High,INHALER,Units
BATCH07056,Medium,No,Contract,Hormonal,HORM1,ES,49968,PLANT_SPECIAL,Low,LEVOHORMIMPL,Units
BATCH00538,Low,No,OwnBrand,Capsule,CL1,IT,125966,PLANT_SOLIDS,Medium,OMEP20CAP,TabletsCaps
BATCH01331,High,No,Contract,Capsule,CL2,DE,417761,PLANT_SOLIDS,Medium,AMOX500CAP,TabletsCaps
BATCH02428,Low,No,Contract,Device,DEV2,UK,20794,PLANT_SPECIAL,Low,INHALER,Units
BATCH04114,Low,No,OwnBrand,Tablet,TL1,ES,473298,PLANT_SOLIDS,Medium,PARA500TAB,TabletsCaps
BATCH09541,Medium,No,Contract,Hormonal,HORM1,ES,27607,PLANT_SPECIAL,Medium,LEVOHORMIMPL,Units
BATCH07319,Low,Yes,OwnBrand,Tablet,TL2,ES,307733,PLANT_SOLIDS,Medium,PARA500TAB,TabletsCaps
BATCH01112,Medium,No,OwnBrand,Injectable,INJ1,FR,36497,PLANT_PARENTERAL,Low,HEP5000SC,Units
BATCH07075,Medium,No,OwnBrand,Device,DEV2,DE,31924,PLANT_SPECIAL,Medium,INSUPEN,Units
BATCH08835,Medium,No,Contract,Hormonal,HORM2,ES,2623,PLANT_SPECIAL,High,LEVOHORMIMPL,Units
BATCH05708,High,Yes,Contract,Capsule,CL2,DE,278244,PLANT_SOLIDS,High,AMOX500CAP,TabletsCaps
BATCH01001,Low,No,OwnBrand,Hormonal,HORM2,PT,8666,PLANT_SPECIAL,High,EE30TAB,Units
BATCH07278,High,Yes,Contract,Capsule,CL1,DE,476108,PLANT_SOLIDS,Medium,AMOX500CAP,TabletsCaps
BATCH06970,High,No,Contract,Capsule,CL2,DE,457400,PLANT_SOLIDS,Low,AMOX500CAP,TabletsCaps
BATCH09857,High,No,Contract,Capsule,CL2,DE,127295,PLANT_SOLIDS,Low,AMOX500CAP,TabletsCaps
BATCH07471,Medium,No,OwnBrand,Injectable,INJ1,FR,26753,PLANT_PARENTERAL,High,HEP5000SC,Units
BATCH08765,Low,Yes,Contract,Device,DEV1,UK,41449,PLANT_SPECIAL,Medium,INHALER,Units
BATCH02425,High,No,Contract,Injectable,INJ2,UK,18024,PLANT_PARENTERAL,Medium,CEF1GIV,Units
BATCH08737,Medium,Yes,Contract,Hormonal,HORM2,ES,26148,PLANT_SPECIAL,High,LEVOHORMIMPL,Units
BATCH03023,Low,No,OwnBrand,Hormonal,HORM1,PT,7256,PLANT_SPECIAL,Low,EE30TAB,Units
BATCH07846,Low,No,OwnBrand,Tablet,TL1,ES,253690,PLANT_SOLIDS,Medium,PARA500TAB,TabletsCaps
BATCH03344,High,No,Contract,Injectable,INJ1,UK,28389,PLANT_PARENTERAL,Medium,CEF1GIV,Units
BATCH05433,Low,No,OwnBrand,Tablet,TL2,ES,369625,PLANT_SOLIDS,Medium,PARA500TAB,TabletsCaps
BATCH05583,Low,No,Contract,Device,DEV2,UK,20190,PLANT_SPECIAL,Low,INHALER,Units
BATCH04187,High,No,Contract,Injectable,INJ2,UK,18220,PLANT_PARENTERAL,Medium,CEF1GIV,Units
BATCH06465,Medium,Yes,Contract,Hormonal,HORM1,ES,33917,PLANT_SPECIAL,Medium,LEVOHORMIMPL,Units
BATCH00958,Medium,Yes,OwnBrand,Device,DEV1,DE,48671,PLANT_SPECIAL,Medium,INSUPEN,Units
BATCH08758,Low,No,Contract,Device,DEV1,UK,30242,PLANT_SPECIAL,High,INHALER,Units
BATCH04289,Low,Yes,OwnBrand,Capsule,CL1,IT,469124,PLANT_SOLIDS,Low,OMEP20CAP,TabletsCaps
BATCH01637,High,Yes,Contract,Capsule,CL1,DE,463957,PLANT_SOLIDS,Medium,AMOX500CAP,TabletsCaps
BATCH09634,Medium,No,Contract,Hormonal,HORM1,ES,36701,PLANT_SPECIAL,Low,LEVOHORMIMPL,Units
BATCH09746,Low,No,OwnBrand,Tablet,TL2,ES,98666,PLANT_SOLIDS,High,PARA500TAB,TabletsCaps
BATCH01579,Low,No,Contract,Device,DEV1,UK,11181,PLANT_SPECIAL,Low,INHALER,Units
BATCH07547,Medium,No,OwnBrand,Injectable,INJ2,FR,41251,PLANT_PARENTERAL,Medium,HEP5000SC,Units
BATCH01201,Low,No,OwnBrand,Hormonal,HORM1,PT,33144,PLANT_SPECIAL,Medium,EE30TAB,Units
BATCH03769,Medium,No,OwnBrand,Injectable,INJ2,FR,14776,PLANT_PARENTERAL,Low,HEP5000SC,Units
BATCH07412,Low,No,OwnBrand,Capsule,CL1,IT,79405,PLANT_SOLIDS,Low,OMEP20CAP,TabletsCaps
BATCH05428,Low,No,OwnBrand,Hormonal,HORM2,PT,13288,PLANT_SPECIAL,Medium,EE30TAB,Units
BATCH05909,Medium,No,OwnBrand,Device,DEV2,DE,14824,PLANT_SPECIAL,High,INSUPEN,Units
BATCH06326,Medium,Yes,OwnBrand,Injectable,INJ1,FR,14945,PLANT_PARENTERAL,Low,HEP5000SC,Units
BATCH07498,High,Yes,Contract,Injectable,INJ1,UK,46008,PLANT_PARENTERAL,Medium,CEF1GIV,Units
BATCH04880,Low,Yes,OwnBrand,Tablet,TL2,ES,369233,PLANT_SOLIDS,Medium,PARA500TAB,TabletsCaps
BATCH04018,Low,No,OwnBrand,Capsule,CL1,IT,238288,PLANT_SOLIDS,High,OMEP20CAP,TabletsCaps
BATCH08017,Medium,No,OwnBrand,Device,DEV2,DE,6897,PLANT_SPECIAL,Low,INSUPEN,Units
BATCH00007,Medium,No,OwnBrand,Device,DEV2,DE,30808,PLANT_SPECIAL,Medium,INSUPEN,Units
BATCH02807,Medium,No,Contract,Hormonal,HORM1,ES,11920,PLANT_SPECIAL,Low,LEVOHORMIMPL,Units
BATCH08721,Medium,No,OwnBrand,Device,DEV2,DE,4359,PLANT_SPECIAL,Low,INSUPEN,Units
BATCH06337,High,No,Contract,Injectable,INJ1,UK,24226,PLANT_PARENTERAL,Low,CEF1GIV,Units
BATCH03804,Medium,Yes,OwnBrand,Injectable,INJ2,FR,46655,PLANT_PARENTERAL,High,HEP5000SC,Units
BATCH06897,Medium,No,OwnBrand,Tablet,TL3,FR,469254,PLANT_SOLIDS,Low,IBUP400TAB,TabletsCaps
BATCH03891,Medium,No,OwnBrand,Injectable,INJ2,FR,11054,PLANT_PARENTERAL,High,HEP5000SC,Units
BATCH05086,Medium,No,OwnBrand,Device,DEV1,DE,25762,PLANT_SPECIAL,Medium,INSUPEN,Units
BATCH07875,High,Yes,Contract,Injectable,INJ1,UK,5164,PLANT_PARENTERAL,High,CEF1GIV,Units
BATCH03996,Medium,No,OwnBrand,Injectable,INJ1,FR,38531,PLANT_PARENTERAL,Medium,HEP5000SC,Units
BATCH05492,Low,Yes,Contract,Device,DEV2,UK,18547,PLANT_SPECIAL,Medium,INHALER,Units
BATCH00172,Medium,Yes,Contract,Hormonal,HORM2,ES,36417,PLANT_SPECIAL,Medium,LEVOHORMIMPL,Units
BATCH07837,Low,Yes,OwnBrand,Hormonal,HORM2,PT,42381,PLANT_SPECIAL,High,EE30TAB,Units
BATCH02585,Medium,No,OwnBrand,Tablet,TL2,FR,201849,PLANT_SOLIDS,High,IBUP400TAB,TabletsCaps
BATCH07046,Medium,Yes,OwnBrand,Device,DEV2,DE,19283,PLANT_SPECIAL,Medium,INSUPEN,Units
BATCH08629,High,No,Contract,Injectable,INJ2,UK,41609,PLANT_PARENTERAL,Medium,CEF1GIV,Units
BATCH01945,Medium,No,OwnBrand,Device,DEV1,DE,17350,PLANT_SPECIAL,Medium,INSUPEN,Units
BATCH01105,High,No,Contract,Injectable,INJ2,UK,41208,PLANT_PARENTERAL,High,CEF1GIV,Units
BATCH00208,Low,No,OwnBrand,Hormonal,HORM1,PT,43625,PLANT_SPECIAL,Medium,EE30TAB,Units
BATCH00322,Low,No,OwnBrand,Capsule,CL2,IT,475138,PLANT_SOLIDS,Low,OMEP20CAP,TabletsCaps
BATCH05514,Medium,Yes,OwnBrand,Device,DEV1,DE,2759,PLANT_SPECIAL,Low,INSUPEN,Units
BATCH04550,Low,Yes,OwnBrand,Hormonal,HORM1,PT,31591,PLANT_SPECIAL,High,EE30TAB,Units
BATCH00848,Medium,No,OwnBrand,Injectable,INJ1,FR,47145,PLANT_PARENTERAL,Medium,HEP5000SC,Units
BATCH05058,Medium,No,OwnBrand,Tablet,TL3,FR,467895,PLANT_SOLIDS,Low,IBUP400TAB,TabletsCaps
BATCH02835,Low,No,OwnBrand,Hormonal,HORM1,PT,7663,PLANT_SPECIAL,High,EE30TAB,Units
BATCH06445,Low,Yes,Contract,Device,DEV1,UK,24835,PLANT_SPECIAL,Medium,INHALER,Units
BATCH04290,High,No,Contract,Injectable,INJ1,UK,1355,PLANT_PARENTERAL,Medium,CEF1GIV,Units
BATCH02866,Low,Yes,Contract,Device,DEV2,UK,32542,PLANT_SPECIAL,High,INHALER,Units
BATCH00859,Low,No,OwnBrand,Hormonal,HORM2,PT,40762,PLANT_SPECIAL,Low,EE30TAB,Units
BATCH04668,Low,No,OwnBrand,Tablet,TL1,ES,382217,PLANT_SOLIDS,High,PARA500TAB,TabletsCaps
BATCH02053,Low,No,Contract,Device,DEV1,UK,32961,PLANT_SPECIAL,Medium,INHALER,Units
BATCH02465,Low,No,OwnBrand,Capsule,CL1,IT,436119,PLANT_SOLIDS,Low,OMEP20CAP,TabletsCaps
BATCH03876,Medium,No,OwnBrand,Tablet,TL1,FR,301366,PLANT_SOLIDS,Medium,IBUP400TAB,TabletsCaps
BATCH00708,Medium,Yes,OwnBrand,Device,DEV1,DE,5630,PLANT_SPECIAL,High,INSUPEN,Units
BATCH06019,High,Yes,Contract,Injectable,INJ2,UK,7562,PLANT_PARENTERAL,Medium,CEF1GIV,Units
BATCH08697,High,No,Contract,Injectable,INJ2,UK,10451,PLANT_PARENTERAL,Medium,CEF1GIV,Units
BATCH01583,Medium,Yes,OwnBrand,Tablet,TL1,FR,453433,PLANT_SOLIDS,Medium,IBUP400TAB,TabletsCaps
BATCH08537,Low,No,OwnBrand,Hormonal,HORM2,PT,30021,PLANT_SPECIAL,Low,EE30TAB,Units
BATCH06197,High,No,Contract,Injectable,INJ2,UK,35009,PLANT_PARENTERAL,Medium,CEF1GIV,Units
BATCH04098,Low,No,OwnBrand,Tablet,TL3,ES,283144,PLANT_SOLIDS,Low,PARA500TAB,TabletsCaps
BATCH04086,High,No,Contract,Injectable,INJ2,UK,19822,PLANT_PARENTERAL,Medium,CEF1GIV,Units
BATCH00391,High,No,Contract,Injectable,INJ2,UK,47016,PLANT_PARENTERAL,High,CEF1GIV,Units
BATCH06209,Medium,Yes,OwnBrand,Injectable,INJ1,FR,43310,PLANT_PARENTERAL,High,HEP5000SC,Units
BATCH01746,Low,No,OwnBrand,Hormonal,HORM2,PT,39711,PLANT_SPECIAL,High,EE30TAB,Units
BATCH02641,Medium,No,OwnBrand,Tablet,TL1,FR,431559,PLANT_SOLIDS,Medium,IBUP400TAB,TabletsCaps
BATCH05813,Low,No,OwnBrand,Tablet,TL1,ES,99340,PLANT_SOLIDS,Low,PARA500TAB,TabletsCaps
BATCH04736,High,No,Contract,Capsule,CL1,DE,454159,PLANT_SOLIDS,Low,AMOX500CAP,TabletsCaps
BATCH08392,Medium,Yes,OwnBrand,Tablet,TL3,FR,82116,PLANT_SOLIDS,High,IBUP400TAB,TabletsCaps
BATCH01654,Medium,No,OwnBrand,Injectable,INJ1,FR,29802,PLANT_PARENTERAL,Medium,HEP5000SC,Units
BATCH08649,Medium,No,OwnBrand,Device,DEV2,DE,41057,PLANT_SPECIAL,High,INSUPEN,Units
BATCH04963,High,No,Contract,Capsule,CL2,DE,75078,PLANT_SOLIDS,High,AMOX500CAP,TabletsCaps
BATCH01554,Low,Yes,OwnBrand,Hormonal,HORM2,PT,13567,PLANT_SPECIAL,High,EE30TAB,Units
BATCH05374,Low,No,OwnBrand,Capsule,CL2,IT,67968,PLANT_SOLIDS,Medium,OMEP20CAP,TabletsCaps
BATCH04212,High,No,Contract,Capsule,CL2,DE,266061,PLANT_SOLIDS,Medium,AMOX500CAP,TabletsCaps
BATCH04304,Low,No,Contract,Device,DEV2,UK,11018,PLANT_SPECIAL,Medium,INHALER,Units
BATCH05134,Medium,Yes,Contract,Hormonal,HORM2,ES,37496,PLANT_SPECIAL,High,LEVOHORMIMPL,Units
BATCH07653,Medium,No,Contract,Hormonal,HORM2,ES,7136,PLANT_SPECIAL,Low,LEVOHORMIMPL,Units
BATCH08325,High,No,Contract,Injectable,INJ1,UK,10234,PLANT_PARENTERAL,Medium,CEF1GIV,Units
BATCH00359,High,No,Contract,Injectable,INJ1,UK,6131,PLANT_PARENTERAL,Low,CEF1GIV,Units
BATCH06827,High,Yes,Contract,Injectable,INJ1,UK,3427,PLANT_PARENTERAL,High,CEF1GIV,Units
BATCH02339,High,Yes,Contract,Capsule,CL1,DE,233380,PLANT_SOLIDS,Low,AMOX500CAP,TabletsCaps
BATCH02196,Medium,No,OwnBrand,Tablet,TL1,FR,186555,PLANT_SOLIDS,Medium,IBUP400TAB,TabletsCaps
BATCH04224,Medium,No,OwnBrand,Device,DEV2,DE,34121,PLANT_SPECIAL,Medium,INSUPEN,Units
BATCH06198,Medium,No,OwnBrand,Device,DEV2,DE,26885,PLANT_SPECIAL,Low,INSUPEN,Units
BATCH04920,Medium,No,OwnBrand,Injectable,INJ1,FR,23238,PLANT_PARENTERAL,Low,HEP5000SC,Units
BATCH01517,Low,Yes,OwnBrand,Tablet,TL3,ES,116019,PLANT_SOLIDS,High,PARA500TAB,TabletsCaps
BATCH03145,High,No,Contract,Injectable,INJ2,UK,26188,PLANT_PARENTERAL,Medium,CEF1GIV,Units
BATCH03826,Medium,No,Contract,Hormonal,HORM2,ES,5337,PLANT_SPECIAL,Medium,LEVOHORMIMPL,Units
BATCH03025,High,Yes,Contract,Capsule,CL1,DE,139435,PLANT_SOLIDS,Medium,AMOX500CAP,TabletsCaps
BATCH05865,Low,No,Contract,Device,DEV2,UK,25705,PLANT_SPECIAL,Medium,INHALER,Units
BATCH05950,High,No,Contract,Injectable,INJ2,UK,24626,PLANT_PARENTERAL,Medium,CEF1GIV,Units
BATCH02382,Low,No,OwnBrand,Tablet,TL1,ES,499443,PLANT_SOLIDS,Medium,PARA500TAB,TabletsCaps
BATCH05968,Low,No,OwnBrand,Capsule,CL2,IT,439105,PLANT_SOLIDS,High,OMEP20CAP,TabletsCaps
BATCH05313,Medium,No,OwnBrand,Tablet,TL2,FR,104752,PLANT_SOLIDS,Medium,IBUP400TAB,TabletsCaps
BATCH06004,High,Yes,Contract,Capsule,CL2,DE,265180,PLANT_SOLIDS,Low,AMOX500CAP,TabletsCaps
BATCH00656,Low,Yes,OwnBrand,Capsule,CL2,IT,179179,PLANT_SOLIDS,Low,OMEP20CAP,TabletsCaps
BATCH08110,High,No,Contract,Injectable,INJ2,UK,46068,PLANT_PARENTERAL,Low,CEF1GIV,Units
BATCH07510,Medium,Yes,OwnBrand,Injectable,INJ2,FR,28292,PLANT_PARENTERAL,Low,HEP5000SC,Units
BATCH05759,Low,No,OwnBrand,Hormonal,HORM1,PT,46643,PLANT_SPECIAL,Low,EE30TAB,Units
BATCH06964,Medium,No,OwnBrand,Tablet,TL3,FR,359929,PLANT_SOLIDS,High,IBUP400TAB,TabletsCaps
BATCH08405,Medium,No,OwnBrand,Tablet,TL2,FR,334173,PLANT_SOLIDS,Medium,IBUP400TAB,TabletsCaps
BATCH03803,Medium,No,OwnBrand,Device,DEV1,DE,23062,PLANT_SPECIAL,Low,INSUPEN,Units
BATCH04284,Medium,No,OwnBrand,Tablet,TL1,FR,468301,PLANT_SOLIDS,Medium,IBUP400TAB,TabletsCaps
BATCH03358,High,No,Contract,Capsule,CL1,DE,177830,PLANT_SOLIDS,Low,AMOX500CAP,TabletsCaps
BATCH09466,High,No,Contract,Capsule,CL2,DE,241760,PLANT_SOLIDS,Medium,AMOX500CAP,TabletsCaps
BATCH00098,Medium,No,Contract,Hormonal,HORM2,ES,36914,PLANT_SPECIAL,Medium,LEVOHORMIMPL,Units
BATCH09347,Medium,No,OwnBrand,Injectable,INJ2,FR,25155,PLANT_PARENTERAL,Medium,HEP5000SC,Units
BATCH03065,Low,No,OwnBrand,Tablet,TL2,ES,406328,PLANT_SOLIDS,Low,PARA500TAB,TabletsCaps
BATCH02230,High,Yes,Contract,Injectable,INJ1,UK,24359,PLANT_PARENTERAL,Low,CEF1GIV,Units
BATCH00349,High,Yes,Contract,Capsule,CL1,DE,124459,PLANT_SOLIDS,Medium,AMOX500CAP,TabletsCaps
BATCH04043,High,Yes,Contract,Injectable,INJ1,UK,18328,PLANT_PARENTERAL,Low,CEF1GIV,Units
BATCH05383,Low,No,OwnBrand,Hormonal,HORM2,PT,3175,PLANT_SPECIAL,High,EE30TAB,Units
BATCH04133,Medium,No,OwnBrand,Injectable,INJ1,FR,6070,PLANT_PARENTERAL,Medium,HEP5000SC,Units
BATCH04311,Medium,Yes,Contract,Hormonal,HORM2,ES,36172,PLANT_SPECIAL,High,LEVOHORMIMPL,Units
BATCH08931,High,No,Contract,Injectable,INJ2,UK,7512,PLANT_PARENTERAL,Medium,CEF1GIV,Units
BATCH01230,Medium,No,OwnBrand,Tablet,TL2,FR,147372,PLANT_SOLIDS,High,IBUP400TAB,TabletsCaps
BATCH04263,High,No,Contract,Injectable,INJ2,UK,15729,PLANT_PARENTERAL,Medium,CEF1GIV,Units
BATCH07834,Low,No,Contract,Device,DEV1,UK,14832,PLANT_SPECIAL,Medium,INHALER,Units
BATCH04073,High,No,Contract,Capsule,CL2,DE,471041,PLANT_SOLIDS,Medium,AMOX500CAP,TabletsCaps
BATCH09116,Medium,No,OwnBrand,Injectable,INJ1,FR,43288,PLANT_PARENTERAL,Medium,HEP5000SC,Units
BATCH08256,Medium,Yes,OwnBrand,Tablet,TL2,FR,67088,PLANT_SOLIDS,Medium,IBUP400TAB,TabletsCaps
BATCH01452,High,No,Contract,Injectable,INJ1,UK,11872,PLANT_PARENTERAL,High,CEF1GIV,Units
BATCH07297,Medium,Yes,OwnBrand,Device,DEV1,DE,4154,PLANT_SPECIAL,High,INSUPEN,Units
BATCH01730,Low,No,OwnBrand,Tablet,TL3,ES,63632,PLANT_SOLIDS,High,PARA500TAB,TabletsCaps
BATCH01967,Medium,No,Contract,Hormonal,HORM2,ES,38974,PLANT_SPECIAL,Low,LEVOHORMIMPL,Units
BATCH09423,Medium,No,OwnBrand,Tablet,TL3,FR,307019,PLANT_SOLIDS,Medium,IBUP400TAB,TabletsCaps
BATCH06643,Medium,Yes,Contract,Hormonal,HORM2,ES,1002,PLANT_SPECIAL,Medium,LEVOHORMIMPL,Units
BATCH03170,High,No,Contract,Injectable,INJ1,UK,32366,PLANT_PARENTERAL,Medium,CEF1GIV,Units
BATCH07336,Low,No,Contract,Device,DEV1,UK,37094,PLANT_SPECIAL,Medium,INHALER,Units
BATCH05061,Low,No,OwnBrand,Capsule,CL1,IT,448422,PLANT_SOLIDS,Medium,OMEP20CAP,TabletsCaps
BATCH04259,Low,No,Contract,Device,DEV2,UK,30678,PLANT_SPECIAL,Medium,INHALER,Units
BATCH06496,Low,No,OwnBrand,Tablet,TL3,ES,332351,PLANT_SOLIDS,Low,PARA500TAB,TabletsCaps
BATCH03202,Low,Yes,Contract,Device,DEV1,UK,16676,PLANT_SPECIAL,Low,INHALER,Units
BATCH07265,High,No,Contract,Injectable,INJ2,UK,36926,PLANT_PARENTERAL,Medium,CEF1GIV,Units
BATCH02072,Low,Yes,OwnBrand,Tablet,TL1,ES,231252,PLANT_SOLIDS,Medium,PARA500TAB,TabletsCaps
BATCH06149,High,No,Contract,Capsule,CL2,DE,176462,PLANT_SOLIDS,Low,AMOX500CAP,TabletsCaps
BATCH06765,Low,Yes,OwnBrand,Tablet,TL3,ES,87500,PLANT_SOLIDS,Low,PARA500TAB,TabletsCaps
BATCH08410,Low,No,OwnBrand,Hormonal,HORM2,PT,46034,PLANT_SPECIAL,Medium,EE30TAB,Units
BATCH00395,Low,No,Contract,Device,DEV1,UK,23524,PLANT_SPECIAL,Medium,INHALER,Units
BATCH01142,Low,Yes,OwnBrand,Capsule,CL2,IT,174839,PLANT_SOLIDS,Low,OMEP20CAP,TabletsCaps
BATCH08044,High,No,Contract,Capsule,CL1,DE,58778,PLANT_SOLIDS,High,AMOX500CAP,TabletsCaps
BATCH00631,Low,No,OwnBrand,Capsule,CL1,IT,482426,PLANT_SOLIDS,Medium,OMEP20CAP,TabletsCaps
BATCH04762,High,Yes,Contract,Capsule,CL1,DE,87865,PLANT_SOLIDS,Low,AMOX500CAP,TabletsCaps
BATCH05020,Medium,No,OwnBrand,Device,DEV2,DE,18048,PLANT_SPECIAL,Medium,INSUPEN,Units
BATCH09918,Medium,No,OwnBrand,Tablet,TL1,FR,406463,PLANT_SOLIDS,Low,IBUP400TAB,TabletsCaps
BATCH09852,Low,No,Contract,Device,DEV2,UK,37968,PLANT_SPECIAL,High,INHALER,Units
BATCH03229,Low,No,OwnBrand,Tablet,TL3,ES,303884,PLANT_SOLIDS,Medium,PARA500TAB,TabletsCaps
BATCH02331,Medium,Yes,OwnBrand,Tablet,TL3,FR,444852,PLANT_SOLIDS,Low,IBUP400TAB,TabletsCaps
BATCH06068,High,No,Contract,Capsule,CL1,DE,166675,PLANT_SOLIDS,Medium,AMOX500CAP,TabletsCaps
BATCH00288,Low,No,Contract,Device,DEV2,UK,27206,PLANT_SPECIAL,Medium,INHALER,Units
BATCH01020,Low,No,OwnBrand,Capsule,CL2,IT,313715,PLANT_SOLIDS,High,OMEP20CAP,TabletsCaps
BATCH00156,Medium,Yes,OwnBrand,Injectable,INJ2,FR,28565,PLANT_PARENTERAL,Low,HEP5000SC,Units
BATCH03865,Medium,No,OwnBrand,Device,DEV2,DE,45589,PLANT_SPECIAL,Medium,INSUPEN,Units
BATCH00948,Low,Yes,OwnBrand,Hormonal,HORM1,PT,25445,PLANT_SPECIAL,Medium,EE30TAB,Units
BATCH09818,Medium,Yes,OwnBrand,Device,DEV1,DE,49351,PLANT_SPECIAL,Medium,INSUPEN,Units
BATCH02332,Low,No,OwnBrand,Tablet,TL2,ES,329855,PLANT_SOLIDS,High,PARA500TAB,TabletsCaps
BATCH03963,Medium,No,OwnBrand,Tablet,TL1,FR,339364,PLANT_SOLIDS,Medium,IBUP400TAB,TabletsCaps
BATCH00188,Medium,No,OwnBrand,Device,DEV2,DE,43736,PLANT_SPECIAL,Medium,INSUPEN,Units
BATCH02165,Low,No,OwnBrand,Capsule,CL2,IT,92603,PLANT_SOLIDS,High,OMEP20CAP,TabletsCaps
BATCH07260,Low,No,OwnBrand,Tablet,TL2,ES,171827,PLANT_SOLIDS,Low,PARA500TAB,TabletsCaps
BATCH04203,Medium,No,OwnBrand,Tablet,TL3,FR,311358,PLANT_SOLIDS,Low,IBUP400TAB,TabletsCaps
BATCH06052,Medium,Yes,OwnBrand,Injectable,INJ1,FR,37543,PLANT_PARENTERAL,Low,HEP5000SC,Units
BATCH05317,High,No,Contract,Capsule,CL2,DE,205363,PLANT_SOLIDS,Low,AMOX500CAP,TabletsCaps
BATCH03335,Low,No,Contract,Device,DEV1,UK,21757,PLANT_SPECIAL,Medium,INHALER,Units
BATCH05494,Low,Yes,OwnBrand,Tablet,TL3,ES,64908,PLANT_SOLIDS,High,PARA500TAB,TabletsCaps
BATCH05650,Low,No,OwnBrand,Tablet,TL1,ES,300703,PLANT_SOLIDS,High,PARA500TAB,TabletsCaps
BATCH08636,Medium,No,OwnBrand,Device,DEV2,DE,21351,PLANT_SPECIAL,Low,INSUPEN,Units
BATCH03543,Medium,Yes,OwnBrand,Injectable,INJ1,FR,37345,PLANT_PARENTERAL,Medium,HEP5000SC,Units
BATCH06943,Medium,No,OwnBrand,Device,DEV1,DE,48887,PLANT_SPECIAL,Medium,INSUPEN,Units
BATCH02752,Medium,No,OwnBrand,Device,DEV2,DE,12758,PLANT_SPECIAL,Low,INSUPEN,Units
BATCH02933,Low,No,Contract,Device,DEV2,UK,19217,PLANT_SPECIAL,Medium,INHALER,Units
BATCH03629,Medium,Yes,OwnBrand,Injectable,INJ1,FR,28221,PLANT_PARENTERAL,High,HEP5000SC,Units
BATCH09298,Low,No,OwnBrand,Tablet,TL1,ES,70348,PLANT_SOLIDS,Low,PARA500TAB,TabletsCaps
BATCH00458,High,Yes,Contract,Injectable,INJ1,UK,38657,PLANT_PARENTERAL,Medium,CEF1GIV,Units
BATCH01290,Medium,No,OwnBrand,Device,DEV1,DE,3406,PLANT_SPECIAL,Medium,INSUPEN,Units
BATCH03944,High,Yes,Contract,Injectable,INJ2,UK,12287,PLANT_PARENTERAL,Medium,CEF1GIV,Units
BATCH03316,High,No,Contract,Capsule,CL2,DE,443082,PLANT_SOLIDS,High,AMOX500CAP,TabletsCaps
BATCH07055,Low,No,Contract,Device,DEV2,UK,18767,PLANT_SPECIAL,Medium,INHALER,Units
BATCH05156,Low,No,OwnBrand,Capsule,CL2,IT,381231,PLANT_SOLIDS,High,OMEP20CAP,TabletsCaps
BATCH02842,Low,No,Contract,Device,DEV1,UK,42096,PLANT_SPECIAL,Medium,INHALER,Units
BATCH05431,Medium,No,Contract,Hormonal,HORM1,ES,31671,PLANT_SPECIAL,Low,LEVOHORMIMPL,Units
BATCH06572,Medium,No,OwnBrand,Tablet,TL2,FR,168065,PLANT_SOLIDS,Low,IBUP400TAB,TabletsCaps
BATCH07181,High,Yes,Contract,Capsule,CL2,DE,56926,PLANT_SOLIDS,Low,AMOX500CAP,TabletsCaps
BATCH03748,Low,No,OwnBrand,Capsule,CL2,IT,53019,PLANT_SOLIDS,Medium,OMEP20CAP,TabletsCaps
BATCH08904,Low,No,OwnBrand,Tablet,TL3,ES,159895,PLANT_SOLIDS,Medium,PARA500TAB,TabletsCaps
BATCH07871,Low,Yes,OwnBrand,Capsule,CL2,IT,201073,PLANT_SOLIDS,Medium,OMEP20CAP,TabletsCaps
BATCH06438,Low,No,Contract,Device,DEV2,UK,23937,PLANT_SPECIAL,Medium,INHALER,Units
BATCH02340,Medium,No,OwnBrand,Tablet,TL3,FR,311629,PLANT_SOLIDS,Medium,IBUP400TAB,TabletsCaps
BATCH05085,Low,No,OwnBrand,Capsule,CL1,IT,252197,PLANT_SOLIDS,High,OMEP20CAP,TabletsCaps
BATCH05673,High,No,Contract,Capsule,CL1,DE,332421,PLANT_SOLIDS,Medium,AMOX500CAP,TabletsCaps
BATCH04511,Low,No,OwnBrand,Capsule,CL2,IT,175827,PLANT_SOLIDS,High,OMEP20CAP,TabletsCaps
BATCH08308,Low,No,OwnBrand,Hormonal,HORM1,PT,30702,PLANT_SPECIAL,Low,EE30TAB,Units
BATCH05055,High,No,Contract,Capsule,CL1,DE,312171,PLANT_SOLIDS,Medium,AMOX500CAP,TabletsCaps
BATCH04371,High,No,Contract,Capsule,CL2,DE,170214,PLANT_SOLIDS,High,AMOX500CAP,TabletsCaps
BATCH02865,Low,No,OwnBrand,Hormonal,HORM1,PT,35965,PLANT_SPECIAL,Medium,EE30TAB,Units
BATCH07228,High,Yes,Contract,Capsule,CL1,DE,459047,PLANT_SOLIDS,Low,AMOX500CAP,TabletsCaps
BATCH09814,Low,No,OwnBrand,Tablet,TL1,ES,179896,PLANT_SOLIDS,Low,PARA500TAB,TabletsCaps
BATCH08493,High,No,Contract,Injectable,INJ1,UK,30328,PLANT_PARENTERAL,Medium,CEF1GIV,Units
BATCH00896,Low,Yes,OwnBrand,Hormonal,HORM1,PT,46588,PLANT_SPECIAL,High,EE30TAB,Units
BATCH07339,Medium,No,OwnBrand,Tablet,TL2,FR,212711,PLANT_SOLIDS,Low,IBUP400TAB,TabletsCaps
BATCH04173,Medium,Yes,OwnBrand,Tablet,TL1,FR,173577,PLANT_SOLIDS,Medium,IBUP400TAB,TabletsCaps
BATCH02493,High,Yes,Contract,Injectable,INJ1,UK,2651,PLANT_PARENTERAL,Medium,CEF1GIV,Units
BATCH09871,Low,No,OwnBrand,Tablet,TL2,ES,149193,PLANT_SOLIDS,High,PARA500TAB,TabletsCaps
BATCH09724,Low,No,OwnBrand,Capsule,CL1,IT,105579,PLANT_SOLIDS,Medium,OMEP20CAP,TabletsCaps
BATCH03153,High,No,Contract,Injectable,INJ1,UK,5375,PLANT_PARENTERAL,Low,CEF1GIV,Units
BATCH04555,Medium,No,OwnBrand,Device,DEV1,DE,19624,PLANT_SPECIAL,Low,INSUPEN,Units
BATCH09246,High,No,Contract,Injectable,INJ1,UK,23569,PLANT_PARENTERAL,Medium,CEF1GIV,Units
BATCH03524,High,No,Contract,Injectable,INJ1,UK,37705,PLANT_PARENTERAL,Low,CEF1GIV,Units
BATCH00329,Medium,No,OwnBrand,Tablet,TL1,FR,253767,PLANT_SOLIDS,Medium,IBUP400TAB,TabletsCaps
BATCH08593,Low,No,OwnBrand,Tablet,TL3,ES,470835,PLANT_SOLIDS,Medium,PARA500TAB,TabletsCaps
BATCH07256,Low,No,OwnBrand,Capsule,CL1,IT,311357,PLANT_SOLIDS,Medium,OMEP20CAP,TabletsCaps
BATCH09997,High,No,Contract,Injectable,INJ2,UK,44698,PLANT_PARENTERAL,Medium,CEF1GIV,Units
BATCH01435,Low,No,OwnBrand,Hormonal,HORM2,PT,38025,PLANT_SPECIAL,High,EE30TAB,Units
BATCH06700,Low,No,OwnBrand,Capsule,CL1,IT,328320,PLANT_SOLIDS,Low,OMEP20CAP,TabletsCaps
BATCH09706,High,No,Contract,Injectable,INJ2,UK,34056,PLANT_PARENTERAL,High,CEF1GIV,Units
BATCH03945,High,No,Contract,Capsule,CL1,DE,312652,PLANT_SOLIDS,Low,AMOX500CAP,TabletsCaps
BATCH05943,High,No,Contract,Injectable,INJ2,UK,11912,PLANT_PARENTERAL,High,CEF1GIV,Units
BATCH05742,Medium,No,OwnBrand,Tablet,TL2,FR,127726,PLANT_SOLIDS,Medium,IBUP400TAB,TabletsCaps
BATCH03481,Medium,No,OwnBrand,Device,DEV1,DE,47470,PLANT_SPECIAL,Low,INSUPEN,Units
BATCH06381,Low,No,Contract,Device,DEV2,UK,30981,PLANT_SPECIAL,Medium,INHALER,Units
BATCH06863,Medium,No,OwnBrand,Device,DEV1,DE,12058,PLANT_SPECIAL,Medium,INSUPEN,Units
BATCH02506,Medium,No,OwnBrand,Tablet,TL1,FR,449064,PLANT_SOLIDS,Medium,IBUP400TAB,TabletsCaps
BATCH04634,Low,No,OwnBrand,Tablet,TL2,ES,148665,PLANT_SOLIDS,High,PARA500TAB,TabletsCaps
BATCH04410,Medium,Yes,Contract,Hormonal,HORM2,ES,1616,PLANT_SPECIAL,Medium,LEVOHORMIMPL,Units
BATCH06487,Medium,No,OwnBrand,Device,DEV2,DE,35742,PLANT_SPECIAL,Low,INSUPEN,Units
BATCH01617,Low,No,OwnBrand,Capsule,CL1,IT,443755,PLANT_SOLIDS,Medium,OMEP20CAP,TabletsCaps
BATCH00304,Medium,Yes,OwnBrand,Injectable,INJ1,FR,24847,PLANT_PARENTERAL,Medium,HEP5000SC,Units
BATCH03611,High,No,Contract,Capsule,CL1,DE,219650,PLANT_SOLIDS,Medium,AMOX500CAP,TabletsCaps
BATCH08882,Low,No,OwnBrand,Tablet,TL1,ES,499979,PLANT_SOLIDS,Medium,PARA500TAB,TabletsCaps
BATCH04818,Medium,No,OwnBrand,Device,DEV1,DE,14487,PLANT_SPECIAL,High,INSUPEN,Units
BATCH01012,Low,No,OwnBrand,Capsule,CL1,IT,244246,PLANT_SOLIDS,Medium,OMEP20CAP,TabletsCaps
BATCH03463,Medium,No,Contract,Hormonal,HORM2,ES,21384,PLANT_SPECIAL,Medium,LEVOHORMIMPL,Units
BATCH00247,Low,Yes,OwnBrand,Capsule,CL1,IT,180091,PLANT_SOLIDS,Medium,OMEP20CAP,TabletsCaps
BATCH04466,Medium,Yes,OwnBrand,Tablet,TL3,FR,306304,PLANT_SOLIDS,High,IBUP400TAB,TabletsCaps
BATCH03240,Medium,Yes,OwnBrand,Tablet,TL2,FR,467640,PLANT_SOLIDS,Low,IBUP400TAB,TabletsCaps
BATCH01645,Medium,Yes,OwnBrand,Device,DEV1,DE,21437,PLANT_SPECIAL,Low,INSUPEN,Units
BATCH03823,High,No,Contract,Capsule,CL2,DE,353541,PLANT_SOLIDS,Medium,AMOX500CAP,TabletsCaps
BATCH05187,Low,Yes,OwnBrand,Capsule,CL1,IT,425760,PLANT_SOLIDS,Medium,OMEP20CAP,TabletsCaps
BATCH05356,Low,No,Contract,Device,DEV1,UK,30916,PLANT_SPECIAL,Low,INHALER,Units
BATCH09188,Medium,No,Contract,Hormonal,HORM1,ES,6021,PLANT_SPECIAL,High,LEVOHORMIMPL,Units
BATCH05201,Medium,Yes,OwnBrand,Device,DEV1,DE,39762,PLANT_SPECIAL,Medium,INSUPEN,Units
BATCH01421,Medium,No,OwnBrand,Device,DEV2,DE,25903,PLANT_SPECIAL,Medium,INSUPEN,Units
BATCH04802,Low,Yes,OwnBrand,Hormonal,HORM2,PT,13493,PLANT_SPECIAL,Medium,EE30TAB,Units
BATCH04184,Medium,No,OwnBrand,Tablet,TL2,FR,239379,PLANT_SOLIDS,Medium,IBUP400TAB,TabletsCaps
BATCH07298,Low,No,OwnBrand,Tablet,TL1,ES,471892,PLANT_SOLIDS,Low,PARA500TAB,TabletsCaps
BATCH00409,High,No,Contract,Capsule,CL2,DE,187985,PLANT_SOLIDS,Medium,AMOX500CAP,TabletsCaps
BATCH09288,Low,No,Contract,Device,DEV2,UK,45858,PLANT_SPECIAL,Low,INHALER,Units
BATCH08082,High,Yes,Contract,Capsule,CL2,DE,395921,PLANT_SOLIDS,Medium,AMOX500CAP,TabletsCaps
BATCH05367,Medium,No,OwnBrand,Injectable,INJ1,FR,15175,PLANT_PARENTERAL,High,HEP5000SC,Units
BATCH08998,High,No,Contract,Capsule,CL2,DE,440246,PLANT_SOLIDS,Medium,AMOX500CAP,TabletsCaps
BATCH01903,High,Yes,Contract,Capsule,CL2,DE,474476,PLANT_SOLIDS,Medium,AMOX500CAP,TabletsCaps
BATCH05005,High,No,Contract,Capsule,CL2,DE,285665,PLANT_SOLIDS,Medium,AMOX500CAP,TabletsCaps
BATCH04777,Medium,No,OwnBrand,Tablet,TL1,FR,373453,PLANT_SOLIDS,Medium,IBUP400TAB,TabletsCaps
BATCH09095,Low,No,OwnBrand,Capsule,CL2,IT,98440,PLANT_SOLIDS,Medium,OMEP20CAP,TabletsCaps
BATCH08429,High,No,Contract,Capsule,CL2,DE,275102,PLANT_SOLIDS,Low,AMOX500CAP,TabletsCaps
BATCH07494,High,No,Contract,Capsule,CL1,DE,263202,PLANT_SOLIDS,Medium,AMOX500CAP,TabletsCaps
BATCH07117,Medium,No,Contract,Hormonal,HORM1,ES,39305,PLANT_SPECIAL,Medium,LEVOHORMIMPL,Units
BATCH09193,Medium,No,OwnBrand,Tablet,TL3,FR,136683,PLANT_SOLIDS,Medium,IBUP400TAB,TabletsCaps
BATCH05320,Medium,No,Contract,Hormonal,HORM2,ES,24873,PLANT_SPECIAL,Low,LEVOHORMIMPL,Units
BATCH03233,Low,No,Contract,Device,DEV1,UK,21472,PLANT_SPECIAL,Medium,INHALER,Units
BATCH08475,Medium,No,Contract,Hormonal,HORM1,ES,44828,PLANT_SPECIAL,Medium,LEVOHORMIMPL,Units
BATCH08596,Low,No,Contract,Device,DEV2,UK,4113,PLANT_SPECIAL,Medium,INHALER,Units
BATCH04416,Medium,No,Contract,Hormonal,HORM2,ES,9723,PLANT_SPECIAL,Low,LEVOHORMIMPL,Units
BATCH05200,Medium,No,OwnBrand,Device,DEV1,DE,9738,PLANT_SPECIAL,Low,INSUPEN,Units
BATCH09500,Low,Yes,OwnBrand,Hormonal,HORM2,PT,7297,PLANT_SPECIAL,High,EE30TAB,Units
BATCH03352,High,No,Contract,Injectable,INJ2,UK,48901,PLANT_PARENTERAL,Low,CEF1GIV,Units
BATCH03574,Low,Yes,Contract,Device,DEV1,UK,30159,PLANT_SPECIAL,Low,INHALER,Units
BATCH04611,Low,No,OwnBrand,Hormonal,HORM2,PT,25354,PLANT_SPECIAL,High,EE30TAB,Units
BATCH07585,High,No,Contract,Capsule,CL2,DE,250639,PLANT_SOLIDS,Medium,AMOX500CAP,TabletsCaps
BATCH09747,Low,No,Contract,Device,DEV2,UK,27524,PLANT_SPECIAL,High,INHALER,Units
BATCH04269,Low,Yes,OwnBrand,Tablet,TL3,ES,385876,PLANT_SOLIDS,Medium,PARA500TAB,TabletsCaps
BATCH09159,Medium,No,OwnBrand,Device,DEV2,DE,7831,PLANT_SPECIAL,High,INSUPEN,Units
BATCH00751,Medium,Yes,OwnBrand,Injectable,INJ2,FR,5925,PLANT_PARENTERAL,Medium,HEP5000SC,Units
BATCH01056,Low,Yes,OwnBrand,Hormonal,HORM2,PT,36484,PLANT_SPECIAL,Low,EE30TAB,Units
BATCH00827,High,Yes,Contract,Capsule,CL1,DE,472503,PLANT_SOLIDS,High,AMOX500CAP,TabletsCaps
BATCH04913,Low,Yes,Contract,Device,DEV2,UK,5591,PLANT_SPECIAL,Medium,INHALER,Units
BATCH04467,Medium,No,OwnBrand,Injectable,INJ1,FR,44658,PLANT_PARENTERAL,Medium,HEP5000SC,Units
BATCH09957,Medium,Yes,OwnBrand,Device,DEV2,DE,41186,PLANT_SPECIAL,High,INSUPEN,Units
BATCH06975,Medium,Yes,Contract,Hormonal,HORM1,ES,26545,PLANT_SPECIAL,Medium,LEVOHORMIMPL,Units
BATCH05718,Low,No,OwnBrand,Tablet,TL2,ES,384270,PLANT_SOLIDS,Medium,PARA500TAB,TabletsCaps
BATCH01237,Medium,No,Contract,Hormonal,HORM2,ES,42487,PLANT_SPECIAL,Medium,LEVOHORMIMPL,Units
BATCH08261,Low,Yes,Contract,Device,DEV2,UK,20650,PLANT_SPECIAL,Medium,INHALER,Units
BATCH01989,Low,No,OwnBrand,Hormonal,HORM2,PT,3992,PLANT_SPECIAL,Medium,EE30TAB,Units
BATCH08199,Low,Yes,OwnBrand,Capsule,CL1,IT,347386,PLANT_SOLIDS,Low,OMEP20CAP,TabletsCaps
BATCH06823,Low,No,OwnBrand,Hormonal,HORM1,PT,40055,PLANT_SPECIAL,Medium,EE30TAB,Units
BATCH07162,High,No,Contract,Injectable,INJ2,UK,42704,PLANT_PARENTERAL,Medium,CEF1GIV,Units
BATCH06857,High,Yes,Contract,Injectable,INJ1,UK,41949,PLANT_PARENTERAL,Medium,CEF1GIV,Units
BATCH06595,Medium,Yes,OwnBrand,Tablet,TL3,FR,465817,PLANT_SOLIDS,Medium,IBUP400TAB,TabletsCaps
BATCH09760,High,No,Contract,Injectable,INJ1,UK,32125,PLANT_PARENTERAL,Medium,CEF1GIV,Units
BATCH04246,Low,No,Contract,Device,DEV2,UK,24300,PLANT_SPECIAL,Low,INHALER,Units
BATCH00032,Low,No,OwnBrand,Hormonal,HORM2,PT,49801,PLANT_SPECIAL,Low,EE30TAB,Units
BATCH01897,High,No,Contract,Capsule,CL2,DE,230381,PLANT_SOLIDS,Medium,AMOX500CAP,TabletsCaps
BATCH02536,High,No,Contract,Capsule,CL1,DE,207603,PLANT_SOLIDS,Medium,AMOX500CAP,TabletsCaps
BATCH09039,Low,No,OwnBrand,Tablet,TL1,ES,401787,PLANT_SOLIDS,Low,PARA500TAB,TabletsCaps
BATCH07368,Low,No,OwnBrand,Hormonal,HORM2,PT,49864,PLANT_SPECIAL,High,EE30TAB,Units
BATCH02721,High,Yes,Contract,Capsule,CL2,DE,60618,PLANT_SOLIDS,High,AMOX500CAP,TabletsCaps
BATCH10000,High,Yes,Contract,Injectable,INJ2,UK,35467,PLANT_PARENTERAL,Low,CEF1GIV,Units
BATCH05601,Low,No,OwnBrand,Tablet,TL3,ES,164802,PLANT_SOLIDS,Medium,PARA500TAB,TabletsCaps
BATCH09353,Low,No,OwnBrand,Hormonal,HORM2,PT,11955,PLANT_SPECIAL,Medium,EE30TAB,Units
BATCH09518,Low,Yes,OwnBrand,Hormonal,HORM2,PT,7946,PLANT_SPECIAL,Medium,EE30TAB,Units
BATCH03558,High,No,Contract,Injectable,INJ2,UK,36345,PLANT_PARENTERAL,High,CEF1GIV,Units
BATCH02533,High,Yes,Contract,Capsule,CL2,DE,85902,PLANT_SOLIDS,Medium,AMOX500CAP,TabletsCaps
BATCH00128,Medium,No,OwnBrand,Injectable,INJ1,FR,48806,PLANT_PARENTERAL,Low,HEP5000SC,Units
BATCH04020,Low,No,OwnBrand,Tablet,TL2,ES,135885,PLANT_SOLIDS,Medium,PARA500TAB,TabletsCaps
BATCH04298,Low,Yes,OwnBrand,Hormonal,HORM1,PT,37896,PLANT_SPECIAL,High,EE30TAB,Units
BATCH03415,High,No,Contract,Injectable,INJ2,UK,9621,PLANT_PARENTERAL,Low,CEF1GIV,Units
BATCH09622,High,Yes,Contract,Capsule,CL1,DE,181912,PLANT_SOLIDS,High,AMOX500CAP,TabletsCaps
BATCH03034,Medium,No,OwnBrand,Device,DEV1,DE,23054,PLANT_SPECIAL,High,INSUPEN,Units
BATCH00663,Low,No,OwnBrand,Hormonal,HORM1,PT,4429,PLANT_SPECIAL,Low,EE30TAB,Units
BATCH09364,Medium,Yes,OwnBrand,Injectable,INJ1,FR,8932,PLANT_PARENTERAL,Medium,HEP5000SC,Units
BATCH00998,Medium,No,OwnBrand,Injectable,INJ1,FR,40434,PLANT_PARENTERAL,Medium,HEP5000SC,Units
BATCH02049,Low,No,OwnBrand,Tablet,TL3,ES,420018,PLANT_SOLIDS,Medium,PARA500TAB,TabletsCaps
BATCH06801,Medium,No,OwnBrand,Tablet,TL1,FR,205117,PLANT_SOLIDS,Low,IBUP400TAB,TabletsCaps
BATCH04643,Low,No,OwnBrand,Capsule,CL1,IT,74899,PLANT_SOLIDS,Low,OMEP20CAP,TabletsCaps
BATCH02064,High,No,Contract,Injectable,INJ2,UK,26663,PLANT_PARENTERAL,High,CEF1GIV,Units
BATCH09901,Medium,No,OwnBrand,Injectable,INJ2,FR,27494,PLANT_PARENTERAL,Medium,HEP5000SC,Units
BATCH05883,Low,Yes,OwnBrand,Hormonal,HORM1,PT,8833,PLANT_SPECIAL,Medium,EE30TAB,Units
BATCH08175,High,No,Contract,Capsule,CL1,DE,408053,PLANT_SOLIDS,Medium,AMOX500CAP,TabletsCaps
BATCH08565,High,Yes,Contract,Capsule,CL2,DE,277289,PLANT_SOLIDS,Medium,AMOX500CAP,TabletsCaps
BATCH01432,High,Yes,Contract,Injectable,INJ1,UK,21597,PLANT_PARENTERAL,Medium,CEF1GIV,Units
BATCH05467,Medium,Yes,OwnBrand,Injectable,INJ1,FR,17938,PLANT_PARENTERAL,Medium,HEP5000SC,Units
BATCH03539,High,No,Contract,Capsule,CL1,DE,294410,PLANT_SOLIDS,High,AMOX500CAP,TabletsCaps
BATCH08539,Low,No,OwnBrand,Capsule,CL2,IT,227839,PLANT_SOLIDS,High,OMEP20CAP,TabletsCaps
BATCH03227,Low,Yes,OwnBrand,Capsule,CL1,IT,62412,PLANT_SOLIDS,High,OMEP20CAP,TabletsCaps
BATCH07422,Medium,No,Contract,Hormonal,HORM2,ES,15001,PLANT_SPECIAL,Low,LEVOHORMIMPL,Units
BATCH04458,Medium,No,Contract,Hormonal,HORM1,ES,5884,PLANT_SPECIAL,Low,LEVOHORMIMPL,Units
BATCH01541,Medium,No,OwnBrand,Injectable,INJ2,FR,19553,PLANT_PARENTERAL,Medium,HEP5000SC,Units
BATCH08192,Low,No,Contract,Device,DEV1,UK,42187,PLANT_SPECIAL,Medium,INHALER,Units
BATCH09139,High,No,Contract,Injectable,INJ1,UK,29788,PLANT_PARENTERAL,High,CEF1GIV,Units
BATCH07520,Low,No,OwnBrand,Capsule,CL1,IT,370696,PLANT_SOLIDS,High,OMEP20CAP,TabletsCaps
BATCH00244,Medium,Yes,OwnBrand,Injectable,INJ1,FR,45706,PLANT_PARENTERAL,Medium,HEP5000SC,Units
BATCH04341,Low,No,OwnBrand,Tablet,TL1,ES,369731,PLANT_SOLIDS,High,PARA500TAB,TabletsCaps
BATCH08374,High,No,Contract,Injectable,INJ2,UK,26015,PLANT_PARENTERAL,High,CEF1GIV,Units
BATCH03654,Medium,No,Contract,Hormonal,HORM1,ES,19399,PLANT_SPECIAL,Medium,LEVOHORMIMPL,Units
BATCH01364,Medium,No,Contract,Hormonal,HORM1,ES,18821,PLANT_SPECIAL,Medium,LEVOHORMIMPL,Units
BATCH04464,Low,No,OwnBrand,Capsule,CL2,IT,299211,PLANT_SOLIDS,Medium,OMEP20CAP,TabletsCaps
BATCH08890,Medium,No,Contract,Hormonal,HORM2,ES,34366,PLANT_SPECIAL,High,LEVOHORMIMPL,Units
BATCH01249,High,No,Contract,Capsule,CL2,DE,262468,PLANT_SOLIDS,High,AMOX500CAP,TabletsCaps
BATCH02213,High,No,Contract,Capsule,CL2,DE,492048,PLANT_SOLIDS,Medium,AMOX500CAP,TabletsCaps
BATCH06913,Medium,No,OwnBrand,Tablet,TL1,FR,282881,PLANT_SOLIDS,Low,IBUP400TAB,TabletsCaps
BATCH07247,Low,No,OwnBrand,Tablet,TL3,ES,352208,PLANT_SOLIDS,Low,PARA500TAB,TabletsCaps
BATCH04503,High,No,Contract,Capsule,CL1,DE,489943,PLANT_SOLIDS,Medium,AMOX500CAP,TabletsCaps
BATCH00511,Low,No,OwnBrand,Hormonal,HORM2,PT,12022,PLANT_SPECIAL,Medium,EE30TAB,Units
BATCH08597,Medium,No,OwnBrand,Injectable,INJ2,FR,19215,PLANT_PARENTERAL,Medium,HEP5000SC,Units
BATCH01545,Low,No,OwnBrand,Hormonal,HORM1,PT,10784,PLANT_SPECIAL,High,EE30TAB,Units
BATCH06555,Medium,No,OwnBrand,Tablet,TL1,FR,207755,PLANT_SOLIDS,Low,IBUP400TAB,TabletsCaps
BATCH09520,Low,No,OwnBrand,Hormonal,HORM1,PT,21948,PLANT_SPECIAL,High,EE30TAB,Units
BATCH08949,Low,Yes,OwnBrand,Capsule,CL1,IT,420706,PLANT_SOLIDS,Low,OMEP20CAP,TabletsCaps
BATCH04593,Low,No,OwnBrand,Hormonal,HORM1,PT,29332,PLANT_SPECIAL,Low,EE30TAB,Units
BATCH04084,Low,No,OwnBrand,Tablet,TL1,ES,442530,PLANT_SOLIDS,High,PARA500TAB,TabletsCaps
BATCH02258,Medium,No,OwnBrand,Tablet,TL1,FR,465930,PLANT_SOLIDS,Medium,IBUP400TAB,TabletsCaps
BATCH09357,Medium,No,OwnBrand,Device,DEV1,DE,37981,PLANT_SPECIAL,Low,INSUPEN,Units
BATCH05099,Medium,Yes,Contract,Hormonal,HORM1,ES,49699,PLANT_SPECIAL,High,LEVOHORMIMPL,Units
BATCH04149,High,No,Contract,Injectable,INJ1,UK,12899,PLANT_PARENTERAL,Medium,CEF1GIV,Units
BATCH03662,Low,Yes,OwnBrand,Tablet,TL3,ES,344029,PLANT_SOLIDS,Medium,PARA500TAB,TabletsCaps
BATCH01681,High,No,Contract,Injectable,INJ2,UK,25274,PLANT_PARENTERAL,Medium,CEF1GIV,Units
BATCH09120,Low,Yes,OwnBrand,Tablet,TL2,ES,84197,PLANT_SOLIDS,High,PARA500TAB,TabletsCaps
BATCH06423,Low,No,OwnBrand,Hormonal,HORM2,PT,11662,PLANT_SPECIAL,Medium,EE30TAB,Units
BATCH03787,High,No,Contract,Capsule,CL1,DE,363172,PLANT_SOLIDS,Medium,AMOX500CAP,TabletsCaps
BATCH08658,Low,No,OwnBrand,Hormonal,HORM1,PT,38853,PLANT_SPECIAL,Medium,EE30TAB,Units
BATCH09789,Medium,No,OwnBrand,Injectable,INJ1,FR,21185,PLANT_PARENTERAL,High,HEP5000SC,Units
BATCH01741,Medium,No,OwnBrand,Device,DEV1,DE,9264,PLANT_SPECIAL,High,INSUPEN,Units
BATCH01309,Low,No,OwnBrand,Tablet,TL1,ES,447599,PLANT_SOLIDS,High,PARA500TAB,TabletsCaps
BATCH02788,High,No,Contract,Capsule,CL2,DE,358025,PLANT_SOLIDS,Low,AMOX500CAP,TabletsCaps
BATCH01144,Low,No,OwnBrand,Tablet,TL2,ES,485869,PLANT_SOLIDS,Medium,PARA500TAB,TabletsCaps
BATCH01324,Medium,Yes,OwnBrand,Tablet,TL2,FR,401938,PLANT_SOLIDS,Medium,IBUP400TAB,TabletsCaps
BATCH00557,Low,No,Contract,Device,DEV2,UK,5509,PLANT_SPECIAL,Low,INHALER,Units
BATCH00518,Low,No,OwnBrand,Tablet,TL1,ES,204521,PLANT_SOLIDS,Medium,PARA500TAB,TabletsCaps
BATCH00010,Medium,No,Contract,Hormonal,HORM1,ES,39123,PLANT_SPECIAL,Low,LEVOHORMIMPL,Units
BATCH04569,Low,No,OwnBrand,Capsule,CL1,IT,333531,PLANT_SOLIDS,Low,OMEP20CAP,TabletsCaps
BATCH02837,Low,No,OwnBrand,Hormonal,HORM1,PT,31065,PLANT_SPECIAL,Medium,EE30TAB,Units
BATCH00421,Low,No,OwnBrand,Hormonal,HORM1,PT,38709,PLANT_SPECIAL,Low,EE30TAB,Units
BATCH03487,Low,No,Contract,Device,DEV2,UK,6433,PLANT_SPECIAL,Low,INHALER,Units
BATCH00981,Low,No,Contract,Device,DEV1,UK,48581,PLANT_SPECIAL,Medium,INHALER,Units
BATCH01709,High,No,Contract,Injectable,INJ1,UK,1852,PLANT_PARENTERAL,Low,CEF1GIV,Units
BATCH00700,High,Yes,Contract,Capsule,CL1,DE,147915,PLANT_SOLIDS,High,AMOX500CAP,TabletsCaps
BATCH08207,Low,No,OwnBrand,Hormonal,HORM1,PT,21539,PLANT_SPECIAL,Medium,EE30TAB,Units
BATCH00367,Medium,No,OwnBrand,Device,DEV1,DE,18596,PLANT_SPECIAL,High,INSUPEN,Units
BATCH06076,Medium,Yes,Contract,Hormonal,HORM1,ES,27110,PLANT_SPECIAL,High,LEVOHORMIMPL,Units
BATCH02061,Low,No,OwnBrand,Hormonal,HORM2,PT,4528,PLANT_SPECIAL,High,EE30TAB,Units
BATCH09149,Medium,No,OwnBrand,Tablet,TL1,FR,486416,PLANT_SOLIDS,Low,IBUP400TAB,TabletsCaps
BATCH00039,Low,No,OwnBrand,Tablet,TL1,ES,204937,PLANT_SOLIDS,High,PARA500TAB,TabletsCaps
BATCH07114,Low,No,Contract,Device,DEV1,UK,45157,PLANT_SPECIAL,Medium,INHALER,Units
BATCH06462,High,No,Contract,Capsule,CL1,DE,122402,PLANT_SOLIDS,High,AMOX500CAP,TabletsCaps
BATCH03322,Low,No,OwnBrand,Tablet,TL2,ES,221299,PLANT_SOLIDS,Medium,PARA500TAB,TabletsCaps
BATCH07756,Low,No,OwnBrand,Tablet,TL1,ES,168830,PLANT_SOLIDS,Medium,PARA500TAB,TabletsCaps
BATCH03046,Medium,No,OwnBrand,Device,DEV1,DE,9567,PLANT_SPECIAL,High,INSUPEN,Units
BATCH02422,Medium,No,OwnBrand,Injectable,INJ1,FR,3780,PLANT_PARENTERAL,Low,HEP5000SC,Units
BATCH08054,Medium,No,Contract,Hormonal,HORM2,ES,38380,PLANT_SPECIAL,Low,LEVOHORMIMPL,Units
BATCH07234,High,No,Contract,Capsule,CL2,DE,383346,PLANT_SOLIDS,Medium,AMOX500CAP,TabletsCaps
BATCH03856,Medium,No,OwnBrand,Tablet,TL1,FR,228841,PLANT_SOLIDS,Medium,IBUP400TAB,TabletsCaps
BATCH00303,Medium,Yes,OwnBrand,Device,DEV1,DE,11633,PLANT_SPECIAL,Low,INSUPEN,Units
BATCH08619,Low,Yes,OwnBrand,Hormonal,HORM1,PT,38673,PLANT_SPECIAL,Medium,EE30TAB,Units
BATCH00686,Medium,No,OwnBrand,Device,DEV1,DE,23635,PLANT_SPECIAL,Medium,INSUPEN,Units
BATCH04830,Medium,No,OwnBrand,Injectable,INJ2,FR,3405,PLANT_PARENTERAL,Medium,HEP5000SC,Units
BATCH03324,Medium,No,Contract,Hormonal,HORM2,ES,41085,PLANT_SPECIAL,Low,LEVOHORMIMPL,Units
BATCH07059,Low,Yes,OwnBrand,Hormonal,HORM2,PT,25911,PLANT_SPECIAL,Medium,EE30TAB,Units
BATCH01311,Low,No,OwnBrand,Capsule,CL2,IT,186173,PLANT_SOLIDS,Medium,OMEP20CAP,TabletsCaps
BATCH08445,Medium,No,Contract,Hormonal,HORM2,ES,39553,PLANT_SPECIAL,High,LEVOHORMIMPL,Units
BATCH09595,Medium,No,OwnBrand,Device,DEV1,DE,8475,PLANT_SPECIAL,Medium,INSUPEN,Units
BATCH09650,High,No,Contract,Capsule,CL1,DE,185713,PLANT_SOLIDS,Medium,AMOX500CAP,TabletsCaps
BATCH01929,Medium,No,OwnBrand,Injectable,INJ2,FR,4580,PLANT_PARENTERAL,Low,HEP5000SC,Units
BATCH06456,Medium,No,OwnBrand,Injectable,INJ2,FR,12612,PLANT_PARENTERAL,High,HEP5000SC,Units
BATCH09778,Medium,Yes,OwnBrand,Device,DEV1,DE,36715,PLANT_SPECIAL,High,INSUPEN,Units
BATCH05764,Medium,No,OwnBrand,Tablet,TL2,FR,474872,PLANT_SOLIDS,Low,IBUP400TAB,TabletsCaps
BATCH01147,Low,Yes,OwnBrand,Capsule,CL1,IT,399006,PLANT_SOLIDS,Medium,OMEP20CAP,TabletsCaps
BATCH03235,Medium,No,OwnBrand,Injectable,INJ1,FR,31624,PLANT_PARENTERAL,Low,HEP5000SC,Units
BATCH00335,Medium,No,OwnBrand,Tablet,TL3,FR,166887,PLANT_SOLIDS,High,IBUP400TAB,TabletsCaps
BATCH00773,Low,No,Contract,Device,DEV2,UK,35692,PLANT_SPECIAL,High,INHALER,Units
BATCH04249,Medium,No,Contract,Hormonal,HORM2,ES,43161,PLANT_SPECIAL,Medium,LEVOHORMIMPL,Units
BATCH00650,Low,Yes,OwnBrand,Hormonal,HORM1,PT,42352,PLANT_SPECIAL,High,EE30TAB,Units
BATCH00271,High,Yes,Contract,Capsule,CL1,DE,271926,PLANT_SOLIDS,High,AMOX500CAP,TabletsCaps
BATCH03296,Low,No,OwnBrand,Tablet,TL1,ES,255753,PLANT_SOLIDS,High,PARA500TAB,TabletsCaps
BATCH05579,Low,Yes,OwnBrand,Hormonal,HORM2,PT,40072,PLANT_SPECIAL,Medium,EE30TAB,Units
BATCH01051,Medium,No,OwnBrand,Tablet,TL1,FR,100853,PLANT_SOLIDS,Low,IBUP400TAB,TabletsCaps
BATCH05517,Low,No,OwnBrand,Hormonal,HORM1,PT,8306,PLANT_SPECIAL,Medium,EE30TAB,Units
BATCH09403,Medium,No,OwnBrand,Device,DEV2,DE,10308,PLANT_SPECIAL,Medium,INSUPEN,Units
BATCH03719,High,No,Contract,Capsule,CL1,DE,365617,PLANT_SOLIDS,Low,AMOX500CAP,TabletsCaps
BATCH09514,Medium,No,OwnBrand,Tablet,TL3,FR,485831,PLANT_SOLIDS,Medium,IBUP400TAB,TabletsCaps
BATCH04395,Medium,Yes,OwnBrand,Injectable,INJ2,FR,43115,PLANT_PARENTERAL,Medium,HEP5000SC,Units
BATCH03284,Low,No,Contract,Device,DEV1,UK,40609,PLANT_SPECIAL,High,INHALER,Units
BATCH08370,Medium,No,Contract,Hormonal,HORM1,ES,17555,PLANT_SPECIAL,High,LEVOHORMIMPL,Units
BATCH07996,Medium,No,OwnBrand,Injectable,INJ2,FR,28886,PLANT_PARENTERAL,Medium,HEP5000SC,Units
BATCH08860,Medium,No,OwnBrand,Tablet,TL2,FR,436528,PLANT_SOLIDS,Medium,IBUP400TAB,TabletsCaps
BATCH04727,Low,No,Contract,Device,DEV2,UK,41208,PLANT_SPECIAL,Medium,INHALER,Units
BATCH00730,Medium,No,OwnBrand,Device,DEV2,DE,4280,PLANT_SPECIAL,Medium,INSUPEN,Units
BATCH02672,Medium,Yes,OwnBrand,Injectable,INJ1,FR,15657,PLANT_PARENTERAL,High,HEP5000SC,Units
BATCH00221,High,No,Contract,Capsule,CL2,DE,101316,PLANT_SOLIDS,Medium,AMOX500CAP,TabletsCaps
BATCH00809,Medium,No,OwnBrand,Tablet,TL2,FR,469174,PLANT_SOLIDS,Medium,IBUP400TAB,TabletsCaps
BATCH08884,High,No,Contract,Injectable,INJ2,UK,38362,PLANT_PARENTERAL,High,CEF1GIV,Units
BATCH05627,Low,No,OwnBrand,Capsule,CL2,IT,489834,PLANT_SOLIDS,Low,OMEP20CAP,TabletsCaps
BATCH05962,High,No,Contract,Capsule,CL1,DE,463518,PLANT_SOLIDS,Medium,AMOX500CAP,TabletsCaps
BATCH09220,Medium,No,Contract,Hormonal,HORM1,ES,32493,PLANT_SPECIAL,High,LEVOHORMIMPL,Units
BATCH06579,High,No,Contract,Capsule,CL1,DE,321727,PLANT_SOLIDS,Medium,AMOX500CAP,TabletsCaps
BATCH02283,High,Yes,Contract,Injectable,INJ2,UK,27340,PLANT_PARENTERAL,High,CEF1GIV,Units
BATCH07074,Medium,No,Contract,Hormonal,HORM1,ES,33818,PLANT_SPECIAL,Medium,LEVOHORMIMPL,Units
BATCH06715,Medium,No,OwnBrand,Injectable,INJ2,FR,48275,PLANT_PARENTERAL,Medium,HEP5000SC,Units
BATCH02522,High,No,Contract,Injectable,INJ2,UK,20555,PLANT_PARENTERAL,High,CEF1GIV,Units
BATCH03287,High,No,Contract,Capsule,CL1,DE,71453,PLANT_SOLIDS,Medium,AMOX500CAP,TabletsCaps
BATCH09326,Low,Yes,OwnBrand,Tablet,TL2,ES,469602,PLANT_SOLIDS,Low,PARA500TAB,TabletsCaps
BATCH00210,Low,Yes,OwnBrand,Hormonal,HORM2,PT,44005,PLANT_SPECIAL,Medium,EE30TAB,Units
BATCH00540,Low,No,OwnBrand,Capsule,CL2,IT,178227,PLANT_SOLIDS,Low,OMEP20CAP,TabletsCaps
BATCH05706,Medium,No,OwnBrand,Tablet,TL2,FR,247225,PLANT_SOLIDS,Medium,IBUP400TAB,TabletsCaps
BATCH04734,Medium,Yes,Contract,Hormonal,HORM2,ES,13177,PLANT_SPECIAL,Medium,LEVOHORMIMPL,Units
BATCH04637,High,No,Contract,Capsule,CL2,DE,276095,PLANT_SOLIDS,Low,AMOX500CAP,TabletsCaps
BATCH05065,Medium,No,OwnBrand,Device,DEV2,DE,17024,PLANT_SPECIAL,Low,INSUPEN,Units
BATCH06930,Medium,No,OwnBrand,Tablet,TL1,FR,428422,PLANT_SOLIDS,High,IBUP400TAB,TabletsCaps
BATCH08217,High,Yes,Contract,Capsule,CL1,DE,172307,PLANT_SOLIDS,Medium,AMOX500CAP,TabletsCaps
BATCH03981,Low,No,OwnBrand,Tablet,TL1,ES,195574,PLANT_SOLIDS,High,PARA500TAB,TabletsCaps
BATCH06628,Low,No,OwnBrand,Capsule,CL2,IT,60153,PLANT_SOLIDS,Low,OMEP20CAP,TabletsCaps
BATCH04571,Medium,Yes,OwnBrand,Injectable,INJ2,FR,41810,PLANT_PARENTERAL,Medium,HEP5000SC,Units
BATCH05191,High,No,Contract,Capsule,CL1,DE,213652,PLANT_SOLIDS,High,AMOX500CAP,TabletsCaps
BATCH06094,Low,No,OwnBrand,Tablet,TL1,ES,102336,PLANT_SOLIDS,Medium,PARA500TAB,TabletsCaps
BATCH04117,High,No,Contract,Injectable,INJ1,UK,3375,PLANT_PARENTERAL,Medium,CEF1GIV,Units
BATCH03909,Low,No,OwnBrand,Hormonal,HORM2,PT,46215,PLANT_SPECIAL,Low,EE30TAB,Units
BATCH09174,Low,No,OwnBrand,Capsule,CL1,IT,409947,PLANT_SOLIDS,High,OMEP20CAP,TabletsCaps
BATCH04520,Medium,No,Contract,Hormonal,HORM1,ES,33076,PLANT_SPECIAL,Low,LEVOHORMIMPL,Units
BATCH06942,Low,No,OwnBrand,Capsule,CL2,IT,127407,PLANT_SOLIDS,Low,OMEP20CAP,TabletsCaps
BATCH07881,Medium,No,OwnBrand,Injectable,INJ1,FR,18633,PLANT_PARENTERAL,High,HEP5000SC,Units
BATCH04992,Medium,No,OwnBrand,Tablet,TL1,FR,480599,PLANT_SOLIDS,Medium,IBUP400TAB,TabletsCaps
BATCH00341,High,No,Contract,Injectable,INJ2,UK,17790,PLANT_PARENTERAL,Medium,CEF1GIV,Units
BATCH01818,Medium,Yes,OwnBrand,Injectable,INJ2,FR,23455,PLANT_PARENTERAL,Low,HEP5000SC,Units
BATCH07328,Low,No,OwnBrand,Tablet,TL2,ES,131148,PLANT_SOLIDS,Medium,PARA500TAB,TabletsCaps
BATCH01125,Low,No,Contract,Device,DEV2,UK,11823,PLANT_SPECIAL,High,INHALER,Units
BATCH07572,Medium,No,Contract,Hormonal,HORM1,ES,24111,PLANT_SPECIAL,High,LEVOHORMIMPL,Units
BATCH09910,High,No,Contract,Injectable,INJ2,UK,40816,PLANT_PARENTERAL,Medium,CEF1GIV,Units
BATCH00509,Low,No,OwnBrand,Tablet,TL2,ES,438842,PLANT_SOLIDS,Medium,PARA500TAB,TabletsCaps
BATCH06202,Low,Yes,Contract,Device,DEV1,UK,16560,PLANT_SPECIAL,Medium,INHALER,Units
BATCH08340,Medium,Yes,OwnBrand,Tablet,TL2,FR,371727,PLANT_SOLIDS,High,IBUP400TAB,TabletsCaps
BATCH01332,Medium,No,OwnBrand,Injectable,INJ2,FR,8924,PLANT_PARENTERAL,High,HEP5000SC,Units
BATCH03075,Medium,Yes,OwnBrand,Injectable,INJ2,FR,4548,PLANT_PARENTERAL,Medium,HEP5000SC,Units
BATCH06541,Medium,No,Contract,Hormonal,HORM1,ES,17976,PLANT_SPECIAL,Medium,LEVOHORMIMPL,Units
BATCH00735,Medium,No,OwnBrand,Injectable,INJ1,FR,27958,PLANT_PARENTERAL,Medium,HEP5000SC,Units
BATCH08359,High,No,Contract,Capsule,CL2,DE,113799,PLANT_SOLIDS,Low,AMOX500CAP,TabletsCaps
BATCH04885,Medium,No,OwnBrand,Injectable,INJ1,FR,26072,PLANT_PARENTERAL,Medium,HEP5000SC,Units
BATCH03958,Medium,No,OwnBrand,Injectable,INJ2,FR,24415,PLANT_PARENTERAL,Low,HEP5000SC,Units
BATCH07645,High,No,Contract,Injectable,INJ2,UK,34402,PLANT_PARENTERAL,Medium,CEF1GIV,Units
BATCH09966,High,No,Contract,Injectable,INJ1,UK,30659,PLANT_PARENTERAL,Low,CEF1GIV,Units
BATCH06105,High,No,Contract,Injectable,INJ1,UK,21494,PLANT_PARENTERAL,Medium,CEF1GIV,Units
BATCH02360,Medium,No,OwnBrand,Tablet,TL1,FR,385508,PLANT_SOLIDS,Medium,IBUP400TAB,TabletsCaps
BATCH03347,Medium,No,OwnBrand,Tablet,TL3,FR,233518,PLANT_SOLIDS,High,IBUP400TAB,TabletsCaps
BATCH02692,Low,No,Contract,Device,DEV1,UK,7899,PLANT_SPECIAL,Medium,INHALER,Units
BATCH01788,Medium,No,OwnBrand,Tablet,TL1,FR,63431,PLANT_SOLIDS,Low,IBUP400TAB,TabletsCaps
BATCH07950,Medium,No,Contract,Hormonal,HORM2,ES,14835,PLANT_SPECIAL,High,LEVOHORMIMPL,Units
BATCH04300,High,No,Contract,Injectable,INJ2,UK,25095,PLANT_PARENTERAL,Medium,CEF1GIV,Units
BATCH03684,Low,No,OwnBrand,Capsule,CL1,IT,498846,PLANT_SOLIDS,High,OMEP20CAP,TabletsCaps
BATCH06146,Medium,Yes,OwnBrand,Device,DEV2,DE,7482,PLANT_SPECIAL,Medium,INSUPEN,Units
BATCH04628,Medium,No,OwnBrand,Tablet,TL3,FR,182320,PLANT_SOLIDS,Medium,IBUP400TAB,TabletsCaps
BATCH01736,Medium,Yes,OwnBrand,Tablet,TL3,FR,66630,PLANT_SOLIDS,Medium,IBUP400TAB,TabletsCaps
BATCH02950,Medium,No,OwnBrand,Injectable,INJ2,FR,37550,PLANT_PARENTERAL,Low,HEP5000SC,Units
BATCH03383,Medium,Yes,OwnBrand,Tablet,TL2,FR,358754,PLANT_SOLIDS,Low,IBUP400TAB,TabletsCaps
BATCH09464,Medium,Yes,OwnBrand,Tablet,TL3,FR,496740,PLANT_SOLIDS,High,IBUP400TAB,TabletsCaps
BATCH08316,Medium,No,OwnBrand,Device,DEV1,DE,43429,PLANT_SPECIAL,Medium,INSUPEN,Units
BATCH07254,High,Yes,Contract,Injectable,INJ1,UK,2818,PLANT_PARENTERAL,Medium,CEF1GIV,Units
BATCH01726,Medium,No,OwnBrand,Injectable,INJ1,FR,49828,PLANT_PARENTERAL,Low,HEP5000SC,Units
BATCH04688,Low,Yes,OwnBrand,Capsule,CL1,IT,295575,PLANT_SOLIDS,Low,OMEP20CAP,TabletsCaps
BATCH08331,High,No,Contract,Capsule,CL2,DE,202112,PLANT_SOLIDS,Low,AMOX500CAP,TabletsCaps
BATCH08666,High,Yes,Contract,Injectable,INJ2,UK,38459,PLANT_PARENTERAL,Low,CEF1GIV,Units
BATCH02226,High,No,Contract,Injectable,INJ1,UK,21599,PLANT_PARENTERAL,Medium,CEF1GIV,Units
BATCH06092,Low,No,OwnBrand,Capsule,CL2,IT,399350,PLANT_SOLIDS,High,OMEP20CAP,TabletsCaps
BATCH08982,Medium,Yes,OwnBrand,Injectable,INJ2,FR,37875,PLANT_PARENTERAL,High,HEP5000SC,Units
BATCH03432,Low,No,OwnBrand,Capsule,CL2,IT,432046,PLANT_SOLIDS,Medium,OMEP20CAP,TabletsCaps
BATCH08150,Low,Yes,OwnBrand,Hormonal,HORM2,PT,1457,PLANT_SPECIAL,Low,EE30TAB,Units
BATCH01479,Low,No,OwnBrand,Capsule,CL1,IT,287234,PLANT_SOLIDS,High,OMEP20CAP,TabletsCaps
BATCH00956,Medium,No,Contract,Hormonal,HORM1,ES,49216,PLANT_SPECIAL,Medium,LEVOHORMIMPL,Units
BATCH06731,Low,No,OwnBrand,Capsule,CL1,IT,437354,PLANT_SOLIDS,High,OMEP20CAP,TabletsCaps
BATCH03095,Medium,Yes,OwnBrand,Injectable,INJ1,FR,39675,PLANT_PARENTERAL,Medium,HEP5000SC,Units
BATCH09047,Low,No,OwnBrand,Hormonal,HORM1,PT,22660,PLANT_SPECIAL,Medium,EE30TAB,Units
BATCH00074,Low,No,Contract,Device,DEV2,UK,42830,PLANT_SPECIAL,Low,INHALER,Units
BATCH06694,Low,Yes,OwnBrand,Tablet,TL1,ES,275831,PLANT_SOLIDS,High,PARA500TAB,TabletsCaps
BATCH01140,High,Yes,Contract,Capsule,CL1,DE,327460,PLANT_SOLIDS,Medium,AMOX500CAP,TabletsCaps
BATCH03327,Low,No,OwnBrand,Capsule,CL2,IT,126873,PLANT_SOLIDS,High,OMEP20CAP,TabletsCaps
BATCH07588,Low,Yes,OwnBrand,Tablet,TL1,ES,374381,PLANT_SOLIDS,Medium,PARA500TAB,TabletsCaps
BATCH05029,Medium,No,Contract,Hormonal,HORM2,ES,38480,PLANT_SPECIAL,High,LEVOHORMIMPL,Units
BATCH03895,Low,No,Contract,Device,DEV2,UK,43597,PLANT_SPECIAL,Medium,INHALER,Units
BATCH08908,Medium,No,OwnBrand,Injectable,INJ1,FR,12218,PLANT_PARENTERAL,Medium,HEP5000SC,Units
BATCH03851,Low,No,OwnBrand,Tablet,TL1,ES,197288,PLANT_SOLIDS,Medium,PARA500TAB,TabletsCaps
BATCH08024,High,No,Contract,Capsule,CL2,DE,348904,PLANT_SOLIDS,Medium,AMOX500CAP,TabletsCaps
BATCH08843,Medium,No,OwnBrand,Tablet,TL3,FR,128343,PLANT_SOLIDS,Medium,IBUP400TAB,TabletsCaps
BATCH07630,High,No,Contract,Capsule,CL1,DE,116648,PLANT_SOLIDS,Low,AMOX500CAP,TabletsCaps
BATCH00393,Medium,Yes,OwnBrand,Injectable,INJ2,FR,23337,PLANT_PARENTERAL,High,HEP5000SC,Units
BATCH00599,Medium,No,OwnBrand,Injectable,INJ1,FR,34189,PLANT_PARENTERAL,Low,HEP5000SC,Units
BATCH08587,Low,No,Contract,Device,DEV1,UK,1241,PLANT_SPECIAL,Medium,INHALER,Units
BATCH05357,High,No,Contract,Injectable,INJ1,UK,32706,PLANT_PARENTERAL,High,CEF1GIV,Units
BATCH00560,High,No,Contract,Capsule,CL2,DE,248154,PLANT_SOLIDS,Medium,AMOX500CAP,TabletsCaps
BATCH01233,Low,Yes,Contract,Device,DEV2,UK,35043,PLANT_SPECIAL,Low,INHALER,Units
BATCH01775,Medium,No,OwnBrand,Tablet,TL1,FR,187995,PLANT_SOLIDS,High,IBUP400TAB,TabletsCaps
BATCH04137,Low,No,OwnBrand,Hormonal,HORM1,PT,34899,PLANT_SPECIAL,Medium,EE30TAB,Units
BATCH03952,Low,No,OwnBrand,Capsule,CL2,IT,192108,PLANT_SOLIDS,Medium,OMEP20CAP,TabletsCaps
BATCH07134,Medium,No,OwnBrand,Injectable,INJ2,FR,12057,PLANT_PARENTERAL,Medium,HEP5000SC,Units
BATCH02881,High,No,Contract,Injectable,INJ2,UK,32542,PLANT_PARENTERAL,Medium,CEF1GIV,Units
BATCH04535,High,Yes,Contract,Capsule,CL2,DE,327407,PLANT_SOLIDS,Medium,AMOX500CAP,TabletsCaps
BATCH07191,High,No,Contract,Injectable,INJ1,UK,25189,PLANT_PARENTERAL,High,CEF1GIV,Units
BATCH03733,Low,Yes,OwnBrand,Tablet,TL1,ES,296133,PLANT_SOLIDS,High,PARA500TAB,TabletsCaps
BATCH09425,Low,Yes,OwnBrand,Capsule,CL1,IT,73619,PLANT_SOLIDS,High,OMEP20CAP,TabletsCaps
BATCH03014,Medium,No,Contract,Hormonal,HORM1,ES,48796,PLANT_SPECIAL,Low,LEVOHORMIMPL,Units
BATCH06564,Low,No,OwnBrand,Capsule,CL2,IT,429650,PLANT_SOLIDS,High,OMEP20CAP,TabletsCaps
BATCH07290,High,No,Contract,Injectable,INJ2,UK,32308,PLANT_PARENTERAL,High,CEF1GIV,Units
BATCH08547,High,Yes,Contract,Capsule,CL2,DE,495279,PLANT_SOLIDS,High,AMOX500CAP,TabletsCaps
BATCH06427,Low,Yes,Contract,Device,DEV1,UK,28934,PLANT_SPECIAL,Low,INHALER,Units
BATCH01406,Medium,Yes,Contract,Hormonal,HORM1,ES,32887,PLANT_SPECIAL,Medium,LEVOHORMIMPL,Units
BATCH04015,High,Yes,Contract,Capsule,CL2,DE,197609,PLANT_SOLIDS,Medium,AMOX500CAP,TabletsCaps
BATCH01312,Low,No,Contract,Device,DEV1,UK,34350,PLANT_SPECIAL,High,INHALER,Units
BATCH02135,Medium,No,OwnBrand,Injectable,INJ2,FR,32783,PLANT_PARENTERAL,Medium,HEP5000SC,Units
BATCH06020,Low,Yes,OwnBrand,Capsule,CL1,IT,204442,PLANT_SOLIDS,Medium,OMEP20CAP,TabletsCaps
BATCH01733,High,No,Contract,Injectable,INJ2,UK,19971,PLANT_PARENTERAL,Low,CEF1GIV,Units
BATCH05082,Low,No,OwnBrand,Capsule,CL1,IT,394388,PLANT_SOLIDS,Low,OMEP20CAP,TabletsCaps
BATCH04631,Medium,No,OwnBrand,Tablet,TL2,FR,384668,PLANT_SOLIDS,Medium,IBUP400TAB,TabletsCaps
BATCH08293,High,No,Contract,Injectable,INJ1,UK,15501,PLANT_PARENTERAL,Medium,CEF1GIV,Units
BATCH01779,High,No,Contract,Injectable,INJ1,UK,25942,PLANT_PARENTERAL,Low,CEF1GIV,Units
BATCH03173,High,No,Contract,Injectable,INJ2,UK,33403,PLANT_PARENTERAL,Low,CEF1GIV,Units
BATCH07831,High,Yes,Contract,Injectable,INJ2,UK,49467,PLANT_PARENTERAL,Low,CEF1GIV,Units
BATCH02858,Low,Yes,OwnBrand,Hormonal,HORM2,PT,29456,PLANT_SPECIAL,Low,EE30TAB,Units
BATCH03410,Low,No,Contract,Device,DEV1,UK,29966,PLANT_SPECIAL,High,INHALER,Units
BATCH08728,Low,No,OwnBrand,Capsule,CL1,IT,358198,PLANT_SOLIDS,Medium,OMEP20CAP,TabletsCaps
BATCH09322,Low,No,OwnBrand,Tablet,TL3,ES,437661,PLANT_SOLIDS,Medium,PARA500TAB,TabletsCaps
BATCH00085,Low,No,OwnBrand,Capsule,CL1,IT,432622,PLANT_SOLIDS,Medium,OMEP20CAP,TabletsCaps
BATCH01004,Low,No,OwnBrand,Hormonal,HORM1,PT,3960,PLANT_SPECIAL,Medium,EE30TAB,Units
BATCH01139,Medium,Yes,OwnBrand,Device,DEV2,DE,15033,PLANT_SPECIAL,Low,INSUPEN,Units
BATCH06380,Low,No,Contract,Device,DEV2,UK,25936,PLANT_SPECIAL,Low,INHALER,Units
BATCH02591,High,No,Contract,Capsule,CL2,DE,311359,PLANT_SOLIDS,Medium,AMOX500CAP,TabletsCaps
BATCH00255,Medium,No,OwnBrand,Tablet,TL3,FR,456994,PLANT_SOLIDS,Medium,IBUP400TAB,TabletsCaps
BATCH08237,High,No,Contract,Capsule,CL2,DE,330949,PLANT_SOLIDS,High,AMOX500CAP,TabletsCaps
BATCH04827,Low,No,OwnBrand,Hormonal,HORM2,PT,17172,PLANT_SPECIAL,Medium,EE30TAB,Units
BATCH06332,Medium,Yes,OwnBrand,Tablet,TL2,FR,402722,PLANT_SOLIDS,Low,IBUP400TAB,TabletsCaps
BATCH04664,High,No,Contract,Capsule,CL2,DE,294800,PLANT_SOLIDS,High,AMOX500CAP,TabletsCaps
BATCH00078,Medium,Yes,Contract,Hormonal,HORM1,ES,9758,PLANT_SPECIAL,High,LEVOHORMIMPL,Units
BATCH00974,High,No,Contract,Capsule,CL1,DE,84063,PLANT_SOLIDS,Medium,AMOX500CAP,TabletsCaps
BATCH01571,Low,No,OwnBrand,Tablet,TL2,ES,313647,PLANT_SOLIDS,Low,PARA500TAB,TabletsCaps
BATCH00729,Medium,Yes,Contract,Hormonal,HORM2,ES,2606,PLANT_SPECIAL,Medium,LEVOHORMIMPL,Units
BATCH00279,Medium,Yes,Contract,Hormonal,HORM2,ES,29641,PLANT_SPECIAL,Medium,LEVOHORMIMPL,Units
BATCH01120,Medium,No,OwnBrand,Injectable,INJ2,FR,48947,PLANT_PARENTERAL,High,HEP5000SC,Units
BATCH05846,Medium,Yes,OwnBrand,Tablet,TL2,FR,343885,PLANT_SOLIDS,High,IBUP400TAB,TabletsCaps
BATCH08086,Medium,No,OwnBrand,Tablet,TL3,FR,109647,PLANT_SOLIDS,Medium,IBUP400TAB,TabletsCaps
BATCH04041,High,Yes,Contract,Capsule,CL1,DE,415115,PLANT_SOLIDS,Medium,AMOX500CAP,TabletsCaps
BATCH04451,Low,No,OwnBrand,Tablet,TL1,ES,376337,PLANT_SOLIDS,Medium,PARA500TAB,TabletsCaps
BATCH08097,Low,No,OwnBrand,Tablet,TL2,ES,403386,PLANT_SOLIDS,Low,PARA500TAB,TabletsCaps
BATCH02927,Low,No,OwnBrand,Tablet,TL1,ES,359589,PLANT_SOLIDS,Medium,PARA500TAB,TabletsCaps
BATCH05600,High,Yes,Contract,Injectable,INJ1,UK,32793,PLANT_PARENTERAL,Low,CEF1GIV,Units
BATCH02241,Low,No,Contract,Device,DEV2,UK,3734,PLANT_SPECIAL,Low,INHALER,Units
BATCH04207,High,Yes,Contract,Capsule,CL1,DE,284918,PLANT_SOLIDS,Medium,AMOX500CAP,TabletsCaps
BATCH08352,Low,No,OwnBrand,Tablet,TL3,ES,236337,PLANT_SOLIDS,High,PARA500TAB,TabletsCaps
BATCH00704,Low,Yes,Contract,Device,DEV2,UK,36365,PLANT_SPECIAL,Medium,INHALER,Units
BATCH07536,High,No,Contract,Injectable,INJ1,UK,22334,PLANT_PARENTERAL,High,CEF1GIV,Units
BATCH02311,Medium,No,OwnBrand,Device,DEV2,DE,16692,PLANT_SPECIAL,Low,INSUPEN,Units
BATCH03907,Medium,Yes,OwnBrand,Injectable,INJ2,FR,46438,PLANT_PARENTERAL,Low,HEP5000SC,Units
BATCH01428,Medium,No,OwnBrand,Injectable,INJ2,FR,11899,PLANT_PARENTERAL,Low,HEP5000SC,Units
BATCH00821,Low,No,OwnBrand,Tablet,TL3,ES,202000,PLANT_SOLIDS,Medium,PARA500TAB,TabletsCaps
BATCH01862,Medium,Yes,OwnBrand,Tablet,TL1,FR,78201,PLANT_SOLIDS,High,IBUP400TAB,TabletsCaps
BATCH01017,Medium,Yes,OwnBrand,Device,DEV1,DE,35663,PLANT_SPECIAL,High,INSUPEN,Units
BATCH00780,High,Yes,Contract,Capsule,CL2,DE,169094,PLANT_SOLIDS,High,AMOX500CAP,TabletsCaps
BATCH00316,Medium,No,OwnBrand,Tablet,TL2,FR,365682,PLANT_SOLIDS,Medium,IBUP400TAB,TabletsCaps
BATCH09348,High,No,Contract,Injectable,INJ2,UK,37339,PLANT_PARENTERAL,Medium,CEF1GIV,Units
BATCH04058,Medium,No,Contract,Hormonal,HORM1,ES,41650,PLANT_SPECIAL,Medium,LEVOHORMIMPL,Units
BATCH01119,High,No,Contract,Injectable,INJ1,UK,20041,PLANT_PARENTERAL,High,CEF1GIV,Units
BATCH04949,Low,No,OwnBrand,Tablet,TL2,ES,139008,PLANT_SOLIDS,Medium,PARA500TAB,TabletsCaps
BATCH08214,Medium,No,Contract,Hormonal,HORM2,ES,43896,PLANT_SPECIAL,Medium,LEVOHORMIMPL,Units
BATCH09880,High,No,Contract,Injectable,INJ1,UK,45086,PLANT_PARENTERAL,Low,CEF1GIV,Units
BATCH06279,Low,No,OwnBrand,Hormonal,HORM1,PT,34973,PLANT_SPECIAL,Medium,EE30TAB,Units
BATCH02653,Low,No,OwnBrand,Capsule,CL1,IT,262359,PLANT_SOLIDS,Medium,OMEP20CAP,TabletsCaps
BATCH05264,Low,Yes,OwnBrand,Tablet,TL3,ES,187488,PLANT_SOLIDS,Medium,PARA500TAB,TabletsCaps
BATCH09993,Medium,No,OwnBrand,Device,DEV2,DE,34110,PLANT_SPECIAL,Medium,INSUPEN,Units
BATCH00783,Low,No,OwnBrand,Hormonal,HORM2,PT,34570,PLANT_SPECIAL,Medium,EE30TAB,Units
BATCH02471,Low,No,OwnBrand,Tablet,TL2,ES,183952,PLANT_SOLIDS,Low,PARA500TAB,TabletsCaps
BATCH06560,Low,No,OwnBrand,Tablet,TL2,ES,396215,PLANT_SOLIDS,Medium,PARA500TAB,TabletsCaps
BATCH07238,Medium,No,Contract,Hormonal,HORM2,ES,45928,PLANT_SPECIAL,Medium,LEVOHORMIMPL,Units
BATCH09250,Low,Yes,OwnBrand,Capsule,CL1,IT,254236,PLANT_SOLIDS,Medium,OMEP20CAP,TabletsCaps
BATCH07596,Low,Yes,OwnBrand,Hormonal,HORM1,PT,40630,PLANT_SPECIAL,Medium,EE30TAB,Units
BATCH08896,Low,Yes,Contract,Device,DEV2,UK,14071,PLANT_SPECIAL,Medium,INHALER,Units
BATCH07720,High,No,Contract,Capsule,CL2,DE,464936,PLANT_SOLIDS,Medium,AMOX500CAP,TabletsCaps
BATCH01405,Medium,Yes,OwnBrand,Injectable,INJ2,FR,1877,PLANT_PARENTERAL,Medium,HEP5000SC,Units
BATCH02073,High,No,Contract,Capsule,CL1,DE,336563,PLANT_SOLIDS,High,AMOX500CAP,TabletsCaps
BATCH03489,Low,No,Contract,Device,DEV1,UK,49454,PLANT_SPECIAL,High,INHALER,Units
BATCH06159,Medium,Yes,Contract,Hormonal,HORM2,ES,6696,PLANT_SPECIAL,Medium,LEVOHORMIMPL,Units
BATCH04393,Medium,Yes,OwnBrand,Injectable,INJ1,FR,30330,PLANT_PARENTERAL,Low,HEP5000SC,Units
BATCH08672,Low,No,OwnBrand,Hormonal,HORM2,PT,16424,PLANT_SPECIAL,Medium,EE30TAB,Units
BATCH00164,High,No,Contract,Injectable,INJ2,UK,23985,PLANT_PARENTERAL,High,CEF1GIV,Units
BATCH03668,Medium,No,Contract,Hormonal,HORM1,ES,20029,PLANT_SPECIAL,High,LEVOHORMIMPL,Units
BATCH09561,Medium,Yes,OwnBrand,Injectable,INJ2,FR,17570,PLANT_PARENTERAL,Low,HEP5000SC,Units
BATCH09690,Low,No,OwnBrand,Tablet,TL1,ES,145040,PLANT_SOLIDS,Medium,PARA500TAB,TabletsCaps
BATCH04800,Low,No,Contract,Device,DEV2,UK,28881,PLANT_SPECIAL,Medium,INHALER,Units
BATCH00918,Low,Yes,OwnBrand,Hormonal,HORM2,PT,35268,PLANT_SPECIAL,Low,EE30TAB,Units
BATCH02636,Low,No,Contract,Device,DEV2,UK,16962,PLANT_SPECIAL,Medium,INHALER,Units
BATCH09902,Medium,No,OwnBrand,Device,DEV1,DE,30165,PLANT_SPECIAL,Medium,INSUPEN,Units
BATCH08141,Medium,No,Contract,Hormonal,HORM2,ES,36505,PLANT_SPECIAL,Low,LEVOHORMIMPL,Units
BATCH03572,Low,No,OwnBrand,Hormonal,HORM1,PT,21294,PLANT_SPECIAL,Low,EE30TAB,Units
BATCH09234,Low,No,OwnBrand,Capsule,CL2,IT,118420,PLANT_SOLIDS,Low,OMEP20CAP,TabletsCaps
BATCH06154,Medium,No,OwnBrand,Device,DEV1,DE,40317,PLANT_SPECIAL,Low,INSUPEN,Units
BATCH06849,Low,No,OwnBrand,Tablet,TL3,ES,330183,PLANT_SOLIDS,Medium,PARA500TAB,TabletsCaps
BATCH01152,Medium,No,OwnBrand,Device,DEV2,DE,3133,PLANT_SPECIAL,Low,INSUPEN,Units
BATCH09644,High,No,Contract,Injectable,INJ2,UK,41664,PLANT_PARENTERAL,High,CEF1GIV,Units
BATCH06551,High,Yes,Contract,Capsule,CL2,DE,259639,PLANT_SOLIDS,High,AMOX500CAP,TabletsCaps
BATCH06691,High,No,Contract,Injectable,INJ2,UK,40978,PLANT_PARENTERAL,Low,CEF1GIV,Units
BATCH08147,Low,No,Contract,Device,DEV1,UK,13123,PLANT_SPECIAL,Low,INHALER,Units
BATCH06071,Low,No,OwnBrand,Capsule,CL1,IT,321011,PLANT_SOLIDS,Medium,OMEP20CAP,TabletsCaps
BATCH07744,High,No,Contract,Injectable,INJ2,UK,46585,PLANT_PARENTERAL,Medium,CEF1GIV,Units
BATCH07017,Medium,No,OwnBrand,Injectable,INJ2,FR,46980,PLANT_PARENTERAL,Low,HEP5000SC,Units
BATCH08662,Medium,No,OwnBrand,Device,DEV1,DE,24674,PLANT_SPECIAL,Low,INSUPEN,Units
BATCH04258,High,No,Contract,Capsule,CL1,DE,324440,PLANT_SOLIDS,Low,AMOX500CAP,TabletsCaps
BATCH02080,High,No,Contract,Capsule,CL2,DE,420681,PLANT_SOLIDS,High,AMOX500CAP,TabletsCaps
BATCH01543,Medium,Yes,Contract,Hormonal,HORM2,ES,8474,PLANT_SPECIAL,Low,LEVOHORMIMPL,Units
BATCH08627,Medium,No,Contract,Hormonal,HORM1,ES,25633,PLANT_SPECIAL,Medium,LEVOHORMIMPL,Units
BATCH07682,Medium,No,OwnBrand,Device,DEV1,DE,27022,PLANT_SPECIAL,Medium,INSUPEN,Units
BATCH05671,Low,Yes,OwnBrand,Hormonal,HORM2,PT,26993,PLANT_SPECIAL,Medium,EE30TAB,Units
BATCH02308,Low,No,Contract,Device,DEV2,UK,7316,PLANT_SPECIAL,Medium,INHALER,Units
BATCH09121,Medium,Yes,OwnBrand,Device,DEV1,DE,46456,PLANT_SPECIAL,High,INSUPEN,Units
BATCH02198,Medium,No,OwnBrand,Tablet,TL3,FR,220964,PLANT_SOLIDS,Medium,IBUP400TAB,TabletsCaps
BATCH02971,Medium,No,Contract,Hormonal,HORM2,ES,12591,PLANT_SPECIAL,Low,LEVOHORMIMPL,Units
BATCH02973,Medium,No,Contract,Hormonal,HORM2,ES,26227,PLANT_SPECIAL,High,LEVOHORMIMPL,Units
BATCH04278,Medium,Yes,OwnBrand,Device,DEV2,DE,5517,PLANT_SPECIAL,Medium,INSUPEN,Units
BATCH02882,Medium,No,OwnBrand,Tablet,TL2,FR,72474,PLANT_SOLIDS,High,IBUP400TAB,TabletsCaps
BATCH03527,Medium,Yes,OwnBrand,Injectable,INJ1,FR,39492,PLANT_PARENTERAL,Medium,HEP5000SC,Units
BATCH04856,Medium,Yes,OwnBrand,Injectable,INJ1,FR,5412,PLANT_PARENTERAL,Medium,HEP5000SC,Units
BATCH00111,Low,Yes,OwnBrand,Hormonal,HORM1,PT,49453,PLANT_SPECIAL,High,EE30TAB,Units
BATCH01585,Low,No,OwnBrand,Tablet,TL1,ES,235913,PLANT_SOLIDS,Medium,PARA500TAB,TabletsCaps
BATCH07702,High,No,Contract,Capsule,CL2,DE,229287,PLANT_SOLIDS,Medium,AMOX500CAP,TabletsCaps
BATCH09292,Low,No,Contract,Device,DEV2,UK,18732,PLANT_SPECIAL,High,INHALER,Units
BATCH08771,Low,No,OwnBrand,Hormonal,HORM2,PT,13534,PLANT_SPECIAL,High,EE30TAB,Units
BATCH08927,Low,No,OwnBrand,Hormonal,HORM1,PT,47162,PLANT_SPECIAL,High,EE30TAB,Units
BATCH08483,High,No,Contract,Capsule,CL2,DE,375030,PLANT_SOLIDS,Medium,AMOX500CAP,TabletsCaps
BATCH06218,Medium,No,OwnBrand,Tablet,TL1,FR,157404,PLANT_SOLIDS,Medium,IBUP400TAB,TabletsCaps
BATCH00639,Medium,Yes,OwnBrand,Injectable,INJ1,FR,42156,PLANT_PARENTERAL,Medium,HEP5000SC,Units
BATCH04176,High,No,Contract,Injectable,INJ2,UK,8640,PLANT_PARENTERAL,Low,CEF1GIV,Units
BATCH04909,High,No,Contract,Capsule,CL1,DE,396059,PLANT_SOLIDS,High,AMOX500CAP,TabletsCaps
BATCH04194,Medium,No,OwnBrand,Device,DEV2,DE,33623,PLANT_SPECIAL,Medium,INSUPEN,Units
BATCH03628,Medium,No,Contract,Hormonal,HORM1,ES,33666,PLANT_SPECIAL,High,LEVOHORMIMPL,Units
BATCH07546,High,No,Contract,Capsule,CL2,DE,433801,PLANT_SOLIDS,Medium,AMOX500CAP,TabletsCaps
BATCH06030,Low,No,OwnBrand,Hormonal,HORM2,PT,16106,PLANT_SPECIAL,Medium,EE30TAB,Units
BATCH01608,Medium,No,OwnBrand,Device,DEV2,DE,39039,PLANT_SPECIAL,Medium,INSUPEN,Units
BATCH00731,Medium,Yes,Contract,Hormonal,HORM2,ES,34126,PLANT_SPECIAL,Medium,LEVOHORMIMPL,Units
BATCH09457,Low,No,OwnBrand,Capsule,CL1,IT,403078,PLANT_SOLIDS,Medium,OMEP20CAP,TabletsCaps
BATCH01510,Low,No,OwnBrand,Capsule,CL2,IT,401436,PLANT_SOLIDS,Low,OMEP20CAP,TabletsCaps
BATCH09671,Medium,No,OwnBrand,Injectable,INJ1,FR,37129,PLANT_PARENTERAL,High,HEP5000SC,Units
BATCH06656,Low,Yes,OwnBrand,Capsule,CL2,IT,359104,PLANT_SOLIDS,Low,OMEP20CAP,TabletsCaps
BATCH06654,Low,No,OwnBrand,Capsule,CL2,IT,317708,PLANT_SOLIDS,Medium,OMEP20CAP,TabletsCaps
BATCH01516,Medium,Yes,OwnBrand,Injectable,INJ2,FR,19254,PLANT_PARENTERAL,Low,HEP5000SC,Units
BATCH09019,Medium,Yes,Contract,Hormonal,HORM1,ES,48124,PLANT_SPECIAL,Medium,LEVOHORMIMPL,Units
BATCH01854,Medium,No,OwnBrand,Tablet,TL2,FR,410549,PLANT_SOLIDS,High,IBUP400TAB,TabletsCaps
BATCH02317,Medium,No,OwnBrand,Tablet,TL2,FR,59953,PLANT_SOLIDS,Low,IBUP400TAB,TabletsCaps
BATCH05605,Low,Yes,Contract,Device,DEV1,UK,25893,PLANT_SPECIAL,High,INHALER,Units
BATCH08477,Medium,No,Contract,Hormonal,HORM2,ES,1703,PLANT_SPECIAL,High,LEVOHORMIMPL,Units
BATCH06392,Low,No,OwnBrand,Capsule,CL2,IT,266844,PLANT_SOLIDS,Medium,OMEP20CAP,TabletsCaps
BATCH03000,High,No,Contract,Injectable,INJ2,UK,43998,PLANT_PARENTERAL,Medium,CEF1GIV,Units
BATCH00590,Low,No,OwnBrand,Capsule,CL1,IT,460130,PLANT_SOLIDS,Low,OMEP20CAP,TabletsCaps
BATCH01074,Low,Yes,OwnBrand,Capsule,CL2,IT,173231,PLANT_SOLIDS,Medium,OMEP20CAP,TabletsCaps
BATCH01014,Medium,No,OwnBrand,Injectable,INJ1,FR,48595,PLANT_PARENTERAL,Low,HEP5000SC,Units
BATCH08626,Medium,Yes,OwnBrand,Tablet,TL3,FR,476110,PLANT_SOLIDS,Medium,IBUP400TAB,TabletsCaps
BATCH09150,Low,No,Contract,Device,DEV2,UK,47637,PLANT_SPECIAL,High,INHALER,Units
BATCH00405,High,No,Contract,Capsule,CL1,DE,147516,PLANT_SOLIDS,High,AMOX500CAP,TabletsCaps
BATCH06432,Low,No,OwnBrand,Tablet,TL1,ES,449546,PLANT_SOLIDS,High,PARA500TAB,TabletsCaps
BATCH09227,Low,No,OwnBrand,Tablet,TL1,ES,135457,PLANT_SOLIDS,Low,PARA500TAB,TabletsCaps
BATCH03978,Medium,No,OwnBrand,Injectable,INJ2,FR,44546,PLANT_PARENTERAL,Medium,HEP5000SC,Units
BATCH08669,Medium,Yes,Contract,Hormonal,HORM2,ES,36410,PLANT_SPECIAL,High,LEVOHORMIMPL,Units
BATCH04120,Low,No,OwnBrand,Capsule,CL2,IT,369311,PLANT_SOLIDS,Low,OMEP20CAP,TabletsCaps
BATCH09830,Low,No,OwnBrand,Tablet,TL2,ES,59133,PLANT_SOLIDS,Low,PARA500TAB,TabletsCaps
BATCH04243,High,No,Contract,Capsule,CL1,DE,343578,PLANT_SOLIDS,Medium,AMOX500CAP,TabletsCaps
BATCH07713,High,No,Contract,Injectable,INJ1,UK,33176,PLANT_PARENTERAL,High,CEF1GIV,Units
BATCH03221,Low,No,OwnBrand,Hormonal,HORM2,PT,31140,PLANT_SPECIAL,Low,EE30TAB,Units
BATCH05340,High,No,Contract,Capsule,CL2,DE,225607,PLANT_SOLIDS,Medium,AMOX500CAP,TabletsCaps
BATCH02584,Medium,No,OwnBrand,Device,DEV1,DE,42411,PLANT_SPECIAL,Medium,INSUPEN,Units
BATCH06453,Low,No,OwnBrand,Tablet,TL2,ES,266295,PLANT_SOLIDS,Medium,PARA500TAB,TabletsCaps
BATCH01750,Low,No,OwnBrand,Hormonal,HORM2,PT,25797,PLANT_SPECIAL,High,EE30TAB,Units
BATCH04480,High,No,Contract,Injectable,INJ2,UK,28990,PLANT_PARENTERAL,Medium,CEF1GIV,Units
BATCH06375,Medium,Yes,OwnBrand,Injectable,INJ2,FR,44889,PLANT_PARENTERAL,Medium,HEP5000SC,Units
BATCH07060,Medium,Yes,OwnBrand,Tablet,TL3,FR,99848,PLANT_SOLIDS,Medium,IBUP400TAB,TabletsCaps
BATCH05027,Medium,Yes,Contract,Hormonal,HORM2,ES,37514,PLANT_SPECIAL,Medium,LEVOHORMIMPL,Units
BATCH06717,High,No,Contract,Injectable,INJ2,UK,22024,PLANT_PARENTERAL,Medium,CEF1GIV,Units
BATCH08140,Low,No,Contract,Device,DEV1,UK,39320,PLANT_SPECIAL,High,INHALER,Units
BATCH04792,Medium,No,Contract,Hormonal,HORM2,ES,19942,PLANT_SPECIAL,Medium,LEVOHORMIMPL,Units
BATCH08838,Medium,Yes,Contract,Hormonal,HORM2,ES,28548,PLANT_SPECIAL,Medium,LEVOHORMIMPL,Units
BATCH01725,High,No,Contract,Capsule,CL2,DE,455554,PLANT_SOLIDS,High,AMOX500CAP,TabletsCaps
BATCH01668,Low,No,Contract,Device,DEV2,UK,24000,PLANT_SPECIAL,Medium,INHALER,Units
BATCH06598,High,Yes,Contract,Injectable,INJ1,UK,40271,PLANT_PARENTERAL,Medium,CEF1GIV,Units
BATCH03480,High,No,Contract,Capsule,CL2,DE,339500,PLANT_SOLIDS,Low,AMOX500CAP,TabletsCaps
BATCH05562,Low,No,OwnBrand,Hormonal,HORM2,PT,14186,PLANT_SPECIAL,High,EE30TAB,Units
BATCH04743,Low,No,OwnBrand,Capsule,CL2,IT,166655,PLANT_SOLIDS,Medium,OMEP20CAP,TabletsCaps
BATCH05415,Medium,No,OwnBrand,Device,DEV2,DE,42062,PLANT_SPECIAL,Medium,INSUPEN,Units
BATCH07595,Medium,No,OwnBrand,Device,DEV2,DE,8531,PLANT_SPECIAL,Low,INSUPEN,Units
BATCH02084,Medium,Yes,Contract,Hormonal,HORM2,ES,1956,PLANT_SPECIAL,Low,LEVOHORMIMPL,Units
BATCH04560,Low,No,OwnBrand,Hormonal,HORM1,PT,9132,PLANT_SPECIAL,High,EE30TAB,Units
BATCH02948,High,Yes,Contract,Injectable,INJ1,UK,35392,PLANT_PARENTERAL,Medium,CEF1GIV,Units
BATCH01061,Medium,No,OwnBrand,Device,DEV2,DE,5281,PLANT_SPECIAL,Medium,INSUPEN,Units
BATCH06124,High,No,Contract,Injectable,INJ2,UK,31899,PLANT_PARENTERAL,Medium,CEF1GIV,Units
BATCH06676,Medium,Yes,OwnBrand,Injectable,INJ2,FR,40695,PLANT_PARENTERAL,Low,HEP5000SC,Units
BATCH01351,High,No,Contract,Capsule,CL1,DE,305781,PLANT_SOLIDS,High,AMOX500CAP,TabletsCaps
BATCH02022,Medium,No,OwnBrand,Injectable,INJ2,FR,28311,PLANT_PARENTERAL,Medium,HEP5000SC,Units
BATCH09908,Low,Yes,Contract,Device,DEV1,UK,18983,PLANT_SPECIAL,Medium,INHALER,Units
BATCH09978,High,No,Contract,Capsule,CL1,DE,407612,PLANT_SOLIDS,High,AMOX500CAP,TabletsCaps
BATCH06178,Low,No,OwnBrand,Capsule,CL2,IT,431579,PLANT_SOLIDS,Medium,OMEP20CAP,TabletsCaps
BATCH04716,Medium,Yes,OwnBrand,Tablet,TL3,FR,278226,PLANT_SOLIDS,High,IBUP400TAB,TabletsCaps
BATCH06644,High,No,Contract,Injectable,INJ2,UK,4900,PLANT_PARENTERAL,High,CEF1GIV,Units
BATCH00134,Medium,No,OwnBrand,Device,DEV2,DE,22089,PLANT_SPECIAL,Medium,INSUPEN,Units
BATCH04981,Medium,No,OwnBrand,Device,DEV2,DE,15756,PLANT_SPECIAL,Medium,INSUPEN,Units
BATCH00200,High,No,Contract,Injectable,INJ2,UK,31570,PLANT_PARENTERAL,Medium,CEF1GIV,Units
BATCH09731,Low,No,OwnBrand,Capsule,CL2,IT,445902,PLANT_SOLIDS,Low,OMEP20CAP,TabletsCaps
BATCH04429,Medium,No,OwnBrand,Device,DEV1,DE,21535,PLANT_SPECIAL,High,INSUPEN,Units
BATCH08306,Low,Yes,Contract,Device,DEV1,UK,32525,PLANT_SPECIAL,High,INHALER,Units
BATCH07107,Low,No,OwnBrand,Hormonal,HORM1,PT,37244,PLANT_SPECIAL,Medium,EE30TAB,Units
BATCH04862,Low,Yes,OwnBrand,Hormonal,HORM1,PT,6139,PLANT_SPECIAL,Medium,EE30TAB,Units
BATCH03117,Low,No,Contract,Device,DEV2,UK,47773,PLANT_SPECIAL,High,INHALER,Units
BATCH07053,Low,No,OwnBrand,Capsule,CL2,IT,156587,PLANT_SOLIDS,High,OMEP20CAP,TabletsCaps
BATCH09300,Low,No,OwnBrand,Tablet,TL1,ES,243151,PLANT_SOLIDS,Medium,PARA500TAB,TabletsCaps
BATCH08710,High,Yes,Contract,Capsule,CL2,DE,360409,PLANT_SOLIDS,Low,AMOX500CAP,TabletsCaps
BATCH09782,High,No,Contract,Capsule,CL1,DE,375577,PLANT_SOLIDS,Medium,AMOX500CAP,TabletsCaps
BATCH06173,Low,No,OwnBrand,Tablet,TL2,ES,218415,PLANT_SOLIDS,Medium,PARA500TAB,TabletsCaps
BATCH09688,Low,Yes,OwnBrand,Hormonal,HORM1,PT,38424,PLANT_SPECIAL,Medium,EE30TAB,Units
BATCH08225,Low,No,OwnBrand,Hormonal,HORM1,PT,49200,PLANT_SPECIAL,Medium,EE30TAB,Units
BATCH08162,Medium,Yes,OwnBrand,Tablet,TL3,FR,85940,PLANT_SOLIDS,Medium,IBUP400TAB,TabletsCaps
BATCH03019,Medium,Yes,Contract,Hormonal,HORM1,ES,14564,PLANT_SPECIAL,Low,LEVOHORMIMPL,Units
BATCH03900,High,Yes,Contract,Capsule,CL2,DE,232433,PLANT_SOLIDS,Medium,AMOX500CAP,TabletsCaps
BATCH03831,High,No,Contract,Capsule,CL2,DE,404897,PLANT_SOLIDS,Medium,AMOX500CAP,TabletsCaps
BATCH05686,Low,No,OwnBrand,Tablet,TL1,ES,163819,PLANT_SOLIDS,Medium,PARA500TAB,TabletsCaps
BATCH06633,Low,No,OwnBrand,Capsule,CL2,IT,145284,PLANT_SOLIDS,Low,OMEP20CAP,TabletsCaps
BATCH02942,Medium,No,OwnBrand,Tablet,TL3,FR,365725,PLANT_SOLIDS,Medium,IBUP400TAB,TabletsCaps
BATCH05159,Medium,No,OwnBrand,Tablet,TL2,FR,223469,PLANT_SOLIDS,Medium,IBUP400TAB,TabletsCaps
BATCH01231,Medium,Yes,OwnBrand,Tablet,TL2,FR,154108,PLANT_SOLIDS,High,IBUP400TAB,TabletsCaps
BATCH03885,High,No,Contract,Injectable,INJ1,UK,36567,PLANT_PARENTERAL,High,CEF1GIV,Units
BATCH07706,Low,No,OwnBrand,Hormonal,HORM2,PT,9918,PLANT_SPECIAL,Medium,EE30TAB,Units
BATCH04339,High,Yes,Contract,Injectable,INJ1,UK,17697,PLANT_PARENTERAL,High,CEF1GIV,Units
BATCH06608,Medium,No,OwnBrand,Injectable,INJ2,FR,18803,PLANT_PARENTERAL,Medium,HEP5000SC,Units
BATCH09252,Medium,No,Contract,Hormonal,HORM1,ES,3689,PLANT_SPECIAL,High,LEVOHORMIMPL,Units
BATCH04521,Medium,No,OwnBrand,Device,DEV2,DE,24418,PLANT_SPECIAL,Medium,INSUPEN,Units
BATCH00140,Medium,Yes,OwnBrand,Injectable,INJ2,FR,41169,PLANT_PARENTERAL,High,HEP5000SC,Units
BATCH02574,Low,No,OwnBrand,Capsule,CL2,IT,412953,PLANT_SOLIDS,Medium,OMEP20CAP,TabletsCaps
BATCH08435,Medium,No,Contract,Hormonal,HORM2,ES,20550,PLANT_SPECIAL,Medium,LEVOHORMIMPL,Units
BATCH03098,High,Yes,Contract,Injectable,INJ1,UK,31391,PLANT_PARENTERAL,High,CEF1GIV,Units
BATCH08942,Low,Yes,OwnBrand,Hormonal,HORM2,PT,32613,PLANT_SPECIAL,Medium,EE30TAB,Units
BATCH03254,Low,No,Contract,Device,DEV2,UK,20057,PLANT_SPECIAL,Medium,INHALER,Units
BATCH08980,Medium,No,OwnBrand,Injectable,INJ1,FR,16765,PLANT_PARENTERAL,Medium,HEP5000SC,Units
BATCH09135,Medium,No,OwnBrand,Device,DEV2,DE,37441,PLANT_SPECIAL,Medium,INSUPEN,Units
BATCH09744,High,No,Contract,Injectable,INJ2,UK,23465,PLANT_PARENTERAL,Low,CEF1GIV,Units
BATCH09543,Medium,No,OwnBrand,Device,DEV2,DE,48602,PLANT_SPECIAL,Medium,INSUPEN,Units
BATCH08101,Medium,No,OwnBrand,Device,DEV2,DE,30898,PLANT_SPECIAL,High,INSUPEN,Units
BATCH00177,High,No,Contract,Injectable,INJ2,UK,37520,PLANT_PARENTERAL,Medium,CEF1GIV,Units
BATCH00520,Medium,No,OwnBrand,Tablet,TL2,FR,462179,PLANT_SOLIDS,High,IBUP400TAB,TabletsCaps
BATCH05190,Low,No,Contract,Device,DEV2,UK,33543,PLANT_SPECIAL,Medium,INHALER,Units
BATCH06152,Medium,No,Contract,Hormonal,HORM2,ES,19477,PLANT_SPECIAL,Low,LEVOHORMIMPL,Units
BATCH00305,High,No,Contract,Injectable,INJ2,UK,25038,PLANT_PARENTERAL,Low,CEF1GIV,Units
BATCH04984,Low,No,OwnBrand,Hormonal,HORM2,PT,4818,PLANT_SPECIAL,Medium,EE30TAB,Units
BATCH08180,Medium,No,OwnBrand,Tablet,TL2,FR,432937,PLANT_SOLIDS,High,IBUP400TAB,TabletsCaps
BATCH07783,Medium,No,OwnBrand,Tablet,TL2,FR,442889,PLANT_SOLIDS,High,IBUP400TAB,TabletsCaps
BATCH06307,High,No,Contract,Capsule,CL1,DE,264527,PLANT_SOLIDS,High,AMOX500CAP,TabletsCaps
BATCH07530,Low,No,OwnBrand,Tablet,TL2,ES,180216,PLANT_SOLIDS,High,PARA500TAB,TabletsCaps
BATCH04408,Medium,No,OwnBrand,Injectable,INJ1,FR,45095,PLANT_PARENTERAL,High,HEP5000SC,Units
BATCH06441,Medium,No,OwnBrand,Tablet,TL1,FR,216338,PLANT_SOLIDS,Medium,IBUP400TAB,TabletsCaps
BATCH06312,Low,Yes,OwnBrand,Capsule,CL1,IT,163061,PLANT_SOLIDS,Medium,OMEP20CAP,TabletsCaps
BATCH06234,Medium,No,OwnBrand,Device,DEV2,DE,38970,PLANT_SPECIAL,Medium,INSUPEN,Units
BATCH08686,Medium,No,Contract,Hormonal,HORM1,ES,36829,PLANT_SPECIAL,Medium,LEVOHORMIMPL,Units
BATCH06191,Medium,No,OwnBrand,Tablet,TL1,FR,289024,PLANT_SOLIDS,Medium,IBUP400TAB,TabletsCaps
BATCH04733,Medium,No,OwnBrand,Device,DEV2,DE,2802,PLANT_SPECIAL,High,INSUPEN,Units
BATCH03099,Medium,Yes,OwnBrand,Device,DEV1,DE,23996,PLANT_SPECIAL,Low,INSUPEN,Units
BATCH08076,Low,Yes,OwnBrand,Hormonal,HORM2,PT,32204,PLANT_SPECIAL,Low,EE30TAB,Units
BATCH07578,Medium,No,Contract,Hormonal,HORM2,ES,7251,PLANT_SPECIAL,Low,LEVOHORMIMPL,Units
BATCH04932,Low,No,OwnBrand,Tablet,TL1,ES,103258,PLANT_SOLIDS,Medium,PARA500TAB,TabletsCaps
BATCH06142,Low,No,Contract,Device,DEV1,UK,13115,PLANT_SPECIAL,Medium,INHALER,Units
BATCH02466,Low,No,OwnBrand,Capsule,CL1,IT,93392,PLANT_SOLIDS,High,OMEP20CAP,TabletsCaps
BATCH07447,Medium,No,OwnBrand,Device,DEV2,DE,2702,PLANT_SPECIAL,Medium,INSUPEN,Units
BATCH07732,Low,No,OwnBrand,Tablet,TL3,ES,76590,PLANT_SOLIDS,Medium,PARA500TAB,TabletsCaps
BATCH01369,High,No,Contract,Capsule,CL2,DE,292419,PLANT_SOLIDS,Low,AMOX500CAP,TabletsCaps
BATCH03323,Medium,No,OwnBrand,Tablet,TL2,FR,292580,PLANT_SOLIDS,High,IBUP400TAB,TabletsCaps
BATCH04604,Low,No,OwnBrand,Tablet,TL3,ES,270790,PLANT_SOLIDS,Low,PARA500TAB,TabletsCaps
BATCH01305,Low,No,OwnBrand,Tablet,TL3,ES,156842,PLANT_SOLIDS,Low,PARA500TAB,TabletsCaps
BATCH04420,Low,Yes,OwnBrand,Hormonal,HORM2,PT,5541,PLANT_SPECIAL,Medium,EE30TAB,Units
BATCH09171,Low,No,OwnBrand,Tablet,TL1,ES,468702,PLANT_SOLIDS,Medium,PARA500TAB,TabletsCaps
BATCH06395,Medium,No,OwnBrand,Tablet,TL2,FR,227204,PLANT_SOLIDS,Low,IBUP400TAB,TabletsCaps
BATCH09750,High,No,Contract,Injectable,INJ2,UK,27537,PLANT_PARENTERAL,Medium,CEF1GIV,Units
BATCH09828,Low,No,OwnBrand,Tablet,TL2,ES,95113,PLANT_SOLIDS,Medium,PARA500TAB,TabletsCaps
BATCH01041,High,Yes,Contract,Injectable,INJ1,UK,43929,PLANT_PARENTERAL,Low,CEF1GIV,Units
BATCH09331,Low,No,OwnBrand,Tablet,TL2,ES,489145,PLANT_SOLIDS,High,PARA500TAB,TabletsCaps
BATCH09733,Medium,Yes,OwnBrand,Injectable,INJ1,FR,17194,PLANT_PARENTERAL,Medium,HEP5000SC,Units
BATCH04343,Medium,Yes,OwnBrand,Injectable,INJ1,FR,23342,PLANT_PARENTERAL,Medium,HEP5000SC,Units
BATCH06567,High,Yes,Contract,Capsule,CL2,DE,488816,PLANT_SOLIDS,High,AMOX500CAP,TabletsCaps
BATCH03068,Low,No,OwnBrand,Hormonal,HORM2,PT,46719,PLANT_SPECIAL,Medium,EE30TAB,Units
BATCH02531,Low,No,OwnBrand,Tablet,TL2,ES,416032,PLANT_SOLIDS,Medium,PARA500TAB,TabletsCaps
BATCH01200,High,No,Contract,Capsule,CL1,DE,432871,PLANT_SOLIDS,Medium,AMOX500CAP,TabletsCaps
BATCH08952,Medium,Yes,Contract,Hormonal,HORM1,ES,43586,PLANT_SPECIAL,Medium,LEVOHORMIMPL,Units
BATCH00090,High,Yes,Contract,Injectable,INJ1,UK,30769,PLANT_PARENTERAL,Medium,CEF1GIV,Units
BATCH05902,Low,No,OwnBrand,Capsule,CL1,IT,236985,PLANT_SOLIDS,Medium,OMEP20CAP,TabletsCaps
BATCH04425,High,No,Contract,Capsule,CL2,DE,308729,PLANT_SOLIDS,Medium,AMOX500CAP,TabletsCaps
BATCH00949,High,Yes,Contract,Injectable,INJ2,UK,32143,PLANT_PARENTERAL,Medium,CEF1GIV,Units
BATCH07731,Low,No,OwnBrand,Hormonal,HORM1,PT,21812,PLANT_SPECIAL,Low,EE30TAB,Units
BATCH00825,Medium,No,Contract,Hormonal,HORM2,ES,8650,PLANT_SPECIAL,High,LEVOHORMIMPL,Units
BATCH02432,Low,Yes,OwnBrand,Hormonal,HORM1,PT,47573,PLANT_SPECIAL,Medium,EE30TAB,Units
BATCH03921,Low,No,Contract,Device,DEV2,UK,6975,PLANT_SPECIAL,High,INHALER,Units
BATCH07124,Medium,No,OwnBrand,Device,DEV1,DE,18617,PLANT_SPECIAL,Medium,INSUPEN,Units
BATCH04157,High,No,Contract,Injectable,INJ1,UK,48154,PLANT_PARENTERAL,Medium,CEF1GIV,Units
BATCH08014,Medium,No,OwnBrand,Injectable,INJ1,FR,1082,PLANT_PARENTERAL,High,HEP5000SC,Units
BATCH05844,High,No,Contract,Capsule,CL1,DE,304644,PLANT_SOLIDS,Medium,AMOX500CAP,TabletsCaps
BATCH02635,Low,Yes,OwnBrand,Hormonal,HORM1,PT,16327,PLANT_SPECIAL,Medium,EE30TAB,Units
BATCH07218,Low,Yes,Contract,Device,DEV2,UK,27867,PLANT_SPECIAL,Medium,INHALER,Units
BATCH03948,High,No,Contract,Capsule,CL2,DE,63278,PLANT_SOLIDS,Medium,AMOX500CAP,TabletsCaps
BATCH09167,Medium,No,Contract,Hormonal,HORM2,ES,36559,PLANT_SPECIAL,Low,LEVOHORMIMPL,Units
BATCH06524,Low,No,OwnBrand,Hormonal,HORM1,PT,13083,PLANT_SPECIAL,Medium,EE30TAB,Units
BATCH06766,High,No,Contract,Capsule,CL2,DE,249785,PLANT_SOLIDS,Low,AMOX500CAP,TabletsCaps
BATCH01247,High,Yes,Contract,Capsule,CL1,DE,141828,PLANT_SOLIDS,Medium,AMOX500CAP,TabletsCaps
BATCH00339,Medium,No,OwnBrand,Tablet,TL3,FR,279011,PLANT_SOLIDS,High,IBUP400TAB,TabletsCaps
BATCH02763,Medium,No,OwnBrand,Tablet,TL3,FR,425413,PLANT_SOLIDS,Low,IBUP400TAB,TabletsCaps
BATCH04524,Medium,No,OwnBrand,Tablet,TL3,FR,131210,PLANT_SOLIDS,Medium,IBUP400TAB,TabletsCaps
BATCH02545,Medium,No,OwnBrand,Tablet,TL3,FR,103750,PLANT_SOLIDS,Medium,IBUP400TAB,TabletsCaps
BATCH08322,Low,No,OwnBrand,Hormonal,HORM1,PT,45855,PLANT_SPECIAL,Medium,EE30TAB,Units
BATCH04051,Low,No,Contract,Device,DEV2,UK,8919,PLANT_SPECIAL,Low,INHALER,Units
BATCH05869,Medium,No,Contract,Hormonal,HORM1,ES,35659,PLANT_SPECIAL,Medium,LEVOHORMIMPL,Units
BATCH08774,Low,Yes,Contract,Device,DEV2,UK,22581,PLANT_SPECIAL,Medium,INHALER,Units
BATCH08639,Medium,No,OwnBrand,Injectable,INJ2,FR,20003,PLANT_PARENTERAL,Medium,HEP5000SC,Units
BATCH08356,Medium,Yes,OwnBrand,Injectable,INJ2,FR,13985,PLANT_PARENTERAL,Medium,HEP5000SC,Units
BATCH07223,Low,No,OwnBrand,Hormonal,HORM2,PT,20130,PLANT_SPECIAL,Medium,EE30TAB,Units
BATCH01650,Low,Yes,OwnBrand,Capsule,CL1,IT,124225,PLANT_SOLIDS,Medium,OMEP20CAP,TabletsCaps
BATCH09018,Medium,No,OwnBrand,Tablet,TL1,FR,121170,PLANT_SOLIDS,Low,IBUP400TAB,TabletsCaps
BATCH01769,Low,No,OwnBrand,Hormonal,HORM1,PT,44128,PLANT_SPECIAL,Medium,EE30TAB,Units
BATCH08481,Low,No,OwnBrand,Tablet,TL2,ES,371232,PLANT_SOLIDS,Medium,PARA500TAB,TabletsCaps
BATCH06830,Medium,No,OwnBrand,Tablet,TL2,FR,325826,PLANT_SOLIDS,Medium,IBUP400TAB,TabletsCaps
BATCH01789,Medium,No,OwnBrand,Tablet,TL2,FR,95329,PLANT_SOLIDS,High,IBUP400TAB,TabletsCaps
BATCH07374,Low,No,OwnBrand,Tablet,TL3,ES,255577,PLANT_SOLIDS,Low,PARA500TAB,TabletsCaps
BATCH03593,High,No,Contract,Injectable,INJ1,UK,22427,PLANT_PARENTERAL,Medium,CEF1GIV,Units
BATCH00236,Medium,Yes,Contract,Hormonal,HORM1,ES,1381,PLANT_SPECIAL,Low,LEVOHORMIMPL,Units
BATCH05023,Low,No,Contract,Device,DEV2,UK,12805,PLANT_SPECIAL,Medium,INHALER,Units
BATCH00052,Low,Yes,OwnBrand,Tablet,TL1,ES,421517,PLANT_SOLIDS,Medium,PARA500TAB,TabletsCaps
BATCH05366,Low,No,OwnBrand,Hormonal,HORM1,PT,34604,PLANT_SPECIAL,Medium,EE30TAB,Units
BATCH04525,Medium,No,Contract,Hormonal,HORM1,ES,8023,PLANT_SPECIAL,Medium,LEVOHORMIMPL,Units
BATCH09606,Low,No,OwnBrand,Tablet,TL3,ES,73683,PLANT_SOLIDS,Low,PARA500TAB,TabletsCaps
BATCH01936,High,No,Contract,Injectable,INJ1,UK,7783,PLANT_PARENTERAL,Medium,CEF1GIV,Units
BATCH04138,Low,No,Contract,Device,DEV1,UK,31338,PLANT_SPECIAL,Low,INHALER,Units
BATCH05246,Low,No,OwnBrand,Tablet,TL1,ES,87837,PLANT_SOLIDS,Low,PARA500TAB,TabletsCaps
BATCH06653,Medium,No,Contract,Hormonal,HORM1,ES,25582,PLANT_SPECIAL,Medium,LEVOHORMIMPL,Units
BATCH05244,Low,No,OwnBrand,Capsule,CL1,IT,418275,PLANT_SOLIDS,Medium,OMEP20CAP,TabletsCaps
BATCH08480,Low,Yes,Contract,Device,DEV1,UK,23672,PLANT_SPECIAL,Low,INHALER,Units
BATCH01870,Medium,No,Contract,Hormonal,HORM1,ES,40861,PLANT_SPECIAL,Low,LEVOHORMIMPL,Units
BATCH07269,Medium,No,OwnBrand,Device,DEV2,DE,48167,PLANT_SPECIAL,Low,INSUPEN,Units
BATCH09786,High,No,Contract,Injectable,INJ1,UK,19055,PLANT_PARENTERAL,High,CEF1GIV,Units
BATCH08599,Medium,No,Contract,Hormonal,HORM1,ES,31154,PLANT_SPECIAL,Medium,LEVOHORMIMPL,Units
BATCH08079,Low,Yes,OwnBrand,Tablet,TL2,ES,256548,PLANT_SOLIDS,Medium,PARA500TAB,TabletsCaps
BATCH04942,Medium,No,Contract,Hormonal,HORM1,ES,37443,PLANT_SPECIAL,High,LEVOHORMIMPL,Units
BATCH06225,Medium,Yes,Contract,Hormonal,HORM2,ES,23880,PLANT_SPECIAL,Medium,LEVOHORMIMPL,Units
BATCH08196,High,Yes,Contract,Capsule,CL2,DE,478514,PLANT_SOLIDS,Medium,AMOX500CAP,TabletsCaps
BATCH01385,Low,Yes,OwnBrand,Tablet,TL1,ES,291326,PLANT_SOLIDS,Medium,PARA500TAB,TabletsCaps
BATCH01768,Low,No,OwnBrand,Hormonal,HORM2,PT,16966,PLANT_SPECIAL,Medium,EE30TAB,Units
BATCH03645,Low,No,OwnBrand,Tablet,TL2,ES,411047,PLANT_SOLIDS,High,PARA500TAB,TabletsCaps
BATCH02713,Low,Yes,OwnBrand,Tablet,TL3,ES,416632,PLANT_SOLIDS,Medium,PARA500TAB,TabletsCaps
BATCH02479,Low,No,OwnBrand,Tablet,TL3,ES,200657,PLANT_SOLIDS,Medium,PARA500TAB,TabletsCaps
BATCH04059,High,No,Contract,Capsule,CL1,DE,86311,PLANT_SOLIDS,Medium,AMOX500CAP,TabletsCaps
BATCH02024,High,No,Contract,Capsule,CL2,DE,285513,PLANT_SOLIDS,Medium,AMOX500CAP,TabletsCaps
BATCH06494,High,Yes,Contract,Capsule,CL1,DE,450309,PLANT_SOLIDS,Medium,AMOX500CAP,TabletsCaps
BATCH00572,Medium,No,OwnBrand,Device,DEV1,DE,46172,PLANT_SPECIAL,Medium,INSUPEN,Units
BATCH08782,Medium,No,Contract,Hormonal,HORM1,ES,15317,PLANT_SPECIAL,Low,LEVOHORMIMPL,Units
BATCH00866,Low,No,Contract,Device,DEV1,UK,12667,PLANT_SPECIAL,Medium,INHALER,Units
BATCH08105,High,No,Contract,Injectable,INJ2,UK,23145,PLANT_PARENTERAL,Medium,CEF1GIV,Units
BATCH03334,Low,No,Contract,Device,DEV2,UK,28179,PLANT_SPECIAL,Medium,INHALER,Units
BATCH00912,Low,No,OwnBrand,Hormonal,HORM2,PT,7428,PLANT_SPECIAL,High,EE30TAB,Units
BATCH05874,High,No,Contract,Injectable,INJ1,UK,4623,PLANT_PARENTERAL,High,CEF1GIV,Units
BATCH00678,Medium,No,Contract,Hormonal,HORM2,ES,29850,PLANT_SPECIAL,Low,LEVOHORMIMPL,Units
BATCH04027,High,No,Contract,Capsule,CL2,DE,157978,PLANT_SOLIDS,Medium,AMOX500CAP,TabletsCaps
BATCH01559,Low,No,OwnBrand,Tablet,TL2,ES,301176,PLANT_SOLIDS,High,PARA500TAB,TabletsCaps
BATCH09935,Low,Yes,OwnBrand,Hormonal,HORM1,PT,27012,PLANT_SPECIAL,Medium,EE30TAB,Units
BATCH02952,Medium,No,Contract,Hormonal,HORM1,ES,42487,PLANT_SPECIAL,High,LEVOHORMIMPL,Units
BATCH07533,Medium,Yes,OwnBrand,Tablet,TL3,FR,61656,PLANT_SOLIDS,Low,IBUP400TAB,TabletsCaps
BATCH02020,Medium,No,OwnBrand,Injectable,INJ1,FR,39292,PLANT_PARENTERAL,Low,HEP5000SC,Units
BATCH04167,Medium,No,OwnBrand,Tablet,TL3,FR,473950,PLANT_SOLIDS,Medium,IBUP400TAB,TabletsCaps
BATCH00017,Low,No,Contract,Device,DEV1,UK,46819,PLANT_SPECIAL,Low,INHALER,Units
BATCH00136,High,No,Contract,Injectable,INJ1,UK,33482,PLANT_PARENTERAL,Low,CEF1GIV,Units
BATCH01824,High,No,Contract,Capsule,CL2,DE,452319,PLANT_SOLIDS,Low,AMOX500CAP,TabletsCaps
BATCH02193,Low,Yes,OwnBrand,Tablet,TL3,ES,311416,PLANT_SOLIDS,High,PARA500TAB,TabletsCaps
BATCH07299,High,No,Contract,Injectable,INJ1,UK,3038,PLANT_PARENTERAL,Medium,CEF1GIV,Units
BATCH02743,Low,No,OwnBrand,Hormonal,HORM1,PT,37831,PLANT_SPECIAL,Medium,EE30TAB,Units
BATCH05903,Medium,No,Contract,Hormonal,HORM1,ES,10607,PLANT_SPECIAL,High,LEVOHORMIMPL,Units
BATCH03820,High,Yes,Contract,Injectable,INJ2,UK,4241,PLANT_PARENTERAL,High,CEF1GIV,Units
BATCH05071,Medium,No,OwnBrand,Injectable,INJ2,FR,15067,PLANT_PARENTERAL,Low,HEP5000SC,Units
BATCH05150,Medium,No,OwnBrand,Device,DEV2,DE,48206,PLANT_SPECIAL,Medium,INSUPEN,Units
BATCH06607,High,No,Contract,Injectable,INJ2,UK,43096,PLANT_PARENTERAL,High,CEF1GIV,Units
BATCH06767,Low,No,OwnBrand,Hormonal,HORM2,PT,6903,PLANT_SPECIAL,Medium,EE30TAB,Units
BATCH06248,Low,Yes,OwnBrand,Hormonal,HORM2,PT,29211,PLANT_SPECIAL,Medium,EE30TAB,Units
BATCH03424,Low,No,OwnBrand,Tablet,TL1,ES,375079,PLANT_SOLIDS,High,PARA500TAB,TabletsCaps
BATCH03092,High,No,Contract,Capsule,CL1,DE,449272,PLANT_SOLIDS,Medium,AMOX500CAP,TabletsCaps
BATCH09225,Low,Yes,Contract,Device,DEV2,UK,32977,PLANT_SPECIAL,Medium,INHALER,Units
BATCH01816,Low,Yes,Contract,Device,DEV2,UK,18202,PLANT_SPECIAL,High,INHALER,Units
BATCH05885,Medium,No,OwnBrand,Injectable,INJ1,FR,5128,PLANT_PARENTERAL,Medium,HEP5000SC,Units
BATCH07077,High,No,Contract,Capsule,CL1,DE,201110,PLANT_SOLIDS,Medium,AMOX500CAP,TabletsCaps
BATCH01276,High,No,Contract,Capsule,CL1,DE,326161,PLANT_SOLIDS,Medium,AMOX500CAP,TabletsCaps
BATCH05634,Low,Yes,OwnBrand,Capsule,CL1,IT,168339,PLANT_SOLIDS,High,OMEP20CAP,TabletsCaps
BATCH03204,Low,Yes,OwnBrand,Hormonal,HORM1,PT,45016,PLANT_SPECIAL,Medium,EE30TAB,Units
BATCH08136,Medium,Yes,OwnBrand,Injectable,INJ2,FR,35237,PLANT_PARENTERAL,Low,HEP5000SC,Units
BATCH09821,Medium,No,Contract,Hormonal,HORM2,ES,24598,PLANT_SPECIAL,Medium,LEVOHORMIMPL,Units
BATCH02155,Low,No,OwnBrand,Capsule,CL1,IT,386720,PLANT_SOLIDS,Low,OMEP20CAP,TabletsCaps
BATCH06291,Low,No,OwnBrand,Tablet,TL3,ES,346578,PLANT_SOLIDS,High,PARA500TAB,TabletsCaps
BATCH02859,Medium,No,OwnBrand,Device,DEV1,DE,21072,PLANT_SPECIAL,High,INSUPEN,Units
BATCH03815,Medium,No,OwnBrand,Injectable,INJ1,FR,43518,PLANT_PARENTERAL,Medium,HEP5000SC,Units
BATCH02754,Medium,No,OwnBrand,Injectable,INJ2,FR,13247,PLANT_PARENTERAL,High,HEP5000SC,Units
BATCH03562,Medium,Yes,OwnBrand,Device,DEV2,DE,19964,PLANT_SPECIAL,Medium,INSUPEN,Units
BATCH03505,Medium,No,Contract,Hormonal,HORM1,ES,48652,PLANT_SPECIAL,Medium,LEVOHORMIMPL,Units
BATCH01742,Medium,No,OwnBrand,Tablet,TL1,FR,146833,PLANT_SOLIDS,Low,IBUP400TAB,TabletsCaps
BATCH02130,Low,No,OwnBrand,Hormonal,HORM2,PT,17496,PLANT_SPECIAL,Low,EE30TAB,Units
BATCH09621,High,No,Contract,Capsule,CL2,DE,419201,PLANT_SOLIDS,Medium,AMOX500CAP,TabletsCaps
BATCH09306,Medium,No,Contract,Hormonal,HORM1,ES,39138,PLANT_SPECIAL,Medium,LEVOHORMIMPL,Units
BATCH08514,High,No,Contract,Capsule,CL1,DE,146679,PLANT_SOLIDS,Medium,AMOX500CAP,TabletsCaps
BATCH07460,Medium,No,Contract,Hormonal,HORM2,ES,27655,PLANT_SPECIAL,Medium,LEVOHORMIMPL,Units
BATCH07212,Low,Yes,OwnBrand,Tablet,TL1,ES,242151,PLANT_SOLIDS,Medium,PARA500TAB,TabletsCaps
BATCH09480,Medium,Yes,OwnBrand,Tablet,TL3,FR,147823,PLANT_SOLIDS,High,IBUP400TAB,TabletsCaps
BATCH00901,Medium,No,OwnBrand,Device,DEV1,DE,22333,PLANT_SPECIAL,Low,INSUPEN,Units
BATCH08738,High,No,Contract,Injectable,INJ2,UK,36782,PLANT_PARENTERAL,High,CEF1GIV,Units
BATCH06708,Low,No,Contract,Device,DEV2,UK,35089,PLANT_SPECIAL,Medium,INHALER,Units
BATCH01372,Medium,No,OwnBrand,Device,DEV2,DE,19086,PLANT_SPECIAL,Medium,INSUPEN,Units
BATCH01360,Low,Yes,OwnBrand,Capsule,CL2,IT,257523,PLANT_SOLIDS,High,OMEP20CAP,TabletsCaps
BATCH03282,Medium,Yes,OwnBrand,Tablet,TL1,FR,66599,PLANT_SOLIDS,High,IBUP400TAB,TabletsCaps
BATCH07574,Low,No,OwnBrand,Tablet,TL2,ES,192942,PLANT_SOLIDS,High,PARA500TAB,TabletsCaps
BATCH00243,High,No,Contract,Injectable,INJ1,UK,32125,PLANT_PARENTERAL,Medium,CEF1GIV,Units
BATCH02203,Medium,No,OwnBrand,Tablet,TL3,FR,417422,PLANT_SOLIDS,Medium,IBUP400TAB,TabletsCaps
BATCH09189,High,No,Contract,Capsule,CL2,DE,220784,PLANT_SOLIDS,High,AMOX500CAP,TabletsCaps
BATCH07714,Medium,No,OwnBrand,Injectable,INJ2,FR,19891,PLANT_PARENTERAL,High,HEP5000SC,Units
BATCH07227,Medium,No,OwnBrand,Injectable,INJ2,FR,1914,PLANT_PARENTERAL,Low,HEP5000SC,Units
BATCH00531,Medium,Yes,OwnBrand,Device,DEV2,DE,47137,PLANT_SPECIAL,Medium,INSUPEN,Units
BATCH05449,Medium,No,OwnBrand,Tablet,TL3,FR,67723,PLANT_SOLIDS,High,IBUP400TAB,TabletsCaps
BATCH09083,Medium,No,OwnBrand,Injectable,INJ2,FR,18875,PLANT_PARENTERAL,Low,HEP5000SC,Units
BATCH05375,Medium,No,Contract,Hormonal,HORM1,ES,12987,PLANT_SPECIAL,Medium,LEVOHORMIMPL,Units
BATCH07901,High,Yes,Contract,Capsule,CL2,DE,239458,PLANT_SOLIDS,Medium,AMOX500CAP,TabletsCaps
BATCH03342,Low,Yes,Contract,Device,DEV2,UK,5183,PLANT_SPECIAL,Low,INHALER,Units
BATCH02145,Medium,No,OwnBrand,Injectable,INJ2,FR,15084,PLANT_PARENTERAL,High,HEP5000SC,Units
BATCH06581,Medium,No,OwnBrand,Device,DEV1,DE,32507,PLANT_SPECIAL,Medium,INSUPEN,Units
BATCH06854,Medium,No,OwnBrand,Device,DEV1,DE,7111,PLANT_SPECIAL,Medium,INSUPEN,Units
BATCH03197,Medium,No,OwnBrand,Injectable,INJ2,FR,24256,PLANT_PARENTERAL,High,HEP5000SC,Units
BATCH04983,Medium,No,OwnBrand,Tablet,TL3,FR,158697,PLANT_SOLIDS,High,IBUP400TAB,TabletsCaps
BATCH06398,Medium,Yes,OwnBrand,Tablet,TL1,FR,376547,PLANT_SOLIDS,Medium,IBUP400TAB,TabletsCaps
BATCH09259,Low,No,Contract,Device,DEV2,UK,43792,PLANT_SPECIAL,Low,INHALER,Units
BATCH03136,High,Yes,Contract,Injectable,INJ2,UK,7164,PLANT_PARENTERAL,High,CEF1GIV,Units
BATCH04993,Low,Yes,Contract,Device,DEV1,UK,3556,PLANT_SPECIAL,High,INHALER,Units
BATCH07647,High,No,Contract,Capsule,CL2,DE,466199,PLANT_SOLIDS,High,AMOX500CAP,TabletsCaps
BATCH08146,High,No,Contract,Capsule,CL1,DE,345790,PLANT_SOLIDS,Medium,AMOX500CAP,TabletsCaps
BATCH02674,Medium,Yes,OwnBrand,Device,DEV1,DE,24691,PLANT_SPECIAL,Medium,INSUPEN,Units
BATCH01304,Medium,Yes,OwnBrand,Injectable,INJ2,FR,17096,PLANT_PARENTERAL,Low,HEP5000SC,Units
BATCH02442,High,No,Contract,Capsule,CL1,DE,206124,PLANT_SOLIDS,Medium,AMOX500CAP,TabletsCaps
BATCH03073,Low,Yes,OwnBrand,Hormonal,HORM2,PT,22438,PLANT_SPECIAL,High,EE30TAB,Units
BATCH00945,Medium,No,OwnBrand,Injectable,INJ1,FR,17251,PLANT_PARENTERAL,Low,HEP5000SC,Units
BATCH07698,Medium,No,OwnBrand,Device,DEV1,DE,18505,PLANT_SPECIAL,Medium,INSUPEN,Units
BATCH03924,Low,No,Contract,Device,DEV2,UK,19956,PLANT_SPECIAL,High,INHALER,Units
BATCH03961,High,Yes,Contract,Injectable,INJ1,UK,4554,PLANT_PARENTERAL,Medium,CEF1GIV,Units
BATCH08608,Medium,Yes,Contract,Hormonal,HORM1,ES,19525,PLANT_SPECIAL,High,LEVOHORMIMPL,Units
BATCH09184,Low,No,OwnBrand,Capsule,CL2,IT,483899,PLANT_SOLIDS,High,OMEP20CAP,TabletsCaps
BATCH08478,High,No,Contract,Injectable,INJ1,UK,14168,PLANT_PARENTERAL,Low,CEF1GIV,Units
BATCH03805,Medium,No,OwnBrand,Injectable,INJ2,FR,41690,PLANT_PARENTERAL,Low,HEP5000SC,Units
BATCH04369,High,No,Contract,Injectable,INJ1,UK,33402,PLANT_PARENTERAL,Medium,CEF1GIV,Units
BATCH04390,High,Yes,Contract,Injectable,INJ1,UK,6678,PLANT_PARENTERAL,Medium,CEF1GIV,Units
BATCH07176,Medium,No,OwnBrand,Tablet,TL1,FR,165914,PLANT_SOLIDS,Low,IBUP400TAB,TabletsCaps
BATCH02983,Medium,Yes,OwnBrand,Injectable,INJ2,FR,31485,PLANT_PARENTERAL,Medium,HEP5000SC,Units
BATCH02030,Low,Yes,Contract,Device,DEV1,UK,30974,PLANT_SPECIAL,Medium,INHALER,Units
BATCH04002,Medium,No,OwnBrand,Device,DEV2,DE,40462,PLANT_SPECIAL,Medium,INSUPEN,Units
BATCH07736,Low,No,Contract,Device,DEV2,UK,4884,PLANT_SPECIAL,Medium,INHALER,Units
BATCH03799,Medium,No,Contract,Hormonal,HORM2,ES,30056,PLANT_SPECIAL,Low,LEVOHORMIMPL,Units
BATCH08457,Low,No,OwnBrand,Hormonal,HORM1,PT,13662,PLANT_SPECIAL,Low,EE30TAB,Units
BATCH04730,Medium,Yes,OwnBrand,Tablet,TL3,FR,397791,PLANT_SOLIDS,Medium,IBUP400TAB,TabletsCaps
BATCH03267,Low,No,Contract,Device,DEV1,UK,23980,PLANT_SPECIAL,Medium,INHALER,Units
BATCH06044,Low,Yes,OwnBrand,Tablet,TL2,ES,299566,PLANT_SOLIDS,Medium,PARA500TAB,TabletsCaps
BATCH07406,High,Yes,Contract,Injectable,INJ2,UK,4161,PLANT_PARENTERAL,Medium,CEF1GIV,Units
BATCH07613,Low,No,OwnBrand,Tablet,TL2,ES,297614,PLANT_SOLIDS,Medium,PARA500TAB,TabletsCaps
BATCH01756,High,No,Contract,Injectable,INJ2,UK,15692,PLANT_PARENTERAL,High,CEF1GIV,Units
BATCH05676,Low,No,OwnBrand,Hormonal,HORM1,PT,47901,PLANT_SPECIAL,Medium,EE30TAB,Units
BATCH00026,Low,No,OwnBrand,Hormonal,HORM1,PT,22904,PLANT_SPECIAL,Medium,EE30TAB,Units
BATCH04093,High,Yes,Contract,Injectable,INJ1,UK,32058,PLANT_PARENTERAL,Medium,CEF1GIV,Units
BATCH03037,Medium,No,Contract,Hormonal,HORM1,ES,32651,PLANT_SPECIAL,Medium,LEVOHORMIMPL,Units
BATCH08360,Low,No,Contract,Device,DEV1,UK,44361,PLANT_SPECIAL,Medium,INHALER,Units
BATCH00532,Low,No,OwnBrand,Tablet,TL1,ES,250279,PLANT_SOLIDS,High,PARA500TAB,TabletsCaps
BATCH09042,High,No,Contract,Injectable,INJ2,UK,16989,PLANT_PARENTERAL,Medium,CEF1GIV,Units
BATCH09494,Low,No,OwnBrand,Capsule,CL2,IT,382583,PLANT_SOLIDS,High,OMEP20CAP,TabletsCaps
BATCH00905,Low,No,OwnBrand,Capsule,CL1,IT,204773,PLANT_SOLIDS,High,OMEP20CAP,TabletsCaps
BATCH08667,Medium,No,OwnBrand,Tablet,TL1,FR,407341,PLANT_SOLIDS,Medium,IBUP400TAB,TabletsCaps
BATCH05667,Low,Yes,OwnBrand,Capsule,CL2,IT,391439,PLANT_SOLIDS,Medium,OMEP20CAP,TabletsCaps
BATCH02929,Low,No,OwnBrand,Tablet,TL3,ES,423939,PLANT_SOLIDS,High,PARA500TAB,TabletsCaps
BATCH02580,Low,No,OwnBrand,Capsule,CL2,IT,399373,PLANT_SOLIDS,Medium,OMEP20CAP,TabletsCaps
BATCH05841,Medium,No,OwnBrand,Tablet,TL2,FR,76561,PLANT_SOLIDS,Medium,IBUP400TAB,TabletsCaps
BATCH06263,Medium,No,Contract,Hormonal,HORM1,ES,13766,PLANT_SPECIAL,High,LEVOHORMIMPL,Units
BATCH09266,Low,Yes,OwnBrand,Tablet,TL1,ES,435149,PLANT_SOLIDS,Low,PARA500TAB,TabletsCaps
BATCH05983,Low,No,OwnBrand,Capsule,CL1,IT,287697,PLANT_SOLIDS,Low,OMEP20CAP,TabletsCaps
BATCH05578,Low,No,OwnBrand,Hormonal,HORM2,PT,31657,PLANT_SPECIAL,High,EE30TAB,Units
BATCH09762,Low,No,OwnBrand,Hormonal,HORM2,PT,49685,PLANT_SPECIAL,Medium,EE30TAB,Units
BATCH09687,Low,Yes,OwnBrand,Tablet,TL2,ES,485422,PLANT_SOLIDS,Medium,PARA500TAB,TabletsCaps
BATCH01841,Medium,No,Contract,Hormonal,HORM2,ES,36219,PLANT_SPECIAL,High,LEVOHORMIMPL,Units
BATCH08157,High,No,Contract,Injectable,INJ1,UK,21254,PLANT_PARENTERAL,Medium,CEF1GIV,Units
BATCH03425,Medium,No,OwnBrand,Injectable,INJ2,FR,42246,PLANT_PARENTERAL,Medium,HEP5000SC,Units
BATCH05616,Low,No,OwnBrand,Hormonal,HORM2,PT,20073,PLANT_SPECIAL,Low,EE30TAB,Units
BATCH05125,Low,No,OwnBrand,Capsule,CL1,IT,178177,PLANT_SOLIDS,Medium,OMEP20CAP,TabletsCaps
BATCH09476,Medium,No,OwnBrand,Tablet,TL3,FR,255458,PLANT_SOLIDS,Medium,IBUP400TAB,TabletsCaps
BATCH00564,Low,No,OwnBrand,Capsule,CL2,IT,490345,PLANT_SOLIDS,High,OMEP20CAP,TabletsCaps
BATCH01191,Low,No,OwnBrand,Tablet,TL3,ES,63408,PLANT_SOLIDS,Medium,PARA500TAB,TabletsCaps
BATCH07565,Medium,No,OwnBrand,Device,DEV1,DE,12862,PLANT_SPECIAL,High,INSUPEN,Units
BATCH02681,High,No,Contract,Injectable,INJ2,UK,8459,PLANT_PARENTERAL,Medium,CEF1GIV,Units
BATCH03348,Low,No,OwnBrand,Tablet,TL2,ES,328394,PLANT_SOLIDS,Medium,PARA500TAB,TabletsCaps
BATCH02926,Medium,No,OwnBrand,Tablet,TL1,FR,471991,PLANT_SOLIDS,Low,IBUP400TAB,TabletsCaps
BATCH07621,Low,Yes,Contract,Device,DEV1,UK,10994,PLANT_SPECIAL,Medium,INHALER,Units
BATCH04746,Low,No,OwnBrand,Tablet,TL3,ES,252042,PLANT_SOLIDS,High,PARA500TAB,TabletsCaps
BATCH05530,High,Yes,Contract,Capsule,CL1,DE,378211,PLANT_SOLIDS,Medium,AMOX500CAP,TabletsCaps
BATCH01915,Medium,No,Contract,Hormonal,HORM2,ES,16912,PLANT_SPECIAL,High,LEVOHORMIMPL,Units
BATCH05521,High,No,Contract,Capsule,CL2,DE,62444,PLANT_SOLIDS,Medium,AMOX500CAP,TabletsCaps
BATCH05996,Low,No,OwnBrand,Capsule,CL1,IT,484039,PLANT_SOLIDS,Medium,OMEP20CAP,TabletsCaps
BATCH02895,Low,Yes,OwnBrand,Hormonal,HORM2,PT,31239,PLANT_SPECIAL,High,EE30TAB,Units
BATCH07066,High,Yes,Contract,Capsule,CL1,DE,122319,PLANT_SOLIDS,Low,AMOX500CAP,TabletsCaps
BATCH07357,High,Yes,Contract,Capsule,CL1,DE,264249,PLANT_SOLIDS,Medium,AMOX500CAP,TabletsCaps
BATCH02651,Medium,No,OwnBrand,Device,DEV2,DE,23710,PLANT_SPECIAL,Medium,INSUPEN,Units
BATCH04562,Medium,No,OwnBrand,Tablet,TL3,FR,194482,PLANT_SOLIDS,High,IBUP400TAB,TabletsCaps
BATCH06346,High,No,Contract,Injectable,INJ1,UK,13357,PLANT_PARENTERAL,Medium,CEF1GIV,Units
BATCH05008,Medium,Yes,OwnBrand,Device,DEV1,DE,33868,PLANT_SPECIAL,Medium,INSUPEN,Units
BATCH07508,Low,Yes,OwnBrand,Tablet,TL2,ES,188438,PLANT_SOLIDS,Low,PARA500TAB,TabletsCaps
BATCH03063,Low,Yes,OwnBrand,Hormonal,HORM1,PT,22563,PLANT_SPECIAL,Medium,EE30TAB,Units
BATCH08863,Low,No,OwnBrand,Capsule,CL1,IT,192964,PLANT_SOLIDS,High,OMEP20CAP,TabletsCaps
BATCH03012,High,No,Contract,Capsule,CL1,DE,264900,PLANT_SOLIDS,Medium,AMOX500CAP,TabletsCaps
BATCH02766,Medium,No,OwnBrand,Injectable,INJ1,FR,35861,PLANT_PARENTERAL,Medium,HEP5000SC,Units
BATCH04938,Low,No,OwnBrand,Tablet,TL2,ES,437015,PLANT_SOLIDS,Medium,PARA500TAB,TabletsCaps
BATCH04987,High,No,Contract,Injectable,INJ1,UK,49181,PLANT_PARENTERAL,Low,CEF1GIV,Units
BATCH06781,Low,No,OwnBrand,Capsule,CL1,IT,318030,PLANT_SOLIDS,Low,OMEP20CAP,TabletsCaps
BATCH07459,Medium,Yes,OwnBrand,Device,DEV2,DE,36595,PLANT_SPECIAL,High,INSUPEN,Units
BATCH05811,Medium,No,Contract,Hormonal,HORM2,ES,34757,PLANT_SPECIAL,Medium,LEVOHORMIMPL,Units
BATCH04131,Medium,No,Contract,Hormonal,HORM2,ES,8277,PLANT_SPECIAL,Medium,LEVOHORMIMPL,Units
BATCH08598,Low,No,OwnBrand,Capsule,CL1,IT,155945,PLANT_SOLIDS,Medium,OMEP20CAP,TabletsCaps
BATCH09694,Medium,Yes,OwnBrand,Device,DEV2,DE,30180,PLANT_SPECIAL,Medium,INSUPEN,Units
BATCH01469,Low,No,Contract,Device,DEV2,UK,36803,PLANT_SPECIAL,Medium,INHALER,Units
BATCH06473,Medium,No,OwnBrand,Device,DEV1,DE,12853,PLANT_SPECIAL,High,INSUPEN,Units
BATCH08932,Medium,No,OwnBrand,Injectable,INJ2,FR,38932,PLANT_PARENTERAL,Low,HEP5000SC,Units
BATCH06583,Medium,No,OwnBrand,Injectable,INJ1,FR,48628,PLANT_PARENTERAL,Low,HEP5000SC,Units
BATCH03178,Medium,No,OwnBrand,Injectable,INJ2,FR,13450,PLANT_PARENTERAL,Medium,HEP5000SC,Units
BATCH02074,Low,No,OwnBrand,Hormonal,HORM2,PT,29284,PLANT_SPECIAL,Medium,EE30TAB,Units
BATCH08080,High,No,Contract,Injectable,INJ2,UK,18896,PLANT_PARENTERAL,Medium,CEF1GIV,Units
BATCH00792,Low,Yes,OwnBrand,Tablet,TL3,ES,174771,PLANT_SOLIDS,High,PARA500TAB,TabletsCaps
BATCH09961,Medium,No,Contract,Hormonal,HORM2,ES,23399,PLANT_SPECIAL,High,LEVOHORMIMPL,Units
BATCH01705,Medium,Yes,OwnBrand,Tablet,TL3,FR,206915,PLANT_SOLIDS,High,IBUP400TAB,TabletsCaps
BATCH08134,Medium,No,OwnBrand,Injectable,INJ1,FR,35272,PLANT_PARENTERAL,Medium,HEP5000SC,Units
BATCH07029,Low,No,Contract,Device,DEV2,UK,21055,PLANT_SPECIAL,Medium,INHALER,Units
BATCH08249,High,No,Contract,Capsule,CL2,DE,90193,PLANT_SOLIDS,Medium,AMOX500CAP,TabletsCaps
BATCH03150,Medium,Yes,OwnBrand,Tablet,TL1,FR,380856,PLANT_SOLIDS,Medium,IBUP400TAB,TabletsCaps
BATCH05321,Low,No,OwnBrand,Capsule,CL2,IT,317879,PLANT_SOLIDS,Medium,OMEP20CAP,TabletsCaps
BATCH03743,Medium,No,OwnBrand,Tablet,TL2,FR,411958,PLANT_SOLIDS,Low,IBUP400TAB,TabletsCaps
BATCH08573,Medium,No,Contract,Hormonal,HORM1,ES,14581,PLANT_SPECIAL,Medium,LEVOHORMIMPL,Units
BATCH04125,Low,No,Contract,Device,DEV1,UK,37753,PLANT_SPECIAL,Low,INHALER,Units
BATCH04985,Low,No,OwnBrand,Hormonal,HORM2,PT,1064,PLANT_SPECIAL,High,EE30TAB,Units
BATCH01948,High,No,Contract,Injectable,INJ2,UK,5529,PLANT_PARENTERAL,Low,CEF1GIV,Units
BATCH05880,Medium,No,Contract,Hormonal,HORM1,ES,48732,PLANT_SPECIAL,Low,LEVOHORMIMPL,Units
BATCH07098,Low,Yes,OwnBrand,Hormonal,HORM1,PT,34354,PLANT_SPECIAL,Medium,EE30TAB,Units
BATCH04974,Medium,Yes,OwnBrand,Tablet,TL1,FR,463714,PLANT_SOLIDS,High,IBUP400TAB,TabletsCaps
BATCH04584,Medium,No,OwnBrand,Tablet,TL1,FR,392704,PLANT_SOLIDS,Medium,IBUP400TAB,TabletsCaps
BATCH06369,Medium,No,OwnBrand,Device,DEV1,DE,12903,PLANT_SPECIAL,Medium,INSUPEN,Units
BATCH03421,Low,No,OwnBrand,Capsule,CL2,IT,97710,PLANT_SOLIDS,Medium,OMEP20CAP,TabletsCaps
BATCH05253,High,No,Contract,Injectable,INJ1,UK,14814,PLANT_PARENTERAL,Medium,CEF1GIV,Units
BATCH06669,Low,No,OwnBrand,Tablet,TL3,ES,110303,PLANT_SOLIDS,High,PARA500TAB,TabletsCaps
BATCH08996,Low,No,OwnBrand,Tablet,TL1,ES,242240,PLANT_SOLIDS,Medium,PARA500TAB,TabletsCaps
BATCH08536,Medium,No,OwnBrand,Injectable,INJ2,FR,46510,PLANT_PARENTERAL,High,HEP5000SC,Units
BATCH05911,Low,Yes,OwnBrand,Tablet,TL2,ES,340215,PLANT_SOLIDS,Low,PARA500TAB,TabletsCaps
BATCH00463,High,No,Contract,Injectable,INJ1,UK,3297,PLANT_PARENTERAL,Medium,CEF1GIV,Units
BATCH08947,Medium,No,Contract,Hormonal,HORM2,ES,26497,PLANT_SPECIAL,Medium,LEVOHORMIMPL,Units
BATCH03356,Medium,No,OwnBrand,Injectable,INJ2,FR,44208,PLANT_PARENTERAL,Low,HEP5000SC,Units
BATCH07664,Low,No,OwnBrand,Hormonal,HORM1,PT,32858,PLANT_SPECIAL,High,EE30TAB,Units
BATCH07377,Low,No,OwnBrand,Capsule,CL1,IT,449689,PLANT_SOLIDS,Medium,OMEP20CAP,TabletsCaps
BATCH00079,Low,No,Contract,Device,DEV2,UK,38873,PLANT_SPECIAL,Medium,INHALER,Units
BATCH04721,Medium,No,Contract,Hormonal,HORM2,ES,18020,PLANT_SPECIAL,Medium,LEVOHORMIMPL,Units
BATCH07199,Medium,No,OwnBrand,Tablet,TL1,FR,372664,PLANT_SOLIDS,Medium,IBUP400TAB,TabletsCaps
BATCH07867,High,No,Contract,Injectable,INJ1,UK,29599,PLANT_PARENTERAL,High,CEF1GIV,Units
BATCH02492,Medium,No,OwnBrand,Injectable,INJ1,FR,18745,PLANT_PARENTERAL,Low,HEP5000SC,Units
BATCH02803,High,No,Contract,Injectable,INJ1,UK,43895,PLANT_PARENTERAL,Medium,CEF1GIV,Units
BATCH03360,Medium,No,OwnBrand,Tablet,TL1,FR,387493,PLANT_SOLIDS,High,IBUP400TAB,TabletsCaps
BATCH02916,Low,No,Contract,Device,DEV1,UK,12150,PLANT_SPECIAL,Medium,INHALER,Units
BATCH06912,Low,No,Contract,Device,DEV1,UK,12890,PLANT_SPECIAL,Medium,INHALER,Units
BATCH02404,High,Yes,Contract,Injectable,INJ2,UK,26280,PLANT_PARENTERAL,Medium,CEF1GIV,Units
BATCH00909,Medium,No,OwnBrand,Tablet,TL2,FR,306489,PLANT_SOLIDS,Medium,IBUP400TAB,TabletsCaps
BATCH05786,High,No,Contract,Injectable,INJ1,UK,5220,PLANT_PARENTERAL,Medium,CEF1GIV,Units
BATCH01151,High,Yes,Contract,Injectable,INJ1,UK,4403,PLANT_PARENTERAL,Low,CEF1GIV,Units
BATCH07052,Medium,No,OwnBrand,Injectable,INJ2,FR,15489,PLANT_PARENTERAL,Medium,HEP5000SC,Units
BATCH02160,Medium,No,Contract,Hormonal,HORM2,ES,31996,PLANT_SPECIAL,Medium,LEVOHORMIMPL,Units
BATCH03731,Medium,No,OwnBrand,Injectable,INJ2,FR,30706,PLANT_PARENTERAL,Low,HEP5000SC,Units
BATCH09921,Low,No,OwnBrand,Hormonal,HORM1,PT,25038,PLANT_SPECIAL,Low,EE30TAB,Units
BATCH08542,Low,No,Contract,Device,DEV1,UK,9435,PLANT_SPECIAL,Medium,INHALER,Units
BATCH09063,Low,No,OwnBrand,Hormonal,HORM2,PT,32771,PLANT_SPECIAL,Medium,EE30TAB,Units
BATCH06538,High,No,Contract,Injectable,INJ2,UK,19749,PLANT_PARENTERAL,Medium,CEF1GIV,Units
BATCH00758,Low,Yes,OwnBrand,Tablet,TL2,ES,493996,PLANT_SOLIDS,High,PARA500TAB,TabletsCaps
BATCH06932,High,Yes,Contract,Injectable,INJ2,UK,48692,PLANT_PARENTERAL,Medium,CEF1GIV,Units
BATCH04587,Low,No,OwnBrand,Hormonal,HORM2,PT,46751,PLANT_SPECIAL,Medium,EE30TAB,Units
BATCH06939,Medium,No,OwnBrand,Tablet,TL1,FR,152883,PLANT_SOLIDS,High,IBUP400TAB,TabletsCaps
BATCH06370,Medium,No,OwnBrand,Device,DEV2,DE,45627,PLANT_SPECIAL,High,INSUPEN,Units
BATCH07905,Low,No,Contract,Device,DEV1,UK,4041,PLANT_SPECIAL,Low,INHALER,Units
BATCH09608,Low,No,OwnBrand,Tablet,TL2,ES,73720,PLANT_SOLIDS,Low,PARA500TAB,TabletsCaps
BATCH05965,High,Yes,Contract,Injectable,INJ2,UK,36307,PLANT_PARENTERAL,High,CEF1GIV,Units
BATCH09915,High,Yes,Contract,Capsule,CL1,DE,345832,PLANT_SOLIDS,Medium,AMOX500CAP,TabletsCaps
BATCH04687,Medium,No,Contract,Hormonal,HORM1,ES,31433,PLANT_SPECIAL,Medium,LEVOHORMIMPL,Units
BATCH06601,Low,No,OwnBrand,Tablet,TL1,ES,222223,PLANT_SOLIDS,Medium,PARA500TAB,TabletsCaps
BATCH02483,High,No,Contract,Capsule,CL2,DE,393276,PLANT_SOLIDS,Low,AMOX500CAP,TabletsCaps
BATCH07337,Low,No,OwnBrand,Tablet,TL3,ES,412885,PLANT_SOLIDS,Medium,PARA500TAB,TabletsCaps
BATCH05076,Medium,No,OwnBrand,Device,DEV1,DE,18199,PLANT_SPECIAL,Medium,INSUPEN,Units
BATCH05475,Low,No,OwnBrand,Tablet,TL1,ES,391649,PLANT_SOLIDS,High,PARA500TAB,TabletsCaps
BATCH04437,Medium,No,OwnBrand,Tablet,TL1,FR,148253,PLANT_SOLIDS,Low,IBUP400TAB,TabletsCaps
BATCH02679,Low,Yes,Contract,Device,DEV2,UK,35582,PLANT_SPECIAL,Medium,INHALER,Units
BATCH09868,Medium,No,OwnBrand,Device,DEV2,DE,44205,PLANT_SPECIAL,Low,INSUPEN,Units
BATCH07065,Low,Yes,OwnBrand,Tablet,TL2,ES,280645,PLANT_SOLIDS,Low,PARA500TAB,TabletsCaps
BATCH02862,Low,No,OwnBrand,Tablet,TL2,ES,484574,PLANT_SOLIDS,Medium,PARA500TAB,TabletsCaps
BATCH07084,Low,Yes,OwnBrand,Hormonal,HORM1,PT,16796,PLANT_SPECIAL,Low,EE30TAB,Units
BATCH09017,Low,Yes,OwnBrand,Capsule,CL2,IT,433997,PLANT_SOLIDS,High,OMEP20CAP,TabletsCaps
BATCH07850,High,No,Contract,Capsule,CL2,DE,167841,PLANT_SOLIDS,Low,AMOX500CAP,TabletsCaps
BATCH07437,High,No,Contract,Capsule,CL2,DE,261029,PLANT_SOLIDS,Medium,AMOX500CAP,TabletsCaps
BATCH09240,Medium,No,Contract,Hormonal,HORM1,ES,39401,PLANT_SPECIAL,Medium,LEVOHORMIMPL,Units
BATCH01342,Low,Yes,OwnBrand,Tablet,TL2,ES,361632,PLANT_SOLIDS,High,PARA500TAB,TabletsCaps
BATCH09257,High,No,Contract,Injectable,INJ2,UK,37209,PLANT_PARENTERAL,Medium,CEF1GIV,Units
BATCH02154,Low,No,OwnBrand,Tablet,TL3,ES,141240,PLANT_SOLIDS,Low,PARA500TAB,TabletsCaps
BATCH06751,Medium,No,OwnBrand,Injectable,INJ1,FR,43141,PLANT_PARENTERAL,High,HEP5000SC,Units
BATCH06300,High,No,Contract,Capsule,CL2,DE,227653,PLANT_SOLIDS,Medium,AMOX500CAP,TabletsCaps
BATCH09175,Low,No,OwnBrand,Tablet,TL1,ES,117226,PLANT_SOLIDS,Medium,PARA500TAB,TabletsCaps
BATCH01168,Low,No,Contract,Device,DEV1,UK,1508,PLANT_SPECIAL,Medium,INHALER,Units
BATCH08876,Low,No,Contract,Device,DEV1,UK,41383,PLANT_SPECIAL,Medium,INHALER,Units
BATCH06639,Medium,No,OwnBrand,Device,DEV1,DE,13555,PLANT_SPECIAL,Low,INSUPEN,Units
BATCH06330,Low,No,OwnBrand,Hormonal,HORM2,PT,25954,PLANT_SPECIAL,Medium,EE30TAB,Units
BATCH01863,Low,No,OwnBrand,Tablet,TL2,ES,66419,PLANT_SOLIDS,High,PARA500TAB,TabletsCaps
BATCH02227,High,No,Contract,Capsule,CL2,DE,375448,PLANT_SOLIDS,Low,AMOX500CAP,TabletsCaps
BATCH00474,Low,No,OwnBrand,Tablet,TL2,ES,206041,PLANT_SOLIDS,Medium,PARA500TAB,TabletsCaps
BATCH08941,Low,No,OwnBrand,Hormonal,HORM1,PT,32433,PLANT_SPECIAL,High,EE30TAB,Units
BATCH03166,High,No,Contract,Capsule,CL1,DE,228764,PLANT_SOLIDS,Medium,AMOX500CAP,TabletsCaps
BATCH09290,Low,No,OwnBrand,Tablet,TL1,ES,275452,PLANT_SOLIDS,Low,PARA500TAB,TabletsCaps
BATCH04068,Medium,No,OwnBrand,Device,DEV1,DE,47008,PLANT_SPECIAL,High,INSUPEN,Units
BATCH00944,Medium,No,OwnBrand,Injectable,INJ2,FR,27119,PLANT_PARENTERAL,Low,HEP5000SC,Units
BATCH07660,Medium,No,OwnBrand,Tablet,TL1,FR,145868,PLANT_SOLIDS,Medium,IBUP400TAB,TabletsCaps
BATCH00245,Low,No,OwnBrand,Capsule,CL1,IT,387969,PLANT_SOLIDS,Medium,OMEP20CAP,TabletsCaps
BATCH09835,Medium,Yes,OwnBrand,Injectable,INJ1,FR,17354,PLANT_PARENTERAL,Low,HEP5000SC,Units
BATCH07947,High,No,Contract,Injectable,INJ2,UK,15171,PLANT_PARENTERAL,Medium,CEF1GIV,Units
BATCH01377,High,No,Contract,Injectable,INJ2,UK,43111,PLANT_PARENTERAL,Low,CEF1GIV,Units
BATCH05064,High,Yes,Contract,Injectable,INJ2,UK,16155,PLANT_PARENTERAL,High,CEF1GIV,Units
BATCH08100,Medium,Yes,OwnBrand,Injectable,INJ2,FR,8247,PLANT_PARENTERAL,Low,HEP5000SC,Units
BATCH05897,Medium,No,OwnBrand,Injectable,INJ2,FR,37778,PLANT_PARENTERAL,Medium,HEP5000SC,Units
BATCH07311,High,No,Contract,Injectable,INJ2,UK,26651,PLANT_PARENTERAL,Low,CEF1GIV,Units
BATCH03257,Medium,No,OwnBrand,Tablet,TL3,FR,357222,PLANT_SOLIDS,Medium,IBUP400TAB,TabletsCaps
BATCH05389,Low,Yes,Contract,Device,DEV1,UK,38256,PLANT_SPECIAL,Medium,INHALER,Units
BATCH03532,High,No,Contract,Injectable,INJ2,UK,16301,PLANT_PARENTERAL,Medium,CEF1GIV,Units
BATCH05392,Low,No,Contract,Device,DEV2,UK,7396,PLANT_SPECIAL,Low,INHALER,Units
BATCH06085,Medium,No,Contract,Hormonal,HORM2,ES,47660,PLANT_SPECIAL,Low,LEVOHORMIMPL,Units
BATCH09482,Low,No,OwnBrand,Capsule,CL1,IT,165946,PLANT_SOLIDS,Medium,OMEP20CAP,TabletsCaps
BATCH00040,Low,No,OwnBrand,Capsule,CL1,IT,92605,PLANT_SOLIDS,Low,OMEP20CAP,TabletsCaps
BATCH04805,Medium,No,OwnBrand,Tablet,TL2,FR,493757,PLANT_SOLIDS,Medium,IBUP400TAB,TabletsCaps
BATCH04441,Low,No,OwnBrand,Capsule,CL2,IT,125209,PLANT_SOLIDS,Medium,OMEP20CAP,TabletsCaps
BATCH05380,Medium,No,OwnBrand,Injectable,INJ1,FR,46885,PLANT_PARENTERAL,High,HEP5000SC,Units
BATCH00289,Medium,No,OwnBrand,Tablet,TL2,FR,250862,PLANT_SOLIDS,Medium,IBUP400TAB,TabletsCaps
BATCH05775,Low,No,OwnBrand,Capsule,CL1,IT,143407,PLANT_SOLIDS,Medium,OMEP20CAP,TabletsCaps
BATCH07716,Low,No,Contract,Device,DEV2,UK,41267,PLANT_SPECIAL,High,INHALER,Units
BATCH03658,Low,No,Contract,Device,DEV1,UK,27117,PLANT_SPECIAL,Low,INHALER,Units
BATCH00368,Medium,No,OwnBrand,Device,DEV1,DE,18902,PLANT_SPECIAL,Low,INSUPEN,Units
BATCH03795,Medium,No,Contract,Hormonal,HORM1,ES,6585,PLANT_SPECIAL,Medium,LEVOHORMIMPL,Units
BATCH00601,High,Yes,Contract,Injectable,INJ1,UK,23174,PLANT_PARENTERAL,Low,CEF1GIV,Units
BATCH09474,High,Yes,Contract,Capsule,CL2,DE,143524,PLANT_SOLIDS,Low,AMOX500CAP,TabletsCaps
BATCH04264,Low,No,OwnBrand,Hormonal,HORM2,PT,34922,PLANT_SPECIAL,High,EE30TAB,Units
BATCH06367,Low,Yes,OwnBrand,Capsule,CL2,IT,318928,PLANT_SOLIDS,Low,OMEP20CAP,TabletsCaps
BATCH03841,Low,No,Contract,Device,DEV2,UK,12583,PLANT_SPECIAL,Medium,INHALER,Units
BATCH06127,Medium,Yes,Contract,Hormonal,HORM1,ES,39882,PLANT_SPECIAL,High,LEVOHORMIMPL,Units
BATCH07941,Medium,Yes,OwnBrand,Device,DEV2,DE,30974,PLANT_SPECIAL,Medium,INSUPEN,Units
BATCH09158,Medium,No,OwnBrand,Tablet,TL1,FR,461975,PLANT_SOLIDS,Medium,IBUP400TAB,TabletsCaps
BATCH07488,Medium,Yes,OwnBrand,Tablet,TL1,FR,198531,PLANT_SOLIDS,Low,IBUP400TAB,TabletsCaps
BATCH08930,Low,Yes,Contract,Device,DEV1,UK,12263,PLANT_SPECIAL,Low,INHALER,Units
BATCH07997,Low,No,OwnBrand,Capsule,CL2,IT,109848,PLANT_SOLIDS,Medium,OMEP20CAP,TabletsCaps
BATCH01638,High,Yes,Contract,Injectable,INJ2,UK,23612,PLANT_PARENTERAL,Low,CEF1GIV,Units
BATCH05856,Medium,No,Contract,Hormonal,HORM2,ES,41288,PLANT_SPECIAL,Medium,LEVOHORMIMPL,Units
BATCH05097,High,No,Contract,Injectable,INJ2,UK,28620,PLANT_PARENTERAL,Medium,CEF1GIV,Units
BATCH05798,Low,No,OwnBrand,Capsule,CL1,IT,270912,PLANT_SOLIDS,Low,OMEP20CAP,TabletsCaps
BATCH03928,High,Yes,Contract,Capsule,CL1,DE,303547,PLANT_SOLIDS,High,AMOX500CAP,TabletsCaps
BATCH06712,Medium,Yes,Contract,Hormonal,HORM2,ES,48624,PLANT_SPECIAL,Low,LEVOHORMIMPL,Units
BATCH07501,Low,No,Contract,Device,DEV1,UK,49193,PLANT_SPECIAL,Medium,INHALER,Units
BATCH05018,Medium,Yes,OwnBrand,Device,DEV2,DE,26313,PLANT_SPECIAL,Low,INSUPEN,Units
BATCH09963,Low,Yes,Contract,Device,DEV2,UK,11235,PLANT_SPECIAL,Medium,INHALER,Units
BATCH06539,High,No,Contract,Injectable,INJ1,UK,18173,PLANT_PARENTERAL,Low,CEF1GIV,Units
BATCH00819,Low,No,Contract,Device,DEV1,UK,23353,PLANT_SPECIAL,Low,INHALER,Units
BATCH01999,High,No,Contract,Capsule,CL1,DE,192913,PLANT_SOLIDS,Medium,AMOX500CAP,TabletsCaps
BATCH01806,High,No,Contract,Injectable,INJ1,UK,37273,PLANT_PARENTERAL,Medium,CEF1GIV,Units
BATCH05460,Medium,No,OwnBrand,Tablet,TL3,FR,395600,PLANT_SOLIDS,Low,IBUP400TAB,TabletsCaps
BATCH08131,High,Yes,Contract,Capsule,CL1,DE,306337,PLANT_SOLIDS,Medium,AMOX500CAP,TabletsCaps
BATCH02706,Low,No,Contract,Device,DEV1,UK,48822,PLANT_SPECIAL,High,INHALER,Units
BATCH01932,Low,No,Contract,Device,DEV2,UK,47790,PLANT_SPECIAL,Medium,INHALER,Units
BATCH08713,Medium,Yes,OwnBrand,Device,DEV2,DE,8312,PLANT_SPECIAL,Low,INSUPEN,Units
BATCH08727,Medium,No,OwnBrand,Injectable,INJ1,FR,49753,PLANT_PARENTERAL,Low,HEP5000SC,Units
BATCH01719,Medium,No,OwnBrand,Injectable,INJ2,FR,43392,PLANT_PARENTERAL,Low,HEP5000SC,Units
BATCH01243,High,No,Contract,Injectable,INJ1,UK,16322,PLANT_PARENTERAL,Low,CEF1GIV,Units
BATCH00516,Low,No,OwnBrand,Tablet,TL3,ES,449506,PLANT_SOLIDS,High,PARA500TAB,TabletsCaps
BATCH06622,Medium,No,Contract,Hormonal,HORM2,ES,24270,PLANT_SPECIAL,Low,LEVOHORMIMPL,Units
BATCH05122,Low,No,OwnBrand,Tablet,TL2,ES,55212,PLANT_SOLIDS,Medium,PARA500TAB,TabletsCaps
BATCH03712,Low,No,OwnBrand,Tablet,TL2,ES,284113,PLANT_SOLIDS,Low,PARA500TAB,TabletsCaps
BATCH07934,Medium,No,Contract,Hormonal,HORM1,ES,47904,PLANT_SPECIAL,Medium,LEVOHORMIMPL,Units
BATCH05075,Medium,No,OwnBrand,Injectable,INJ2,FR,21188,PLANT_PARENTERAL,Low,HEP5000SC,Units
BATCH01849,Low,Yes,OwnBrand,Capsule,CL1,IT,375803,PLANT_SOLIDS,Medium,OMEP20CAP,TabletsCaps
BATCH08195,High,No,Contract,Injectable,INJ1,UK,44217,PLANT_PARENTERAL,Low,CEF1GIV,Units
BATCH08434,Medium,No,Contract,Hormonal,HORM1,ES,20520,PLANT_SPECIAL,High,LEVOHORMIMPL,Units
BATCH08580,Low,No,OwnBrand,Capsule,CL1,IT,377157,PLANT_SOLIDS,High,OMEP20CAP,TabletsCaps
BATCH02892,Medium,No,OwnBrand,Tablet,TL3,FR,319036,PLANT_SOLIDS,High,IBUP400TAB,TabletsCaps
BATCH07693,Low,No,OwnBrand,Capsule,CL2,IT,137367,PLANT_SOLIDS,Medium,OMEP20CAP,TabletsCaps
BATCH08351,Low,No,OwnBrand,Capsule,CL2,IT,462111,PLANT_SOLIDS,High,OMEP20CAP,TabletsCaps
BATCH09200,High,No,Contract,Injectable,INJ2,UK,37470,PLANT_PARENTERAL,Medium,CEF1GIV,Units
BATCH08416,Medium,No,OwnBrand,Injectable,INJ1,FR,4879,PLANT_PARENTERAL,Low,HEP5000SC,Units
BATCH09328,Low,No,OwnBrand,Capsule,CL1,IT,87749,PLANT_SOLIDS,Medium,OMEP20CAP,TabletsCaps
BATCH05709,Medium,Yes,Contract,Hormonal,HORM2,ES,46539,PLANT_SPECIAL,High,LEVOHORMIMPL,Units
BATCH02027,Medium,No,OwnBrand,Injectable,INJ2,FR,5485,PLANT_PARENTERAL,Low,HEP5000SC,Units
BATCH09247,Medium,No,OwnBrand,Device,DEV2,DE,3760,PLANT_SPECIAL,Low,INSUPEN,Units
BATCH01497,Low,No,OwnBrand,Hormonal,HORM2,PT,14195,PLANT_SPECIAL,High,EE30TAB,Units
BATCH05670,Low,Yes,OwnBrand,Capsule,CL1,IT,130809,PLANT_SOLIDS,High,OMEP20CAP,TabletsCaps
BATCH02978,Medium,Yes,Contract,Hormonal,HORM1,ES,22507,PLANT_SPECIAL,Medium,LEVOHORMIMPL,Units
BATCH04031,Low,Yes,OwnBrand,Hormonal,HORM1,PT,7606,PLANT_SPECIAL,High,EE30TAB,Units
BATCH03589,Medium,Yes,OwnBrand,Tablet,TL2,FR,136377,PLANT_SOLIDS,High,IBUP400TAB,TabletsCaps
BATCH04340,High,No,Contract,Injectable,INJ2,UK,37009,PLANT_PARENTERAL,Medium,CEF1GIV,Units
BATCH05089,Medium,Yes,OwnBrand,Injectable,INJ2,FR,10363,PLANT_PARENTERAL,Low,HEP5000SC,Units
BATCH01194,High,No,Contract,Capsule,CL1,DE,244054,PLANT_SOLIDS,Medium,AMOX500CAP,TabletsCaps
BATCH09585,Low,Yes,OwnBrand,Hormonal,HORM2,PT,43847,PLANT_SPECIAL,Medium,EE30TAB,Units
BATCH04314,High,No,Contract,Capsule,CL1,DE,98050,PLANT_SOLIDS,High,AMOX500CAP,TabletsCaps
BATCH08685,Low,No,OwnBrand,Tablet,TL3,ES,305537,PLANT_SOLIDS,Low,PARA500TAB,TabletsCaps
BATCH06431,High,No,Contract,Capsule,CL2,DE,176059,PLANT_SOLIDS,Low,AMOX500CAP,TabletsCaps
BATCH02890,Medium,No,OwnBrand,Device,DEV1,DE,32673,PLANT_SPECIAL,Medium,INSUPEN,Units
BATCH04481,High,No,Contract,Capsule,CL1,DE,465649,PLANT_SOLIDS,Low,AMOX500CAP,TabletsCaps
BATCH00713,High,No,Contract,Capsule,CL2,DE,240007,PLANT_SOLIDS,Medium,AMOX500CAP,TabletsCaps
BATCH04723,High,Yes,Contract,Injectable,INJ2,UK,32591,PLANT_PARENTERAL,Low,CEF1GIV,Units
BATCH03452,Low,No,OwnBrand,Hormonal,HORM2,PT,35853,PLANT_SPECIAL,High,EE30TAB,Units
BATCH04820,Low,No,OwnBrand,Capsule,CL1,IT,430105,PLANT_SOLIDS,Medium,OMEP20CAP,TabletsCaps
BATCH02232,Low,Yes,OwnBrand,Hormonal,HORM2,PT,22543,PLANT_SPECIAL,Medium,EE30TAB,Units
BATCH03694,High,No,Contract,Capsule,CL1,DE,265313,PLANT_SOLIDS,Medium,AMOX500CAP,TabletsCaps
BATCH05699,Low,Yes,OwnBrand,Tablet,TL3,ES,349789,PLANT_SOLIDS,High,PARA500TAB,TabletsCaps
BATCH04945,Low,No,Contract,Device,DEV2,UK,6628,PLANT_SPECIAL,High,INHALER,Units
BATCH00831,High,No,Contract,Capsule,CL2,DE,441653,PLANT_SOLIDS,High,AMOX500CAP,TabletsCaps
BATCH04319,High,No,Contract,Capsule,CL1,DE,75582,PLANT_SOLIDS,Low,AMOX500CAP,TabletsCaps
BATCH05849,Medium,No,OwnBrand,Tablet,TL2,FR,248965,PLANT_SOLIDS,Medium,IBUP400TAB,TabletsCaps
BATCH06416,Low,No,OwnBrand,Hormonal,HORM1,PT,24885,PLANT_SPECIAL,Medium,EE30TAB,Units
BATCH08248,High,No,Contract,Capsule,CL1,DE,450116,PLANT_SOLIDS,Low,AMOX500CAP,TabletsCaps
BATCH07918,Medium,Yes,OwnBrand,Tablet,TL3,FR,93861,PLANT_SOLIDS,Medium,IBUP400TAB,TabletsCaps
BATCH07712,Medium,Yes,Contract,Hormonal,HORM2,ES,32571,PLANT_SPECIAL,High,LEVOHORMIMPL,Units
BATCH02195,Medium,Yes,OwnBrand,Device,DEV1,DE,46959,PLANT_SPECIAL,Medium,INSUPEN,Units
BATCH04279,High,Yes,Contract,Injectable,INJ2,UK,44397,PLANT_PARENTERAL,High,CEF1GIV,Units
BATCH00844,Low,No,OwnBrand,Tablet,TL2,ES,371046,PLANT_SOLIDS,Low,PARA500TAB,TabletsCaps
BATCH01898,Low,No,OwnBrand,Tablet,TL3,ES,210291,PLANT_SOLIDS,Medium,PARA500TAB,TabletsCaps
BATCH07786,Low,No,OwnBrand,Hormonal,HORM1,PT,14828,PLANT_SPECIAL,Medium,EE30TAB,Units
BATCH08731,High,No,Contract,Capsule,CL1,DE,185219,PLANT_SOLIDS,Low,AMOX500CAP,TabletsCaps
BATCH04169,High,No,Contract,Injectable,INJ2,UK,9156,PLANT_PARENTERAL,Low,CEF1GIV,Units
BATCH08560,High,Yes,Contract,Capsule,CL1,DE,354912,PLANT_SOLIDS,Low,AMOX500CAP,TabletsCaps
BATCH04199,Low,No,OwnBrand,Capsule,CL2,IT,245233,PLANT_SOLIDS,High,OMEP20CAP,TabletsCaps
BATCH08032,High,No,Contract,Injectable,INJ1,UK,27835,PLANT_PARENTERAL,Low,CEF1GIV,Units
BATCH09960,Low,Yes,Contract,Device,DEV2,UK,41691,PLANT_SPECIAL,Medium,INHALER,Units
BATCH02924,Low,No,OwnBrand,Hormonal,HORM1,PT,43859,PLANT_SPECIAL,Medium,EE30TAB,Units
BATCH03159,Low,Yes,Contract,Device,DEV1,UK,31116,PLANT_SPECIAL,High,INHALER,Units
BATCH09924,Low,No,OwnBrand,Capsule,CL2,IT,205503,PLANT_SOLIDS,Low,OMEP20CAP,TabletsCaps
BATCH03577,Low,No,OwnBrand,Hormonal,HORM1,PT,22108,PLANT_SPECIAL,Medium,EE30TAB,Units
BATCH00757,Medium,No,OwnBrand,Device,DEV2,DE,33370,PLANT_SPECIAL,Medium,INSUPEN,Units
BATCH08828,Medium,Yes,OwnBrand,Device,DEV1,DE,24964,PLANT_SPECIAL,Low,INSUPEN,Units
BATCH05325,Low,No,Contract,Device,DEV1,UK,9555,PLANT_SPECIAL,Low,INHALER,Units
BATCH08528,Low,No,OwnBrand,Tablet,TL2,ES,82893,PLANT_SOLIDS,Medium,PARA500TAB,TabletsCaps
BATCH09375,Low,Yes,OwnBrand,Hormonal,HORM2,PT,19190,PLANT_SPECIAL,Medium,EE30TAB,Units
BATCH02994,Medium,Yes,OwnBrand,Tablet,TL1,FR,169636,PLANT_SOLIDS,Low,IBUP400TAB,TabletsCaps
BATCH00640,Low,Yes,Contract,Device,DEV2,UK,29306,PLANT_SPECIAL,Medium,INHALER,Units
BATCH08570,Medium,No,OwnBrand,Device,DEV2,DE,17401,PLANT_SPECIAL,Medium,INSUPEN,Units
BATCH02235,Low,Yes,OwnBrand,Tablet,TL2,ES,241021,PLANT_SOLIDS,Low,PARA500TAB,TabletsCaps
BATCH06887,Low,No,OwnBrand,Tablet,TL1,ES,180036,PLANT_SOLIDS,Medium,PARA500TAB,TabletsCaps
BATCH07976,Medium,No,OwnBrand,Device,DEV2,DE,17783,PLANT_SPECIAL,Medium,INSUPEN,Units
BATCH08489,Low,No,OwnBrand,Hormonal,HORM2,PT,46955,PLANT_SPECIAL,Medium,EE30TAB,Units
BATCH04739,Low,Yes,OwnBrand,Hormonal,HORM1,PT,2092,PLANT_SPECIAL,High,EE30TAB,Units
BATCH03123,High,Yes,Contract,Capsule,CL1,DE,132814,PLANT_SOLIDS,High,AMOX500CAP,TabletsCaps
BATCH05252,High,No,Contract,Injectable,INJ2,UK,10869,PLANT_PARENTERAL,Medium,CEF1GIV,Units
BATCH05149,Medium,No,OwnBrand,Tablet,TL2,FR,197584,PLANT_SOLIDS,Low,IBUP400TAB,TabletsCaps
BATCH09633,Low,No,OwnBrand,Capsule,CL2,IT,189082,PLANT_SOLIDS,High,OMEP20CAP,TabletsCaps
BATCH00092,Low,Yes,OwnBrand,Capsule,CL1,IT,461394,PLANT_SOLIDS,High,OMEP20CAP,TabletsCaps
BATCH00123,Low,Yes,OwnBrand,Tablet,TL3,ES,56831,PLANT_SOLIDS,High,PARA500TAB,TabletsCaps
BATCH03571,High,No,Contract,Injectable,INJ2,UK,16043,PLANT_PARENTERAL,Medium,CEF1GIV,Units
BATCH04527,Medium,No,OwnBrand,Injectable,INJ2,FR,49821,PLANT_PARENTERAL,Medium,HEP5000SC,Units
BATCH04711,High,No,Contract,Capsule,CL2,DE,401797,PLANT_SOLIDS,Low,AMOX500CAP,TabletsCaps
BATCH00506,Low,No,OwnBrand,Capsule,CL2,IT,375222,PLANT_SOLIDS,Low,OMEP20CAP,TabletsCaps
BATCH02508,Medium,No,OwnBrand,Injectable,INJ2,FR,11569,PLANT_PARENTERAL,Medium,HEP5000SC,Units
BATCH04065,Medium,No,OwnBrand,Injectable,INJ1,FR,1166,PLANT_PARENTERAL,Medium,HEP5000SC,Units
BATCH08607,Medium,No,Contract,Hormonal,HORM2,ES,5241,PLANT_SPECIAL,Low,LEVOHORMIMPL,Units
BATCH03517,Medium,No,OwnBrand,Tablet,TL1,FR,486954,PLANT_SOLIDS,Medium,IBUP400TAB,TabletsCaps
BATCH02567,Low,No,Contract,Device,DEV1,UK,44118,PLANT_SPECIAL,Medium,INHALER,Units
BATCH09779,High,No,Contract,Injectable,INJ2,UK,21072,PLANT_PARENTERAL,Medium,CEF1GIV,Units
BATCH08513,Medium,No,OwnBrand,Injectable,INJ1,FR,41181,PLANT_PARENTERAL,Low,HEP5000SC,Units
BATCH05602,Low,Yes,OwnBrand,Hormonal,HORM1,PT,39689,PLANT_SPECIAL,Low,EE30TAB,Units
BATCH06681,Medium,No,Contract,Hormonal,HORM2,ES,38024,PLANT_SPECIAL,Medium,LEVOHORMIMPL,Units
BATCH01450,Medium,No,OwnBrand,Tablet,TL1,FR,316735,PLANT_SOLIDS,Low,IBUP400TAB,TabletsCaps
BATCH00562,Medium,No,OwnBrand,Device,DEV1,DE,9349,PLANT_SPECIAL,High,INSUPEN,Units
BATCH06119,High,Yes,Contract,Capsule,CL1,DE,485092,PLANT_SOLIDS,Medium,AMOX500CAP,TabletsCaps
BATCH06552,Low,No,OwnBrand,Tablet,TL1,ES,391865,PLANT_SOLIDS,Medium,PARA500TAB,TabletsCaps
BATCH05580,Medium,No,OwnBrand,Device,DEV1,DE,5402,PLANT_SPECIAL,High,INSUPEN,Units
BATCH00310,High,No,Contract,Injectable,INJ1,UK,26289,PLANT_PARENTERAL,Low,CEF1GIV,Units
BATCH05912,Low,Yes,Contract,Device,DEV1,UK,13517,PLANT_SPECIAL,High,INHALER,Units
BATCH07738,High,No,Contract,Injectable,INJ1,UK,29418,PLANT_PARENTERAL,Low,CEF1GIV,Units
BATCH05006,Low,No,OwnBrand,Hormonal,HORM2,PT,44803,PLANT_SPECIAL,Low,EE30TAB,Units
BATCH00475,Low,Yes,OwnBrand,Hormonal,HORM2,PT,47906,PLANT_SPECIAL,Medium,EE30TAB,Units
BATCH03639,Medium,No,OwnBrand,Device,DEV2,DE,18108,PLANT_SPECIAL,High,INSUPEN,Units
BATCH02695,High,No,Contract,Capsule,CL2,DE,255557,PLANT_SOLIDS,High,AMOX500CAP,TabletsCaps
BATCH05290,Medium,No,OwnBrand,Tablet,TL3,FR,145871,PLANT_SOLIDS,Medium,IBUP400TAB,TabletsCaps
BATCH09833,High,Yes,Contract,Injectable,INJ2,UK,22388,PLANT_PARENTERAL,Medium,CEF1GIV,Units
BATCH01813,Medium,Yes,OwnBrand,Injectable,INJ2,FR,7839,PLANT_PARENTERAL,High,HEP5000SC,Units
BATCH02938,Medium,No,OwnBrand,Tablet,TL3,FR,331239,PLANT_SOLIDS,Medium,IBUP400TAB,TabletsCaps
BATCH01299,Medium,No,OwnBrand,Device,DEV1,DE,41837,PLANT_SPECIAL,Medium,INSUPEN,Units
BATCH08874,Medium,No,OwnBrand,Device,DEV2,DE,31266,PLANT_SPECIAL,Medium,INSUPEN,Units
BATCH09197,High,No,Contract,Capsule,CL1,DE,498475,PLANT_SOLIDS,Medium,AMOX500CAP,TabletsCaps
BATCH06361,High,Yes,Contract,Injectable,INJ2,UK,11714,PLANT_PARENTERAL,High,CEF1GIV,Units
BATCH01646,Low,No,OwnBrand,Hormonal,HORM1,PT,37661,PLANT_SPECIAL,High,EE30TAB,Units
BATCH04683,Medium,No,OwnBrand,Tablet,TL2,FR,474785,PLANT_SOLIDS,Medium,IBUP400TAB,TabletsCaps
BATCH06383,Medium,Yes,OwnBrand,Tablet,TL1,FR,52989,PLANT_SOLIDS,Medium,IBUP400TAB,TabletsCaps
BATCH04048,Low,No,OwnBrand,Capsule,CL1,IT,247840,PLANT_SOLIDS,Medium,OMEP20CAP,TabletsCaps
BATCH09815,Medium,No,Contract,Hormonal,HORM1,ES,19045,PLANT_SPECIAL,Medium,LEVOHORMIMPL,Units
BATCH08767,Low,Yes,Contract,Device,DEV1,UK,33368,PLANT_SPECIAL,Medium,INHALER,Units
BATCH01408,Medium,Yes,OwnBrand,Device,DEV1,DE,45487,PLANT_SPECIAL,Low,INSUPEN,Units
BATCH07632,Medium,Yes,OwnBrand,Device,DEV2,DE,10965,PLANT_SPECIAL,Medium,INSUPEN,Units
BATCH01117,High,No,Contract,Capsule,CL1,DE,352486,PLANT_SOLIDS,Medium,AMOX500CAP,TabletsCaps
BATCH08729,High,Yes,Contract,Capsule,CL1,DE,79177,PLANT_SOLIDS,Low,AMOX500CAP,TabletsCaps
BATCH07043,Medium,No,Contract,Hormonal,HORM2,ES,26792,PLANT_SPECIAL,Medium,LEVOHORMIMPL,Units
BATCH08820,High,Yes,Contract,Capsule,CL1,DE,319345,PLANT_SOLIDS,High,AMOX500CAP,TabletsCaps
BATCH03156,Medium,No,OwnBrand,Tablet,TL3,FR,127961,PLANT_SOLIDS,Low,IBUP400TAB,TabletsCaps
BATCH00011,High,Yes,Contract,Capsule,CL2,DE,269302,PLANT_SOLIDS,Medium,AMOX500CAP,TabletsCaps
BATCH04287,Medium,No,OwnBrand,Injectable,INJ1,FR,39265,PLANT_PARENTERAL,Medium,HEP5000SC,Units
BATCH09092,Medium,No,OwnBrand,Tablet,TL1,FR,479470,PLANT_SOLIDS,Medium,IBUP400TAB,TabletsCaps
BATCH08515,High,No,Contract,Injectable,INJ2,UK,46466,PLANT_PARENTERAL,Medium,CEF1GIV,Units
BATCH05387,Medium,No,OwnBrand,Device,DEV1,DE,14026,PLANT_SPECIAL,Low,INSUPEN,Units
BATCH04884,High,Yes,Contract,Injectable,INJ1,UK,15957,PLANT_PARENTERAL,Medium,CEF1GIV,Units
BATCH03458,Medium,No,OwnBrand,Tablet,TL1,FR,336995,PLANT_SOLIDS,High,IBUP400TAB,TabletsCaps
BATCH05814,Medium,No,OwnBrand,Injectable,INJ2,FR,16598,PLANT_PARENTERAL,Low,HEP5000SC,Units
BATCH01935,Medium,No,OwnBrand,Device,DEV1,DE,22999,PLANT_SPECIAL,Low,INSUPEN,Units
BATCH07729,Low,No,OwnBrand,Capsule,CL1,IT,190563,PLANT_SOLIDS,Medium,OMEP20CAP,TabletsCaps
BATCH05486,Low,No,Contract,Device,DEV1,UK,41723,PLANT_SPECIAL,Low,INHALER,Units
BATCH03709,Low,No,OwnBrand,Hormonal,HORM2,PT,10505,PLANT_SPECIAL,Medium,EE30TAB,Units
BATCH04216,High,No,Contract,Capsule,CL2,DE,275787,PLANT_SOLIDS,Low,AMOX500CAP,TabletsCaps
BATCH03786,Low,No,OwnBrand,Hormonal,HORM2,PT,4606,PLANT_SPECIAL,Medium,EE30TAB,Units
BATCH03198,Medium,No,OwnBrand,Device,DEV1,DE,2900,PLANT_SPECIAL,Medium,INSUPEN,Units
BATCH01130,High,No,Contract,Injectable,INJ2,UK,33237,PLANT_PARENTERAL,Low,CEF1GIV,Units
BATCH05753,Low,No,OwnBrand,Capsule,CL2,IT,302715,PLANT_SOLIDS,High,OMEP20CAP,TabletsCaps
BATCH06126,Medium,Yes,OwnBrand,Device,DEV1,DE,5245,PLANT_SPECIAL,High,INSUPEN,Units
BATCH04905,Medium,No,OwnBrand,Tablet,TL1,FR,137920,PLANT_SOLIDS,Low,IBUP400TAB,TabletsCaps
BATCH02626,High,No,Contract,Capsule,CL2,DE,163404,PLANT_SOLIDS,Medium,AMOX500CAP,TabletsCaps
BATCH09726,Low,Yes,OwnBrand,Hormonal,HORM2,PT,19845,PLANT_SPECIAL,High,EE30TAB,Units
BATCH08290,Low,No,OwnBrand,Tablet,TL2,ES,197839,PLANT_SOLIDS,High,PARA500TAB,TabletsCaps
BATCH09262,Medium,No,Contract,Hormonal,HORM2,ES,19871,PLANT_SPECIAL,Low,LEVOHORMIMPL,Units
BATCH08772,Medium,No,OwnBrand,Tablet,TL1,FR,398107,PLANT_SOLIDS,High,IBUP400TAB,TabletsCaps
BATCH06620,High,Yes,Contract,Capsule,CL1,DE,149192,PLANT_SOLIDS,High,AMOX500CAP,TabletsCaps
BATCH06113,High,No,Contract,Injectable,INJ1,UK,21169,PLANT_PARENTERAL,High,CEF1GIV,Units
BATCH03308,Medium,Yes,OwnBrand,Tablet,TL2,FR,182817,PLANT_SOLIDS,Medium,IBUP400TAB,TabletsCaps
BATCH05917,Medium,No,OwnBrand,Tablet,TL3,FR,360439,PLANT_SOLIDS,Medium,IBUP400TAB,TabletsCaps
BATCH06847,High,No,Contract,Injectable,INJ1,UK,34175,PLANT_PARENTERAL,Medium,CEF1GIV,Units
BATCH07486,Low,No,OwnBrand,Hormonal,HORM1,PT,7853,PLANT_SPECIAL,Medium,EE30TAB,Units
BATCH00495,Medium,No,OwnBrand,Tablet,TL1,FR,103835,PLANT_SOLIDS,High,IBUP400TAB,TabletsCaps
BATCH00573,High,No,Contract,Capsule,CL2,DE,486909,PLANT_SOLIDS,High,AMOX500CAP,TabletsCaps
BATCH03329,Medium,Yes,Contract,Hormonal,HORM2,ES,47689,PLANT_SPECIAL,Medium,LEVOHORMIMPL,Units
BATCH09256,High,Yes,Contract,Capsule,CL1,DE,192149,PLANT_SOLIDS,Medium,AMOX500CAP,TabletsCaps
BATCH02982,Medium,No,OwnBrand,Injectable,INJ2,FR,2660,PLANT_PARENTERAL,Medium,HEP5000SC,Units
BATCH09067,Medium,No,OwnBrand,Tablet,TL2,FR,70880,PLANT_SOLIDS,High,IBUP400TAB,TabletsCaps
BATCH02796,Low,No,OwnBrand,Hormonal,HORM1,PT,46788,PLANT_SPECIAL,Medium,EE30TAB,Units
BATCH07174,Medium,Yes,OwnBrand,Device,DEV2,DE,41925,PLANT_SPECIAL,Medium,INSUPEN,Units
BATCH04989,High,No,Contract,Capsule,CL2,DE,481918,PLANT_SOLIDS,Medium,AMOX500CAP,TabletsCaps
BATCH08216,Low,No,OwnBrand,Tablet,TL2,ES,58593,PLANT_SOLIDS,High,PARA500TAB,TabletsCaps
BATCH06023,Low,No,OwnBrand,Tablet,TL2,ES,168872,PLANT_SOLIDS,Low,PARA500TAB,TabletsCaps
BATCH00784,Low,No,OwnBrand,Hormonal,HORM1,PT,27777,PLANT_SPECIAL,Medium,EE30TAB,Units
BATCH05847,Medium,No,Contract,Hormonal,HORM1,ES,3092,PLANT_SPECIAL,Medium,LEVOHORMIMPL,Units
BATCH02272,Medium,Yes,OwnBrand,Injectable,INJ2,FR,3242,PLANT_PARENTERAL,Low,HEP5000SC,Units
BATCH03499,Low,No,OwnBrand,Capsule,CL2,IT,355278,PLANT_SOLIDS,Medium,OMEP20CAP,TabletsCaps
BATCH05857,Low,No,OwnBrand,Capsule,CL2,IT,312446,PLANT_SOLIDS,Medium,OMEP20CAP,TabletsCaps
BATCH02845,Medium,No,OwnBrand,Injectable,INJ1,FR,41263,PLANT_PARENTERAL,High,HEP5000SC,Units
BATCH05930,High,No,Contract,Capsule,CL1,DE,206212,PLANT_SOLIDS,Low,AMOX500CAP,TabletsCaps
BATCH06093,Medium,No,OwnBrand,Tablet,TL3,FR,82500,PLANT_SOLIDS,High,IBUP400TAB,TabletsCaps
BATCH08806,Medium,No,OwnBrand,Tablet,TL1,FR,261949,PLANT_SOLIDS,Low,IBUP400TAB,TabletsCaps
BATCH01531,High,No,Contract,Injectable,INJ1,UK,45194,PLANT_PARENTERAL,Medium,CEF1GIV,Units
BATCH04039,Medium,Yes,OwnBrand,Tablet,TL3,FR,95770,PLANT_SOLIDS,Medium,IBUP400TAB,TabletsCaps
BATCH02473,Medium,Yes,OwnBrand,Injectable,INJ2,FR,7942,PLANT_PARENTERAL,High,HEP5000SC,Units
BATCH00179,Medium,No,Contract,Hormonal,HORM1,ES,29385,PLANT_SPECIAL,Medium,LEVOHORMIMPL,Units
BATCH06222,Low,No,OwnBrand,Hormonal,HORM2,PT,27269,PLANT_SPECIAL,Low,EE30TAB,Units
BATCH04795,Low,No,OwnBrand,Hormonal,HORM1,PT,49283,PLANT_SPECIAL,Low,EE30TAB,Units
BATCH03079,High,Yes,Contract,Injectable,INJ2,UK,25920,PLANT_PARENTERAL,Low,CEF1GIV,Units
BATCH09313,High,No,Contract,Injectable,INJ2,UK,8746,PLANT_PARENTERAL,Low,CEF1GIV,Units
BATCH00796,Medium,No,Contract,Hormonal,HORM2,ES,37025,PLANT_SPECIAL,Low,LEVOHORMIMPL,Units
BATCH05241,High,No,Contract,Injectable,INJ2,UK,9058,PLANT_PARENTERAL,Medium,CEF1GIV,Units
BATCH03439,Low,No,OwnBrand,Hormonal,HORM1,PT,16772,PLANT_SPECIAL,High,EE30TAB,Units
BATCH03351,Medium,Yes,Contract,Hormonal,HORM1,ES,38931,PLANT_SPECIAL,High,LEVOHORMIMPL,Units
BATCH08500,Low,No,Contract,Device,DEV2,UK,9795,PLANT_SPECIAL,Medium,INHALER,Units
BATCH08211,Low,Yes,OwnBrand,Tablet,TL2,ES,404894,PLANT_SOLIDS,Medium,PARA500TAB,TabletsCaps
BATCH02816,Low,No,OwnBrand,Tablet,TL2,ES,262838,PLANT_SOLIDS,Low,PARA500TAB,TabletsCaps
BATCH03172,Low,Yes,OwnBrand,Tablet,TL3,ES,112296,PLANT_SOLIDS,High,PARA500TAB,TabletsCaps
BATCH07628,Low,No,OwnBrand,Capsule,CL2,IT,153647,PLANT_SOLIDS,Low,OMEP20CAP,TabletsCaps
BATCH07828,Medium,No,OwnBrand,Injectable,INJ2,FR,37360,PLANT_PARENTERAL,High,HEP5000SC,Units
BATCH06088,Low,Yes,Contract,Device,DEV1,UK,30624,PLANT_SPECIAL,High,INHALER,Units
BATCH09641,High,Yes,Contract,Injectable,INJ2,UK,44046,PLANT_PARENTERAL,Low,CEF1GIV,Units
BATCH00385,Medium,No,Contract,Hormonal,HORM1,ES,17344,PLANT_SPECIAL,High,LEVOHORMIMPL,Units
BATCH06227,Medium,No,OwnBrand,Tablet,TL2,FR,264768,PLANT_SOLIDS,High,IBUP400TAB,TabletsCaps
BATCH05004,Medium,No,OwnBrand,Injectable,INJ2,FR,36491,PLANT_PARENTERAL,Medium,HEP5000SC,Units
BATCH06108,Medium,Yes,OwnBrand,Device,DEV1,DE,31607,PLANT_SPECIAL,Medium,INSUPEN,Units
BATCH02838,Low,Yes,OwnBrand,Capsule,CL1,IT,262494,PLANT_SOLIDS,High,OMEP20CAP,TabletsCaps
BATCH00425,Medium,No,Contract,Hormonal,HORM2,ES,4083,PLANT_SPECIAL,Medium,LEVOHORMIMPL,Units
BATCH08895,Low,No,Contract,Device,DEV1,UK,11641,PLANT_SPECIAL,Medium,INHALER,Units
BATCH07067,Low,No,OwnBrand,Tablet,TL1,ES,139586,PLANT_SOLIDS,High,PARA500TAB,TabletsCaps
BATCH03846,High,Yes,Contract,Capsule,CL1,DE,70668,PLANT_SOLIDS,Low,AMOX500CAP,TabletsCaps
BATCH07322,Low,No,OwnBrand,Tablet,TL1,ES,200981,PLANT_SOLIDS,Medium,PARA500TAB,TabletsCaps
BATCH07721,Low,No,OwnBrand,Tablet,TL3,ES,238423,PLANT_SOLIDS,Medium,PARA500TAB,TabletsCaps
BATCH02206,Low,No,OwnBrand,Tablet,TL2,ES,355155,PLANT_SOLIDS,Low,PARA500TAB,TabletsCaps
BATCH09427,High,Yes,Contract,Injectable,INJ2,UK,14939,PLANT_PARENTERAL,High,CEF1GIV,Units
BATCH00774,Low,No,OwnBrand,Hormonal,HORM2,PT,5041,PLANT_SPECIAL,Medium,EE30TAB,Units
BATCH04925,Low,No,Contract,Device,DEV2,UK,16790,PLANT_SPECIAL,High,INHALER,Units
BATCH04747,Low,No,OwnBrand,Capsule,CL2,IT,134609,PLANT_SOLIDS,Low,OMEP20CAP,TabletsCaps
BATCH04237,High,No,Contract,Capsule,CL1,DE,397324,PLANT_SOLIDS,High,AMOX500CAP,TabletsCaps
BATCH03857,High,Yes,Contract,Capsule,CL1,DE,400020,PLANT_SOLIDS,Low,AMOX500CAP,TabletsCaps
BATCH06778,Medium,Yes,Contract,Hormonal,HORM2,ES,2167,PLANT_SPECIAL,High,LEVOHORMIMPL,Units
BATCH09421,Low,No,Contract,Device,DEV1,UK,46977,PLANT_SPECIAL,Medium,INHALER,Units
BATCH02778,High,No,Contract,Injectable,INJ2,UK,11312,PLANT_PARENTERAL,High,CEF1GIV,Units
BATCH07805,High,Yes,Contract,Capsule,CL1,DE,455527,PLANT_SOLIDS,Medium,AMOX500CAP,TabletsCaps
BATCH00345,Medium,No,OwnBrand,Device,DEV1,DE,10969,PLANT_SPECIAL,High,INSUPEN,Units
BATCH05276,Medium,No,OwnBrand,Injectable,INJ2,FR,25622,PLANT_PARENTERAL,Medium,HEP5000SC,Units
BATCH09173,Low,No,OwnBrand,Tablet,TL3,ES,199757,PLANT_SOLIDS,High,PARA500TAB,TabletsCaps
BATCH08794,Low,No,OwnBrand,Hormonal,HORM1,PT,36914,PLANT_SPECIAL,Low,EE30TAB,Units
BATCH02535,Medium,Yes,OwnBrand,Injectable,INJ2,FR,43830,PLANT_PARENTERAL,Medium,HEP5000SC,Units
BATCH04780,High,No,Contract,Capsule,CL2,DE,419628,PLANT_SOLIDS,Medium,AMOX500CAP,TabletsCaps
BATCH02399,Medium,No,OwnBrand,Device,DEV2,DE,15322,PLANT_SPECIAL,High,INSUPEN,Units
BATCH00357,High,No,Contract,Capsule,CL1,DE,97046,PLANT_SOLIDS,Medium,AMOX500CAP,TabletsCaps
BATCH07499,Low,No,Contract,Device,DEV2,UK,9015,PLANT_SPECIAL,High,INHALER,Units
BATCH08236,Low,No,OwnBrand,Hormonal,HORM1,PT,15140,PLANT_SPECIAL,High,EE30TAB,Units
BATCH02876,Low,Yes,OwnBrand,Tablet,TL2,ES,441638,PLANT_SOLIDS,Medium,PARA500TAB,TabletsCaps
BATCH02534,Medium,No,OwnBrand,Tablet,TL1,FR,427043,PLANT_SOLIDS,Medium,IBUP400TAB,TabletsCaps
BATCH01911,Medium,No,Contract,Hormonal,HORM1,ES,31525,PLANT_SPECIAL,Medium,LEVOHORMIMPL,Units
BATCH01538,Medium,Yes,OwnBrand,Device,DEV1,DE,39973,PLANT_SPECIAL,Medium,INSUPEN,Units
BATCH05025,Low,No,OwnBrand,Capsule,CL2,IT,293188,PLANT_SOLIDS,Low,OMEP20CAP,TabletsCaps
BATCH06490,High,No,Contract,Injectable,INJ1,UK,5630,PLANT_PARENTERAL,Low,CEF1GIV,Units
BATCH06725,Medium,No,OwnBrand,Tablet,TL1,FR,144274,PLANT_SOLIDS,Medium,IBUP400TAB,TabletsCaps
BATCH09624,Low,No,OwnBrand,Hormonal,HORM2,PT,28105,PLANT_SPECIAL,Medium,EE30TAB,Units
BATCH02915,Medium,Yes,OwnBrand,Injectable,INJ1,FR,46209,PLANT_PARENTERAL,Medium,HEP5000SC,Units
BATCH06588,High,No,Contract,Injectable,INJ1,UK,41290,PLANT_PARENTERAL,Low,CEF1GIV,Units
BATCH07477,Medium,No,OwnBrand,Injectable,INJ2,FR,9300,PLANT_PARENTERAL,High,HEP5000SC,Units
BATCH09525,Medium,No,OwnBrand,Injectable,INJ1,FR,26999,PLANT_PARENTERAL,Medium,HEP5000SC,Units
BATCH03393,Low,Yes,OwnBrand,Tablet,TL3,ES,332068,PLANT_SOLIDS,Medium,PARA500TAB,TabletsCaps
BATCH03725,Low,No,OwnBrand,Capsule,CL2,IT,206530,PLANT_SOLIDS,Medium,OMEP20CAP,TabletsCaps
BATCH07515,Medium,No,OwnBrand,Tablet,TL3,FR,134309,PLANT_SOLIDS,High,IBUP400TAB,TabletsCaps
BATCH07883,High,Yes,Contract,Capsule,CL1,DE,370311,PLANT_SOLIDS,Medium,AMOX500CAP,TabletsCaps
BATCH06677,Medium,No,OwnBrand,Injectable,INJ1,FR,32223,PLANT_PARENTERAL,Low,HEP5000SC,Units
BATCH01758,Medium,Yes,OwnBrand,Injectable,INJ2,FR,7447,PLANT_PARENTERAL,Low,HEP5000SC,Units
BATCH03087,Low,No,Contract,Device,DEV2,UK,24589,PLANT_SPECIAL,Medium,INHALER,Units
BATCH09454,Low,No,Contract,Device,DEV2,UK,48280,PLANT_SPECIAL,High,INHALER,Units
BATCH01215,Low,Yes,Contract,Device,DEV2,UK,4685,PLANT_SPECIAL,Medium,INHALER,Units
BATCH00878,Low,No,OwnBrand,Tablet,TL2,ES,381653,PLANT_SOLIDS,Medium,PARA500TAB,TabletsCaps
BATCH00742,High,No,Contract,Capsule,CL2,DE,123400,PLANT_SOLIDS,Medium,AMOX500CAP,TabletsCaps
BATCH02025,Medium,No,OwnBrand,Injectable,INJ1,FR,15984,PLANT_PARENTERAL,Low,HEP5000SC,Units
BATCH09865,Medium,No,OwnBrand,Tablet,TL2,FR,96382,PLANT_SOLIDS,High,IBUP400TAB,TabletsCaps
BATCH02424,Low,No,OwnBrand,Tablet,TL2,ES,392824,PLANT_SOLIDS,Low,PARA500TAB,TabletsCaps
BATCH00249,Medium,No,OwnBrand,Injectable,INJ1,FR,25572,PLANT_PARENTERAL,Low,HEP5000SC,Units
BATCH09271,High,No,Contract,Injectable,INJ2,UK,39243,PLANT_PARENTERAL,Medium,CEF1GIV,Units
BATCH09805,Medium,No,Contract,Hormonal,HORM1,ES,10369,PLANT_SPECIAL,High,LEVOHORMIMPL,Units
BATCH08983,High,Yes,Contract,Capsule,CL2,DE,282686,PLANT_SOLIDS,Medium,AMOX500CAP,TabletsCaps
BATCH03161,Low,No,OwnBrand,Hormonal,HORM2,PT,5383,PLANT_SPECIAL,Medium,EE30TAB,Units
BATCH04060,Low,Yes,OwnBrand,Tablet,TL2,ES,440913,PLANT_SOLIDS,Low,PARA500TAB,TabletsCaps
BATCH00257,Medium,Yes,OwnBrand,Device,DEV2,DE,18280,PLANT_SPECIAL,Medium,INSUPEN,Units
BATCH04641,High,No,Contract,Injectable,INJ2,UK,9471,PLANT_PARENTERAL,Medium,CEF1GIV,Units
BATCH06182,Medium,Yes,OwnBrand,Tablet,TL1,FR,312607,PLANT_SOLIDS,Medium,IBUP400TAB,TabletsCaps
BATCH03338,Medium,Yes,OwnBrand,Injectable,INJ1,FR,2112,PLANT_PARENTERAL,Medium,HEP5000SC,Units
BATCH09501,Medium,No,OwnBrand,Device,DEV2,DE,36813,PLANT_SPECIAL,High,INSUPEN,Units
BATCH08411,Low,No,OwnBrand,Capsule,CL1,IT,78553,PLANT_SOLIDS,Medium,OMEP20CAP,TabletsCaps
BATCH04870,Medium,No,Contract,Hormonal,HORM2,ES,24829,PLANT_SPECIAL,Medium,LEVOHORMIMPL,Units
BATCH05189,Low,No,Contract,Device,DEV1,UK,42865,PLANT_SPECIAL,Medium,INHALER,Units
BATCH08363,High,No,Contract,Capsule,CL2,DE,116845,PLANT_SOLIDS,Medium,AMOX500CAP,TabletsCaps
BATCH01687,Medium,No,OwnBrand,Tablet,TL1,FR,394706,PLANT_SOLIDS,High,IBUP400TAB,TabletsCaps
BATCH05754,Low,No,OwnBrand,Capsule,CL2,IT,174218,PLANT_SOLIDS,Low,OMEP20CAP,TabletsCaps
BATCH02850,Medium,No,Contract,Hormonal,HORM2,ES,30688,PLANT_SPECIAL,Medium,LEVOHORMIMPL,Units
BATCH09769,Medium,No,Contract,Hormonal,HORM2,ES,49283,PLANT_SPECIAL,Medium,LEVOHORMIMPL,Units
BATCH00748,Medium,Yes,OwnBrand,Tablet,TL1,FR,282978,PLANT_SOLIDS,Medium,IBUP400TAB,TabletsCaps
BATCH02295,Low,Yes,OwnBrand,Hormonal,HORM2,PT,19550,PLANT_SPECIAL,Low,EE30TAB,Units
BATCH03447,High,Yes,Contract,Capsule,CL1,DE,344274,PLANT_SOLIDS,Medium,AMOX500CAP,TabletsCaps
BATCH02052,Medium,No,OwnBrand,Injectable,INJ2,FR,25175,PLANT_PARENTERAL,High,HEP5000SC,Units
BATCH05302,Medium,No,OwnBrand,Tablet,TL1,FR,344629,PLANT_SOLIDS,Medium,IBUP400TAB,TabletsCaps
BATCH08741,Medium,No,Contract,Hormonal,HORM2,ES,25719,PLANT_SPECIAL,Medium,LEVOHORMIMPL,Units
BATCH06162,Low,No,OwnBrand,Hormonal,HORM2,PT,35113,PLANT_SPECIAL,Medium,EE30TAB,Units
BATCH07087,High,No,Contract,Capsule,CL2,DE,148292,PLANT_SOLIDS,Medium,AMOX500CAP,TabletsCaps
BATCH01549,Low,Yes,OwnBrand,Tablet,TL3,ES,318355,PLANT_SOLIDS,High,PARA500TAB,TabletsCaps
BATCH06017,Low,Yes,OwnBrand,Hormonal,HORM1,PT,8347,PLANT_SPECIAL,Medium,EE30TAB,Units
BATCH08209,Medium,Yes,Contract,Hormonal,HORM2,ES,24720,PLANT_SPECIAL,High,LEVOHORMIMPL,Units
BATCH08124,Medium,No,OwnBrand,Injectable,INJ2,FR,39903,PLANT_PARENTERAL,Medium,HEP5000SC,Units
BATCH04957,Medium,No,OwnBrand,Device,DEV2,DE,48166,PLANT_SPECIAL,Medium,INSUPEN,Units
BATCH04286,Medium,No,OwnBrand,Device,DEV1,DE,28437,PLANT_SPECIAL,Medium,INSUPEN,Units
BATCH08654,High,No,Contract,Injectable,INJ2,UK,45383,PLANT_PARENTERAL,Medium,CEF1GIV,Units
BATCH03972,High,Yes,Contract,Injectable,INJ2,UK,48437,PLANT_PARENTERAL,High,CEF1GIV,Units
BATCH03892,High,No,Contract,Capsule,CL1,DE,74411,PLANT_SOLIDS,High,AMOX500CAP,TabletsCaps
BATCH03730,Low,Yes,Contract,Device,DEV1,UK,2920,PLANT_SPECIAL,Medium,INHALER,Units
BATCH01138,Medium,No,OwnBrand,Device,DEV1,DE,38212,PLANT_SPECIAL,Medium,INSUPEN,Units
BATCH07608,Low,Yes,OwnBrand,Tablet,TL1,ES,385012,PLANT_SOLIDS,Medium,PARA500TAB,TabletsCaps
BATCH05162,Medium,No,OwnBrand,Tablet,TL2,FR,414640,PLANT_SOLIDS,Low,IBUP400TAB,TabletsCaps
BATCH05195,Medium,No,Contract,Hormonal,HORM2,ES,41590,PLANT_SPECIAL,High,LEVOHORMIMPL,Units
BATCH09156,Low,No,OwnBrand,Hormonal,HORM2,PT,2035,PLANT_SPECIAL,Medium,EE30TAB,Units
BATCH05512,Medium,No,OwnBrand,Device,DEV1,DE,8086,PLANT_SPECIAL,Low,INSUPEN,Units
BATCH00344,Medium,No,Contract,Hormonal,HORM2,ES,3311,PLANT_SPECIAL,Medium,LEVOHORMIMPL,Units
BATCH08279,Medium,No,OwnBrand,Tablet,TL1,FR,307203,PLANT_SOLIDS,Medium,IBUP400TAB,TabletsCaps
BATCH00933,Low,No,OwnBrand,Capsule,CL2,IT,92898,PLANT_SOLIDS,High,OMEP20CAP,TabletsCaps
BATCH00874,Low,No,OwnBrand,Capsule,CL2,IT,495373,PLANT_SOLIDS,Medium,OMEP20CAP,TabletsCaps
BATCH07353,High,Yes,Contract,Capsule,CL2,DE,89626,PLANT_SOLIDS,High,AMOX500CAP,TabletsCaps
BATCH06956,High,No,Contract,Capsule,CL1,DE,268528,PLANT_SOLIDS,Low,AMOX500CAP,TabletsCaps
BATCH05695,Low,No,OwnBrand,Tablet,TL1,ES,122927,PLANT_SOLIDS,Medium,PARA500TAB,TabletsCaps
BATCH03256,Medium,No,OwnBrand,Injectable,INJ2,FR,24501,PLANT_PARENTERAL,Medium,HEP5000SC,Units
BATCH09774,Medium,No,OwnBrand,Injectable,INJ2,FR,15662,PLANT_PARENTERAL,High,HEP5000SC,Units
BATCH08887,Low,No,OwnBrand,Tablet,TL3,ES,412672,PLANT_SOLIDS,Low,PARA500TAB,TabletsCaps
BATCH04698,Low,Yes,OwnBrand,Hormonal,HORM1,PT,46910,PLANT_SPECIAL,Low,EE30TAB,Units
BATCH04479,Medium,No,OwnBrand,Device,DEV2,DE,39472,PLANT_SPECIAL,Medium,INSUPEN,Units
BATCH03864,Medium,No,OwnBrand,Injectable,INJ1,FR,27059,PLANT_PARENTERAL,Medium,HEP5000SC,Units
BATCH03853,Low,No,OwnBrand,Hormonal,HORM2,PT,8161,PLANT_SPECIAL,High,EE30TAB,Units
BATCH06750,Medium,No,OwnBrand,Tablet,TL3,FR,235351,PLANT_SOLIDS,Medium,IBUP400TAB,TabletsCaps
BATCH01974,Low,No,OwnBrand,Hormonal,HORM1,PT,46835,PLANT_SPECIAL,Low,EE30TAB,Units
BATCH04422,Low,No,Contract,Device,DEV1,UK,13485,PLANT_SPECIAL,Medium,INHALER,Units
BATCH05214,Low,No,OwnBrand,Capsule,CL1,IT,373441,PLANT_SOLIDS,Low,OMEP20CAP,TabletsCaps
BATCH01055,Low,No,OwnBrand,Tablet,TL2,ES,70373,PLANT_SOLIDS,Medium,PARA500TAB,TabletsCaps
BATCH00099,Medium,No,OwnBrand,Injectable,INJ2,FR,23725,PLANT_PARENTERAL,Medium,HEP5000SC,Units
BATCH08994,Medium,No,OwnBrand,Tablet,TL3,FR,236262,PLANT_SOLIDS,High,IBUP400TAB,TabletsCaps
BATCH01013,High,No,Contract,Capsule,CL1,DE,239596,PLANT_SOLIDS,High,AMOX500CAP,TabletsCaps
BATCH02598,Medium,No,OwnBrand,Device,DEV1,DE,6628,PLANT_SPECIAL,Low,INSUPEN,Units
BATCH01576,Low,No,OwnBrand,Tablet,TL2,ES,476938,PLANT_SOLIDS,Low,PARA500TAB,TabletsCaps
BATCH04609,Medium,No,Contract,Hormonal,HORM1,ES,31015,PLANT_SPECIAL,Medium,LEVOHORMIMPL,Units
BATCH05507,Medium,Yes,OwnBrand,Tablet,TL1,FR,422258,PLANT_SOLIDS,High,IBUP400TAB,TabletsCaps
BATCH08059,Low,No,OwnBrand,Hormonal,HORM2,PT,10969,PLANT_SPECIAL,Medium,EE30TAB,Units
BATCH09051,Medium,No,Contract,Hormonal,HORM1,ES,21664,PLANT_SPECIAL,High,LEVOHORMIMPL,Units
BATCH06024,Low,No,OwnBrand,Capsule,CL1,IT,128108,PLANT_SOLIDS,Medium,OMEP20CAP,TabletsCaps
BATCH07990,Low,Yes,OwnBrand,Hormonal,HORM1,PT,40936,PLANT_SPECIAL,High,EE30TAB,Units
BATCH04516,Low,No,OwnBrand,Tablet,TL1,ES,374435,PLANT_SOLIDS,Low,PARA500TAB,TabletsCaps
BATCH04975,Low,No,Contract,Device,DEV2,UK,32336,PLANT_SPECIAL,Medium,INHALER,Units
BATCH09118,Low,Yes,OwnBrand,Hormonal,HORM1,PT,30224,PLANT_SPECIAL,Medium,EE30TAB,Units
BATCH06418,High,No,Contract,Injectable,INJ2,UK,39545,PLANT_PARENTERAL,Low,CEF1GIV,Units
BATCH09349,Low,Yes,OwnBrand,Hormonal,HORM2,PT,14705,PLANT_SPECIAL,Low,EE30TAB,Units
BATCH08154,Medium,No,OwnBrand,Device,DEV1,DE,14396,PLANT_SPECIAL,High,INSUPEN,Units
BATCH01027,Medium,No,OwnBrand,Tablet,TL3,FR,192004,PLANT_SOLIDS,Medium,IBUP400TAB,TabletsCaps
BATCH07946,High,No,Contract,Capsule,CL2,DE,143663,PLANT_SOLIDS,High,AMOX500CAP,TabletsCaps
BATCH05036,Low,No,OwnBrand,Capsule,CL2,IT,276393,PLANT_SOLIDS,Medium,OMEP20CAP,TabletsCaps
BATCH05972,High,Yes,Contract,Capsule,CL2,DE,379797,PLANT_SOLIDS,Low,AMOX500CAP,TabletsCaps
BATCH09943,High,No,Contract,Capsule,CL2,DE,260865,PLANT_SOLIDS,Medium,AMOX500CAP,TabletsCaps
BATCH01236,Medium,No,OwnBrand,Injectable,INJ2,FR,47780,PLANT_PARENTERAL,High,HEP5000SC,Units
BATCH06817,High,No,Contract,Injectable,INJ2,UK,21391,PLANT_PARENTERAL,Medium,CEF1GIV,Units
BATCH06475,Low,No,OwnBrand,Hormonal,HORM1,PT,36601,PLANT_SPECIAL,High,EE30TAB,Units
BATCH02579,Medium,No,OwnBrand,Injectable,INJ1,FR,11785,PLANT_PARENTERAL,Medium,HEP5000SC,Units
BATCH09707,Medium,No,OwnBrand,Device,DEV2,DE,4727,PLANT_SPECIAL,Medium,INSUPEN,Units
BATCH06876,Low,No,OwnBrand,Capsule,CL2,IT,485280,PLANT_SOLIDS,High,OMEP20CAP,TabletsCaps
BATCH05250,Medium,No,Contract,Hormonal,HORM2,ES,32725,PLANT_SPECIAL,Low,LEVOHORMIMPL,Units
BATCH03293,Low,Yes,OwnBrand,Capsule,CL2,IT,415045,PLANT_SOLIDS,Low,OMEP20CAP,TabletsCaps
BATCH07251,Medium,No,OwnBrand,Device,DEV1,DE,38807,PLANT_SPECIAL,Medium,INSUPEN,Units
BATCH07308,Medium,No,OwnBrand,Tablet,TL1,FR,432991,PLANT_SOLIDS,Low,IBUP400TAB,TabletsCaps
BATCH06483,Low,Yes,OwnBrand,Tablet,TL3,ES,219228,PLANT_SOLIDS,High,PARA500TAB,TabletsCaps
BATCH02019,High,No,Contract,Injectable,INJ1,UK,21129,PLANT_PARENTERAL,High,CEF1GIV,Units
BATCH03956,Low,No,OwnBrand,Capsule,CL2,IT,126960,PLANT_SOLIDS,High,OMEP20CAP,TabletsCaps
BATCH03767,High,No,Contract,Injectable,INJ2,UK,27426,PLANT_PARENTERAL,Low,CEF1GIV,Units
BATCH00993,Low,No,OwnBrand,Hormonal,HORM2,PT,37850,PLANT_SPECIAL,Medium,EE30TAB,Units
BATCH06629,Medium,No,OwnBrand,Device,DEV1,DE,25677,PLANT_SPECIAL,High,INSUPEN,Units
BATCH08167,Low,No,OwnBrand,Hormonal,HORM1,PT,20150,PLANT_SPECIAL,Medium,EE30TAB,Units
BATCH08201,High,No,Contract,Injectable,INJ2,UK,6186,PLANT_PARENTERAL,High,CEF1GIV,Units
BATCH04758,Medium,No,OwnBrand,Device,DEV1,DE,25464,PLANT_SPECIAL,Medium,INSUPEN,Units
BATCH07316,Medium,No,Contract,Hormonal,HORM1,ES,20693,PLANT_SPECIAL,High,LEVOHORMIMPL,Units
BATCH07956,High,No,Contract,Injectable,INJ1,UK,38669,PLANT_PARENTERAL,Low,CEF1GIV,Units
BATCH02608,Low,Yes,Contract,Device,DEV1,UK,24020,PLANT_SPECIAL,Medium,INHALER,Units
BATCH08877,Medium,No,Contract,Hormonal,HORM1,ES,39386,PLANT_SPECIAL,Medium,LEVOHORMIMPL,Units
BATCH06283,Medium,Yes,OwnBrand,Device,DEV1,DE,39502,PLANT_SPECIAL,Medium,INSUPEN,Units
BATCH09202,Medium,No,Contract,Hormonal,HORM2,ES,46925,PLANT_SPECIAL,Medium,LEVOHORMIMPL,Units
BATCH06755,Low,No,OwnBrand,Hormonal,HORM2,PT,1387,PLANT_SPECIAL,Low,EE30TAB,Units
BATCH08914,Medium,No,OwnBrand,Device,DEV1,DE,31215,PLANT_SPECIAL,Medium,INSUPEN,Units
BATCH02777,Low,No,Contract,Device,DEV1,UK,39357,PLANT_SPECIAL,Medium,INHALER,Units
BATCH03720,Low,Yes,Contract,Device,DEV2,UK,25635,PLANT_SPECIAL,Medium,INHALER,Units
BATCH00350,Medium,No,OwnBrand,Tablet,TL2,FR,461549,PLANT_SOLIDS,Medium,IBUP400TAB,TabletsCaps
BATCH05288,Low,No,OwnBrand,Tablet,TL1,ES,421941,PLANT_SOLIDS,Medium,PARA500TAB,TabletsCaps
BATCH04502,Low,No,OwnBrand,Hormonal,HORM2,PT,1553,PLANT_SPECIAL,Low,EE30TAB,Units
BATCH06713,Medium,Yes,OwnBrand,Device,DEV1,DE,2093,PLANT_SPECIAL,Medium,INSUPEN,Units
BATCH06138,Low,Yes,OwnBrand,Capsule,CL1,IT,80241,PLANT_SOLIDS,Medium,OMEP20CAP,TabletsCaps
BATCH06486,Low,No,Contract,Device,DEV2,UK,9703,PLANT_SPECIAL,Medium,INHALER,Units
BATCH09562,High,No,Contract,Capsule,CL2,DE,224947,PLANT_SOLIDS,Medium,AMOX500CAP,TabletsCaps
BATCH02118,Low,No,OwnBrand,Hormonal,HORM2,PT,9275,PLANT_SPECIAL,Medium,EE30TAB,Units
BATCH04438,Low,No,Contract,Device,DEV2,UK,25425,PLANT_SPECIAL,Medium,INHALER,Units
BATCH07506,Medium,Yes,Contract,Hormonal,HORM2,ES,16088,PLANT_SPECIAL,High,LEVOHORMIMPL,Units
BATCH00522,Medium,Yes,OwnBrand,Device,DEV1,DE,36301,PLANT_SPECIAL,Medium,INSUPEN,Units
BATCH03054,High,No,Contract,Injectable,INJ2,UK,29576,PLANT_PARENTERAL,High,CEF1GIV,Units
BATCH08628,Medium,No,OwnBrand,Tablet,TL2,FR,117293,PLANT_SOLIDS,High,IBUP400TAB,TabletsCaps
BATCH04630,Low,No,OwnBrand,Capsule,CL1,IT,412126,PLANT_SOLIDS,Low,OMEP20CAP,TabletsCaps
BATCH09874,Medium,No,OwnBrand,Injectable,INJ1,FR,40855,PLANT_PARENTERAL,Low,HEP5000SC,Units
BATCH06846,Low,Yes,OwnBrand,Capsule,CL1,IT,65823,PLANT_SOLIDS,High,OMEP20CAP,TabletsCaps
BATCH05721,Medium,No,OwnBrand,Injectable,INJ1,FR,49402,PLANT_PARENTERAL,Low,HEP5000SC,Units
BATCH02698,Low,No,OwnBrand,Hormonal,HORM1,PT,4239,PLANT_SPECIAL,High,EE30TAB,Units
BATCH07457,Low,No,OwnBrand,Capsule,CL1,IT,197140,PLANT_SOLIDS,Low,OMEP20CAP,TabletsCaps
BATCH05590,Medium,No,Contract,Hormonal,HORM2,ES,16234,PLANT_SPECIAL,Low,LEVOHORMIMPL,Units
BATCH07347,Low,No,OwnBrand,Capsule,CL1,IT,128068,PLANT_SOLIDS,Medium,OMEP20CAP,TabletsCaps
BATCH03135,Low,No,OwnBrand,Tablet,TL3,ES,120578,PLANT_SOLIDS,Medium,PARA500TAB,TabletsCaps
BATCH02040,High,No,Contract,Capsule,CL1,DE,470564,PLANT_SOLIDS,High,AMOX500CAP,TabletsCaps
BATCH06980,High,No,Contract,Injectable,INJ1,UK,33696,PLANT_PARENTERAL,Medium,CEF1GIV,Units
BATCH02888,Medium,No,OwnBrand,Device,DEV2,DE,28964,PLANT_SPECIAL,Medium,INSUPEN,Units
BATCH09130,Low,Yes,OwnBrand,Hormonal,HORM2,PT,14354,PLANT_SPECIAL,Low,EE30TAB,Units
BATCH09321,Medium,Yes,Contract,Hormonal,HORM2,ES,2668,PLANT_SPECIAL,Medium,LEVOHORMIMPL,Units
BATCH08368,High,Yes,Contract,Capsule,CL1,DE,345961,PLANT_SOLIDS,Low,AMOX500CAP,TabletsCaps
BATCH04684,High,Yes,Contract,Capsule,CL1,DE,274453,PLANT_SOLIDS,Medium,AMOX500CAP,TabletsCaps
BATCH04001,High,Yes,Contract,Injectable,INJ2,UK,32929,PLANT_PARENTERAL,Medium,CEF1GIV,Units
BATCH09435,Medium,Yes,Contract,Hormonal,HORM2,ES,15750,PLANT_SPECIAL,Medium,LEVOHORMIMPL,Units
BATCH06837,Low,No,Contract,Device,DEV2,UK,43689,PLANT_SPECIAL,Medium,INHALER,Units
BATCH02057,Medium,No,OwnBrand,Injectable,INJ1,FR,47577,PLANT_PARENTERAL,High,HEP5000SC,Units
BATCH05409,Medium,No,OwnBrand,Injectable,INJ1,FR,27717,PLANT_PARENTERAL,Medium,HEP5000SC,Units
BATCH06971,High,No,Contract,Capsule,CL2,DE,383033,PLANT_SOLIDS,High,AMOX500CAP,TabletsCaps
BATCH06885,Medium,Yes,OwnBrand,Device,DEV2,DE,41698,PLANT_SPECIAL,Low,INSUPEN,Units
BATCH00904,Medium,No,OwnBrand,Device,DEV1,DE,25026,PLANT_SPECIAL,Medium,INSUPEN,Units
BATCH03455,Low,No,Contract,Device,DEV1,UK,47569,PLANT_SPECIAL,Medium,INHALER,Units
BATCH03563,Low,No,OwnBrand,Hormonal,HORM1,PT,30205,PLANT_SPECIAL,Low,EE30TAB,Units
BATCH06131,Low,No,OwnBrand,Hormonal,HORM2,PT,43316,PLANT_SPECIAL,Low,EE30TAB,Units
BATCH07136,Medium,Yes,OwnBrand,Injectable,INJ2,FR,34720,PLANT_PARENTERAL,Medium,HEP5000SC,Units
BATCH06602,Medium,Yes,OwnBrand,Tablet,TL3,FR,412535,PLANT_SOLIDS,High,IBUP400TAB,TabletsCaps
BATCH04531,High,No,Contract,Capsule,CL1,DE,488198,PLANT_SOLIDS,Medium,AMOX500CAP,TabletsCaps
BATCH06881,Medium,Yes,OwnBrand,Injectable,INJ2,FR,5907,PLANT_PARENTERAL,Medium,HEP5000SC,Units
BATCH09492,Low,Yes,Contract,Device,DEV2,UK,37129,PLANT_SPECIAL,Low,INHALER,Units
BATCH01591,High,No,Contract,Injectable,INJ2,UK,32613,PLANT_PARENTERAL,High,CEF1GIV,Units
BATCH06089,High,No,Contract,Injectable,INJ2,UK,43625,PLANT_PARENTERAL,Low,CEF1GIV,Units
BATCH00105,Medium,No,OwnBrand,Device,DEV2,DE,9404,PLANT_SPECIAL,Low,INSUPEN,Units
BATCH07206,High,Yes,Contract,Injectable,INJ1,UK,16365,PLANT_PARENTERAL,High,CEF1GIV,Units
BATCH05073,Medium,No,OwnBrand,Injectable,INJ1,FR,34397,PLANT_PARENTERAL,Medium,HEP5000SC,Units
BATCH04556,Medium,No,OwnBrand,Injectable,INJ1,FR,11113,PLANT_PARENTERAL,Medium,HEP5000SC,Units
BATCH07787,High,No,Contract,Injectable,INJ2,UK,16667,PLANT_PARENTERAL,Low,CEF1GIV,Units
BATCH05877,High,No,Contract,Injectable,INJ1,UK,39376,PLANT_PARENTERAL,Low,CEF1GIV,Units
BATCH09630,Medium,Yes,OwnBrand,Tablet,TL1,FR,257758,PLANT_SOLIDS,Medium,IBUP400TAB,TabletsCaps
BATCH04168,High,No,Contract,Capsule,CL1,DE,57288,PLANT_SOLIDS,Medium,AMOX500CAP,TabletsCaps
BATCH09009,Medium,No,OwnBrand,Injectable,INJ1,FR,13839,PLANT_PARENTERAL,Medium,HEP5000SC,Units
BATCH02005,Low,No,OwnBrand,Hormonal,HORM1,PT,1589,PLANT_SPECIAL,High,EE30TAB,Units
BATCH07161,Medium,No,OwnBrand,Tablet,TL3,FR,385896,PLANT_SOLIDS,Low,IBUP400TAB,TabletsCaps
BATCH04614,Medium,No,Contract,Hormonal,HORM1,ES,21905,PLANT_SPECIAL,Low,LEVOHORMIMPL,Units
BATCH08616,Low,Yes,OwnBrand,Capsule,CL1,IT,469948,PLANT_SOLIDS,High,OMEP20CAP,TabletsCaps
BATCH02670,Low,Yes,OwnBrand,Tablet,TL1,ES,402084,PLANT_SOLIDS,Medium,PARA500TAB,TabletsCaps
BATCH06282,Low,Yes,Contract,Device,DEV1,UK,19827,PLANT_SPECIAL,Medium,INHALER,Units
BATCH00675,Medium,No,OwnBrand,Device,DEV1,DE,22419,PLANT_SPECIAL,Medium,INSUPEN,Units
BATCH08757,Low,No,Contract,Device,DEV1,UK,46373,PLANT_SPECIAL,Medium,INHALER,Units
BATCH02920,Low,Yes,Contract,Device,DEV1,UK,30520,PLANT_SPECIAL,Medium,INHALER,Units
BATCH08653,Medium,No,OwnBrand,Device,DEV2,DE,15975,PLANT_SPECIAL,Medium,INSUPEN,Units
BATCH02871,High,No,Contract,Capsule,CL2,DE,377013,PLANT_SOLIDS,High,AMOX500CAP,TabletsCaps
BATCH09126,Medium,No,Contract,Hormonal,HORM2,ES,7582,PLANT_SPECIAL,Low,LEVOHORMIMPL,Units
BATCH04440,Medium,No,OwnBrand,Tablet,TL1,FR,405940,PLANT_SOLIDS,Medium,IBUP400TAB,TabletsCaps
BATCH00384,Medium,No,Contract,Hormonal,HORM2,ES,23942,PLANT_SPECIAL,Medium,LEVOHORMIMPL,Units
BATCH07908,High,No,Contract,Capsule,CL1,DE,470888,PLANT_SOLIDS,High,AMOX500CAP,TabletsCaps
BATCH05660,High,No,Contract,Injectable,INJ2,UK,35843,PLANT_PARENTERAL,Medium,CEF1GIV,Units
BATCH08865,Medium,Yes,OwnBrand,Injectable,INJ2,FR,27872,PLANT_PARENTERAL,High,HEP5000SC,Units
BATCH04251,Low,No,OwnBrand,Capsule,CL1,IT,468569,PLANT_SOLIDS,Medium,OMEP20CAP,TabletsCaps
BATCH02440,Low,No,OwnBrand,Capsule,CL2,IT,260856,PLANT_SOLIDS,High,OMEP20CAP,TabletsCaps
BATCH04590,Low,No,Contract,Device,DEV1,UK,38294,PLANT_SPECIAL,Medium,INHALER,Units
BATCH06771,Medium,No,OwnBrand,Tablet,TL2,FR,353116,PLANT_SOLIDS,Medium,IBUP400TAB,TabletsCaps
BATCH05478,Medium,Yes,OwnBrand,Device,DEV1,DE,38307,PLANT_SPECIAL,Low,INSUPEN,Units
BATCH01016,High,No,Contract,Capsule,CL2,DE,327182,PLANT_SOLIDS,Medium,AMOX500CAP,TabletsCaps
BATCH00594,High,No,Contract,Injectable,INJ1,UK,16186,PLANT_PARENTERAL,Medium,CEF1GIV,Units
BATCH02734,Low,No,OwnBrand,Hormonal,HORM1,PT,16712,PLANT_SPECIAL,Medium,EE30TAB,Units
BATCH03869,Low,No,OwnBrand,Capsule,CL1,IT,57870,PLANT_SOLIDS,High,OMEP20CAP,TabletsCaps
BATCH09380,Low,No,OwnBrand,Hormonal,HORM2,PT,31553,PLANT_SPECIAL,Low,EE30TAB,Units
BATCH00841,High,Yes,Contract,Injectable,INJ2,UK,20706,PLANT_PARENTERAL,Low,CEF1GIV,Units
BATCH08576,Low,No,OwnBrand,Tablet,TL1,ES,483669,PLANT_SOLIDS,Low,PARA500TAB,TabletsCaps
BATCH08946,Low,No,OwnBrand,Capsule,CL2,IT,467393,PLANT_SOLIDS,Medium,OMEP20CAP,TabletsCaps
BATCH00196,Low,No,OwnBrand,Tablet,TL3,ES,207332,PLANT_SOLIDS,Medium,PARA500TAB,TabletsCaps
BATCH06684,Low,Yes,OwnBrand,Capsule,CL1,IT,136059,PLANT_SOLIDS,Low,OMEP20CAP,TabletsCaps
BATCH04547,Medium,No,Contract,Hormonal,HORM2,ES,30288,PLANT_SPECIAL,Medium,LEVOHORMIMPL,Units
BATCH08521,Medium,No,OwnBrand,Device,DEV1,DE,27540,PLANT_SPECIAL,Low,INSUPEN,Units
BATCH05791,Low,No,OwnBrand,Capsule,CL1,IT,332500,PLANT_SOLIDS,Low,OMEP20CAP,TabletsCaps
BATCH02088,High,No,Contract,Injectable,INJ1,UK,49446,PLANT_PARENTERAL,High,CEF1GIV,Units
BATCH06012,Medium,No,OwnBrand,Injectable,INJ2,FR,1302,PLANT_PARENTERAL,High,HEP5000SC,Units
BATCH08760,Low,No,OwnBrand,Hormonal,HORM1,PT,37280,PLANT_SPECIAL,High,EE30TAB,Units
BATCH03673,Low,Yes,Contract,Device,DEV2,UK,4649,PLANT_SPECIAL,Medium,INHALER,Units
BATCH07988,Low,No,OwnBrand,Hormonal,HORM2,PT,3642,PLANT_SPECIAL,Medium,EE30TAB,Units
BATCH01803,High,Yes,Contract,Capsule,CL2,DE,129419,PLANT_SOLIDS,Low,AMOX500CAP,TabletsCaps
BATCH09463,High,Yes,Contract,Capsule,CL1,DE,369535,PLANT_SOLIDS,High,AMOX500CAP,TabletsCaps
BATCH00657,Low,No,OwnBrand,Tablet,TL2,ES,321607,PLANT_SOLIDS,High,PARA500TAB,TabletsCaps
BATCH01826,Low,No,OwnBrand,Tablet,TL2,ES,482496,PLANT_SOLIDS,Low,PARA500TAB,TabletsCaps
BATCH05158,High,No,Contract,Capsule,CL2,DE,160230,PLANT_SOLIDS,Medium,AMOX500CAP,TabletsCaps
BATCH08812,Medium,No,OwnBrand,Injectable,INJ1,FR,17364,PLANT_PARENTERAL,High,HEP5000SC,Units
BATCH04356,High,Yes,Contract,Capsule,CL2,DE,360229,PLANT_SOLIDS,High,AMOX500CAP,TabletsCaps
BATCH06129,Low,No,OwnBrand,Hormonal,HORM2,PT,42183,PLANT_SPECIAL,Medium,EE30TAB,Units
BATCH09000,High,No,Contract,Injectable,INJ2,UK,26078,PLANT_PARENTERAL,High,CEF1GIV,Units
BATCH09614,Medium,Yes,Contract,Hormonal,HORM1,ES,35720,PLANT_SPECIAL,Medium,LEVOHORMIMPL,Units
BATCH05254,Medium,Yes,Contract,Hormonal,HORM1,ES,16092,PLANT_SPECIAL,High,LEVOHORMIMPL,Units
BATCH09958,Low,Yes,OwnBrand,Hormonal,HORM2,PT,11242,PLANT_SPECIAL,High,EE30TAB,Units
BATCH03411,Low,No,Contract,Device,DEV2,UK,9510,PLANT_SPECIAL,Medium,INHALER,Units
BATCH03985,Low,No,OwnBrand,Tablet,TL2,ES,181873,PLANT_SOLIDS,High,PARA500TAB,TabletsCaps
BATCH03759,Medium,Yes,OwnBrand,Device,DEV1,DE,22237,PLANT_SPECIAL,Medium,INSUPEN,Units
BATCH04078,Low,No,OwnBrand,Hormonal,HORM2,PT,20374,PLANT_SPECIAL,Low,EE30TAB,Units
BATCH06415,High,Yes,Contract,Injectable,INJ2,UK,34508,PLANT_PARENTERAL,Medium,CEF1GIV,Units
BATCH07869,High,Yes,Contract,Injectable,INJ1,UK,2280,PLANT_PARENTERAL,High,CEF1GIV,Units
BATCH00012,Medium,No,OwnBrand,Tablet,TL2,FR,147323,PLANT_SOLIDS,Medium,IBUP400TAB,TabletsCaps
BATCH08490,Medium,No,OwnBrand,Device,DEV2,DE,7371,PLANT_SPECIAL,Medium,INSUPEN,Units
BATCH01821,High,No,Contract,Capsule,CL1,DE,481994,PLANT_SOLIDS,Low,AMOX500CAP,TabletsCaps
BATCH00778,Low,No,OwnBrand,Capsule,CL2,IT,412954,PLANT_SOLIDS,Medium,OMEP20CAP,TabletsCaps
BATCH01859,High,No,Contract,Capsule,CL1,DE,487794,PLANT_SOLIDS,High,AMOX500CAP,TabletsCaps
BATCH06442,Medium,No,OwnBrand,Injectable,INJ1,FR,8937,PLANT_PARENTERAL,Medium,HEP5000SC,Units
BATCH07968,Medium,Yes,OwnBrand,Device,DEV2,DE,38130,PLANT_SPECIAL,High,INSUPEN,Units
BATCH09146,Medium,No,OwnBrand,Device,DEV2,DE,13092,PLANT_SPECIAL,Medium,INSUPEN,Units
BATCH02903,Medium,No,Contract,Hormonal,HORM1,ES,49218,PLANT_SPECIAL,High,LEVOHORMIMPL,Units
BATCH02657,Medium,No,OwnBrand,Injectable,INJ1,FR,20200,PLANT_PARENTERAL,Medium,HEP5000SC,Units
BATCH01192,Medium,No,OwnBrand,Injectable,INJ1,FR,30519,PLANT_PARENTERAL,Medium,HEP5000SC,Units
BATCH08007,Low,No,OwnBrand,Capsule,CL1,IT,195927,PLANT_SOLIDS,Low,OMEP20CAP,TabletsCaps
BATCH03125,Medium,Yes,OwnBrand,Device,DEV2,DE,40048,PLANT_SPECIAL,Low,INSUPEN,Units
BATCH02976,Medium,Yes,OwnBrand,Device,DEV1,DE,38240,PLANT_SPECIAL,Medium,INSUPEN,Units
BATCH01346,Low,No,OwnBrand,Hormonal,HORM2,PT,26989,PLANT_SPECIAL,Medium,EE30TAB,Units
BATCH08184,Low,Yes,Contract,Device,DEV2,UK,45903,PLANT_SPECIAL,Low,INHALER,Units
BATCH08301,Medium,No,OwnBrand,Device,DEV2,DE,46114,PLANT_SPECIAL,Medium,INSUPEN,Units
BATCH07432,Medium,No,Contract,Hormonal,HORM2,ES,47886,PLANT_SPECIAL,Medium,LEVOHORMIMPL,Units
BATCH01905,Medium,No,OwnBrand,Tablet,TL2,FR,238855,PLANT_SOLIDS,Low,IBUP400TAB,TabletsCaps
BATCH03258,Low,No,Contract,Device,DEV1,UK,44590,PLANT_SPECIAL,Medium,INHALER,Units
BATCH00139,High,No,Contract,Injectable,INJ1,UK,17141,PLANT_PARENTERAL,High,CEF1GIV,Units
BATCH01077,High,No,Contract,Injectable,INJ1,UK,33379,PLANT_PARENTERAL,High,CEF1GIV,Units
BATCH04397,Medium,No,OwnBrand,Tablet,TL3,FR,344035,PLANT_SOLIDS,Medium,IBUP400TAB,TabletsCaps
BATCH01721,Low,No,OwnBrand,Hormonal,HORM2,PT,9716,PLANT_SPECIAL,Medium,EE30TAB,Units
BATCH02548,Medium,No,OwnBrand,Injectable,INJ1,FR,38089,PLANT_PARENTERAL,Medium,HEP5000SC,Units
BATCH00401,High,Yes,Contract,Capsule,CL2,DE,298119,PLANT_SOLIDS,High,AMOX500CAP,TabletsCaps
BATCH09123,Low,No,Contract,Device,DEV1,UK,9617,PLANT_SPECIAL,Low,INHALER,Units
BATCH02992,High,No,Contract,Capsule,CL2,DE,125790,PLANT_SOLIDS,High,AMOX500CAP,TabletsCaps
BATCH04085,Low,No,Contract,Device,DEV2,UK,12361,PLANT_SPECIAL,Medium,INHALER,Units
BATCH03590,Medium,No,Contract,Hormonal,HORM2,ES,3749,PLANT_SPECIAL,High,LEVOHORMIMPL,Units
BATCH04589,Low,Yes,OwnBrand,Tablet,TL2,ES,136520,PLANT_SOLIDS,Medium,PARA500TAB,TabletsCaps
BATCH01317,Medium,No,Contract,Hormonal,HORM1,ES,23640,PLANT_SPECIAL,Medium,LEVOHORMIMPL,Units
BATCH09741,Medium,No,OwnBrand,Injectable,INJ2,FR,10429,PLANT_PARENTERAL,High,HEP5000SC,Units
BATCH02127,Medium,No,Contract,Hormonal,HORM1,ES,27151,PLANT_SPECIAL,Medium,LEVOHORMIMPL,Units
BATCH06661,High,No,Contract,Injectable,INJ1,UK,20869,PLANT_PARENTERAL,Medium,CEF1GIV,Units
BATCH07654,Medium,No,Contract,Hormonal,HORM2,ES,19657,PLANT_SPECIAL,High,LEVOHORMIMPL,Units
BATCH02686,Low,No,Contract,Device,DEV1,UK,13620,PLANT_SPECIAL,Medium,INHALER,Units
BATCH07394,Medium,Yes,Contract,Hormonal,HORM2,ES,48239,PLANT_SPECIAL,Medium,LEVOHORMIMPL,Units
BATCH05403,Medium,No,OwnBrand,Device,DEV2,DE,9815,PLANT_SPECIAL,Medium,INSUPEN,Units
BATCH00295,Medium,No,OwnBrand,Tablet,TL1,FR,402186,PLANT_SOLIDS,High,IBUP400TAB,TabletsCaps
BATCH09558,Medium,No,OwnBrand,Device,DEV1,DE,31475,PLANT_SPECIAL,Low,INSUPEN,Units
BATCH04649,Medium,Yes,OwnBrand,Injectable,INJ2,FR,22824,PLANT_PARENTERAL,Low,HEP5000SC,Units
BATCH00464,Low,No,OwnBrand,Capsule,CL2,IT,135432,PLANT_SOLIDS,High,OMEP20CAP,TabletsCaps
BATCH05177,Medium,Yes,OwnBrand,Tablet,TL3,FR,359865,PLANT_SOLIDS,Low,IBUP400TAB,TabletsCaps
BATCH03874,Low,No,OwnBrand,Capsule,CL1,IT,421269,PLANT_SOLIDS,Low,OMEP20CAP,TabletsCaps
BATCH07735,Medium,No,Contract,Hormonal,HORM1,ES,8242,PLANT_SPECIAL,Medium,LEVOHORMIMPL,Units
BATCH01757,Medium,No,Contract,Hormonal,HORM2,ES,9288,PLANT_SPECIAL,High,LEVOHORMIMPL,Units
BATCH03255,High,No,Contract,Injectable,INJ2,UK,37504,PLANT_PARENTERAL,Low,CEF1GIV,Units
BATCH02268,High,No,Contract,Injectable,INJ2,UK,38726,PLANT_PARENTERAL,Medium,CEF1GIV,Units
BATCH09481,High,No,Contract,Injectable,INJ2,UK,27794,PLANT_PARENTERAL,Medium,CEF1GIV,Units
BATCH07928,Medium,No,OwnBrand,Tablet,TL2,FR,161879,PLANT_SOLIDS,Low,IBUP400TAB,TabletsCaps
BATCH08940,Low,Yes,Contract,Device,DEV2,UK,23545,PLANT_SPECIAL,Medium,INHALER,Units
BATCH04718,High,No,Contract,Capsule,CL2,DE,411376,PLANT_SOLIDS,Medium,AMOX500CAP,TabletsCaps
BATCH07047,Low,Yes,OwnBrand,Capsule,CL1,IT,392948,PLANT_SOLIDS,Medium,OMEP20CAP,TabletsCaps
BATCH00195,Low,No,OwnBrand,Capsule,CL1,IT,169475,PLANT_SOLIDS,High,OMEP20CAP,TabletsCaps
BATCH08501,Medium,No,OwnBrand,Injectable,INJ1,FR,25485,PLANT_PARENTERAL,Medium,HEP5000SC,Units
BATCH07092,Medium,Yes,Contract,Hormonal,HORM2,ES,9310,PLANT_SPECIAL,Medium,LEVOHORMIMPL,Units
BATCH07638,Low,Yes,OwnBrand,Capsule,CL2,IT,262364,PLANT_SOLIDS,Low,OMEP20CAP,TabletsCaps
BATCH08142,Medium,Yes,OwnBrand,Device,DEV2,DE,24914,PLANT_SPECIAL,Medium,INSUPEN,Units
BATCH09502,High,Yes,Contract,Capsule,CL2,DE,457591,PLANT_SOLIDS,Medium,AMOX500CAP,TabletsCaps
BATCH09742,Low,No,OwnBrand,Hormonal,HORM2,PT,16485,PLANT_SPECIAL,Low,EE30TAB,Units
BATCH02056,Medium,No,OwnBrand,Tablet,TL1,FR,418191,PLANT_SOLIDS,High,IBUP400TAB,TabletsCaps
BATCH08341,Low,Yes,OwnBrand,Hormonal,HORM1,PT,49151,PLANT_SPECIAL,Medium,EE30TAB,Units
BATCH00880,Low,No,OwnBrand,Tablet,TL1,ES,151256,PLANT_SOLIDS,Medium,PARA500TAB,TabletsCaps
BATCH04145,Low,No,OwnBrand,Tablet,TL3,ES,462542,PLANT_SOLIDS,Medium,PARA500TAB,TabletsCaps
BATCH07088,Low,No,OwnBrand,Tablet,TL1,ES,401928,PLANT_SOLIDS,High,PARA500TAB,TabletsCaps
BATCH04958,Medium,No,OwnBrand,Device,DEV2,DE,29801,PLANT_SPECIAL,Low,INSUPEN,Units
BATCH02286,Low,Yes,OwnBrand,Hormonal,HORM2,PT,48332,PLANT_SPECIAL,Low,EE30TAB,Units
BATCH04868,High,No,Contract,Capsule,CL1,DE,248720,PLANT_SOLIDS,Medium,AMOX500CAP,TabletsCaps
BATCH02693,Low,No,OwnBrand,Hormonal,HORM2,PT,11625,PLANT_SPECIAL,High,EE30TAB,Units
BATCH02244,Medium,Yes,OwnBrand,Device,DEV2,DE,39234,PLANT_SPECIAL,Medium,INSUPEN,Units
BATCH01453,Low,No,OwnBrand,Hormonal,HORM1,PT,29605,PLANT_SPECIAL,Medium,EE30TAB,Units
BATCH05363,Low,No,OwnBrand,Hormonal,HORM2,PT,30864,PLANT_SPECIAL,Low,EE30TAB,Units
BATCH07915,High,No,Contract,Capsule,CL2,DE,283712,PLANT_SOLIDS,Low,AMOX500CAP,TabletsCaps
BATCH00383,Medium,No,OwnBrand,Device,DEV1,DE,25349,PLANT_SPECIAL,Medium,INSUPEN,Units
BATCH02904,Medium,No,OwnBrand,Device,DEV2,DE,34641,PLANT_SPECIAL,Low,INSUPEN,Units
BATCH06927,Medium,No,OwnBrand,Tablet,TL3,FR,362146,PLANT_SOLIDS,Low,IBUP400TAB,TabletsCaps
BATCH01259,Medium,No,OwnBrand,Device,DEV2,DE,2810,PLANT_SPECIAL,High,INSUPEN,Units
BATCH04903,Low,No,OwnBrand,Capsule,CL1,IT,280325,PLANT_SOLIDS,Medium,OMEP20CAP,TabletsCaps
BATCH07646,Medium,Yes,OwnBrand,Tablet,TL3,FR,293107,PLANT_SOLIDS,Low,IBUP400TAB,TabletsCaps
BATCH05506,Medium,No,OwnBrand,Injectable,INJ2,FR,32178,PLANT_PARENTERAL,Low,HEP5000SC,Units
BATCH00438,High,No,Contract,Capsule,CL1,DE,465109,PLANT_SOLIDS,High,AMOX500CAP,TabletsCaps
BATCH06935,Medium,Yes,OwnBrand,Injectable,INJ1,FR,13357,PLANT_PARENTERAL,Low,HEP5000SC,Units
BATCH04838,High,Yes,Contract,Injectable,INJ2,UK,30372,PLANT_PARENTERAL,Low,CEF1GIV,Units
BATCH06845,Medium,No,OwnBrand,Tablet,TL3,FR,432107,PLANT_SOLIDS,Medium,IBUP400TAB,TabletsCaps
BATCH06744,Low,No,OwnBrand,Capsule,CL2,IT,352958,PLANT_SOLIDS,Low,OMEP20CAP,TabletsCaps
BATCH09308,High,No,Contract,Injectable,INJ1,UK,16393,PLANT_PARENTERAL,High,CEF1GIV,Units
BATCH02690,Low,Yes,OwnBrand,Tablet,TL1,ES,162954,PLANT_SOLIDS,Medium,PARA500TAB,TabletsCaps
BATCH07925,Medium,No,OwnBrand,Device,DEV1,DE,21547,PLANT_SPECIAL,Low,INSUPEN,Units
BATCH07343,Medium,No,OwnBrand,Device,DEV2,DE,13533,PLANT_SPECIAL,Medium,INSUPEN,Units
BATCH03444,Low,No,Contract,Device,DEV1,UK,25502,PLANT_SPECIAL,Medium,INHALER,Units
BATCH04929,Medium,No,Contract,Hormonal,HORM1,ES,5389,PLANT_SPECIAL,Medium,LEVOHORMIMPL,Units
BATCH08291,Low,No,OwnBrand,Tablet,TL2,ES,485755,PLANT_SOLIDS,Medium,PARA500TAB,TabletsCaps
BATCH07482,Medium,No,OwnBrand,Injectable,INJ2,FR,20369,PLANT_PARENTERAL,Low,HEP5000SC,Units
BATCH04055,Medium,No,Contract,Hormonal,HORM1,ES,42775,PLANT_SPECIAL,Medium,LEVOHORMIMPL,Units
BATCH07679,High,Yes,Contract,Capsule,CL1,DE,354789,PLANT_SOLIDS,Medium,AMOX500CAP,TabletsCaps
BATCH08125,Low,No,OwnBrand,Capsule,CL1,IT,348435,PLANT_SOLIDS,Low,OMEP20CAP,TabletsCaps
BATCH09773,Medium,Yes,OwnBrand,Device,DEV2,DE,31152,PLANT_SPECIAL,High,INSUPEN,Units
BATCH09968,Low,No,Contract,Device,DEV1,UK,12779,PLANT_SPECIAL,High,INHALER,Units
BATCH00104,Medium,No,OwnBrand,Tablet,TL1,FR,63241,PLANT_SOLIDS,Low,IBUP400TAB,TabletsCaps
BATCH01626,High,Yes,Contract,Injectable,INJ1,UK,19443,PLANT_PARENTERAL,High,CEF1GIV,Units
BATCH09876,Medium,No,OwnBrand,Tablet,TL3,FR,335732,PLANT_SOLIDS,Medium,IBUP400TAB,TabletsCaps
BATCH02731,Low,No,OwnBrand,Hormonal,HORM2,PT,21845,PLANT_SPECIAL,Low,EE30TAB,Units
BATCH08960,Medium,No,OwnBrand,Device,DEV1,DE,49617,PLANT_SPECIAL,Low,INSUPEN,Units
BATCH06477,Low,No,Contract,Device,DEV1,UK,32538,PLANT_SPECIAL,Low,INHALER,Units
BATCH07036,Medium,No,Contract,Hormonal,HORM2,ES,48982,PLANT_SPECIAL,High,LEVOHORMIMPL,Units
BATCH04062,Medium,No,OwnBrand,Tablet,TL3,FR,444126,PLANT_SOLIDS,Medium,IBUP400TAB,TabletsCaps
BATCH07504,Medium,No,OwnBrand,Tablet,TL2,FR,96194,PLANT_SOLIDS,Low,IBUP400TAB,TabletsCaps
BATCH09664,Low,No,OwnBrand,Tablet,TL3,ES,201819,PLANT_SOLIDS,High,PARA500TAB,TabletsCaps
BATCH04405,Low,No,OwnBrand,Hormonal,HORM1,PT,41283,PLANT_SPECIAL,Low,EE30TAB,Units
BATCH07390,Low,No,OwnBrand,Capsule,CL2,IT,198401,PLANT_SOLIDS,Medium,OMEP20CAP,TabletsCaps
BATCH01718,High,No,Contract,Capsule,CL1,DE,212277,PLANT_SOLIDS,Medium,AMOX500CAP,TabletsCaps
BATCH03801,High,No,Contract,Injectable,INJ1,UK,16604,PLANT_PARENTERAL,High,CEF1GIV,Units
BATCH04382,Medium,Yes,Contract,Hormonal,HORM2,ES,5747,PLANT_SPECIAL,Medium,LEVOHORMIMPL,Units
BATCH08819,Low,No,Contract,Device,DEV1,UK,43543,PLANT_SPECIAL,High,INHALER,Units
BATCH04291,High,Yes,Contract,Injectable,INJ2,UK,47125,PLANT_PARENTERAL,Low,CEF1GIV,Units
BATCH06902,Low,Yes,Contract,Device,DEV1,UK,41073,PLANT_SPECIAL,Medium,INHALER,Units
BATCH02735,Low,Yes,OwnBrand,Tablet,TL1,ES,453320,PLANT_SOLIDS,Medium,PARA500TAB,TabletsCaps
BATCH05745,High,Yes,Contract,Injectable,INJ1,UK,2832,PLANT_PARENTERAL,High,CEF1GIV,Units
BATCH05787,Medium,No,Contract,Hormonal,HORM2,ES,15936,PLANT_SPECIAL,High,LEVOHORMIMPL,Units
BATCH04500,Medium,No,OwnBrand,Injectable,INJ1,FR,19142,PLANT_PARENTERAL,Medium,HEP5000SC,Units
BATCH07700,Medium,No,OwnBrand,Injectable,INJ2,FR,43271,PLANT_PARENTERAL,Low,HEP5000SC,Units
BATCH03672,Medium,No,OwnBrand,Tablet,TL2,FR,176987,PLANT_SOLIDS,Low,IBUP400TAB,TabletsCaps
BATCH09432,Low,No,Contract,Device,DEV1,UK,3071,PLANT_SPECIAL,Medium,INHALER,Units
BATCH00525,Medium,No,Contract,Hormonal,HORM2,ES,10759,PLANT_SPECIAL,Medium,LEVOHORMIMPL,Units
BATCH08418,Low,No,Contract,Device,DEV1,UK,23512,PLANT_SPECIAL,High,INHALER,Units
BATCH07397,Medium,No,OwnBrand,Tablet,TL1,FR,365369,PLANT_SOLIDS,Medium,IBUP400TAB,TabletsCaps
BATCH06179,High,No,Contract,Injectable,INJ1,UK,21473,PLANT_PARENTERAL,Low,CEF1GIV,Units
BATCH06568,High,No,Contract,Capsule,CL2,DE,60218,PLANT_SOLIDS,Low,AMOX500CAP,TabletsCaps
BATCH01195,Medium,No,Contract,Hormonal,HORM1,ES,14529,PLANT_SPECIAL,Medium,LEVOHORMIMPL,Units
BATCH05845,Medium,Yes,Contract,Hormonal,HORM1,ES,6378,PLANT_SPECIAL,Low,LEVOHORMIMPL,Units
BATCH00549,Low,No,OwnBrand,Capsule,CL2,IT,268988,PLANT_SOLIDS,High,OMEP20CAP,TabletsCaps
BATCH07507,Medium,No,OwnBrand,Tablet,TL3,FR,266695,PLANT_SOLIDS,Low,IBUP400TAB,TabletsCaps
BATCH08511,Low,No,OwnBrand,Hormonal,HORM2,PT,2192,PLANT_SPECIAL,High,EE30TAB,Units
BATCH06737,Medium,No,Contract,Hormonal,HORM2,ES,13483,PLANT_SPECIAL,Medium,LEVOHORMIMPL,Units
BATCH09236,Medium,No,OwnBrand,Device,DEV2,DE,18987,PLANT_SPECIAL,Medium,INSUPEN,Units
BATCH06603,Low,No,OwnBrand,Hormonal,HORM1,PT,9646,PLANT_SPECIAL,Medium,EE30TAB,Units
BATCH09180,Low,Yes,OwnBrand,Tablet,TL1,ES,123608,PLANT_SOLIDS,High,PARA500TAB,TabletsCaps
BATCH02823,Medium,No,Contract,Hormonal,HORM1,ES,9556,PLANT_SPECIAL,Medium,LEVOHORMIMPL,Units
BATCH08715,Low,Yes,OwnBrand,Hormonal,HORM2,PT,39077,PLANT_SPECIAL,High,EE30TAB,Units
BATCH07006,Low,No,OwnBrand,Tablet,TL1,ES,283649,PLANT_SOLIDS,Medium,PARA500TAB,TabletsCaps
BATCH06115,High,No,Contract,Injectable,INJ2,UK,49608,PLANT_PARENTERAL,Medium,CEF1GIV,Units
BATCH02602,High,No,Contract,Capsule,CL1,DE,448372,PLANT_SOLIDS,High,AMOX500CAP,TabletsCaps
BATCH00313,High,No,Contract,Injectable,INJ1,UK,16873,PLANT_PARENTERAL,Low,CEF1GIV,Units
BATCH08255,Medium,No,OwnBrand,Injectable,INJ2,FR,38865,PLANT_PARENTERAL,Medium,HEP5000SC,Units
BATCH06255,Medium,No,OwnBrand,Tablet,TL2,FR,56521,PLANT_SOLIDS,High,IBUP400TAB,TabletsCaps
BATCH05749,Medium,Yes,OwnBrand,Device,DEV2,DE,20053,PLANT_SPECIAL,Medium,INSUPEN,Units
BATCH07841,High,Yes,Contract,Injectable,INJ2,UK,37982,PLANT_PARENTERAL,High,CEF1GIV,Units
BATCH07987,High,No,Contract,Injectable,INJ1,UK,30112,PLANT_PARENTERAL,Low,CEF1GIV,Units
BATCH08335,High,No,Contract,Capsule,CL1,DE,493822,PLANT_SOLIDS,Medium,AMOX500CAP,TabletsCaps
BATCH02728,Low,No,Contract,Device,DEV1,UK,22630,PLANT_SPECIAL,Medium,INHALER,Units
BATCH08203,Medium,Yes,OwnBrand,Device,DEV1,DE,30604,PLANT_SPECIAL,Medium,INSUPEN,Units
BATCH00037,Medium,No,Contract,Hormonal,HORM1,ES,28114,PLANT_SPECIAL,Medium,LEVOHORMIMPL,Units
BATCH05720,Low,No,OwnBrand,Tablet,TL2,ES,353696,PLANT_SOLIDS,High,PARA500TAB,TabletsCaps
BATCH08314,High,No,Contract,Capsule,CL2,DE,339614,PLANT_SOLIDS,High,AMOX500CAP,TabletsCaps
BATCH02799,Low,No,OwnBrand,Capsule,CL2,IT,145891,PLANT_SOLIDS,Medium,OMEP20CAP,TabletsCaps
BATCH09318,Medium,No,OwnBrand,Injectable,INJ2,FR,28272,PLANT_PARENTERAL,Low,HEP5000SC,Units
BATCH03144,Medium,No,Contract,Hormonal,HORM2,ES,3451,PLANT_SPECIAL,Medium,LEVOHORMIMPL,Units
BATCH08132,Low,No,Contract,Device,DEV2,UK,34067,PLANT_SPECIAL,High,INHALER,Units
BATCH07478,High,Yes,Contract,Injectable,INJ2,UK,47720,PLANT_PARENTERAL,High,CEF1GIV,Units
BATCH06928,Medium,Yes,Contract,Hormonal,HORM1,ES,28807,PLANT_SPECIAL,Medium,LEVOHORMIMPL,Units
BATCH07375,High,No,Contract,Capsule,CL1,DE,134514,PLANT_SOLIDS,High,AMOX500CAP,TabletsCaps
BATCH09503,High,No,Contract,Capsule,CL1,DE,333268,PLANT_SOLIDS,High,AMOX500CAP,TabletsCaps
BATCH06060,High,No,Contract,Injectable,INJ1,UK,9675,PLANT_PARENTERAL,High,CEF1GIV,Units
BATCH04417,High,Yes,Contract,Injectable,INJ1,UK,47193,PLANT_PARENTERAL,High,CEF1GIV,Units
BATCH02356,Medium,No,Contract,Hormonal,HORM2,ES,39876,PLANT_SPECIAL,Medium,LEVOHORMIMPL,Units
BATCH01616,Low,Yes,Contract,Device,DEV2,UK,42335,PLANT_SPECIAL,High,INHALER,Units
BATCH05732,Low,No,OwnBrand,Tablet,TL1,ES,428881,PLANT_SOLIDS,Medium,PARA500TAB,TabletsCaps
BATCH01302,Low,Yes,OwnBrand,Hormonal,HORM1,PT,22466,PLANT_SPECIAL,High,EE30TAB,Units
BATCH02137,Low,No,OwnBrand,Capsule,CL1,IT,140876,PLANT_SOLIDS,Low,OMEP20CAP,TabletsCaps
BATCH06161,Medium,No,OwnBrand,Tablet,TL2,FR,489954,PLANT_SOLIDS,Medium,IBUP400TAB,TabletsCaps
BATCH05569,Low,No,OwnBrand,Tablet,TL2,ES,399304,PLANT_SOLIDS,Medium,PARA500TAB,TabletsCaps
BATCH01955,Medium,Yes,Contract,Hormonal,HORM2,ES,25838,PLANT_SPECIAL,High,LEVOHORMIMPL,Units
BATCH09504,Low,No,OwnBrand,Capsule,CL2,IT,113902,PLANT_SOLIDS,Medium,OMEP20CAP,TabletsCaps
BATCH08650,Low,No,OwnBrand,Hormonal,HORM1,PT,8785,PLANT_SPECIAL,Medium,EE30TAB,Units
BATCH09862,Medium,No,OwnBrand,Device,DEV1,DE,40898,PLANT_SPECIAL,High,INSUPEN,Units
BATCH05765,Low,Yes,OwnBrand,Tablet,TL2,ES,262326,PLANT_SOLIDS,Low,PARA500TAB,TabletsCaps
BATCH05925,Low,Yes,OwnBrand,Tablet,TL3,ES,329344,PLANT_SOLIDS,High,PARA500TAB,TabletsCaps
BATCH02017,Low,No,Contract,Device,DEV2,UK,3613,PLANT_SPECIAL,Low,INHALER,Units
BATCH06386,Low,Yes,Contract,Device,DEV1,UK,16813,PLANT_SPECIAL,Medium,INHALER,Units
BATCH07140,High,No,Contract,Injectable,INJ1,UK,29331,PLANT_PARENTERAL,Low,CEF1GIV,Units
BATCH07525,Low,No,OwnBrand,Capsule,CL1,IT,164789,PLANT_SOLIDS,Medium,OMEP20CAP,TabletsCaps
BATCH06565,Low,Yes,Contract,Device,DEV2,UK,24875,PLANT_SPECIAL,Low,INHALER,Units
BATCH04061,Low,No,Contract,Device,DEV2,UK,3782,PLANT_SPECIAL,Medium,INHALER,Units
BATCH05285,Medium,No,Contract,Hormonal,HORM1,ES,22814,PLANT_SPECIAL,Medium,LEVOHORMIMPL,Units
BATCH05477,Low,No,OwnBrand,Tablet,TL2,ES,453980,PLANT_SOLIDS,Low,PARA500TAB,TabletsCaps
BATCH04478,Medium,No,OwnBrand,Device,DEV1,DE,9285,PLANT_SPECIAL,Low,INSUPEN,Units
BATCH05735,Medium,No,OwnBrand,Injectable,INJ2,FR,19304,PLANT_PARENTERAL,Medium,HEP5000SC,Units
BATCH06852,Low,No,OwnBrand,Hormonal,HORM1,PT,5426,PLANT_SPECIAL,Medium,EE30TAB,Units
BATCH03473,Low,No,OwnBrand,Capsule,CL2,IT,274447,PLANT_SOLIDS,Medium,OMEP20CAP,TabletsCaps
BATCH07694,Low,No,OwnBrand,Capsule,CL2,IT,82538,PLANT_SOLIDS,High,OMEP20CAP,TabletsCaps
BATCH09826,Medium,No,OwnBrand,Tablet,TL3,FR,54657,PLANT_SOLIDS,Low,IBUP400TAB,TabletsCaps
BATCH00057,Low,No,Contract,Device,DEV1,UK,27566,PLANT_SPECIAL,Low,INHALER,Units
BATCH01532,Low,No,OwnBrand,Capsule,CL1,IT,123170,PLANT_SOLIDS,Medium,OMEP20CAP,TabletsCaps
BATCH09676,Low,Yes,OwnBrand,Capsule,CL1,IT,311454,PLANT_SOLIDS,High,OMEP20CAP,TabletsCaps
BATCH01836,High,No,Contract,Capsule,CL1,DE,310825,PLANT_SOLIDS,High,AMOX500CAP,TabletsCaps
BATCH03959,Medium,No,OwnBrand,Tablet,TL2,FR,131355,PLANT_SOLIDS,Medium,IBUP400TAB,TabletsCaps
BATCH01136,Low,No,OwnBrand,Tablet,TL1,ES,138751,PLANT_SOLIDS,Medium,PARA500TAB,TabletsCaps
BATCH03290,Medium,No,OwnBrand,Device,DEV1,DE,33595,PLANT_SPECIAL,Medium,INSUPEN,Units
BATCH03585,Medium,No,OwnBrand,Injectable,INJ1,FR,14330,PLANT_PARENTERAL,Medium,HEP5000SC,Units
BATCH05796,High,No,Contract,Capsule,CL1,DE,82843,PLANT_SOLIDS,Medium,AMOX500CAP,TabletsCaps
BATCH01938,Medium,No,OwnBrand,Device,DEV1,DE,21589,PLANT_SPECIAL,High,INSUPEN,Units
BATCH02797,Low,Yes,OwnBrand,Hormonal,HORM1,PT,49244,PLANT_SPECIAL,Medium,EE30TAB,Units
BATCH07581,Low,Yes,OwnBrand,Hormonal,HORM1,PT,47423,PLANT_SPECIAL,Medium,EE30TAB,Units
BATCH06045,Medium,Yes,Contract,Hormonal,HORM2,ES,22430,PLANT_SPECIAL,Medium,LEVOHORMIMPL,Units
BATCH02935,Medium,No,OwnBrand,Injectable,INJ1,FR,48334,PLANT_PARENTERAL,High,HEP5000SC,Units
BATCH01226,Medium,No,OwnBrand,Device,DEV1,DE,16063,PLANT_SPECIAL,Medium,INSUPEN,Units
BATCH09557,Medium,No,OwnBrand,Tablet,TL1,FR,411775,PLANT_SOLIDS,Low,IBUP400TAB,TabletsCaps
BATCH04214,Medium,No,OwnBrand,Injectable,INJ2,FR,19207,PLANT_PARENTERAL,Medium,HEP5000SC,Units
BATCH04274,Medium,No,Contract,Hormonal,HORM2,ES,26317,PLANT_SPECIAL,Medium,LEVOHORMIMPL,Units
BATCH03810,Medium,No,OwnBrand,Tablet,TL3,FR,268877,PLANT_SOLIDS,Medium,IBUP400TAB,TabletsCaps
BATCH01927,Medium,Yes,OwnBrand,Tablet,TL2,FR,495970,PLANT_SOLIDS,Medium,IBUP400TAB,TabletsCaps
BATCH04253,Low,No,OwnBrand,Tablet,TL3,ES,272300,PLANT_SOLIDS,Medium,PARA500TAB,TabletsCaps
BATCH02553,Medium,No,OwnBrand,Injectable,INJ1,FR,29293,PLANT_PARENTERAL,Medium,HEP5000SC,Units
BATCH02373,Medium,No,Contract,Hormonal,HORM1,ES,29886,PLANT_SPECIAL,High,LEVOHORMIMPL,Units
BATCH00206,Low,No,OwnBrand,Tablet,TL1,ES,318088,PLANT_SOLIDS,Medium,PARA500TAB,TabletsCaps
BATCH08958,Low,No,OwnBrand,Tablet,TL3,ES,201088,PLANT_SOLIDS,Low,PARA500TAB,TabletsCaps
BATCH01388,Medium,Yes,OwnBrand,Device,DEV1,DE,28727,PLANT_SPECIAL,Medium,INSUPEN,Units
BATCH07593,High,No,Contract,Injectable,INJ1,UK,15588,PLANT_PARENTERAL,Medium,CEF1GIV,Units
BATCH07528,Low,No,OwnBrand,Tablet,TL3,ES,411750,PLANT_SOLIDS,Medium,PARA500TAB,TabletsCaps
BATCH08262,Medium,No,OwnBrand,Tablet,TL3,FR,272316,PLANT_SOLIDS,Medium,IBUP400TAB,TabletsCaps
BATCH01433,Medium,No,OwnBrand,Injectable,INJ2,FR,35226,PLANT_PARENTERAL,Medium,HEP5000SC,Units
BATCH01462,Low,No,Contract,Device,DEV1,UK,40854,PLANT_SPECIAL,High,INHALER,Units
BATCH06553,Low,No,OwnBrand,Capsule,CL2,IT,141618,PLANT_SOLIDS,High,OMEP20CAP,TabletsCaps
BATCH07575,Medium,No,Contract,Hormonal,HORM1,ES,47379,PLANT_SPECIAL,Medium,LEVOHORMIMPL,Units
BATCH00119,High,No,Contract,Injectable,INJ2,UK,29189,PLANT_PARENTERAL,High,CEF1GIV,Units
BATCH05497,Low,No,Contract,Device,DEV2,UK,38295,PLANT_SPECIAL,Medium,INHALER,Units
BATCH04261,Medium,No,OwnBrand,Device,DEV2,DE,32849,PLANT_SPECIAL,High,INSUPEN,Units
BATCH02157,Low,Yes,OwnBrand,Hormonal,HORM1,PT,26335,PLANT_SPECIAL,Medium,EE30TAB,Units
BATCH03552,Low,No,OwnBrand,Capsule,CL1,IT,406351,PLANT_SOLIDS,Medium,OMEP20CAP,TabletsCaps
BATCH01075,High,No,Contract,Capsule,CL2,DE,93230,PLANT_SOLIDS,Low,AMOX500CAP,TabletsCaps
BATCH02438,Medium,No,Contract,Hormonal,HORM1,ES,33066,PLANT_SPECIAL,Medium,LEVOHORMIMPL,Units
BATCH00008,Low,No,OwnBrand,Capsule,CL2,IT,126977,PLANT_SOLIDS,Low,OMEP20CAP,TabletsCaps
BATCH01578,High,Yes,Contract,Capsule,CL2,DE,241058,PLANT_SOLIDS,Medium,AMOX500CAP,TabletsCaps
BATCH03406,Low,No,OwnBrand,Tablet,TL1,ES,147728,PLANT_SOLIDS,High,PARA500TAB,TabletsCaps
BATCH00374,Low,No,Contract,Device,DEV1,UK,15130,PLANT_SPECIAL,Medium,INHALER,Units
BATCH04574,Low,No,OwnBrand,Hormonal,HORM2,PT,32853,PLANT_SPECIAL,High,EE30TAB,Units
BATCH01039,High,No,Contract,Injectable,INJ1,UK,11139,PLANT_PARENTERAL,Medium,CEF1GIV,Units
BATCH08103,Medium,No,OwnBrand,Device,DEV1,DE,20906,PLANT_SPECIAL,Medium,INSUPEN,Units
BATCH08630,Medium,No,OwnBrand,Injectable,INJ1,FR,48727,PLANT_PARENTERAL,High,HEP5000SC,Units
BATCH00167,High,No,Contract,Injectable,INJ1,UK,10701,PLANT_PARENTERAL,High,CEF1GIV,Units
BATCH02708,Medium,No,OwnBrand,Injectable,INJ1,FR,14886,PLANT_PARENTERAL,High,HEP5000SC,Units
BATCH04699,Low,Yes,Contract,Device,DEV1,UK,13950,PLANT_SPECIAL,Medium,INHALER,Units
BATCH05031,Medium,No,OwnBrand,Tablet,TL3,FR,211901,PLANT_SOLIDS,High,IBUP400TAB,TabletsCaps
BATCH01310,High,Yes,Contract,Injectable,INJ1,UK,33581,PLANT_PARENTERAL,High,CEF1GIV,Units
BATCH06570,Medium,No,OwnBrand,Injectable,INJ1,FR,6580,PLANT_PARENTERAL,Low,HEP5000SC,Units
BATCH08287,High,No,Contract,Capsule,CL2,DE,438228,PLANT_SOLIDS,Low,AMOX500CAP,TabletsCaps
BATCH05794,Medium,No,Contract,Hormonal,HORM1,ES,21047,PLANT_SPECIAL,Low,LEVOHORMIMPL,Units
BATCH03069,Medium,No,OwnBrand,Injectable,INJ2,FR,8825,PLANT_PARENTERAL,Low,HEP5000SC,Units
BATCH05196,Low,No,OwnBrand,Hormonal,HORM2,PT,22537,PLANT_SPECIAL,High,EE30TAB,Units
BATCH04647,Medium,Yes,OwnBrand,Device,DEV2,DE,15448,PLANT_SPECIAL,Medium,INSUPEN,Units
BATCH09753,Medium,No,OwnBrand,Tablet,TL2,FR,238039,PLANT_SOLIDS,Medium,IBUP400TAB,TabletsCaps
BATCH03133,Low,No,OwnBrand,Tablet,TL2,ES,272175,PLANT_SOLIDS,Medium,PARA500TAB,TabletsCaps
BATCH08382,Low,No,OwnBrand,Hormonal,HORM2,PT,9484,PLANT_SPECIAL,High,EE30TAB,Units
BATCH07648,Low,No,OwnBrand,Capsule,CL1,IT,466097,PLANT_SOLIDS,Medium,OMEP20CAP,TabletsCaps
BATCH08358,Low,No,OwnBrand,Capsule,CL2,IT,148001,PLANT_SOLIDS,High,OMEP20CAP,TabletsCaps
BATCH00137,High,Yes,Contract,Capsule,CL2,DE,196262,PLANT_SOLIDS,Low,AMOX500CAP,TabletsCaps
BATCH08011,Medium,Yes,Contract,Hormonal,HORM2,ES,24629,PLANT_SPECIAL,Medium,LEVOHORMIMPL,Units
BATCH07080,Medium,No,Contract,Hormonal,HORM2,ES,11520,PLANT_SPECIAL,Medium,LEVOHORMIMPL,Units
BATCH06969,Medium,No,OwnBrand,Tablet,TL1,FR,334762,PLANT_SOLIDS,High,IBUP400TAB,TabletsCaps
BATCH06117,Medium,No,OwnBrand,Tablet,TL2,FR,182551,PLANT_SOLIDS,High,IBUP400TAB,TabletsCaps
BATCH02263,Medium,No,OwnBrand,Device,DEV1,DE,30590,PLANT_SPECIAL,Low,INSUPEN,Units
BATCH05199,Medium,No,OwnBrand,Tablet,TL1,FR,70055,PLANT_SOLIDS,High,IBUP400TAB,TabletsCaps
BATCH05743,Medium,Yes,Contract,Hormonal,HORM2,ES,3071,PLANT_SPECIAL,Medium,LEVOHORMIMPL,Units
BATCH03269,Medium,No,OwnBrand,Injectable,INJ2,FR,41585,PLANT_PARENTERAL,Medium,HEP5000SC,Units
BATCH08138,High,No,Contract,Capsule,CL2,DE,498844,PLANT_SOLIDS,Low,AMOX500CAP,TabletsCaps
BATCH09276,Medium,No,Contract,Hormonal,HORM1,ES,15559,PLANT_SPECIAL,Low,LEVOHORMIMPL,Units
BATCH06339,Medium,No,OwnBrand,Device,DEV2,DE,39456,PLANT_SPECIAL,Low,INSUPEN,Units
BATCH07200,Low,No,OwnBrand,Tablet,TL2,ES,320903,PLANT_SOLIDS,High,PARA500TAB,TabletsCaps
BATCH02363,Low,No,OwnBrand,Tablet,TL2,ES,454476,PLANT_SOLIDS,Medium,PARA500TAB,TabletsCaps
BATCH03586,High,No,Contract,Injectable,INJ1,UK,22172,PLANT_PARENTERAL,Medium,CEF1GIV,Units
BATCH06464,Low,Yes,Contract,Device,DEV2,UK,26671,PLANT_SPECIAL,Low,INHALER,Units
BATCH07643,Medium,No,OwnBrand,Tablet,TL1,FR,171317,PLANT_SOLIDS,High,IBUP400TAB,TabletsCaps
BATCH07393,Medium,No,OwnBrand,Device,DEV1,DE,15850,PLANT_SPECIAL,High,INSUPEN,Units
BATCH05155,Medium,No,Contract,Hormonal,HORM1,ES,24890,PLANT_SPECIAL,Low,LEVOHORMIMPL,Units
BATCH08120,Low,No,OwnBrand,Tablet,TL1,ES,298751,PLANT_SOLIDS,Medium,PARA500TAB,TabletsCaps
BATCH02609,Low,No,OwnBrand,Tablet,TL3,ES,399621,PLANT_SOLIDS,Low,PARA500TAB,TabletsCaps
BATCH00707,Low,No,OwnBrand,Hormonal,HORM1,PT,23132,PLANT_SPECIAL,Medium,EE30TAB,Units
BATCH09594,Low,No,OwnBrand,Tablet,TL1,ES,90023,PLANT_SOLIDS,Medium,PARA500TAB,TabletsCaps
BATCH05697,Medium,Yes,OwnBrand,Tablet,TL3,FR,181421,PLANT_SOLIDS,High,IBUP400TAB,TabletsCaps
BATCH02742,Low,No,Contract,Device,DEV1,UK,22964,PLANT_SPECIAL,Medium,INHALER,Units
BATCH03408,Medium,No,Contract,Hormonal,HORM2,ES,5328,PLANT_SPECIAL,High,LEVOHORMIMPL,Units
BATCH06205,Medium,No,OwnBrand,Tablet,TL2,FR,313220,PLANT_SOLIDS,Medium,IBUP400TAB,TabletsCaps
BATCH02395,Medium,No,Contract,Hormonal,HORM2,ES,9209,PLANT_SPECIAL,Low,LEVOHORMIMPL,Units
BATCH06388,Low,No,OwnBrand,Capsule,CL1,IT,92039,PLANT_SOLIDS,High,OMEP20CAP,TabletsCaps
BATCH09361,Medium,No,Contract,Hormonal,HORM1,ES,12879,PLANT_SPECIAL,High,LEVOHORMIMPL,Units
BATCH01959,Medium,No,Contract,Hormonal,HORM2,ES,47086,PLANT_SPECIAL,Medium,LEVOHORMIMPL,Units
BATCH08271,High,No,Contract,Injectable,INJ2,UK,12988,PLANT_PARENTERAL,High,CEF1GIV,Units
BATCH06430,Medium,No,OwnBrand,Injectable,INJ1,FR,22179,PLANT_PARENTERAL,Medium,HEP5000SC,Units
BATCH01747,Medium,Yes,OwnBrand,Injectable,INJ2,FR,22108,PLANT_PARENTERAL,Medium,HEP5000SC,Units
BATCH05935,Medium,No,OwnBrand,Injectable,INJ1,FR,47321,PLANT_PARENTERAL,High,HEP5000SC,Units
BATCH01321,Medium,No,OwnBrand,Injectable,INJ1,FR,23592,PLANT_PARENTERAL,Low,HEP5000SC,Units
BATCH09735,Low,No,OwnBrand,Hormonal,HORM2,PT,35184,PLANT_SPECIAL,High,EE30TAB,Units
BATCH05385,Medium,No,Contract,Hormonal,HORM1,ES,25513,PLANT_SPECIAL,Medium,LEVOHORMIMPL,Units
BATCH06276,Medium,No,OwnBrand,Injectable,INJ2,FR,18320,PLANT_PARENTERAL,Medium,HEP5000SC,Units
BATCH00936,High,No,Contract,Injectable,INJ2,UK,23069,PLANT_PARENTERAL,Medium,CEF1GIV,Units
BATCH02806,Medium,No,Contract,Hormonal,HORM1,ES,18351,PLANT_SPECIAL,High,LEVOHORMIMPL,Units
BATCH07249,Low,Yes,Contract,Device,DEV1,UK,39866,PLANT_SPECIAL,High,INHALER,Units
BATCH09720,High,No,Contract,Injectable,INJ1,UK,3253,PLANT_PARENTERAL,Medium,CEF1GIV,Units
BATCH02656,Low,No,OwnBrand,Tablet,TL2,ES,216520,PLANT_SOLIDS,Medium,PARA500TAB,TabletsCaps
BATCH01520,Medium,No,OwnBrand,Tablet,TL3,FR,480631,PLANT_SOLIDS,High,IBUP400TAB,TabletsCaps
BATCH04370,Medium,No,OwnBrand,Device,DEV2,DE,7546,PLANT_SPECIAL,Low,INSUPEN,Units
BATCH03917,Low,No,Contract,Device,DEV2,UK,15498,PLANT_SPECIAL,Medium,INHALER,Units
BATCH04094,Low,No,OwnBrand,Hormonal,HORM2,PT,9259,PLANT_SPECIAL,High,EE30TAB,Units
BATCH00394,Medium,No,OwnBrand,Device,DEV2,DE,49603,PLANT_SPECIAL,Medium,INSUPEN,Units
BATCH00938,Low,No,OwnBrand,Capsule,CL1,IT,169999,PLANT_SOLIDS,Low,OMEP20CAP,TabletsCaps
BATCH08699,High,Yes,Contract,Injectable,INJ2,UK,37638,PLANT_PARENTERAL,High,CEF1GIV,Units
BATCH09065,High,Yes,Contract,Injectable,INJ1,UK,32549,PLANT_PARENTERAL,High,CEF1GIV,Units
BATCH02966,Low,No,OwnBrand,Tablet,TL2,ES,211210,PLANT_SOLIDS,Medium,PARA500TAB,TabletsCaps
BATCH01677,Medium,Yes,OwnBrand,Injectable,INJ1,FR,26238,PLANT_PARENTERAL,Low,HEP5000SC,Units
BATCH00252,High,Yes,Contract,Capsule,CL2,DE,247583,PLANT_SOLIDS,Low,AMOX500CAP,TabletsCaps
BATCH03868,Low,No,OwnBrand,Hormonal,HORM1,PT,36432,PLANT_SPECIAL,Medium,EE30TAB,Units
BATCH01800,Medium,No,OwnBrand,Tablet,TL3,FR,204491,PLANT_SOLIDS,Medium,IBUP400TAB,TabletsCaps
BATCH05527,Low,No,OwnBrand,Hormonal,HORM2,PT,25916,PLANT_SPECIAL,High,EE30TAB,Units
BATCH03688,Medium,No,OwnBrand,Device,DEV2,DE,42010,PLANT_SPECIAL,High,INSUPEN,Units
BATCH04505,Low,No,OwnBrand,Hormonal,HORM1,PT,8653,PLANT_SPECIAL,High,EE30TAB,Units
BATCH07592,Low,No,Contract,Device,DEV2,UK,10653,PLANT_SPECIAL,Medium,INHALER,Units
BATCH02313,Medium,No,OwnBrand,Injectable,INJ1,FR,31909,PLANT_PARENTERAL,Medium,HEP5000SC,Units
BATCH08743,Low,Yes,OwnBrand,Tablet,TL2,ES,176291,PLANT_SOLIDS,Medium,PARA500TAB,TabletsCaps
BATCH08218,Medium,No,Contract,Hormonal,HORM2,ES,10556,PLANT_SPECIAL,Low,LEVOHORMIMPL,Units
BATCH08764,Low,Yes,OwnBrand,Hormonal,HORM2,PT,36784,PLANT_SPECIAL,Low,EE30TAB,Units
BATCH03875,Low,Yes,OwnBrand,Capsule,CL2,IT,159421,PLANT_SOLIDS,Low,OMEP20CAP,TabletsCaps
BATCH02361,Low,No,OwnBrand,Tablet,TL2,ES,275621,PLANT_SOLIDS,Low,PARA500TAB,TabletsCaps
BATCH08347,High,No,Contract,Injectable,INJ1,UK,23604,PLANT_PARENTERAL,Medium,CEF1GIV,Units
BATCH05096,High,No,Contract,Injectable,INJ2,UK,31293,PLANT_PARENTERAL,Low,CEF1GIV,Units
BATCH01558,Low,Yes,Contract,Device,DEV2,UK,9352,PLANT_SPECIAL,High,INHALER,Units
BATCH01358,Low,Yes,OwnBrand,Capsule,CL2,IT,379768,PLANT_SOLIDS,Medium,OMEP20CAP,TabletsCaps
BATCH00455,Low,Yes,OwnBrand,Hormonal,HORM1,PT,10190,PLANT_SPECIAL,Medium,EE30TAB,Units
BATCH03184,Medium,Yes,OwnBrand,Tablet,TL3,FR,398131,PLANT_SOLIDS,High,IBUP400TAB,TabletsCaps
BATCH03746,Medium,Yes,OwnBrand,Tablet,TL3,FR,296277,PLANT_SOLIDS,Medium,IBUP400TAB,TabletsCaps
BATCH07691,Medium,No,OwnBrand,Device,DEV2,DE,37065,PLANT_SPECIAL,High,INSUPEN,Units
BATCH01378,Low,No,OwnBrand,Tablet,TL1,ES,178618,PLANT_SOLIDS,Low,PARA500TAB,TabletsCaps
BATCH02270,Low,Yes,OwnBrand,Tablet,TL2,ES,319546,PLANT_SOLIDS,Medium,PARA500TAB,TabletsCaps
BATCH06156,Low,Yes,OwnBrand,Capsule,CL1,IT,324611,PLANT_SOLIDS,Low,OMEP20CAP,TabletsCaps
BATCH00478,Medium,No,OwnBrand,Tablet,TL1,FR,151767,PLANT_SOLIDS,Medium,IBUP400TAB,TabletsCaps
BATCH05124,Medium,No,Contract,Hormonal,HORM2,ES,25525,PLANT_SPECIAL,Medium,LEVOHORMIMPL,Units
BATCH02603,High,No,Contract,Injectable,INJ1,UK,5345,PLANT_PARENTERAL,High,CEF1GIV,Units
BATCH08535,Low,No,Contract,Device,DEV1,UK,43275,PLANT_SPECIAL,Medium,INHALER,Units
BATCH06087,Low,No,OwnBrand,Capsule,CL2,IT,249700,PLANT_SOLIDS,Medium,OMEP20CAP,TabletsCaps
BATCH00106,Low,No,Contract,Device,DEV1,UK,26783,PLANT_SPECIAL,High,INHALER,Units
BATCH08677,Low,No,OwnBrand,Capsule,CL1,IT,120474,PLANT_SOLIDS,High,OMEP20CAP,TabletsCaps
BATCH07453,Medium,No,Contract,Hormonal,HORM1,ES,46394,PLANT_SPECIAL,Low,LEVOHORMIMPL,Units
BATCH09890,Low,No,OwnBrand,Tablet,TL2,ES,276498,PLANT_SOLIDS,Medium,PARA500TAB,TabletsCaps
BATCH05260,Medium,Yes,OwnBrand,Tablet,TL3,FR,448020,PLANT_SOLIDS,Low,IBUP400TAB,TabletsCaps
BATCH06869,High,No,Contract,Capsule,CL2,DE,214681,PLANT_SOLIDS,Medium,AMOX500CAP,TabletsCaps
BATCH09436,Low,No,OwnBrand,Tablet,TL2,ES,53832,PLANT_SOLIDS,High,PARA500TAB,TabletsCaps
BATCH01383,Medium,No,OwnBrand,Tablet,TL1,FR,216154,PLANT_SOLIDS,Medium,IBUP400TAB,TabletsCaps
BATCH05549,High,No,Contract,Injectable,INJ2,UK,28226,PLANT_PARENTERAL,Low,CEF1GIV,Units
BATCH07421,Low,No,Contract,Device,DEV2,UK,27055,PLANT_SPECIAL,Medium,INHALER,Units
BATCH00842,Low,No,OwnBrand,Hormonal,HORM1,PT,31418,PLANT_SPECIAL,Low,EE30TAB,Units
BATCH05047,Low,Yes,OwnBrand,Hormonal,HORM2,PT,14517,PLANT_SPECIAL,Medium,EE30TAB,Units
BATCH06075,Medium,No,OwnBrand,Device,DEV1,DE,6736,PLANT_SPECIAL,Medium,INSUPEN,Units
BATCH08315,Low,No,Contract,Device,DEV1,UK,43433,PLANT_SPECIAL,High,INHALER,Units
BATCH08714,Medium,No,OwnBrand,Injectable,INJ1,FR,16112,PLANT_PARENTERAL,Medium,HEP5000SC,Units
BATCH09444,High,No,Contract,Injectable,INJ2,UK,22745,PLANT_PARENTERAL,Medium,CEF1GIV,Units
BATCH06999,Medium,No,OwnBrand,Tablet,TL1,FR,143623,PLANT_SOLIDS,Low,IBUP400TAB,TabletsCaps
BATCH00555,Low,Yes,Contract,Device,DEV2,UK,38470,PLANT_SPECIAL,High,INHALER,Units
BATCH08795,Low,No,Contract,Device,DEV2,UK,14357,PLANT_SPECIAL,Medium,INHALER,Units
BATCH01926,High,No,Contract,Capsule,CL2,DE,345818,PLANT_SOLIDS,Low,AMOX500CAP,TabletsCaps
BATCH09378,Low,Yes,Contract,Device,DEV2,UK,48451,PLANT_SPECIAL,High,INHALER,Units
BATCH03915,Low,No,Contract,Device,DEV1,UK,27340,PLANT_SPECIAL,Medium,INHALER,Units
BATCH01153,Medium,No,OwnBrand,Tablet,TL3,FR,77256,PLANT_SOLIDS,Low,IBUP400TAB,TabletsCaps
BATCH02200,Medium,Yes,OwnBrand,Device,DEV1,DE,27719,PLANT_SPECIAL,High,INSUPEN,Units
BATCH00804,Medium,No,Contract,Hormonal,HORM2,ES,16662,PLANT_SPECIAL,Medium,LEVOHORMIMPL,Units
BATCH00286,Medium,No,OwnBrand,Device,DEV2,DE,8207,PLANT_SPECIAL,Medium,INSUPEN,Units
BATCH00794,Low,Yes,OwnBrand,Capsule,CL2,IT,205089,PLANT_SOLIDS,Medium,OMEP20CAP,TabletsCaps
BATCH01657,Medium,No,OwnBrand,Device,DEV2,DE,39026,PLANT_SPECIAL,Low,INSUPEN,Units
BATCH09415,Low,Yes,OwnBrand,Tablet,TL2,ES,497802,PLANT_SOLIDS,Medium,PARA500TAB,TabletsCaps
BATCH02499,Medium,No,OwnBrand,Device,DEV2,DE,5886,PLANT_SPECIAL,Medium,INSUPEN,Units
BATCH03640,Medium,No,OwnBrand,Device,DEV1,DE,15364,PLANT_SPECIAL,Low,INSUPEN,Units
BATCH08711,High,No,Contract,Injectable,INJ1,UK,39255,PLANT_PARENTERAL,Medium,CEF1GIV,Units
BATCH01506,High,No,Contract,Capsule,CL2,DE,250393,PLANT_SOLIDS,Medium,AMOX500CAP,TabletsCaps
BATCH01590,Low,No,Contract,Device,DEV2,UK,38747,PLANT_SPECIAL,Medium,INHALER,Units
BATCH04703,Low,No,OwnBrand,Tablet,TL3,ES,422611,PLANT_SOLIDS,Medium,PARA500TAB,TabletsCaps
BATCH03581,High,No,Contract,Capsule,CL1,DE,179836,PLANT_SOLIDS,Medium,AMOX500CAP,TabletsCaps
BATCH08164,Medium,No,OwnBrand,Tablet,TL3,FR,186075,PLANT_SOLIDS,Medium,IBUP400TAB,TabletsCaps
BATCH04810,Low,No,OwnBrand,Tablet,TL2,ES,229591,PLANT_SOLIDS,Medium,PARA500TAB,TabletsCaps
BATCH06641,Low,No,OwnBrand,Capsule,CL1,IT,360571,PLANT_SOLIDS,Medium,OMEP20CAP,TabletsCaps
BATCH06791,Low,Yes,OwnBrand,Hormonal,HORM2,PT,25691,PLANT_SPECIAL,High,EE30TAB,Units
BATCH06811,Low,No,Contract,Device,DEV1,UK,21512,PLANT_SPECIAL,Low,INHALER,Units
BATCH07667,Low,Yes,OwnBrand,Tablet,TL2,ES,360709,PLANT_SOLIDS,Medium,PARA500TAB,TabletsCaps
BATCH02320,Low,No,Contract,Device,DEV2,UK,42968,PLANT_SPECIAL,Low,INHALER,Units
BATCH08798,Low,Yes,Contract,Device,DEV2,UK,37965,PLANT_SPECIAL,High,INHALER,Units
BATCH01281,Medium,No,OwnBrand,Device,DEV1,DE,24777,PLANT_SPECIAL,Medium,INSUPEN,Units
BATCH06150,High,No,Contract,Capsule,CL1,DE,345330,PLANT_SOLIDS,High,AMOX500CAP,TabletsCaps
BATCH02337,High,Yes,Contract,Injectable,INJ2,UK,14379,PLANT_PARENTERAL,Medium,CEF1GIV,Units
BATCH01059,Medium,No,OwnBrand,Device,DEV2,DE,11602,PLANT_SPECIAL,Medium,INSUPEN,Units
BATCH02762,Medium,Yes,OwnBrand,Device,DEV2,DE,18763,PLANT_SPECIAL,High,INSUPEN,Units
BATCH07827,Low,No,Contract,Device,DEV1,UK,8606,PLANT_SPECIAL,Medium,INHALER,Units
BATCH06685,High,No,Contract,Capsule,CL1,DE,321360,PLANT_SOLIDS,Medium,AMOX500CAP,TabletsCaps
BATCH02133,Low,No,Contract,Device,DEV2,UK,13885,PLANT_SPECIAL,Low,INHALER,Units
BATCH01732,High,No,Contract,Injectable,INJ1,UK,5887,PLANT_PARENTERAL,Low,CEF1GIV,Units
BATCH03414,Medium,No,OwnBrand,Device,DEV2,DE,39363,PLANT_SPECIAL,High,INSUPEN,Units
BATCH07063,Low,Yes,OwnBrand,Capsule,CL1,IT,189490,PLANT_SOLIDS,Medium,OMEP20CAP,TabletsCaps
BATCH00334,Medium,No,OwnBrand,Injectable,INJ1,FR,10009,PLANT_PARENTERAL,High,HEP5000SC,Units
BATCH05603,High,No,Contract,Injectable,INJ1,UK,6089,PLANT_PARENTERAL,High,CEF1GIV,Units
BATCH06890,Medium,No,OwnBrand,Injectable,INJ2,FR,38488,PLANT_PARENTERAL,Medium,HEP5000SC,Units
BATCH09154,High,No,Contract,Injectable,INJ2,UK,37762,PLANT_PARENTERAL,High,CEF1GIV,Units
BATCH08056,Low,No,Contract,Device,DEV2,UK,42756,PLANT_SPECIAL,High,INHALER,Units
BATCH04533,Medium,No,OwnBrand,Device,DEV1,DE,46324,PLANT_SPECIAL,Medium,INSUPEN,Units
BATCH03772,High,No,Contract,Capsule,CL1,DE,226056,PLANT_SOLIDS,Medium,AMOX500CAP,TabletsCaps
BATCH06954,Low,Yes,OwnBrand,Capsule,CL2,IT,457046,PLANT_SOLIDS,Medium,OMEP20CAP,TabletsCaps
BATCH07921,Medium,No,OwnBrand,Tablet,TL1,FR,411628,PLANT_SOLIDS,Medium,IBUP400TAB,TabletsCaps
BATCH01649,Medium,Yes,OwnBrand,Device,DEV2,DE,32411,PLANT_SPECIAL,Medium,INSUPEN,Units
BATCH01544,High,Yes,Contract,Capsule,CL1,DE,226956,PLANT_SOLIDS,Medium,AMOX500CAP,TabletsCaps
BATCH01414,Low,Yes,OwnBrand,Hormonal,HORM2,PT,11644,PLANT_SPECIAL,Low,EE30TAB,Units
BATCH03965,Low,No,OwnBrand,Tablet,TL3,ES,182764,PLANT_SOLIDS,Medium,PARA500TAB,TabletsCaps
BATCH03176,Medium,No,Contract,Hormonal,HORM1,ES,26646,PLANT_SPECIAL,Medium,LEVOHORMIMPL,Units
BATCH07048,Low,Yes,OwnBrand,Capsule,CL1,IT,93343,PLANT_SOLIDS,Medium,OMEP20CAP,TabletsCaps
BATCH07449,High,No,Contract,Injectable,INJ1,UK,20929,PLANT_PARENTERAL,Medium,CEF1GIV,Units
BATCH08401,High,Yes,Contract,Capsule,CL1,DE,447800,PLANT_SOLIDS,High,AMOX500CAP,TabletsCaps
BATCH01429,Medium,No,OwnBrand,Injectable,INJ2,FR,10356,PLANT_PARENTERAL,Medium,HEP5000SC,Units
BATCH03325,High,No,Contract,Capsule,CL1,DE,484330,PLANT_SOLIDS,Low,AMOX500CAP,TabletsCaps
BATCH01287,High,No,Contract,Injectable,INJ1,UK,7458,PLANT_PARENTERAL,Low,CEF1GIV,Units
BATCH00523,Low,No,OwnBrand,Hormonal,HORM2,PT,44248,PLANT_SPECIAL,Medium,EE30TAB,Units
BATCH03775,High,No,Contract,Injectable,INJ1,UK,2072,PLANT_PARENTERAL,High,CEF1GIV,Units
BATCH08443,Low,No,OwnBrand,Tablet,TL1,ES,248772,PLANT_SOLIDS,Medium,PARA500TAB,TabletsCaps
BATCH09588,Low,No,OwnBrand,Tablet,TL2,ES,316973,PLANT_SOLIDS,Medium,PARA500TAB,TabletsCaps
BATCH02510,High,No,Contract,Injectable,INJ1,UK,41016,PLANT_PARENTERAL,High,CEF1GIV,Units
BATCH01973,High,Yes,Contract,Injectable,INJ2,UK,42763,PLANT_PARENTERAL,Medium,CEF1GIV,Units
BATCH08831,Low,No,OwnBrand,Capsule,CL1,IT,208223,PLANT_SOLIDS,Medium,OMEP20CAP,TabletsCaps
BATCH09238,High,No,Contract,Injectable,INJ1,UK,29663,PLANT_PARENTERAL,High,CEF1GIV,Units
BATCH05726,Low,No,Contract,Device,DEV1,UK,8119,PLANT_SPECIAL,Medium,INHALER,Units
BATCH06957,High,No,Contract,Injectable,INJ1,UK,6210,PLANT_PARENTERAL,Medium,CEF1GIV,Units
BATCH04081,Low,No,OwnBrand,Capsule,CL2,IT,182513,PLANT_SOLIDS,Low,OMEP20CAP,TabletsCaps
BATCH07417,Low,No,OwnBrand,Capsule,CL2,IT,66968,PLANT_SOLIDS,Medium,OMEP20CAP,TabletsCaps
BATCH08682,Low,No,OwnBrand,Capsule,CL1,IT,114944,PLANT_SOLIDS,Low,OMEP20CAP,TabletsCaps
BATCH02105,Low,No,OwnBrand,Tablet,TL1,ES,140848,PLANT_SOLIDS,High,PARA500TAB,TabletsCaps
BATCH03660,Medium,No,OwnBrand,Injectable,INJ2,FR,37533,PLANT_PARENTERAL,Medium,HEP5000SC,Units
BATCH07175,Low,No,OwnBrand,Capsule,CL2,IT,343312,PLANT_SOLIDS,Low,OMEP20CAP,TabletsCaps
BATCH05875,High,Yes,Contract,Injectable,INJ2,UK,45132,PLANT_PARENTERAL,Low,CEF1GIV,Units
BATCH02812,Medium,Yes,OwnBrand,Injectable,INJ1,FR,29386,PLANT_PARENTERAL,Medium,HEP5000SC,Units
BATCH04386,Medium,No,Contract,Hormonal,HORM1,ES,12411,PLANT_SPECIAL,Low,LEVOHORMIMPL,Units
BATCH04517,Low,No,OwnBrand,Tablet,TL3,ES,248932,PLANT_SOLIDS,Low,PARA500TAB,TabletsCaps
BATCH07093,Low,No,OwnBrand,Hormonal,HORM1,PT,8461,PLANT_SPECIAL,High,EE30TAB,Units
BATCH07331,Medium,No,OwnBrand,Tablet,TL2,FR,304220,PLANT_SOLIDS,High,IBUP400TAB,TabletsCaps
BATCH05499,Low,No,Contract,Device,DEV2,UK,40504,PLANT_SPECIAL,High,INHALER,Units
BATCH07180,High,No,Contract,Capsule,CL2,DE,494553,PLANT_SOLIDS,Medium,AMOX500CAP,TabletsCaps
BATCH06320,Medium,Yes,Contract,Hormonal,HORM2,ES,36855,PLANT_SPECIAL,High,LEVOHORMIMPL,Units
BATCH06838,High,No,Contract,Injectable,INJ1,UK,21116,PLANT_PARENTERAL,Low,CEF1GIV,Units
BATCH01778,Low,Yes,OwnBrand,Hormonal,HORM1,PT,23156,PLANT_SPECIAL,High,EE30TAB,Units
BATCH09304,Low,No,OwnBrand,Capsule,CL2,IT,80824,PLANT_SOLIDS,Low,OMEP20CAP,TabletsCaps
BATCH05362,Medium,No,Contract,Hormonal,HORM2,ES,17586,PLANT_SPECIAL,Medium,LEVOHORMIMPL,Units
BATCH03962,High,No,Contract,Injectable,INJ1,UK,20410,PLANT_PARENTERAL,Medium,CEF1GIV,Units
BATCH02259,High,Yes,Contract,Capsule,CL1,DE,415187,PLANT_SOLIDS,Low,AMOX500CAP,TabletsCaps
BATCH00112,Low,No,OwnBrand,Capsule,CL2,IT,346948,PLANT_SOLIDS,High,OMEP20CAP,TabletsCaps
BATCH01754,Low,Yes,OwnBrand,Capsule,CL1,IT,322350,PLANT_SOLIDS,Low,OMEP20CAP,TabletsCaps
BATCH05861,Medium,No,OwnBrand,Device,DEV1,DE,44984,PLANT_SPECIAL,Low,INSUPEN,Units
BATCH06918,Low,Yes,OwnBrand,Tablet,TL1,ES,434401,PLANT_SOLIDS,High,PARA500TAB,TabletsCaps
BATCH00740,Low,Yes,OwnBrand,Hormonal,HORM1,PT,4361,PLANT_SPECIAL,Medium,EE30TAB,Units
BATCH05713,Low,No,OwnBrand,Capsule,CL2,IT,295810,PLANT_SOLIDS,Low,OMEP20CAP,TabletsCaps
BATCH06329,Medium,No,OwnBrand,Tablet,TL3,FR,145920,PLANT_SOLIDS,Medium,IBUP400TAB,TabletsCaps
BATCH00834,Low,No,OwnBrand,Hormonal,HORM2,PT,5697,PLANT_SPECIAL,Medium,EE30TAB,Units
BATCH01700,Low,Yes,OwnBrand,Capsule,CL2,IT,363909,PLANT_SOLIDS,Medium,OMEP20CAP,TabletsCaps
BATCH07313,Low,No,OwnBrand,Capsule,CL1,IT,246482,PLANT_SOLIDS,Medium,OMEP20CAP,TabletsCaps
BATCH02970,Medium,No,OwnBrand,Device,DEV2,DE,2376,PLANT_SPECIAL,Low,INSUPEN,Units
BATCH00429,Low,No,OwnBrand,Hormonal,HORM2,PT,31821,PLANT_SPECIAL,Medium,EE30TAB,Units
BATCH09404,High,No,Contract,Capsule,CL2,DE,414375,PLANT_SOLIDS,Low,AMOX500CAP,TabletsCaps
BATCH00426,High,No,Contract,Capsule,CL2,DE,172317,PLANT_SOLIDS,High,AMOX500CAP,TabletsCaps
BATCH08276,Low,Yes,OwnBrand,Capsule,CL1,IT,476171,PLANT_SOLIDS,Medium,OMEP20CAP,TabletsCaps
BATCH08078,Medium,No,OwnBrand,Injectable,INJ2,FR,23797,PLANT_PARENTERAL,Medium,HEP5000SC,Units
BATCH06455,Medium,No,Contract,Hormonal,HORM1,ES,7493,PLANT_SPECIAL,Medium,LEVOHORMIMPL,Units
BATCH01996,Low,Yes,OwnBrand,Capsule,CL2,IT,57466,PLANT_SOLIDS,Medium,OMEP20CAP,TabletsCaps
BATCH01131,Medium,No,OwnBrand,Device,DEV1,DE,49826,PLANT_SPECIAL,Medium,INSUPEN,Units
BATCH00065,Medium,No,Contract,Hormonal,HORM1,ES,42521,PLANT_SPECIAL,High,LEVOHORMIMPL,Units
BATCH03734,Low,Yes,OwnBrand,Capsule,CL1,IT,418653,PLANT_SOLIDS,Low,OMEP20CAP,TabletsCaps
BATCH01648,Medium,No,Contract,Hormonal,HORM2,ES,19473,PLANT_SPECIAL,Medium,LEVOHORMIMPL,Units
BATCH06870,Low,No,OwnBrand,Hormonal,HORM1,PT,35128,PLANT_SPECIAL,Medium,EE30TAB,Units
BATCH08928,Medium,No,Contract,Hormonal,HORM1,ES,40130,PLANT_SPECIAL,Medium,LEVOHORMIMPL,Units
BATCH05597,Medium,No,OwnBrand,Injectable,INJ1,FR,2015,PLANT_PARENTERAL,Low,HEP5000SC,Units
BATCH00800,Low,Yes,OwnBrand,Capsule,CL1,IT,136769,PLANT_SOLIDS,Medium,OMEP20CAP,TabletsCaps
BATCH01716,Low,No,OwnBrand,Capsule,CL1,IT,161244,PLANT_SOLIDS,Low,OMEP20CAP,TabletsCaps
BATCH09889,High,No,Contract,Injectable,INJ2,UK,46616,PLANT_PARENTERAL,High,CEF1GIV,Units
BATCH08439,Low,No,Contract,Device,DEV2,UK,37342,PLANT_SPECIAL,Medium,INHALER,Units
BATCH03970,High,No,Contract,Capsule,CL2,DE,67881,PLANT_SOLIDS,Medium,AMOX500CAP,TabletsCaps
BATCH05655,High,No,Contract,Injectable,INJ1,UK,26196,PLANT_PARENTERAL,Medium,CEF1GIV,Units
BATCH04270,Low,No,Contract,Device,DEV1,UK,46375,PLANT_SPECIAL,Medium,INHALER,Units
BATCH07977,Low,Yes,Contract,Device,DEV2,UK,49783,PLANT_SPECIAL,Medium,INHALER,Units
BATCH09335,Medium,Yes,OwnBrand,Device,DEV1,DE,10210,PLANT_SPECIAL,High,INSUPEN,Units
BATCH00567,Low,No,Contract,Device,DEV1,UK,44229,PLANT_SPECIAL,Medium,INHALER,Units
BATCH07341,Low,No,OwnBrand,Tablet,TL3,ES,91960,PLANT_SOLIDS,Medium,PARA500TAB,TabletsCaps
BATCH00908,Low,No,OwnBrand,Hormonal,HORM1,PT,48305,PLANT_SPECIAL,Medium,EE30TAB,Units
BATCH07642,Low,Yes,OwnBrand,Capsule,CL2,IT,355955,PLANT_SOLIDS,Low,OMEP20CAP,TabletsCaps
BATCH00585,Low,Yes,OwnBrand,Tablet,TL3,ES,153905,PLANT_SOLIDS,Low,PARA500TAB,TabletsCaps
BATCH00009,High,Yes,Contract,Capsule,CL2,DE,394490,PLANT_SOLIDS,Medium,AMOX500CAP,TabletsCaps
BATCH00148,Medium,No,OwnBrand,Injectable,INJ1,FR,11022,PLANT_PARENTERAL,Medium,HEP5000SC,Units
BATCH03471,High,No,Contract,Capsule,CL2,DE,288864,PLANT_SOLIDS,Low,AMOX500CAP,TabletsCaps
BATCH03021,Low,No,OwnBrand,Hormonal,HORM1,PT,33767,PLANT_SPECIAL,Medium,EE30TAB,Units
BATCH07188,High,No,Contract,Capsule,CL1,DE,432804,PLANT_SOLIDS,Medium,AMOX500CAP,TabletsCaps
BATCH07019,Medium,No,OwnBrand,Device,DEV1,DE,16356,PLANT_SPECIAL,Medium,INSUPEN,Units
BATCH07811,Medium,Yes,OwnBrand,Injectable,INJ2,FR,14698,PLANT_PARENTERAL,Medium,HEP5000SC,Units
BATCH00481,Medium,No,Contract,Hormonal,HORM2,ES,21153,PLANT_SPECIAL,Medium,LEVOHORMIMPL,Units
BATCH04318,Medium,No,Contract,Hormonal,HORM2,ES,13628,PLANT_SPECIAL,Low,LEVOHORMIMPL,Units
BATCH08332,Medium,Yes,OwnBrand,Tablet,TL2,FR,125418,PLANT_SOLIDS,High,IBUP400TAB,TabletsCaps
BATCH02006,Low,No,OwnBrand,Capsule,CL1,IT,497803,PLANT_SOLIDS,Medium,OMEP20CAP,TabletsCaps
BATCH09559,Low,Yes,OwnBrand,Capsule,CL2,IT,363733,PLANT_SOLIDS,Medium,OMEP20CAP,TabletsCaps
BATCH04160,Medium,Yes,OwnBrand,Tablet,TL3,FR,397047,PLANT_SOLIDS,Medium,IBUP400TAB,TabletsCaps
BATCH07788,Medium,Yes,OwnBrand,Device,DEV1,DE,40755,PLANT_SPECIAL,High,INSUPEN,Units
BATCH08379,Medium,No,OwnBrand,Device,DEV1,DE,29294,PLANT_SPECIAL,High,INSUPEN,Units
BATCH08074,Low,Yes,OwnBrand,Tablet,TL2,ES,433557,PLANT_SOLIDS,Medium,PARA500TAB,TabletsCaps
BATCH05548,Low,Yes,OwnBrand,Tablet,TL3,ES,484302,PLANT_SOLIDS,Low,PARA500TAB,TabletsCaps
BATCH02767,Medium,Yes,Contract,Hormonal,HORM1,ES,48462,PLANT_SPECIAL,High,LEVOHORMIMPL,Units
BATCH02922,High,Yes,Contract,Capsule,CL2,DE,236505,PLANT_SOLIDS,High,AMOX500CAP,TabletsCaps
BATCH02039,High,Yes,Contract,Capsule,CL2,DE,171018,PLANT_SOLIDS,Low,AMOX500CAP,TabletsCaps
BATCH08288,Medium,No,Contract,Hormonal,HORM2,ES,28942,PLANT_SPECIAL,Medium,LEVOHORMIMPL,Units
BATCH06099,High,Yes,Contract,Capsule,CL1,DE,246056,PLANT_SOLIDS,High,AMOX500CAP,TabletsCaps
BATCH08215,Low,No,Contract,Device,DEV1,UK,25317,PLANT_SPECIAL,Medium,INHALER,Units
BATCH05700,Medium,No,Contract,Hormonal,HORM2,ES,48646,PLANT_SPECIAL,Low,LEVOHORMIMPL,Units
BATCH00535,Low,No,OwnBrand,Hormonal,HORM1,PT,30258,PLANT_SPECIAL,High,EE30TAB,Units
BATCH09442,High,No,Contract,Injectable,INJ1,UK,11345,PLANT_PARENTERAL,High,CEF1GIV,Units
BATCH03529,High,No,Contract,Injectable,INJ2,UK,10949,PLANT_PARENTERAL,Low,CEF1GIV,Units
BATCH08025,Medium,No,OwnBrand,Device,DEV2,DE,45747,PLANT_SPECIAL,Medium,INSUPEN,Units
BATCH01306,Medium,No,OwnBrand,Tablet,TL2,FR,291959,PLANT_SOLIDS,Medium,IBUP400TAB,TabletsCaps
BATCH03030,High,No,Contract,Capsule,CL1,DE,315894,PLANT_SOLIDS,Medium,AMOX500CAP,TabletsCaps
BATCH09827,High,No,Contract,Injectable,INJ1,UK,31571,PLANT_PARENTERAL,Low,CEF1GIV,Units
BATCH08190,Low,No,Contract,Device,DEV2,UK,45433,PLANT_SPECIAL,Medium,INHALER,Units
BATCH08546,High,Yes,Contract,Injectable,INJ1,UK,21693,PLANT_PARENTERAL,Low,CEF1GIV,Units
BATCH01537,High,No,Contract,Capsule,CL2,DE,119485,PLANT_SOLIDS,Medium,AMOX500CAP,TabletsCaps
BATCH06342,Medium,No,Contract,Hormonal,HORM2,ES,39061,PLANT_SPECIAL,Medium,LEVOHORMIMPL,Units
BATCH04619,Low,Yes,OwnBrand,Hormonal,HORM1,PT,37265,PLANT_SPECIAL,Low,EE30TAB,Units
BATCH01535,Low,Yes,OwnBrand,Hormonal,HORM1,PT,45550,PLANT_SPECIAL,Low,EE30TAB,Units
BATCH03761,Low,No,Contract,Device,DEV1,UK,29678,PLANT_SPECIAL,Medium,INHALER,Units
BATCH09026,Medium,Yes,OwnBrand,Tablet,TL2,FR,105932,PLANT_SOLIDS,Medium,IBUP400TAB,TabletsCaps
BATCH03503,Low,No,OwnBrand,Tablet,TL3,ES,309489,PLANT_SOLIDS,Low,PARA500TAB,TabletsCaps
BATCH01296,Medium,No,OwnBrand,Injectable,INJ1,FR,45153,PLANT_PARENTERAL,High,HEP5000SC,Units
BATCH08581,Low,Yes,OwnBrand,Hormonal,HORM2,PT,32318,PLANT_SPECIAL,Medium,EE30TAB,Units
BATCH06009,Low,No,Contract,Device,DEV1,UK,18797,PLANT_SPECIAL,Medium,INHALER,Units
BATCH05976,Medium,No,OwnBrand,Tablet,TL1,FR,411839,PLANT_SOLIDS,Medium,IBUP400TAB,TabletsCaps
BATCH09295,Low,Yes,OwnBrand,Capsule,CL2,IT,270203,PLANT_SOLIDS,High,OMEP20CAP,TabletsCaps
BATCH05942,Medium,No,Contract,Hormonal,HORM1,ES,5020,PLANT_SPECIAL,High,LEVOHORMIMPL,Units
BATCH03932,Low,Yes,OwnBrand,Capsule,CL1,IT,263713,PLANT_SOLIDS,Medium,OMEP20CAP,TabletsCaps
BATCH01940,Medium,Yes,OwnBrand,Injectable,INJ1,FR,47081,PLANT_PARENTERAL,Medium,HEP5000SC,Units
BATCH05681,Low,No,OwnBrand,Capsule,CL2,IT,332660,PLANT_SOLIDS,High,OMEP20CAP,TabletsCaps
BATCH03372,Low,No,OwnBrand,Hormonal,HORM1,PT,12888,PLANT_SPECIAL,Medium,EE30TAB,Units
BATCH04570,High,Yes,Contract,Capsule,CL2,DE,374998,PLANT_SOLIDS,Medium,AMOX500CAP,TabletsCaps
BATCH03280,Low,No,OwnBrand,Hormonal,HORM1,PT,33110,PLANT_SPECIAL,Low,EE30TAB,Units
BATCH01676,Medium,No,Contract,Hormonal,HORM1,ES,41175,PLANT_SPECIAL,Medium,LEVOHORMIMPL,Units
BATCH02102,Medium,Yes,OwnBrand,Tablet,TL1,FR,296224,PLANT_SOLIDS,Medium,IBUP400TAB,TabletsCaps
BATCH08126,Low,Yes,OwnBrand,Capsule,CL1,IT,76057,PLANT_SOLIDS,Medium,OMEP20CAP,TabletsCaps
BATCH01519,Medium,No,Contract,Hormonal,HORM2,ES,47895,PLANT_SPECIAL,High,LEVOHORMIMPL,Units
BATCH08668,Low,No,OwnBrand,Hormonal,HORM1,PT,24901,PLANT_SPECIAL,High,EE30TAB,Units
BATCH06547,High,Yes,Contract,Injectable,INJ2,UK,6249,PLANT_PARENTERAL,Medium,CEF1GIV,Units
BATCH06327,Medium,Yes,OwnBrand,Device,DEV1,DE,19832,PLANT_SPECIAL,High,INSUPEN,Units
BATCH09780,Low,No,Contract,Device,DEV2,UK,7690,PLANT_SPECIAL,Low,INHALER,Units
BATCH08329,Low,Yes,OwnBrand,Hormonal,HORM2,PT,19156,PLANT_SPECIAL,High,EE30TAB,Units
BATCH04899,Low,No,Contract,Device,DEV1,UK,15841,PLANT_SPECIAL,Low,INHALER,Units
BATCH08655,Medium,Yes,OwnBrand,Tablet,TL2,FR,170687,PLANT_SOLIDS,Medium,IBUP400TAB,TabletsCaps
BATCH08664,Medium,No,OwnBrand,Tablet,TL1,FR,477542,PLANT_SOLIDS,Medium,IBUP400TAB,TabletsCaps
BATCH00937,Medium,No,OwnBrand,Injectable,INJ1,FR,48469,PLANT_PARENTERAL,Low,HEP5000SC,Units
BATCH07448,Medium,Yes,OwnBrand,Injectable,INJ2,FR,43010,PLANT_PARENTERAL,High,HEP5000SC,Units
BATCH09715,Medium,No,Contract,Hormonal,HORM2,ES,31018,PLANT_SPECIAL,Low,LEVOHORMIMPL,Units
BATCH05482,Low,No,OwnBrand,Capsule,CL2,IT,76495,PLANT_SOLIDS,Medium,OMEP20CAP,TabletsCaps
BATCH08789,Medium,No,OwnBrand,Injectable,INJ1,FR,33807,PLANT_PARENTERAL,Low,HEP5000SC,Units
BATCH08087,Medium,No,Contract,Hormonal,HORM2,ES,30121,PLANT_SPECIAL,Medium,LEVOHORMIMPL,Units
BATCH01064,Medium,No,OwnBrand,Device,DEV2,DE,31883,PLANT_SPECIAL,Low,INSUPEN,Units
BATCH04096,Medium,No,Contract,Hormonal,HORM2,ES,15662,PLANT_SPECIAL,Medium,LEVOHORMIMPL,Units
BATCH06989,Low,No,OwnBrand,Capsule,CL1,IT,93445,PLANT_SOLIDS,Medium,OMEP20CAP,TabletsCaps
BATCH02583,Low,No,OwnBrand,Hormonal,HORM2,PT,22193,PLANT_SPECIAL,High,EE30TAB,Units
BATCH04463,Low,Yes,OwnBrand,Tablet,TL3,ES,117971,PLANT_SOLIDS,Medium,PARA500TAB,TabletsCaps
BATCH04907,Medium,Yes,OwnBrand,Injectable,INJ2,FR,35019,PLANT_PARENTERAL,Medium,HEP5000SC,Units
BATCH06001,Low,No,OwnBrand,Tablet,TL1,ES,466213,PLANT_SOLIDS,Low,PARA500TAB,TabletsCaps
BATCH05860,Medium,No,OwnBrand,Tablet,TL2,FR,430960,PLANT_SOLIDS,Medium,IBUP400TAB,TabletsCaps
BATCH08399,Medium,No,OwnBrand,Injectable,INJ2,FR,13567,PLANT_PARENTERAL,Low,HEP5000SC,Units
BATCH00539,Medium,No,OwnBrand,Tablet,TL3,FR,376539,PLANT_SOLIDS,Medium,IBUP400TAB,TabletsCaps
BATCH08295,Medium,Yes,OwnBrand,Injectable,INJ2,FR,8269,PLANT_PARENTERAL,Medium,HEP5000SC,Units
BATCH04265,High,No,Contract,Injectable,INJ2,UK,26573,PLANT_PARENTERAL,High,CEF1GIV,Units
BATCH06057,Medium,No,OwnBrand,Device,DEV2,DE,3243,PLANT_SPECIAL,Low,INSUPEN,Units
BATCH07764,Low,No,Contract,Device,DEV2,UK,14705,PLANT_SPECIAL,Medium,INHALER,Units
BATCH02065,Low,No,OwnBrand,Hormonal,HORM2,PT,49298,PLANT_SPECIAL,Medium,EE30TAB,Units
BATCH03171,Low,No,OwnBrand,Capsule,CL2,IT,120205,PLANT_SOLIDS,Low,OMEP20CAP,TabletsCaps
BATCH03078,Low,No,OwnBrand,Hormonal,HORM1,PT,4800,PLANT_SPECIAL,Medium,EE30TAB,Units
BATCH03861,Low,No,OwnBrand,Tablet,TL2,ES,466913,PLANT_SOLIDS,Medium,PARA500TAB,TabletsCaps
BATCH00646,Medium,No,OwnBrand,Tablet,TL1,FR,230885,PLANT_SOLIDS,Low,IBUP400TAB,TabletsCaps
BATCH01035,Low,No,OwnBrand,Tablet,TL1,ES,401138,PLANT_SOLIDS,Medium,PARA500TAB,TabletsCaps
BATCH02132,Low,No,OwnBrand,Tablet,TL2,ES,307206,PLANT_SOLIDS,Low,PARA500TAB,TabletsCaps
BATCH04959,Medium,No,OwnBrand,Tablet,TL3,FR,96543,PLANT_SOLIDS,Medium,IBUP400TAB,TabletsCaps
BATCH01557,High,No,Contract,Capsule,CL2,DE,459497,PLANT_SOLIDS,Medium,AMOX500CAP,TabletsCaps
BATCH09689,Low,No,OwnBrand,Hormonal,HORM2,PT,33907,PLANT_SPECIAL,Low,EE30TAB,Units
BATCH02913,Low,Yes,OwnBrand,Hormonal,HORM1,PT,5930,PLANT_SPECIAL,Medium,EE30TAB,Units
BATCH02985,High,No,Contract,Injectable,INJ1,UK,9862,PLANT_PARENTERAL,Medium,CEF1GIV,Units
BATCH04139,Medium,No,Contract,Hormonal,HORM2,ES,26470,PLANT_SPECIAL,Low,LEVOHORMIMPL,Units
BATCH06106,High,Yes,Contract,Injectable,INJ1,UK,24958,PLANT_PARENTERAL,Medium,CEF1GIV,Units
BATCH05629,Medium,No,OwnBrand,Tablet,TL1,FR,230797,PLANT_SOLIDS,High,IBUP400TAB,TabletsCaps
BATCH01751,Low,No,OwnBrand,Capsule,CL1,IT,115645,PLANT_SOLIDS,High,OMEP20CAP,TabletsCaps
BATCH04112,Low,No,Contract,Device,DEV2,UK,11443,PLANT_SPECIAL,Medium,INHALER,Units
BATCH04079,Medium,No,OwnBrand,Injectable,INJ2,FR,5238,PLANT_PARENTERAL,Low,HEP5000SC,Units
BATCH04260,Low,No,OwnBrand,Capsule,CL2,IT,380709,PLANT_SOLIDS,Medium,OMEP20CAP,TabletsCaps
BATCH04067,Low,No,OwnBrand,Hormonal,HORM2,PT,17791,PLANT_SPECIAL,Medium,EE30TAB,Units
BATCH08419,Low,No,OwnBrand,Tablet,TL1,ES,412934,PLANT_SOLIDS,High,PARA500TAB,TabletsCaps
BATCH05710,High,No,Contract,Capsule,CL2,DE,198424,PLANT_SOLIDS,High,AMOX500CAP,TabletsCaps
BATCH03350,Medium,No,Contract,Hormonal,HORM2,ES,48368,PLANT_SPECIAL,High,LEVOHORMIMPL,Units
BATCH00812,Low,No,OwnBrand,Tablet,TL2,ES,226665,PLANT_SOLIDS,Low,PARA500TAB,TabletsCaps
BATCH03511,High,No,Contract,Capsule,CL1,DE,125811,PLANT_SOLIDS,Low,AMOX500CAP,TabletsCaps
BATCH06733,Medium,No,OwnBrand,Tablet,TL1,FR,124297,PLANT_SOLIDS,Low,IBUP400TAB,TabletsCaps
BATCH09094,High,No,Contract,Capsule,CL2,DE,166395,PLANT_SOLIDS,Medium,AMOX500CAP,TabletsCaps
BATCH07685,Low,No,Contract,Device,DEV2,UK,32620,PLANT_SPECIAL,Low,INHALER,Units
BATCH01049,Medium,Yes,Contract,Hormonal,HORM1,ES,36842,PLANT_SPECIAL,High,LEVOHORMIMPL,Units
BATCH02370,Medium,No,OwnBrand,Device,DEV2,DE,44132,PLANT_SPECIAL,Low,INSUPEN,Units
BATCH03957,Low,No,OwnBrand,Hormonal,HORM1,PT,4797,PLANT_SPECIAL,Medium,EE30TAB,Units
BATCH03326,Medium,Yes,OwnBrand,Tablet,TL1,FR,166768,PLANT_SOLIDS,Medium,IBUP400TAB,TabletsCaps
BATCH08223,Medium,No,Contract,Hormonal,HORM1,ES,41101,PLANT_SPECIAL,Medium,LEVOHORMIMPL,Units
BATCH04748,Medium,No,OwnBrand,Device,DEV1,DE,2058,PLANT_SPECIAL,Medium,INSUPEN,Units
BATCH05570,Low,No,OwnBrand,Capsule,CL2,IT,196153,PLANT_SOLIDS,High,OMEP20CAP,TabletsCaps
BATCH08799,High,No,Contract,Capsule,CL2,DE,264987,PLANT_SOLIDS,Medium,AMOX500CAP,TabletsCaps
BATCH07637,High,No,Contract,Injectable,INJ1,UK,38677,PLANT_PARENTERAL,Medium,CEF1GIV,Units
BATCH01597,Low,Yes,OwnBrand,Tablet,TL1,ES,452757,PLANT_SOLIDS,Medium,PARA500TAB,TabletsCaps
BATCH02488,Medium,Yes,OwnBrand,Device,DEV2,DE,46557,PLANT_SPECIAL,Medium,INSUPEN,Units
BATCH08833,Low,Yes,OwnBrand,Capsule,CL1,IT,499124,PLANT_SOLIDS,Low,OMEP20CAP,TabletsCaps
BATCH06213,Medium,Yes,OwnBrand,Injectable,INJ2,FR,7433,PLANT_PARENTERAL,Medium,HEP5000SC,Units
BATCH02321,High,No,Contract,Capsule,CL1,DE,474122,PLANT_SOLIDS,Medium,AMOX500CAP,TabletsCaps
BATCH09592,High,Yes,Contract,Capsule,CL2,DE,413815,PLANT_SOLIDS,Medium,AMOX500CAP,TabletsCaps
BATCH09565,Low,Yes,Contract,Device,DEV2,UK,35476,PLANT_SPECIAL,High,INHALER,Units
BATCH09245,Low,No,OwnBrand,Capsule,CL2,IT,496279,PLANT_SOLIDS,Medium,OMEP20CAP,TabletsCaps
BATCH06990,Low,No,OwnBrand,Hormonal,HORM1,PT,43109,PLANT_SPECIAL,High,EE30TAB,Units
BATCH02163,Medium,No,OwnBrand,Tablet,TL1,FR,108878,PLANT_SOLIDS,Low,IBUP400TAB,TabletsCaps
BATCH01333,High,No,Contract,Capsule,CL1,DE,386937,PLANT_SOLIDS,High,AMOX500CAP,TabletsCaps
BATCH07967,Low,Yes,OwnBrand,Hormonal,HORM2,PT,28300,PLANT_SPECIAL,Medium,EE30TAB,Units
BATCH09125,Low,No,OwnBrand,Hormonal,HORM1,PT,25586,PLANT_SPECIAL,High,EE30TAB,Units
BATCH03260,Low,No,OwnBrand,Capsule,CL2,IT,262131,PLANT_SOLIDS,Medium,OMEP20CAP,TabletsCaps
BATCH01672,Low,Yes,OwnBrand,Capsule,CL2,IT,185854,PLANT_SOLIDS,Low,OMEP20CAP,TabletsCaps
BATCH01348,Medium,No,OwnBrand,Device,DEV2,DE,28882,PLANT_SPECIAL,Medium,INSUPEN,Units
BATCH09487,Low,No,OwnBrand,Capsule,CL1,IT,405498,PLANT_SOLIDS,Low,OMEP20CAP,TabletsCaps
BATCH01575,Medium,No,OwnBrand,Device,DEV1,DE,2636,PLANT_SPECIAL,Low,INSUPEN,Units
BATCH09103,Low,Yes,OwnBrand,Capsule,CL1,IT,156529,PLANT_SOLIDS,High,OMEP20CAP,TabletsCaps
BATCH07382,Medium,Yes,OwnBrand,Injectable,INJ1,FR,36758,PLANT_PARENTERAL,Low,HEP5000SC,Units
BATCH03570,Medium,No,OwnBrand,Tablet,TL2,FR,207935,PLANT_SOLIDS,Medium,IBUP400TAB,TabletsCaps
BATCH05680,Medium,Yes,OwnBrand,Tablet,TL2,FR,181310,PLANT_SOLIDS,Low,IBUP400TAB,TabletsCaps
BATCH01353,Low,No,OwnBrand,Hormonal,HORM1,PT,3446,PLANT_SPECIAL,Medium,EE30TAB,Units
BATCH08965,Medium,Yes,OwnBrand,Tablet,TL3,FR,389354,PLANT_SOLIDS,Medium,IBUP400TAB,TabletsCaps
BATCH03828,Low,No,OwnBrand,Tablet,TL1,ES,344368,PLANT_SOLIDS,Medium,PARA500TAB,TabletsCaps
BATCH07054,Low,No,OwnBrand,Hormonal,HORM1,PT,41720,PLANT_SPECIAL,Medium,EE30TAB,Units
BATCH05906,Medium,Yes,OwnBrand,Tablet,TL3,FR,204357,PLANT_SOLIDS,Low,IBUP400TAB,TabletsCaps
BATCH03893,High,No,Contract,Capsule,CL1,DE,212380,PLANT_SOLIDS,High,AMOX500CAP,TabletsCaps
BATCH08094,Medium,No,OwnBrand,Injectable,INJ1,FR,44092,PLANT_PARENTERAL,Medium,HEP5000SC,Units
BATCH08324,Low,No,OwnBrand,Tablet,TL3,ES,236322,PLANT_SOLIDS,Low,PARA500TAB,TabletsCaps
BATCH06200,Medium,No,Contract,Hormonal,HORM1,ES,49327,PLANT_SPECIAL,High,LEVOHORMIMPL,Units
BATCH01227,Low,Yes,Contract,Device,DEV1,UK,34515,PLANT_SPECIAL,Low,INHALER,Units
BATCH07839,Low,No,Contract,Device,DEV2,UK,32860,PLANT_SPECIAL,Low,INHALER,Units
BATCH01780,Medium,Yes,OwnBrand,Device,DEV2,DE,31365,PLANT_SPECIAL,High,INSUPEN,Units
BATCH09992,Low,No,OwnBrand,Capsule,CL1,IT,357850,PLANT_SOLIDS,Medium,OMEP20CAP,TabletsCaps
BATCH08246,Medium,No,Contract,Hormonal,HORM1,ES,11241,PLANT_SPECIAL,Medium,LEVOHORMIMPL,Units
BATCH01464,Medium,No,OwnBrand,Device,DEV2,DE,2980,PLANT_SPECIAL,Medium,INSUPEN,Units
BATCH09396,Low,No,OwnBrand,Hormonal,HORM2,PT,8022,PLANT_SPECIAL,High,EE30TAB,Units
BATCH06821,Low,No,Contract,Device,DEV2,UK,27448,PLANT_SPECIAL,Medium,INHALER,Units
BATCH00666,High,Yes,Contract,Injectable,INJ1,UK,40263,PLANT_PARENTERAL,Medium,CEF1GIV,Units
BATCH05528,Medium,No,Contract,Hormonal,HORM1,ES,13775,PLANT_SPECIAL,Medium,LEVOHORMIMPL,Units
BATCH01063,Medium,Yes,OwnBrand,Tablet,TL1,FR,454999,PLANT_SOLIDS,Low,IBUP400TAB,TabletsCaps
BATCH04608,Medium,No,Contract,Hormonal,HORM2,ES,26477,PLANT_SPECIAL,Low,LEVOHORMIMPL,Units
BATCH06232,Low,No,OwnBrand,Capsule,CL2,IT,240197,PLANT_SOLIDS,Medium,OMEP20CAP,TabletsCaps
BATCH00893,Low,No,Contract,Device,DEV1,UK,4781,PLANT_SPECIAL,High,INHALER,Units
BATCH09530,High,No,Contract,Injectable,INJ2,UK,30631,PLANT_PARENTERAL,Low,CEF1GIV,Units
BATCH00102,High,No,Contract,Capsule,CL2,DE,421823,PLANT_SOLIDS,Medium,AMOX500CAP,TabletsCaps
BATCH09796,Medium,No,OwnBrand,Device,DEV2,DE,40848,PLANT_SPECIAL,Medium,INSUPEN,Units
BATCH02043,High,Yes,Contract,Capsule,CL1,DE,337669,PLANT_SOLIDS,Medium,AMOX500CAP,TabletsCaps
BATCH02551,Low,No,OwnBrand,Hormonal,HORM2,PT,31468,PLANT_SPECIAL,Medium,EE30TAB,Units
BATCH04307,Low,Yes,Contract,Device,DEV1,UK,19109,PLANT_SPECIAL,High,INHALER,Units
BATCH00180,High,No,Contract,Capsule,CL1,DE,283373,PLANT_SOLIDS,High,AMOX500CAP,TabletsCaps
BATCH02729,Medium,Yes,Contract,Hormonal,HORM2,ES,43068,PLANT_SPECIAL,High,LEVOHORMIMPL,Units
BATCH06466,High,No,Contract,Capsule,CL2,DE,217694,PLANT_SOLIDS,High,AMOX500CAP,TabletsCaps
BATCH07428,Medium,No,Contract,Hormonal,HORM2,ES,22116,PLANT_SPECIAL,Medium,LEVOHORMIMPL,Units
BATCH01448,Low,No,OwnBrand,Capsule,CL1,IT,81266,PLANT_SOLIDS,High,OMEP20CAP,TabletsCaps
BATCH08213,Low,Yes,OwnBrand,Tablet,TL3,ES,499619,PLANT_SOLIDS,High,PARA500TAB,TabletsCaps
BATCH02315,Medium,No,Contract,Hormonal,HORM1,ES,25012,PLANT_SPECIAL,Medium,LEVOHORMIMPL,Units
BATCH01880,Medium,Yes,OwnBrand,Injectable,INJ1,FR,21178,PLANT_PARENTERAL,Low,HEP5000SC,Units
BATCH07938,Low,No,OwnBrand,Capsule,CL2,IT,111634,PLANT_SOLIDS,Medium,OMEP20CAP,TabletsCaps
BATCH02215,High,No,Contract,Capsule,CL1,DE,451251,PLANT_SOLIDS,Low,AMOX500CAP,TabletsCaps
BATCH09553,Medium,Yes,OwnBrand,Device,DEV2,DE,15417,PLANT_SPECIAL,Medium,INSUPEN,Units
BATCH05704,Medium,No,OwnBrand,Injectable,INJ2,FR,9790,PLANT_PARENTERAL,Medium,HEP5000SC,Units
BATCH07129,Medium,Yes,OwnBrand,Injectable,INJ2,FR,8201,PLANT_PARENTERAL,Low,HEP5000SC,Units
BATCH02325,Low,Yes,OwnBrand,Capsule,CL2,IT,387888,PLANT_SOLIDS,Medium,OMEP20CAP,TabletsCaps
BATCH09579,Medium,Yes,OwnBrand,Injectable,INJ1,FR,17716,PLANT_PARENTERAL,Medium,HEP5000SC,Units
BATCH06807,Low,Yes,Contract,Device,DEV2,UK,12176,PLANT_SPECIAL,Medium,INHALER,Units
BATCH02821,Medium,No,OwnBrand,Device,DEV2,DE,17525,PLANT_SPECIAL,Medium,INSUPEN,Units
BATCH09255,Medium,No,OwnBrand,Device,DEV1,DE,16067,PLANT_SPECIAL,Medium,INSUPEN,Units
BATCH06366,Low,No,Contract,Device,DEV1,UK,13787,PLANT_SPECIAL,Medium,INHALER,Units
BATCH02071,Low,No,OwnBrand,Capsule,CL1,IT,463519,PLANT_SOLIDS,High,OMEP20CAP,TabletsCaps
BATCH04791,Medium,Yes,OwnBrand,Tablet,TL2,FR,197709,PLANT_SOLIDS,Medium,IBUP400TAB,TabletsCaps
BATCH08112,Medium,No,Contract,Hormonal,HORM2,ES,28358,PLANT_SPECIAL,Medium,LEVOHORMIMPL,Units
BATCH04765,Low,No,OwnBrand,Capsule,CL2,IT,225900,PLANT_SOLIDS,Medium,OMEP20CAP,TabletsCaps
BATCH02456,Low,No,Contract,Device,DEV1,UK,35997,PLANT_SPECIAL,Medium,INHALER,Units
BATCH05144,Medium,No,OwnBrand,Device,DEV1,DE,12246,PLANT_SPECIAL,Medium,INSUPEN,Units
BATCH03026,Low,Yes,OwnBrand,Tablet,TL3,ES,435568,PLANT_SOLIDS,Medium,PARA500TAB,TabletsCaps
BATCH02621,High,No,Contract,Capsule,CL1,DE,308275,PLANT_SOLIDS,Low,AMOX500CAP,TabletsCaps
BATCH03537,Medium,No,Contract,Hormonal,HORM1,ES,39702,PLANT_SPECIAL,Medium,LEVOHORMIMPL,Units
BATCH05331,Low,No,OwnBrand,Hormonal,HORM2,PT,22858,PLANT_SPECIAL,Medium,EE30TAB,Units
BATCH08645,Medium,No,OwnBrand,Tablet,TL2,FR,468474,PLANT_SOLIDS,High,IBUP400TAB,TabletsCaps
BATCH05455,Low,No,OwnBrand,Capsule,CL1,IT,129898,PLANT_SOLIDS,Medium,OMEP20CAP,TabletsCaps
BATCH05181,Low,No,OwnBrand,Hormonal,HORM2,PT,5404,PLANT_SPECIAL,High,EE30TAB,Units
BATCH08227,High,No,Contract,Capsule,CL1,DE,475894,PLANT_SOLIDS,Low,AMOX500CAP,TabletsCaps
BATCH00746,Low,Yes,Contract,Device,DEV1,UK,29766,PLANT_SPECIAL,High,INHALER,Units
BATCH01761,Medium,No,Contract,Hormonal,HORM1,ES,31633,PLANT_SPECIAL,Medium,LEVOHORMIMPL,Units
BATCH01463,Medium,Yes,OwnBrand,Tablet,TL1,FR,333374,PLANT_SOLIDS,Medium,IBUP400TAB,TabletsCaps
BATCH08264,High,No,Contract,Injectable,INJ2,UK,26848,PLANT_PARENTERAL,Low,CEF1GIV,Units
BATCH08456,High,No,Contract,Injectable,INJ1,UK,22559,PLANT_PARENTERAL,Medium,CEF1GIV,Units
BATCH03263,High,No,Contract,Capsule,CL1,DE,75359,PLANT_SOLIDS,Low,AMOX500CAP,TabletsCaps
BATCH04927,High,No,Contract,Capsule,CL2,DE,132187,PLANT_SOLIDS,High,AMOX500CAP,TabletsCaps
BATCH03483,Low,No,OwnBrand,Hormonal,HORM2,PT,47988,PLANT_SPECIAL,High,EE30TAB,Units
BATCH06406,High,No,Contract,Capsule,CL2,DE,142251,PLANT_SOLIDS,Medium,AMOX500CAP,TabletsCaps
BATCH06083,Low,No,OwnBrand,Tablet,TL3,ES,245060,PLANT_SOLIDS,High,PARA500TAB,TabletsCaps
BATCH08067,Medium,No,OwnBrand,Device,DEV2,DE,13578,PLANT_SPECIAL,Medium,INSUPEN,Units
BATCH04465,Low,No,OwnBrand,Hormonal,HORM1,PT,40769,PLANT_SPECIAL,High,EE30TAB,Units
BATCH03559,Low,No,OwnBrand,Capsule,CL1,IT,326524,PLANT_SOLIDS,Medium,OMEP20CAP,TabletsCaps
BATCH04663,High,No,Contract,Capsule,CL1,DE,153794,PLANT_SOLIDS,High,AMOX500CAP,TabletsCaps
BATCH07363,High,No,Contract,Injectable,INJ1,UK,42889,PLANT_PARENTERAL,Low,CEF1GIV,Units
BATCH04333,Medium,No,Contract,Hormonal,HORM2,ES,31622,PLANT_SPECIAL,High,LEVOHORMIMPL,Units
BATCH02989,Medium,No,Contract,Hormonal,HORM2,ES,47488,PLANT_SPECIAL,Medium,LEVOHORMIMPL,Units
BATCH06921,Medium,No,OwnBrand,Device,DEV1,DE,32034,PLANT_SPECIAL,Low,INSUPEN,Units
BATCH04712,Medium,Yes,Contract,Hormonal,HORM1,ES,18410,PLANT_SPECIAL,Medium,LEVOHORMIMPL,Units
BATCH02468,Low,No,OwnBrand,Tablet,TL2,ES,410739,PLANT_SOLIDS,Low,PARA500TAB,TabletsCaps
BATCH00803,High,No,Contract,Injectable,INJ2,UK,39443,PLANT_PARENTERAL,Medium,CEF1GIV,Units
BATCH06479,Medium,No,OwnBrand,Device,DEV2,DE,43115,PLANT_SPECIAL,Low,INSUPEN,Units
BATCH08038,Medium,Yes,OwnBrand,Device,DEV2,DE,3758,PLANT_SPECIAL,Medium,INSUPEN,Units
BATCH09222,Medium,No,Contract,Hormonal,HORM1,ES,47327,PLANT_SPECIAL,Medium,LEVOHORMIMPL,Units
BATCH06385,High,Yes,Contract,Capsule,CL2,DE,99696,PLANT_SOLIDS,Medium,AMOX500CAP,TabletsCaps
BATCH08773,High,Yes,Contract,Capsule,CL1,DE,236240,PLANT_SOLIDS,Medium,AMOX500CAP,TabletsCaps
BATCH00500,Low,No,OwnBrand,Hormonal,HORM2,PT,3491,PLANT_SPECIAL,Low,EE30TAB,Units
BATCH03852,High,No,Contract,Capsule,CL2,DE,178019,PLANT_SOLIDS,Medium,AMOX500CAP,TabletsCaps
BATCH05612,Medium,No,OwnBrand,Device,DEV1,DE,23977,PLANT_SPECIAL,Medium,INSUPEN,Units
BATCH03984,Low,No,OwnBrand,Tablet,TL1,ES,182791,PLANT_SOLIDS,Medium,PARA500TAB,TabletsCaps
BATCH09881,Low,No,Contract,Device,DEV2,UK,25364,PLANT_SPECIAL,Medium,INHALER,Units
BATCH07416,Low,No,OwnBrand,Tablet,TL1,ES,445356,PLANT_SOLIDS,Medium,PARA500TAB,TabletsCaps
BATCH01178,High,No,Contract,Capsule,CL2,DE,432485,PLANT_SOLIDS,Medium,AMOX500CAP,TabletsCaps
BATCH03399,Low,Yes,OwnBrand,Capsule,CL2,IT,338903,PLANT_SOLIDS,Medium,OMEP20CAP,TabletsCaps
BATCH03862,Low,No,Contract,Device,DEV2,UK,31486,PLANT_SPECIAL,High,INHALER,Units
BATCH04955,Low,No,OwnBrand,Capsule,CL2,IT,391371,PLANT_SOLIDS,Medium,OMEP20CAP,TabletsCaps
BATCH09810,Medium,No,OwnBrand,Tablet,TL3,FR,148697,PLANT_SOLIDS,High,IBUP400TAB,TabletsCaps
BATCH00101,High,No,Contract,Injectable,INJ2,UK,8261,PLANT_PARENTERAL,Medium,CEF1GIV,Units
BATCH05797,Low,Yes,OwnBrand,Hormonal,HORM1,PT,27131,PLANT_SPECIAL,Medium,EE30TAB,Units
BATCH01097,Low,No,Contract,Device,DEV1,UK,22251,PLANT_SPECIAL,High,INHALER,Units
BATCH07480,Low,No,OwnBrand,Capsule,CL2,IT,197542,PLANT_SOLIDS,Medium,OMEP20CAP,TabletsCaps
BATCH00550,Medium,No,OwnBrand,Tablet,TL3,FR,350153,PLANT_SOLIDS,Medium,IBUP400TAB,TabletsCaps
BATCH02960,Low,No,Contract,Device,DEV2,UK,19214,PLANT_SPECIAL,Medium,INHALER,Units
BATCH03302,Low,Yes,OwnBrand,Hormonal,HORM2,PT,25669,PLANT_SPECIAL,High,EE30TAB,Units
BATCH06120,Medium,Yes,OwnBrand,Injectable,INJ2,FR,30384,PLANT_PARENTERAL,Medium,HEP5000SC,Units
BATCH02299,Low,Yes,Contract,Device,DEV1,UK,20827,PLANT_SPECIAL,High,INHALER,Units
BATCH02156,Medium,No,OwnBrand,Injectable,INJ1,FR,45062,PLANT_PARENTERAL,Low,HEP5000SC,Units
BATCH09371,High,Yes,Contract,Injectable,INJ1,UK,10171,PLANT_PARENTERAL,Low,CEF1GIV,Units
BATCH01196,Medium,No,OwnBrand,Tablet,TL2,FR,302805,PLANT_SOLIDS,Medium,IBUP400TAB,TabletsCaps
BATCH00791,Medium,No,OwnBrand,Injectable,INJ2,FR,46460,PLANT_PARENTERAL,Medium,HEP5000SC,Units
BATCH07725,Low,No,OwnBrand,Tablet,TL2,ES,341078,PLANT_SOLIDS,Medium,PARA500TAB,TabletsCaps
BATCH09667,Low,No,OwnBrand,Tablet,TL3,ES,378642,PLANT_SOLIDS,Medium,PARA500TAB,TabletsCaps
BATCH02870,Low,No,Contract,Device,DEV2,UK,45823,PLANT_SPECIAL,Low,INHALER,Units
BATCH02911,Low,No,Contract,Device,DEV2,UK,1941,PLANT_SPECIAL,High,INHALER,Units
BATCH06871,Low,No,OwnBrand,Hormonal,HORM2,PT,13118,PLANT_SPECIAL,Low,EE30TAB,Units
BATCH08057,Low,Yes,Contract,Device,DEV2,UK,22025,PLANT_SPECIAL,High,INHALER,Units
BATCH08070,Low,Yes,OwnBrand,Hormonal,HORM2,PT,32208,PLANT_SPECIAL,High,EE30TAB,Units
BATCH09824,Low,No,Contract,Device,DEV1,UK,33173,PLANT_SPECIAL,Medium,INHALER,Units
BATCH02619,Low,No,OwnBrand,Capsule,CL2,IT,126835,PLANT_SOLIDS,Medium,OMEP20CAP,TabletsCaps
BATCH07964,Medium,No,Contract,Hormonal,HORM1,ES,6612,PLANT_SPECIAL,Low,LEVOHORMIMPL,Units
BATCH05866,Low,No,Contract,Device,DEV1,UK,43846,PLANT_SPECIAL,Medium,INHALER,Units
BATCH06500,Medium,Yes,OwnBrand,Tablet,TL2,FR,423672,PLANT_SOLIDS,Low,IBUP400TAB,TabletsCaps
BATCH05440,Low,Yes,OwnBrand,Tablet,TL2,ES,380645,PLANT_SOLIDS,Medium,PARA500TAB,TabletsCaps
BATCH03842,Low,Yes,OwnBrand,Tablet,TL1,ES,291998,PLANT_SOLIDS,Low,PARA500TAB,TabletsCaps
BATCH02830,Medium,Yes,OwnBrand,Tablet,TL2,FR,299074,PLANT_SOLIDS,Low,IBUP400TAB,TabletsCaps
BATCH08842,Medium,No,Contract,Hormonal,HORM2,ES,15479,PLANT_SPECIAL,Medium,LEVOHORMIMPL,Units
BATCH06835,Medium,No,Contract,Hormonal,HORM2,ES,11386,PLANT_SPECIAL,Medium,LEVOHORMIMPL,Units
BATCH01921,Medium,No,OwnBrand,Device,DEV1,DE,6363,PLANT_SPECIAL,Medium,INSUPEN,Units
BATCH06769,High,No,Contract,Injectable,INJ2,UK,22862,PLANT_PARENTERAL,High,CEF1GIV,Units
BATCH01792,Medium,Yes,OwnBrand,Tablet,TL2,FR,127669,PLANT_SOLIDS,Medium,IBUP400TAB,TabletsCaps
BATCH03140,Low,No,OwnBrand,Tablet,TL1,ES,319608,PLANT_SOLIDS,Medium,PARA500TAB,TabletsCaps
BATCH05560,Medium,No,OwnBrand,Tablet,TL2,FR,472770,PLANT_SOLIDS,Low,IBUP400TAB,TabletsCaps
BATCH09493,Low,No,OwnBrand,Hormonal,HORM1,PT,4591,PLANT_SPECIAL,Medium,EE30TAB,Units
BATCH08986,High,No,Contract,Injectable,INJ1,UK,23431,PLANT_PARENTERAL,Low,CEF1GIV,Units
BATCH01127,Low,No,OwnBrand,Capsule,CL1,IT,405778,PLANT_SOLIDS,High,OMEP20CAP,TabletsCaps
BATCH01157,Medium,No,OwnBrand,Injectable,INJ2,FR,44444,PLANT_PARENTERAL,Low,HEP5000SC,Units
BATCH07388,Low,Yes,OwnBrand,Capsule,CL1,IT,391747,PLANT_SOLIDS,High,OMEP20CAP,TabletsCaps
BATCH06261,Low,No,OwnBrand,Capsule,CL2,IT,309089,PLANT_SOLIDS,High,OMEP20CAP,TabletsCaps
BATCH08488,Low,No,Contract,Device,DEV1,UK,33115,PLANT_SPECIAL,Low,INHALER,Units
BATCH07378,Medium,No,Contract,Hormonal,HORM2,ES,24737,PLANT_SPECIAL,High,LEVOHORMIMPL,Units
BATCH01300,Medium,No,OwnBrand,Tablet,TL2,FR,68133,PLANT_SOLIDS,Medium,IBUP400TAB,TabletsCaps
BATCH05318,High,No,Contract,Capsule,CL1,DE,298803,PLANT_SOLIDS,Low,AMOX500CAP,TabletsCaps
BATCH06285,Low,No,OwnBrand,Tablet,TL2,ES,466327,PLANT_SOLIDS,High,PARA500TAB,TabletsCaps
BATCH02400,Low,No,OwnBrand,Capsule,CL2,IT,335388,PLANT_SOLIDS,Medium,OMEP20CAP,TabletsCaps
BATCH06616,Low,No,OwnBrand,Tablet,TL1,ES,63351,PLANT_SOLIDS,Low,PARA500TAB,TabletsCaps
BATCH07342,Medium,No,OwnBrand,Device,DEV2,DE,10041,PLANT_SPECIAL,High,INSUPEN,Units
BATCH02124,Medium,No,Contract,Hormonal,HORM1,ES,8745,PLANT_SPECIAL,Medium,LEVOHORMIMPL,Units
BATCH07196,Low,No,Contract,Device,DEV1,UK,28834,PLANT_SPECIAL,Medium,INHALER,Units
BATCH03931,Medium,No,OwnBrand,Device,DEV2,DE,10332,PLANT_SPECIAL,High,INSUPEN,Units
BATCH01403,Low,No,OwnBrand,Hormonal,HORM1,PT,33891,PLANT_SPECIAL,Low,EE30TAB,Units
BATCH00082,Low,No,OwnBrand,Hormonal,HORM2,PT,15542,PLANT_SPECIAL,Medium,EE30TAB,Units
BATCH00046,Medium,No,OwnBrand,Device,DEV2,DE,46380,PLANT_SPECIAL,Medium,INSUPEN,Units
BATCH08558,Medium,No,OwnBrand,Tablet,TL3,FR,363826,PLANT_SOLIDS,Low,IBUP400TAB,TabletsCaps
BATCH05826,Low,No,OwnBrand,Hormonal,HORM2,PT,17424,PLANT_SPECIAL,Low,EE30TAB,Units
BATCH03526,Medium,No,OwnBrand,Injectable,INJ1,FR,24935,PLANT_PARENTERAL,Medium,HEP5000SC,Units
BATCH02433,Low,No,Contract,Device,DEV2,UK,6713,PLANT_SPECIAL,Low,INHALER,Units
BATCH01491,Medium,No,Contract,Hormonal,HORM1,ES,8672,PLANT_SPECIAL,High,LEVOHORMIMPL,Units
BATCH08390,High,Yes,Contract,Injectable,INJ1,UK,18118,PLANT_PARENTERAL,Low,CEF1GIV,Units
BATCH02031,Low,No,Contract,Device,DEV2,UK,41775,PLANT_SPECIAL,Medium,INHALER,Units
BATCH05090,Medium,No,OwnBrand,Tablet,TL3,FR,464161,PLANT_SOLIDS,Medium,IBUP400TAB,TabletsCaps
BATCH01713,Medium,No,OwnBrand,Injectable,INJ1,FR,10069,PLANT_PARENTERAL,Medium,HEP5000SC,Units
BATCH07951,High,No,Contract,Capsule,CL2,DE,228703,PLANT_SOLIDS,Medium,AMOX500CAP,TabletsCaps
BATCH01551,Low,No,OwnBrand,Hormonal,HORM2,PT,11181,PLANT_SPECIAL,Medium,EE30TAB,Units
BATCH08409,Low,No,Contract,Device,DEV1,UK,31814,PLANT_SPECIAL,Low,INHALER,Units
BATCH03231,Low,No,OwnBrand,Hormonal,HORM1,PT,36290,PLANT_SPECIAL,Medium,EE30TAB,Units
BATCH09631,Medium,No,OwnBrand,Injectable,INJ1,FR,12469,PLANT_PARENTERAL,High,HEP5000SC,Units
BATCH08326,Medium,Yes,Contract,Hormonal,HORM1,ES,12023,PLANT_SPECIAL,High,LEVOHORMIMPL,Units
BATCH05840,Medium,No,Contract,Hormonal,HORM1,ES,44475,PLANT_SPECIAL,Medium,LEVOHORMIMPL,Units
BATCH04236,Medium,No,Contract,Hormonal,HORM2,ES,11443,PLANT_SPECIAL,Low,LEVOHORMIMPL,Units
BATCH03797,Low,No,Contract,Device,DEV1,UK,27436,PLANT_SPECIAL,Low,INHALER,Units
BATCH00975,Low,Yes,OwnBrand,Capsule,CL1,IT,458024,PLANT_SOLIDS,Medium,OMEP20CAP,TabletsCaps
BATCH08541,High,Yes,Contract,Capsule,CL2,DE,300535,PLANT_SOLIDS,Medium,AMOX500CAP,TabletsCaps
BATCH07627,Low,Yes,OwnBrand,Tablet,TL2,ES,425575,PLANT_SOLIDS,Medium,PARA500TAB,TabletsCaps
BATCH00440,High,No,Contract,Injectable,INJ1,UK,40445,PLANT_PARENTERAL,Medium,CEF1GIV,Units
BATCH01760,Low,No,Contract,Device,DEV1,UK,33334,PLANT_SPECIAL,Medium,INHALER,Units
BATCH09860,Medium,No,OwnBrand,Tablet,TL3,FR,160972,PLANT_SOLIDS,Medium,IBUP400TAB,TabletsCaps
BATCH02664,Medium,Yes,OwnBrand,Injectable,INJ1,FR,44070,PLANT_PARENTERAL,High,HEP5000SC,Units
BATCH07121,Medium,No,OwnBrand,Tablet,TL1,FR,466009,PLANT_SOLIDS,Low,IBUP400TAB,TabletsCaps
BATCH08606,High,No,Contract,Capsule,CL1,DE,340866,PLANT_SOLIDS,High,AMOX500CAP,TabletsCaps
BATCH03976,Medium,No,OwnBrand,Tablet,TL2,FR,202390,PLANT_SOLIDS,Medium,IBUP400TAB,TabletsCaps
BATCH00618,Low,No,OwnBrand,Hormonal,HORM1,PT,46687,PLANT_SPECIAL,High,EE30TAB,Units
BATCH02868,Low,Yes,OwnBrand,Hormonal,HORM1,PT,48611,PLANT_SPECIAL,Medium,EE30TAB,Units
BATCH01101,Low,No,OwnBrand,Hormonal,HORM2,PT,48581,PLANT_SPECIAL,High,EE30TAB,Units
BATCH01584,Low,No,Contract,Device,DEV2,UK,39088,PLANT_SPECIAL,Low,INHALER,Units
BATCH08647,High,Yes,Contract,Capsule,CL1,DE,168177,PLANT_SOLIDS,Medium,AMOX500CAP,TabletsCaps
BATCH07969,Medium,No,Contract,Hormonal,HORM1,ES,28385,PLANT_SPECIAL,Low,LEVOHORMIMPL,Units
BATCH07891,Low,Yes,OwnBrand,Capsule,CL1,IT,204244,PLANT_SOLIDS,Medium,OMEP20CAP,TabletsCaps
BATCH08009,High,No,Contract,Injectable,INJ2,UK,33921,PLANT_PARENTERAL,High,CEF1GIV,Units
BATCH01574,High,No,Contract,Capsule,CL1,DE,401161,PLANT_SOLIDS,Medium,AMOX500CAP,TabletsCaps
BATCH06521,Medium,Yes,Contract,Hormonal,HORM2,ES,28083,PLANT_SPECIAL,Low,LEVOHORMIMPL,Units
BATCH07474,Medium,No,OwnBrand,Injectable,INJ1,FR,35788,PLANT_PARENTERAL,Medium,HEP5000SC,Units
BATCH05303,High,No,Contract,Injectable,INJ2,UK,1108,PLANT_PARENTERAL,Low,CEF1GIV,Units
BATCH02972,Medium,Yes,OwnBrand,Injectable,INJ1,FR,10418,PLANT_PARENTERAL,Medium,HEP5000SC,Units
BATCH04781,Low,No,Contract,Device,DEV1,UK,17329,PLANT_SPECIAL,High,INHALER,Units
BATCH02604,Low,No,OwnBrand,Hormonal,HORM1,PT,34525,PLANT_SPECIAL,High,EE30TAB,Units
BATCH08935,Low,No,OwnBrand,Hormonal,HORM1,PT,39295,PLANT_SPECIAL,Medium,EE30TAB,Units
BATCH03659,Medium,No,Contract,Hormonal,HORM2,ES,28774,PLANT_SPECIAL,Medium,LEVOHORMIMPL,Units
BATCH07271,Medium,No,OwnBrand,Device,DEV2,DE,17854,PLANT_SPECIAL,High,INSUPEN,Units
BATCH00494,Medium,Yes,OwnBrand,Device,DEV2,DE,15247,PLANT_SPECIAL,Medium,INSUPEN,Units
BATCH07128,Medium,No,OwnBrand,Device,DEV2,DE,20145,PLANT_SPECIAL,Medium,INSUPEN,Units
BATCH02662,Low,Yes,OwnBrand,Hormonal,HORM2,PT,5848,PLANT_SPECIAL,Medium,EE30TAB,Units
BATCH09359,Low,No,OwnBrand,Hormonal,HORM1,PT,31437,PLANT_SPECIAL,Low,EE30TAB,Units
BATCH05430,Low,Yes,OwnBrand,Hormonal,HORM2,PT,35704,PLANT_SPECIAL,Medium,EE30TAB,Units
BATCH09767,High,No,Contract,Capsule,CL2,DE,239621,PLANT_SOLIDS,Medium,AMOX500CAP,TabletsCaps
BATCH03355,Medium,Yes,OwnBrand,Injectable,INJ2,FR,22320,PLANT_PARENTERAL,Low,HEP5000SC,Units
BATCH06160,Medium,No,OwnBrand,Injectable,INJ1,FR,44166,PLANT_PARENTERAL,Medium,HEP5000SC,Units
BATCH05926,Medium,No,OwnBrand,Tablet,TL2,FR,350853,PLANT_SOLIDS,High,IBUP400TAB,TabletsCaps
BATCH07799,Low,No,OwnBrand,Tablet,TL2,ES,426847,PLANT_SOLIDS,High,PARA500TAB,TabletsCaps
BATCH06382,Medium,No,OwnBrand,Injectable,INJ1,FR,27644,PLANT_PARENTERAL,Medium,HEP5000SC,Units
BATCH02939,Low,Yes,OwnBrand,Capsule,CL2,IT,351395,PLANT_SOLIDS,High,OMEP20CAP,TabletsCaps
BATCH01461,Medium,Yes,Contract,Hormonal,HORM2,ES,2560,PLANT_SPECIAL,Medium,LEVOHORMIMPL,Units
BATCH06319,Medium,Yes,Contract,Hormonal,HORM1,ES,8628,PLANT_SPECIAL,Medium,LEVOHORMIMPL,Units
BATCH09829,High,Yes,Contract,Injectable,INJ1,UK,41524,PLANT_PARENTERAL,High,CEF1GIV,Units
BATCH07734,Low,Yes,OwnBrand,Capsule,CL2,IT,287465,PLANT_SOLIDS,Low,OMEP20CAP,TabletsCaps
BATCH09823,Medium,Yes,OwnBrand,Injectable,INJ2,FR,48761,PLANT_PARENTERAL,Medium,HEP5000SC,Units
BATCH06397,Low,Yes,OwnBrand,Hormonal,HORM2,PT,21605,PLANT_SPECIAL,High,EE30TAB,Units
BATCH07061,Low,No,OwnBrand,Hormonal,HORM2,PT,20562,PLANT_SPECIAL,Medium,EE30TAB,Units
BATCH09964,Low,No,OwnBrand,Capsule,CL2,IT,265522,PLANT_SOLIDS,Low,OMEP20CAP,TabletsCaps
BATCH07143,Medium,No,OwnBrand,Injectable,INJ1,FR,49999,PLANT_PARENTERAL,Medium,HEP5000SC,Units
BATCH05934,Low,No,OwnBrand,Capsule,CL1,IT,464727,PLANT_SOLIDS,High,OMEP20CAP,TabletsCaps
BATCH01536,Medium,No,OwnBrand,Tablet,TL1,FR,460500,PLANT_SOLIDS,Low,IBUP400TAB,TabletsCaps
BATCH03226,Medium,No,Contract,Hormonal,HORM1,ES,10561,PLANT_SPECIAL,Low,LEVOHORMIMPL,Units
BATCH03771,Low,No,OwnBrand,Capsule,CL1,IT,207546,PLANT_SOLIDS,High,OMEP20CAP,TabletsCaps
BATCH09988,High,No,Contract,Injectable,INJ2,UK,23860,PLANT_PARENTERAL,High,CEF1GIV,Units
BATCH02375,Low,Yes,OwnBrand,Capsule,CL1,IT,51949,PLANT_SOLIDS,Medium,OMEP20CAP,TabletsCaps
BATCH07110,Low,No,Contract,Device,DEV2,UK,7205,PLANT_SPECIAL,Low,INHALER,Units
BATCH01581,Medium,Yes,Contract,Hormonal,HORM2,ES,44271,PLANT_SPECIAL,High,LEVOHORMIMPL,Units
BATCH03778,Medium,Yes,OwnBrand,Device,DEV2,DE,4310,PLANT_SPECIAL,High,INSUPEN,Units
BATCH01934,High,No,Contract,Capsule,CL1,DE,411889,PLANT_SOLIDS,Low,AMOX500CAP,TabletsCaps
BATCH04225,High,Yes,Contract,Injectable,INJ2,UK,45058,PLANT_PARENTERAL,Medium,CEF1GIV,Units
BATCH03400,High,No,Contract,Capsule,CL2,DE,355286,PLANT_SOLIDS,Medium,AMOX500CAP,TabletsCaps
BATCH01177,High,No,Contract,Capsule,CL1,DE,317974,PLANT_SOLIDS,High,AMOX500CAP,TabletsCaps
BATCH03058,High,Yes,Contract,Capsule,CL2,DE,238263,PLANT_SOLIDS,High,AMOX500CAP,TabletsCaps
BATCH08862,High,Yes,Contract,Injectable,INJ2,UK,30203,PLANT_PARENTERAL,Medium,CEF1GIV,Units
BATCH02029,Medium,No,Contract,Hormonal,HORM2,ES,26815,PLANT_SPECIAL,High,LEVOHORMIMPL,Units
BATCH07511,Low,No,OwnBrand,Tablet,TL3,ES,188286,PLANT_SOLIDS,Medium,PARA500TAB,TabletsCaps
BATCH08821,Low,No,OwnBrand,Capsule,CL2,IT,380761,PLANT_SOLIDS,High,OMEP20CAP,TabletsCaps
BATCH05963,Low,No,OwnBrand,Capsule,CL1,IT,252281,PLANT_SOLIDS,Medium,OMEP20CAP,TabletsCaps
BATCH08793,Medium,No,OwnBrand,Device,DEV2,DE,46439,PLANT_SPECIAL,Medium,INSUPEN,Units
BATCH08179,Medium,Yes,Contract,Hormonal,HORM2,ES,37153,PLANT_SPECIAL,Medium,LEVOHORMIMPL,Units
BATCH07580,Medium,No,OwnBrand,Device,DEV2,DE,28014,PLANT_SPECIAL,Medium,INSUPEN,Units
BATCH09892,Low,No,OwnBrand,Hormonal,HORM1,PT,12642,PLANT_SPECIAL,Low,EE30TAB,Units
BATCH01752,Low,No,OwnBrand,Capsule,CL1,IT,481454,PLANT_SOLIDS,Medium,OMEP20CAP,TabletsCaps
BATCH01550,Medium,No,Contract,Hormonal,HORM2,ES,23353,PLANT_SPECIAL,Medium,LEVOHORMIMPL,Units
BATCH09178,Low,No,OwnBrand,Hormonal,HORM2,PT,31688,PLANT_SPECIAL,Medium,EE30TAB,Units
BATCH02426,Low,No,OwnBrand,Capsule,CL1,IT,305425,PLANT_SOLIDS,High,OMEP20CAP,TabletsCaps
BATCH09618,Low,No,Contract,Device,DEV2,UK,17419,PLANT_SPECIAL,High,INHALER,Units
BATCH05262,Medium,Yes,OwnBrand,Tablet,TL2,FR,417065,PLANT_SOLIDS,Low,IBUP400TAB,TabletsCaps
BATCH09086,Medium,No,Contract,Hormonal,HORM1,ES,31410,PLANT_SPECIAL,Medium,LEVOHORMIMPL,Units
BATCH03162,Low,No,Contract,Device,DEV2,UK,42656,PLANT_SPECIAL,High,INHALER,Units
BATCH07097,Low,Yes,OwnBrand,Capsule,CL1,IT,114016,PLANT_SOLIDS,Low,OMEP20CAP,TabletsCaps
BATCH02570,Medium,No,OwnBrand,Device,DEV2,DE,31917,PLANT_SPECIAL,High,INSUPEN,Units
BATCH09219,Low,No,OwnBrand,Tablet,TL3,ES,163490,PLANT_SOLIDS,High,PARA500TAB,TabletsCaps
BATCH03937,Low,No,OwnBrand,Hormonal,HORM2,PT,8441,PLANT_SPECIAL,High,EE30TAB,Units
BATCH05701,Medium,No,Contract,Hormonal,HORM2,ES,8714,PLANT_SPECIAL,Low,LEVOHORMIMPL,Units
BATCH01629,Medium,No,OwnBrand,Injectable,INJ2,FR,5240,PLANT_PARENTERAL,Medium,HEP5000SC,Units
BATCH05053,Low,No,OwnBrand,Hormonal,HORM1,PT,41520,PLANT_SPECIAL,High,EE30TAB,Units
BATCH01753,Low,No,OwnBrand,Tablet,TL1,ES,314784,PLANT_SOLIDS,Medium,PARA500TAB,TabletsCaps
BATCH05515,Low,No,OwnBrand,Hormonal,HORM2,PT,40885,PLANT_SPECIAL,Medium,EE30TAB,Units
BATCH07492,Low,No,Contract,Device,DEV1,UK,16946,PLANT_SPECIAL,High,INHALER,Units
BATCH01960,High,No,Contract,Injectable,INJ2,UK,21221,PLANT_PARENTERAL,High,CEF1GIV,Units
BATCH05830,High,No,Contract,Capsule,CL2,DE,441579,PLANT_SOLIDS,High,AMOX500CAP,TabletsCaps
BATCH00605,Medium,No,OwnBrand,Injectable,INJ1,FR,4456,PLANT_PARENTERAL,High,HEP5000SC,Units
BATCH09684,High,No,Contract,Injectable,INJ2,UK,1595,PLANT_PARENTERAL,High,CEF1GIV,Units
BATCH09573,Medium,No,OwnBrand,Injectable,INJ1,FR,19139,PLANT_PARENTERAL,Medium,HEP5000SC,Units
BATCH00811,Low,No,OwnBrand,Capsule,CL2,IT,219348,PLANT_SOLIDS,High,OMEP20CAP,TabletsCaps
BATCH09913,Low,Yes,OwnBrand,Hormonal,HORM1,PT,39887,PLANT_SPECIAL,Medium,EE30TAB,Units
BATCH07658,Low,No,OwnBrand,Hormonal,HORM2,PT,43865,PLANT_SPECIAL,Medium,EE30TAB,Units
BATCH02730,Low,No,Contract,Device,DEV2,UK,45650,PLANT_SPECIAL,Low,INHALER,Units
BATCH00871,High,No,Contract,Injectable,INJ1,UK,31727,PLANT_PARENTERAL,Low,CEF1GIV,Units
BATCH03818,High,No,Contract,Injectable,INJ2,UK,41453,PLANT_PARENTERAL,Medium,CEF1GIV,Units
BATCH03022,Low,Yes,Contract,Device,DEV1,UK,4162,PLANT_SPECIAL,High,INHALER,Units
BATCH07123,Low,No,OwnBrand,Hormonal,HORM2,PT,2657,PLANT_SPECIAL,Medium,EE30TAB,Units
BATCH03485,Low,No,Contract,Device,DEV1,UK,5432,PLANT_SPECIAL,Medium,INHALER,Units
BATCH00278,Low,No,OwnBrand,Capsule,CL1,IT,186645,PLANT_SOLIDS,Medium,OMEP20CAP,TabletsCaps
BATCH09297,Low,No,Contract,Device,DEV2,UK,22999,PLANT_SPECIAL,Medium,INHALER,Units
BATCH01663,Low,No,OwnBrand,Capsule,CL1,IT,166585,PLANT_SOLIDS,Medium,OMEP20CAP,TabletsCaps
BATCH09948,Medium,No,OwnBrand,Injectable,INJ2,FR,22238,PLANT_PARENTERAL,Low,HEP5000SC,Units
BATCH05747,Medium,Yes,Contract,Hormonal,HORM2,ES,41897,PLANT_SPECIAL,Medium,LEVOHORMIMPL,Units
BATCH05173,High,No,Contract,Capsule,CL1,DE,468000,PLANT_SOLIDS,Medium,AMOX500CAP,TabletsCaps
BATCH02341,Medium,No,OwnBrand,Tablet,TL3,FR,367349,PLANT_SOLIDS,Medium,IBUP400TAB,TabletsCaps
BATCH09441,Low,No,OwnBrand,Capsule,CL1,IT,229214,PLANT_SOLIDS,Medium,OMEP20CAP,TabletsCaps
BATCH02010,Low,No,OwnBrand,Capsule,CL2,IT,167514,PLANT_SOLIDS,Medium,OMEP20CAP,TabletsCaps
BATCH07741,Low,Yes,OwnBrand,Capsule,CL1,IT,183999,PLANT_SOLIDS,Low,OMEP20CAP,TabletsCaps
BATCH07454,High,No,Contract,Injectable,INJ2,UK,34418,PLANT_PARENTERAL,Low,CEF1GIV,Units
BATCH03646,Medium,No,OwnBrand,Tablet,TL1,FR,81231,PLANT_SOLIDS,Medium,IBUP400TAB,TabletsCaps
BATCH01370,Medium,Yes,Contract,Hormonal,HORM2,ES,47444,PLANT_SPECIAL,Low,LEVOHORMIMPL,Units
BATCH02273,Low,No,Contract,Device,DEV2,UK,28043,PLANT_SPECIAL,Medium,INHALER,Units
BATCH01976,Low,No,OwnBrand,Tablet,TL1,ES,158050,PLANT_SOLIDS,Medium,PARA500TAB,TabletsCaps
BATCH04171,Low,No,Contract,Device,DEV1,UK,12070,PLANT_SPECIAL,Medium,INHALER,Units
BATCH05980,Low,No,OwnBrand,Hormonal,HORM2,PT,15842,PLANT_SPECIAL,High,EE30TAB,Units
BATCH05338,High,No,Contract,Capsule,CL1,DE,203216,PLANT_SOLIDS,Medium,AMOX500CAP,TabletsCaps
BATCH04672,Low,No,OwnBrand,Hormonal,HORM1,PT,31257,PLANT_SPECIAL,Low,EE30TAB,Units
BATCH03464,High,Yes,Contract,Injectable,INJ2,UK,1796,PLANT_PARENTERAL,High,CEF1GIV,Units
BATCH08292,Medium,Yes,Contract,Hormonal,HORM2,ES,22394,PLANT_SPECIAL,Medium,LEVOHORMIMPL,Units
BATCH02703,Medium,Yes,OwnBrand,Injectable,INJ2,FR,42988,PLANT_PARENTERAL,High,HEP5000SC,Units
BATCH03881,High,Yes,Contract,Injectable,INJ2,UK,21251,PLANT_PARENTERAL,High,CEF1GIV,Units
BATCH01019,Low,Yes,Contract,Device,DEV2,UK,37347,PLANT_SPECIAL,Low,INHALER,Units
BATCH05625,Low,No,Contract,Device,DEV2,UK,36510,PLANT_SPECIAL,Medium,INHALER,Units
BATCH03656,Medium,Yes,OwnBrand,Device,DEV2,DE,13016,PLANT_SPECIAL,Medium,INSUPEN,Units
BATCH04558,Medium,No,Contract,Hormonal,HORM2,ES,42414,PLANT_SPECIAL,Low,LEVOHORMIMPL,Units
BATCH02012,Medium,No,OwnBrand,Device,DEV1,DE,36522,PLANT_SPECIAL,Medium,INSUPEN,Units
BATCH02587,High,No,Contract,Injectable,INJ1,UK,3656,PLANT_PARENTERAL,Low,CEF1GIV,Units
BATCH00798,Low,No,Contract,Device,DEV1,UK,24194,PLANT_SPECIAL,High,INHALER,Units
BATCH04890,Medium,No,Contract,Hormonal,HORM1,ES,40313,PLANT_SPECIAL,High,LEVOHORMIMPL,Units
BATCH04105,Low,Yes,Contract,Device,DEV2,UK,46904,PLANT_SPECIAL,Medium,INHALER,Units
BATCH04109,Medium,Yes,OwnBrand,Injectable,INJ2,FR,29186,PLANT_PARENTERAL,Medium,HEP5000SC,Units
BATCH08362,Low,No,OwnBrand,Hormonal,HORM2,PT,31174,PLANT_SPECIAL,Medium,EE30TAB,Units
BATCH05141,Low,No,OwnBrand,Capsule,CL2,IT,477026,PLANT_SOLIDS,Medium,OMEP20CAP,TabletsCaps
BATCH03785,Low,No,OwnBrand,Hormonal,HORM1,PT,19658,PLANT_SPECIAL,High,EE30TAB,Units
BATCH00160,Low,No,OwnBrand,Hormonal,HORM1,PT,11812,PLANT_SPECIAL,High,EE30TAB,Units
BATCH04559,Low,No,Contract,Device,DEV1,UK,12771,PLANT_SPECIAL,Medium,INHALER,Units
BATCH04636,High,Yes,Contract,Capsule,CL2,DE,414169,PLANT_SOLIDS,Medium,AMOX500CAP,TabletsCaps
BATCH01693,Medium,Yes,OwnBrand,Tablet,TL1,FR,347952,PLANT_SOLIDS,Medium,IBUP400TAB,TabletsCaps
BATCH06516,Medium,Yes,OwnBrand,Tablet,TL1,FR,410634,PLANT_SOLIDS,Medium,IBUP400TAB,TabletsCaps
BATCH00529,Medium,Yes,OwnBrand,Tablet,TL2,FR,425644,PLANT_SOLIDS,Medium,IBUP400TAB,TabletsCaps
BATCH05345,Medium,No,Contract,Hormonal,HORM1,ES,4751,PLANT_SPECIAL,High,LEVOHORMIMPL,Units
BATCH05535,High,Yes,Contract,Injectable,INJ2,UK,35906,PLANT_PARENTERAL,Medium,CEF1GIV,Units
BATCH09864,Medium,No,OwnBrand,Tablet,TL2,FR,255066,PLANT_SOLIDS,Low,IBUP400TAB,TabletsCaps
BATCH02562,Low,No,OwnBrand,Tablet,TL2,ES,138040,PLANT_SOLIDS,Medium,PARA500TAB,TabletsCaps
BATCH00943,Low,No,OwnBrand,Tablet,TL1,ES,361520,PLANT_SOLIDS,Low,PARA500TAB,TabletsCaps
BATCH07450,Low,No,OwnBrand,Tablet,TL2,ES,175632,PLANT_SOLIDS,Medium,PARA500TAB,TabletsCaps
BATCH01679,Low,No,Contract,Device,DEV1,UK,45998,PLANT_SPECIAL,High,INHALER,Units
BATCH07552,High,No,Contract,Injectable,INJ1,UK,1041,PLANT_PARENTERAL,Low,CEF1GIV,Units
BATCH08000,Medium,No,OwnBrand,Injectable,INJ2,FR,15730,PLANT_PARENTERAL,Medium,HEP5000SC,Units
BATCH04355,High,Yes,Contract,Capsule,CL1,DE,135020,PLANT_SOLIDS,Low,AMOX500CAP,TabletsCaps
BATCH02817,Low,Yes,OwnBrand,Tablet,TL1,ES,95860,PLANT_SOLIDS,High,PARA500TAB,TabletsCaps
BATCH04095,High,No,Contract,Injectable,INJ1,UK,49863,PLANT_PARENTERAL,Medium,CEF1GIV,Units
BATCH05140,High,No,Contract,Injectable,INJ2,UK,44675,PLANT_PARENTERAL,High,CEF1GIV,Units
BATCH07438,Low,No,Contract,Device,DEV1,UK,16426,PLANT_SPECIAL,High,INHALER,Units
BATCH00068,High,No,Contract,Capsule,CL2,DE,465637,PLANT_SOLIDS,Medium,AMOX500CAP,TabletsCaps
BATCH02879,High,No,Contract,Injectable,INJ1,UK,2480,PLANT_PARENTERAL,High,CEF1GIV,Units
BATCH08957,High,No,Contract,Injectable,INJ1,UK,41467,PLANT_PARENTERAL,Medium,CEF1GIV,Units
BATCH05091,High,No,Contract,Injectable,INJ2,UK,2008,PLANT_PARENTERAL,Medium,CEF1GIV,Units
BATCH08019,Low,No,OwnBrand,Hormonal,HORM2,PT,12798,PLANT_SPECIAL,High,EE30TAB,Units
BATCH02414,High,No,Contract,Injectable,INJ1,UK,4104,PLANT_PARENTERAL,Medium,CEF1GIV,Units
BATCH04937,Medium,Yes,Contract,Hormonal,HORM1,ES,45910,PLANT_SPECIAL,High,LEVOHORMIMPL,Units
BATCH01107,Low,No,Contract,Device,DEV1,UK,4125,PLANT_SPECIAL,Medium,INHALER,Units
BATCH01132,Medium,Yes,OwnBrand,Injectable,INJ1,FR,47894,PLANT_PARENTERAL,Medium,HEP5000SC,Units
BATCH04510,Medium,No,Contract,Hormonal,HORM2,ES,38526,PLANT_SPECIAL,Medium,LEVOHORMIMPL,Units
BATCH00544,Low,Yes,OwnBrand,Capsule,CL2,IT,197959,PLANT_SOLIDS,Medium,OMEP20CAP,TabletsCaps
BATCH05914,Low,Yes,OwnBrand,Capsule,CL1,IT,183733,PLANT_SOLIDS,Medium,OMEP20CAP,TabletsCaps
BATCH00963,High,Yes,Contract,Injectable,INJ2,UK,19488,PLANT_PARENTERAL,Low,CEF1GIV,Units
BATCH04313,Medium,Yes,Contract,Hormonal,HORM2,ES,33024,PLANT_SPECIAL,Medium,LEVOHORMIMPL,Units
BATCH05626,Low,No,OwnBrand,Capsule,CL1,IT,290334,PLANT_SOLIDS,Medium,OMEP20CAP,TabletsCaps
BATCH09800,Low,No,OwnBrand,Tablet,TL2,ES,308241,PLANT_SOLIDS,Medium,PARA500TAB,TabletsCaps
BATCH00331,Medium,Yes,OwnBrand,Device,DEV1,DE,24451,PLANT_SPECIAL,Medium,INSUPEN,Units
BATCH08512,Low,No,OwnBrand,Capsule,CL2,IT,69789,PLANT_SOLIDS,Medium,OMEP20CAP,TabletsCaps
BATCH03147,Low,No,OwnBrand,Hormonal,HORM1,PT,31679,PLANT_SPECIAL,Low,EE30TAB,Units
BATCH03922,Low,No,OwnBrand,Tablet,TL3,ES,188528,PLANT_SOLIDS,High,PARA500TAB,TabletsCaps
BATCH05151,High,No,Contract,Capsule,CL1,DE,93381,PLANT_SOLIDS,Medium,AMOX500CAP,TabletsCaps
BATCH04952,Medium,No,OwnBrand,Tablet,TL2,FR,410937,PLANT_SOLIDS,Low,IBUP400TAB,TabletsCaps
BATCH05411,Medium,No,OwnBrand,Device,DEV1,DE,34772,PLANT_SPECIAL,Low,INSUPEN,Units
BATCH00961,Medium,No,OwnBrand,Tablet,TL2,FR,454619,PLANT_SOLIDS,High,IBUP400TAB,TabletsCaps
BATCH00211,High,Yes,Contract,Capsule,CL2,DE,290366,PLANT_SOLIDS,Medium,AMOX500CAP,TabletsCaps
BATCH05927,High,No,Contract,Injectable,INJ2,UK,40062,PLANT_PARENTERAL,Low,CEF1GIV,Units
BATCH03216,High,Yes,Contract,Capsule,CL2,DE,154245,PLANT_SOLIDS,High,AMOX500CAP,TabletsCaps
BATCH02860,Low,No,Contract,Device,DEV1,UK,35286,PLANT_SPECIAL,Low,INHALER,Units
BATCH08753,Low,Yes,OwnBrand,Capsule,CL2,IT,454167,PLANT_SOLIDS,High,OMEP20CAP,TabletsCaps
BATCH01609,Medium,No,Contract,Hormonal,HORM1,ES,37902,PLANT_SPECIAL,Medium,LEVOHORMIMPL,Units
BATCH04116,Medium,No,OwnBrand,Injectable,INJ2,FR,18263,PLANT_PARENTERAL,Low,HEP5000SC,Units
BATCH05447,Medium,No,OwnBrand,Injectable,INJ2,FR,31925,PLANT_PARENTERAL,High,HEP5000SC,Units
BATCH08556,High,No,Contract,Injectable,INJ1,UK,34464,PLANT_PARENTERAL,High,CEF1GIV,Units
BATCH01943,Medium,No,OwnBrand,Device,DEV1,DE,35672,PLANT_SPECIAL,Medium,INSUPEN,Units
BATCH08172,Medium,No,Contract,Hormonal,HORM1,ES,8590,PLANT_SPECIAL,Medium,LEVOHORMIMPL,Units
BATCH06867,Medium,No,Contract,Hormonal,HORM2,ES,5245,PLANT_SPECIAL,Medium,LEVOHORMIMPL,Units
BATCH08313,Low,Yes,Contract,Device,DEV1,UK,31225,PLANT_SPECIAL,High,INHALER,Units
BATCH00071,Medium,No,OwnBrand,Tablet,TL1,FR,256895,PLANT_SOLIDS,High,IBUP400TAB,TabletsCaps
BATCH03638,Medium,No,OwnBrand,Tablet,TL3,FR,401874,PLANT_SOLIDS,Medium,IBUP400TAB,TabletsCaps
BATCH01476,Medium,Yes,OwnBrand,Injectable,INJ1,FR,30891,PLANT_PARENTERAL,High,HEP5000SC,Units
BATCH06286,Low,No,Contract,Device,DEV2,UK,11744,PLANT_SPECIAL,Low,INHALER,Units
BATCH08866,Medium,No,OwnBrand,Device,DEV2,DE,31535,PLANT_SPECIAL,Medium,INSUPEN,Units
BATCH03029,Medium,No,OwnBrand,Device,DEV1,DE,21165,PLANT_SPECIAL,Medium,INSUPEN,Units
BATCH00035,Low,No,OwnBrand,Hormonal,HORM2,PT,11570,PLANT_SPECIAL,Medium,EE30TAB,Units
BATCH07966,Medium,No,Contract,Hormonal,HORM1,ES,24216,PLANT_SPECIAL,Medium,LEVOHORMIMPL,Units
BATCH05426,Low,Yes,OwnBrand,Hormonal,HORM1,PT,7929,PLANT_SPECIAL,Low,EE30TAB,Units
BATCH09332,High,Yes,Contract,Injectable,INJ2,UK,8619,PLANT_PARENTERAL,Medium,CEF1GIV,Units
BATCH02645,Medium,Yes,OwnBrand,Device,DEV1,DE,46616,PLANT_SPECIAL,Low,INSUPEN,Units
BATCH08260,Low,No,OwnBrand,Capsule,CL1,IT,154919,PLANT_SOLIDS,Medium,OMEP20CAP,TabletsCaps
BATCH06474,Low,No,OwnBrand,Capsule,CL1,IT,158657,PLANT_SOLIDS,Medium,OMEP20CAP,TabletsCaps
BATCH02095,Medium,No,OwnBrand,Device,DEV1,DE,35670,PLANT_SPECIAL,Medium,INSUPEN,Units
BATCH05607,High,No,Contract,Injectable,INJ1,UK,22929,PLANT_PARENTERAL,Medium,CEF1GIV,Units
BATCH03624,Medium,No,OwnBrand,Tablet,TL3,FR,490170,PLANT_SOLIDS,Medium,IBUP400TAB,TabletsCaps
BATCH02805,Medium,No,Contract,Hormonal,HORM1,ES,40436,PLANT_SPECIAL,Medium,LEVOHORMIMPL,Units
BATCH01451,Medium,No,OwnBrand,Tablet,TL3,FR,161123,PLANT_SOLIDS,Medium,IBUP400TAB,TabletsCaps
BATCH05445,High,Yes,Contract,Injectable,INJ2,UK,37636,PLANT_PARENTERAL,Medium,CEF1GIV,Units
BATCH09451,Low,No,OwnBrand,Tablet,TL1,ES,113079,PLANT_SOLIDS,Medium,PARA500TAB,TabletsCaps
BATCH06779,Low,Yes,Contract,Device,DEV1,UK,25886,PLANT_SPECIAL,High,INHALER,Units
BATCH00906,Low,No,Contract,Device,DEV2,UK,9304,PLANT_SPECIAL,Medium,INHALER,Units
BATCH07558,Medium,No,OwnBrand,Device,DEV1,DE,42574,PLANT_SPECIAL,Medium,INSUPEN,Units
BATCH04990,Medium,Yes,OwnBrand,Injectable,INJ1,FR,23808,PLANT_PARENTERAL,Medium,HEP5000SC,Units
BATCH01116,Medium,No,OwnBrand,Device,DEV1,DE,49125,PLANT_SPECIAL,High,INSUPEN,Units
BATCH07455,Low,No,OwnBrand,Capsule,CL2,IT,66040,PLANT_SOLIDS,High,OMEP20CAP,TabletsCaps
BATCH01124,Low,No,OwnBrand,Tablet,TL2,ES,247641,PLANT_SOLIDS,High,PARA500TAB,TabletsCaps
BATCH01643,Medium,No,OwnBrand,Injectable,INJ2,FR,37642,PLANT_PARENTERAL,Low,HEP5000SC,Units
BATCH06287,Medium,No,OwnBrand,Tablet,TL1,FR,170865,PLANT_SOLIDS,High,IBUP400TAB,TabletsCaps
BATCH02787,High,No,Contract,Injectable,INJ2,UK,46546,PLANT_PARENTERAL,High,CEF1GIV,Units
BATCH07975,Medium,No,OwnBrand,Tablet,TL1,FR,413549,PLANT_SOLIDS,Low,IBUP400TAB,TabletsCaps
BATCH04627,Medium,Yes,OwnBrand,Tablet,TL1,FR,405266,PLANT_SOLIDS,Low,IBUP400TAB,TabletsCaps
BATCH04549,High,No,Contract,Injectable,INJ2,UK,15516,PLANT_PARENTERAL,Low,CEF1GIV,Units
BATCH03211,Low,No,Contract,Device,DEV1,UK,25171,PLANT_SPECIAL,Medium,INHALER,Units
BATCH09772,Medium,Yes,Contract,Hormonal,HORM2,ES,35292,PLANT_SPECIAL,Medium,LEVOHORMIMPL,Units
BATCH03560,Low,Yes,Contract,Device,DEV1,UK,27050,PLANT_SPECIAL,Medium,INHALER,Units
BATCH09612,Medium,No,Contract,Hormonal,HORM1,ES,1398,PLANT_SPECIAL,Medium,LEVOHORMIMPL,Units
BATCH05850,Medium,Yes,OwnBrand,Tablet,TL2,FR,158144,PLANT_SOLIDS,Medium,IBUP400TAB,TabletsCaps
BATCH03467,Low,Yes,Contract,Device,DEV1,UK,37547,PLANT_SPECIAL,Medium,INHALER,Units
BATCH02818,Low,No,OwnBrand,Capsule,CL2,IT,227682,PLANT_SOLIDS,Medium,OMEP20CAP,TabletsCaps
BATCH06909,Medium,No,OwnBrand,Device,DEV2,DE,18853,PLANT_SPECIAL,Medium,INSUPEN,Units
BATCH08551,Low,No,Contract,Device,DEV2,UK,1097,PLANT_SPECIAL,Medium,INHALER,Units
BATCH02897,High,Yes,Contract,Capsule,CL2,DE,56001,PLANT_SOLIDS,High,AMOX500CAP,TabletsCaps
BATCH00818,Medium,Yes,OwnBrand,Device,DEV1,DE,39708,PLANT_SPECIAL,Low,INSUPEN,Units
BATCH06338,Low,No,Contract,Device,DEV1,UK,31308,PLANT_SPECIAL,Medium,INHALER,Units
BATCH03081,High,Yes,Contract,Injectable,INJ2,UK,49648,PLANT_PARENTERAL,Medium,CEF1GIV,Units
BATCH06499,Medium,No,OwnBrand,Tablet,TL1,FR,128392,PLANT_SOLIDS,Medium,IBUP400TAB,TabletsCaps
BATCH04185,Medium,Yes,OwnBrand,Tablet,TL3,FR,344966,PLANT_SOLIDS,Medium,IBUP400TAB,TabletsCaps
BATCH03784,Medium,Yes,OwnBrand,Injectable,INJ1,FR,22458,PLANT_PARENTERAL,High,HEP5000SC,Units
BATCH07307,Medium,No,Contract,Hormonal,HORM1,ES,22329,PLANT_SPECIAL,Low,LEVOHORMIMPL,Units
BATCH09128,Medium,No,Contract,Hormonal,HORM2,ES,39336,PLANT_SPECIAL,Medium,LEVOHORMIMPL,Units
BATCH08506,High,No,Contract,Capsule,CL1,DE,350624,PLANT_SOLIDS,Medium,AMOX500CAP,TabletsCaps
BATCH00216,Medium,No,Contract,Hormonal,HORM1,ES,15154,PLANT_SPECIAL,Medium,LEVOHORMIMPL,Units
BATCH06376,Low,No,OwnBrand,Capsule,CL2,IT,142725,PLANT_SOLIDS,High,OMEP20CAP,TabletsCaps
BATCH08574,Medium,No,OwnBrand,Tablet,TL2,FR,164542,PLANT_SOLIDS,Low,IBUP400TAB,TabletsCaps
BATCH04940,Low,No,Contract,Device,DEV2,UK,16651,PLANT_SPECIAL,Low,INHALER,Units
BATCH06428,Low,No,OwnBrand,Capsule,CL1,IT,252715,PLANT_SOLIDS,Medium,OMEP20CAP,TabletsCaps
BATCH09717,Medium,No,OwnBrand,Injectable,INJ1,FR,6865,PLANT_PARENTERAL,High,HEP5000SC,Units
BATCH05348,Medium,No,OwnBrand,Tablet,TL2,FR,423985,PLANT_SOLIDS,Low,IBUP400TAB,TabletsCaps
BATCH03268,Low,No,OwnBrand,Hormonal,HORM1,PT,25084,PLANT_SPECIAL,High,EE30TAB,Units
BATCH04735,High,Yes,Contract,Capsule,CL2,DE,161165,PLANT_SOLIDS,High,AMOX500CAP,TabletsCaps
BATCH00926,Low,No,Contract,Device,DEV1,UK,2197,PLANT_SPECIAL,Medium,INHALER,Units
BATCH06544,Low,No,Contract,Device,DEV1,UK,22610,PLANT_SPECIAL,High,INHALER,Units
BATCH04368,Medium,Yes,OwnBrand,Device,DEV2,DE,30532,PLANT_SPECIAL,High,INSUPEN,Units
BATCH05716,High,Yes,Contract,Injectable,INJ1,UK,42335,PLANT_PARENTERAL,High,CEF1GIV,Units
BATCH08726,Low,No,Contract,Device,DEV2,UK,21253,PLANT_SPECIAL,Medium,INHALER,Units
BATCH01828,Low,No,Contract,Device,DEV2,UK,13736,PLANT_SPECIAL,Medium,INHALER,Units
BATCH01503,Low,No,Contract,Device,DEV2,UK,10903,PLANT_SPECIAL,Medium,INHALER,Units
BATCH07014,Low,No,OwnBrand,Tablet,TL2,ES,474481,PLANT_SOLIDS,Medium,PARA500TAB,TabletsCaps
BATCH09951,Low,No,Contract,Device,DEV2,UK,13387,PLANT_SPECIAL,High,INHALER,Units
BATCH04982,Medium,No,OwnBrand,Tablet,TL2,FR,84055,PLANT_SOLIDS,Medium,IBUP400TAB,TabletsCaps
BATCH09515,Low,Yes,OwnBrand,Hormonal,HORM1,PT,12649,PLANT_SPECIAL,High,EE30TAB,Units
BATCH00377,Low,No,OwnBrand,Capsule,CL1,IT,242830,PLANT_SOLIDS,Low,OMEP20CAP,TabletsCaps
BATCH04222,Medium,No,OwnBrand,Device,DEV2,DE,45585,PLANT_SPECIAL,Medium,INSUPEN,Units
BATCH02110,Medium,Yes,OwnBrand,Injectable,INJ2,FR,34741,PLANT_PARENTERAL,Medium,HEP5000SC,Units
BATCH05157,Low,Yes,Contract,Device,DEV1,UK,45108,PLANT_SPECIAL,Low,INHALER,Units
BATCH06804,Low,No,Contract,Device,DEV1,UK,37523,PLANT_SPECIAL,High,INHALER,Units
BATCH04644,Medium,No,Contract,Hormonal,HORM2,ES,20234,PLANT_SPECIAL,Medium,LEVOHORMIMPL,Units
BATCH02348,Low,No,OwnBrand,Capsule,CL1,IT,269061,PLANT_SOLIDS,Medium,OMEP20CAP,TabletsCaps
BATCH05941,Low,No,OwnBrand,Tablet,TL2,ES,453722,PLANT_SOLIDS,Medium,PARA500TAB,TabletsCaps
BATCH00962,Medium,No,Contract,Hormonal,HORM1,ES,18869,PLANT_SPECIAL,Medium,LEVOHORMIMPL,Units
BATCH05956,Medium,No,OwnBrand,Tablet,TL3,FR,401209,PLANT_SOLIDS,Medium,IBUP400TAB,TabletsCaps
BATCH01445,Medium,No,OwnBrand,Device,DEV1,DE,2288,PLANT_SPECIAL,Medium,INSUPEN,Units
BATCH06359,Low,No,Contract,Device,DEV1,UK,4852,PLANT_SPECIAL,High,INHALER,Units
BATCH08841,High,Yes,Contract,Injectable,INJ1,UK,16713,PLANT_PARENTERAL,Low,CEF1GIV,Units
BATCH03466,Medium,No,OwnBrand,Injectable,INJ1,FR,9771,PLANT_PARENTERAL,High,HEP5000SC,Units
BATCH01784,Low,No,OwnBrand,Tablet,TL2,ES,176545,PLANT_SOLIDS,High,PARA500TAB,TabletsCaps
BATCH06760,High,No,Contract,Injectable,INJ2,UK,28838,PLANT_PARENTERAL,Medium,CEF1GIV,Units
BATCH07224,High,Yes,Contract,Injectable,INJ1,UK,13706,PLANT_PARENTERAL,High,CEF1GIV,Units
BATCH02158,Medium,No,OwnBrand,Device,DEV2,DE,10589,PLANT_SPECIAL,High,INSUPEN,Units
BATCH02099,High,No,Contract,Injectable,INJ1,UK,47504,PLANT_PARENTERAL,High,CEF1GIV,Units
BATCH08427,Low,No,OwnBrand,Tablet,TL1,ES,131175,PLANT_SOLIDS,Medium,PARA500TAB,TabletsCaps
BATCH09775,Medium,Yes,Contract,Hormonal,HORM1,ES,11038,PLANT_SPECIAL,Low,LEVOHORMIMPL,Units
BATCH06985,Low,Yes,OwnBrand,Hormonal,HORM1,PT,47008,PLANT_SPECIAL,Medium,EE30TAB,Units
BATCH08954,Medium,No,OwnBrand,Tablet,TL2,FR,170693,PLANT_SOLIDS,Medium,IBUP400TAB,TabletsCaps
BATCH06503,Low,No,Contract,Device,DEV1,UK,43261,PLANT_SPECIAL,Medium,INHALER,Units
BATCH08472,Low,No,Contract,Device,DEV2,UK,15660,PLANT_SPECIAL,Medium,INHALER,Units
BATCH05274,Low,No,OwnBrand,Tablet,TL2,ES,252079,PLANT_SOLIDS,Low,PARA500TAB,TabletsCaps
BATCH04082,Low,Yes,Contract,Device,DEV2,UK,33697,PLANT_SPECIAL,High,INHALER,Units
BATCH09320,Low,Yes,OwnBrand,Hormonal,HORM2,PT,26238,PLANT_SPECIAL,Low,EE30TAB,Units
BATCH09846,Low,No,OwnBrand,Hormonal,HORM2,PT,38462,PLANT_SPECIAL,Low,EE30TAB,Units
BATCH09572,Low,Yes,OwnBrand,Capsule,CL2,IT,87555,PLANT_SOLIDS,Low,OMEP20CAP,TabletsCaps
BATCH04546,High,Yes,Contract,Injectable,INJ2,UK,21872,PLANT_PARENTERAL,Low,CEF1GIV,Units
BATCH04107,Low,Yes,OwnBrand,Tablet,TL1,ES,301207,PLANT_SOLIDS,Medium,PARA500TAB,TabletsCaps
BATCH09113,Low,No,Contract,Device,DEV2,UK,28539,PLANT_SPECIAL,Medium,INHALER,Units
BATCH09716,Medium,No,OwnBrand,Device,DEV2,DE,6856,PLANT_SPECIAL,Low,INSUPEN,Units
BATCH03096,Medium,No,OwnBrand,Device,DEV2,DE,6152,PLANT_SPECIAL,Medium,INSUPEN,Units
BATCH03768,Medium,No,OwnBrand,Injectable,INJ1,FR,16667,PLANT_PARENTERAL,High,HEP5000SC,Units
BATCH06344,High,No,Contract,Capsule,CL2,DE,99189,PLANT_SOLIDS,High,AMOX500CAP,TabletsCaps
BATCH00041,Medium,Yes,OwnBrand,Tablet,TL3,FR,92718,PLANT_SOLIDS,Medium,IBUP400TAB,TabletsCaps
BATCH05224,Medium,No,Contract,Hormonal,HORM1,ES,11557,PLANT_SPECIAL,Low,LEVOHORMIMPL,Units
BATCH03626,Low,No,OwnBrand,Hormonal,HORM2,PT,2230,PLANT_SPECIAL,Medium,EE30TAB,Units
BATCH04732,Medium,No,Contract,Hormonal,HORM2,ES,30468,PLANT_SPECIAL,High,LEVOHORMIMPL,Units
BATCH07202,Low,No,Contract,Device,DEV2,UK,24245,PLANT_SPECIAL,High,INHALER,Units
BATCH00407,Low,No,OwnBrand,Capsule,CL2,IT,317907,PLANT_SOLIDS,Medium,OMEP20CAP,TabletsCaps
BATCH09635,High,No,Contract,Capsule,CL2,DE,417559,PLANT_SOLIDS,Low,AMOX500CAP,TabletsCaps
BATCH00107,High,No,Contract,Capsule,CL1,DE,374625,PLANT_SOLIDS,Medium,AMOX500CAP,TabletsCaps
BATCH02364,Medium,No,OwnBrand,Tablet,TL3,FR,146513,PLANT_SOLIDS,Low,IBUP400TAB,TabletsCaps
BATCH04757,High,Yes,Contract,Injectable,INJ2,UK,29368,PLANT_PARENTERAL,Low,CEF1GIV,Units
BATCH03072,Low,No,Contract,Device,DEV1,UK,5612,PLANT_SPECIAL,High,INHALER,Units
BATCH01161,Medium,No,Contract,Hormonal,HORM1,ES,1194,PLANT_SPECIAL,Medium,LEVOHORMIMPL,Units
BATCH03741,Medium,No,OwnBrand,Tablet,TL2,FR,457959,PLANT_SOLIDS,High,IBUP400TAB,TabletsCaps
BATCH01057,Medium,No,Contract,Hormonal,HORM1,ES,11950,PLANT_SPECIAL,High,LEVOHORMIMPL,Units
BATCH06077,Medium,Yes,OwnBrand,Injectable,INJ2,FR,13084,PLANT_PARENTERAL,Low,HEP5000SC,Units
BATCH01221,Medium,Yes,OwnBrand,Device,DEV1,DE,42410,PLANT_SPECIAL,Medium,INSUPEN,Units
BATCH00300,Low,No,OwnBrand,Hormonal,HORM1,PT,6496,PLANT_SPECIAL,Medium,EE30TAB,Units
BATCH06933,Medium,No,OwnBrand,Injectable,INJ1,FR,27743,PLANT_PARENTERAL,Low,HEP5000SC,Units
BATCH00072,High,No,Contract,Capsule,CL2,DE,264812,PLANT_SOLIDS,Medium,AMOX500CAP,TabletsCaps
BATCH03438,High,No,Contract,Injectable,INJ1,UK,6555,PLANT_PARENTERAL,Medium,CEF1GIV,Units
BATCH04312,Medium,Yes,OwnBrand,Tablet,TL1,FR,433707,PLANT_SOLIDS,High,IBUP400TAB,TabletsCaps
BATCH06578,Medium,No,Contract,Hormonal,HORM1,ES,33342,PLANT_SPECIAL,High,LEVOHORMIMPL,Units
BATCH08280,Medium,No,OwnBrand,Device,DEV1,DE,28590,PLANT_SPECIAL,Medium,INSUPEN,Units
BATCH09428,Low,No,OwnBrand,Hormonal,HORM2,PT,49156,PLANT_SPECIAL,High,EE30TAB,Units
BATCH02786,Medium,Yes,OwnBrand,Injectable,INJ1,FR,49205,PLANT_PARENTERAL,Low,HEP5000SC,Units
BATCH04670,Low,Yes,OwnBrand,Tablet,TL2,ES,341201,PLANT_SOLIDS,Low,PARA500TAB,TabletsCaps
BATCH01253,High,No,Contract,Capsule,CL2,DE,377433,PLANT_SOLIDS,Low,AMOX500CAP,TabletsCaps
BATCH07619,High,No,Contract,Capsule,CL2,DE,447545,PLANT_SOLIDS,High,AMOX500CAP,TabletsCaps
BATCH05966,High,No,Contract,Capsule,CL1,DE,358295,PLANT_SOLIDS,High,AMOX500CAP,TabletsCaps
BATCH00083,Medium,No,OwnBrand,Tablet,TL2,FR,122745,PLANT_SOLIDS,Medium,IBUP400TAB,TabletsCaps
BATCH09714,Medium,Yes,OwnBrand,Tablet,TL1,FR,474843,PLANT_SOLIDS,Medium,IBUP400TAB,TabletsCaps
BATCH05138,Medium,No,OwnBrand,Injectable,INJ2,FR,31189,PLANT_PARENTERAL,Low,HEP5000SC,Units
BATCH09172,Medium,No,Contract,Hormonal,HORM1,ES,47450,PLANT_SPECIAL,High,LEVOHORMIMPL,Units
BATCH03519,Medium,No,OwnBrand,Injectable,INJ1,FR,9220,PLANT_PARENTERAL,Medium,HEP5000SC,Units
BATCH09740,Low,No,OwnBrand,Capsule,CL2,IT,397054,PLANT_SOLIDS,High,OMEP20CAP,TabletsCaps
BATCH03115,Low,Yes,OwnBrand,Hormonal,HORM1,PT,38250,PLANT_SPECIAL,Low,EE30TAB,Units
BATCH08318,Low,No,OwnBrand,Hormonal,HORM1,PT,38665,PLANT_SPECIAL,High,EE30TAB,Units
BATCH05042,Low,No,Contract,Device,DEV2,UK,13389,PLANT_SPECIAL,Medium,INHALER,Units
BATCH00996,High,No,Contract,Capsule,CL2,DE,66857,PLANT_SOLIDS,Medium,AMOX500CAP,TabletsCaps
BATCH08122,Low,No,OwnBrand,Tablet,TL1,ES,404598,PLANT_SOLIDS,Medium,PARA500TAB,TabletsCaps
BATCH08635,Low,No,OwnBrand,Hormonal,HORM1,PT,19777,PLANT_SPECIAL,Low,EE30TAB,Units
BATCH08042,Medium,No,OwnBrand,Injectable,INJ2,FR,22375,PLANT_PARENTERAL,Low,HEP5000SC,Units
BATCH01595,Medium,Yes,OwnBrand,Injectable,INJ1,FR,14307,PLANT_PARENTERAL,Medium,HEP5000SC,Units
BATCH07710,Low,Yes,Contract,Device,DEV2,UK,39253,PLANT_SPECIAL,High,INHALER,Units
BATCH09734,High,Yes,Contract,Capsule,CL1,DE,308658,PLANT_SOLIDS,Medium,AMOX500CAP,TabletsCaps
BATCH04922,High,No,Contract,Injectable,INJ2,UK,26967,PLANT_PARENTERAL,High,CEF1GIV,Units
BATCH03111,Low,No,OwnBrand,Capsule,CL1,IT,280911,PLANT_SOLIDS,Low,OMEP20CAP,TabletsCaps
BATCH02986,Low,No,OwnBrand,Hormonal,HORM2,PT,31460,PLANT_SPECIAL,High,EE30TAB,Units
BATCH05954,Medium,No,OwnBrand,Device,DEV1,DE,35797,PLANT_SPECIAL,Low,INSUPEN,Units
BATCH04344,Low,Yes,OwnBrand,Capsule,CL1,IT,309298,PLANT_SOLIDS,High,OMEP20CAP,TabletsCaps
BATCH08695,Low,Yes,Contract,Device,DEV2,UK,20945,PLANT_SPECIAL,High,INHALER,Units
BATCH00352,Medium,No,OwnBrand,Device,DEV2,DE,18444,PLANT_SPECIAL,Medium,INSUPEN,Units
BATCH08462,Medium,No,Contract,Hormonal,HORM1,ES,25387,PLANT_SPECIAL,Medium,LEVOHORMIMPL,Units
BATCH00108,Low,Yes,Contract,Device,DEV1,UK,23401,PLANT_SPECIAL,Low,INHALER,Units
BATCH03385,Medium,No,OwnBrand,Tablet,TL2,FR,212889,PLANT_SOLIDS,Medium,IBUP400TAB,TabletsCaps
BATCH03912,High,Yes,Contract,Injectable,INJ2,UK,19163,PLANT_PARENTERAL,Medium,CEF1GIV,Units
BATCH07137,Low,Yes,OwnBrand,Hormonal,HORM2,PT,18572,PLANT_SPECIAL,High,EE30TAB,Units
BATCH06345,Medium,No,Contract,Hormonal,HORM1,ES,24644,PLANT_SPECIAL,High,LEVOHORMIMPL,Units
BATCH03373,Medium,No,OwnBrand,Injectable,INJ2,FR,47976,PLANT_PARENTERAL,Medium,HEP5000SC,Units
BATCH08063,High,No,Contract,Capsule,CL2,DE,213907,PLANT_SOLIDS,High,AMOX500CAP,TabletsCaps
BATCH09512,Low,No,OwnBrand,Tablet,TL3,ES,256887,PLANT_SOLIDS,High,PARA500TAB,TabletsCaps
BATCH09946,Medium,Yes,OwnBrand,Injectable,INJ1,FR,19926,PLANT_PARENTERAL,Medium,HEP5000SC,Units
BATCH02409,Medium,No,OwnBrand,Device,DEV1,DE,27901,PLANT_SPECIAL,Low,INSUPEN,Units
BATCH01658,Low,No,OwnBrand,Hormonal,HORM2,PT,36778,PLANT_SPECIAL,High,EE30TAB,Units
BATCH07840,Low,No,OwnBrand,Hormonal,HORM2,PT,47213,PLANT_SPECIAL,High,EE30TAB,Units
BATCH03794,High,Yes,Contract,Injectable,INJ2,UK,22559,PLANT_PARENTERAL,Medium,CEF1GIV,Units
BATCH08303,High,No,Contract,Injectable,INJ1,UK,29684,PLANT_PARENTERAL,Medium,CEF1GIV,Units
BATCH05804,Medium,No,OwnBrand,Injectable,INJ1,FR,44878,PLANT_PARENTERAL,Medium,HEP5000SC,Units
BATCH07487,Medium,No,OwnBrand,Injectable,INJ2,FR,2798,PLANT_PARENTERAL,Medium,HEP5000SC,Units
BATCH05273,Low,Yes,OwnBrand,Hormonal,HORM2,PT,43947,PLANT_SPECIAL,Low,EE30TAB,Units
BATCH05792,Medium,No,OwnBrand,Injectable,INJ2,FR,44314,PLANT_PARENTERAL,Medium,HEP5000SC,Units
BATCH09131,High,No,Contract,Injectable,INJ1,UK,28352,PLANT_PARENTERAL,Medium,CEF1GIV,Units
BATCH01504,Medium,No,Contract,Hormonal,HORM2,ES,7536,PLANT_SPECIAL,High,LEVOHORMIMPL,Units
BATCH03806,Medium,No,OwnBrand,Tablet,TL1,FR,299421,PLANT_SOLIDS,Medium,IBUP400TAB,TabletsCaps
BATCH02070,Medium,Yes,OwnBrand,Injectable,INJ2,FR,5666,PLANT_PARENTERAL,Low,HEP5000SC,Units
BATCH09863,Low,No,OwnBrand,Tablet,TL3,ES,389353,PLANT_SOLIDS,Medium,PARA500TAB,TabletsCaps
BATCH04257,Medium,No,OwnBrand,Device,DEV1,DE,29004,PLANT_SPECIAL,High,INSUPEN,Units
BATCH09759,Low,No,OwnBrand,Tablet,TL1,ES,108828,PLANT_SOLIDS,Medium,PARA500TAB,TabletsCaps
BATCH02150,Medium,No,Contract,Hormonal,HORM1,ES,26476,PLANT_SPECIAL,Medium,LEVOHORMIMPL,Units
BATCH07235,Medium,No,Contract,Hormonal,HORM1,ES,19063,PLANT_SPECIAL,Medium,LEVOHORMIMPL,Units
BATCH06368,Medium,No,OwnBrand,Device,DEV2,DE,23337,PLANT_SPECIAL,Medium,INSUPEN,Units
BATCH08085,Medium,Yes,OwnBrand,Tablet,TL2,FR,418301,PLANT_SOLIDS,Medium,IBUP400TAB,TabletsCaps
BATCH08555,High,No,Contract,Capsule,CL2,DE,367542,PLANT_SOLIDS,High,AMOX500CAP,TabletsCaps
BATCH02642,Low,No,OwnBrand,Capsule,CL2,IT,466463,PLANT_SOLIDS,Low,OMEP20CAP,TabletsCaps
BATCH03923,High,Yes,Contract,Injectable,INJ2,UK,2543,PLANT_PARENTERAL,Low,CEF1GIV,Units
BATCH02861,High,Yes,Contract,Capsule,CL2,DE,482603,PLANT_SOLIDS,High,AMOX500CAP,TabletsCaps
BATCH08299,Medium,No,OwnBrand,Device,DEV1,DE,16843,PLANT_SPECIAL,High,INSUPEN,Units
BATCH03925,Low,No,OwnBrand,Hormonal,HORM2,PT,17445,PLANT_SPECIAL,Medium,EE30TAB,Units
BATCH04428,Low,No,OwnBrand,Hormonal,HORM1,PT,1017,PLANT_SPECIAL,Medium,EE30TAB,Units
BATCH04512,Low,No,OwnBrand,Hormonal,HORM2,PT,1273,PLANT_SPECIAL,Low,EE30TAB,Units
BATCH09994,High,No,Contract,Capsule,CL1,DE,454580,PLANT_SOLIDS,Medium,AMOX500CAP,TabletsCaps
BATCH01502,High,No,Contract,Injectable,INJ1,UK,10054,PLANT_PARENTERAL,High,CEF1GIV,Units
BATCH09883,Medium,Yes,OwnBrand,Injectable,INJ1,FR,26841,PLANT_PARENTERAL,Low,HEP5000SC,Units
BATCH03671,Low,No,Contract,Device,DEV1,UK,40035,PLANT_SPECIAL,Low,INHALER,Units
BATCH07641,Low,No,OwnBrand,Tablet,TL3,ES,126119,PLANT_SOLIDS,Low,PARA500TAB,TabletsCaps
BATCH01422,Low,Yes,OwnBrand,Hormonal,HORM1,PT,44454,PLANT_SPECIAL,Medium,EE30TAB,Units
BATCH00727,Medium,Yes,OwnBrand,Device,DEV1,DE,29496,PLANT_SPECIAL,Low,INSUPEN,Units
BATCH04497,Medium,No,Contract,Hormonal,HORM1,ES,24519,PLANT_SPECIAL,Low,LEVOHORMIMPL,Units
BATCH06658,High,No,Contract,Injectable,INJ2,UK,39837,PLANT_PARENTERAL,Medium,CEF1GIV,Units
BATCH00873,Low,Yes,OwnBrand,Capsule,CL1,IT,321353,PLANT_SOLIDS,Medium,OMEP20CAP,TabletsCaps
BATCH03919,Medium,Yes,OwnBrand,Tablet,TL2,FR,238387,PLANT_SOLIDS,Medium,IBUP400TAB,TabletsCaps
BATCH03185,Low,No,OwnBrand,Tablet,TL2,ES,78879,PLANT_SOLIDS,High,PARA500TAB,TabletsCaps
BATCH07769,Medium,No,Contract,Hormonal,HORM2,ES,16125,PLANT_SPECIAL,Low,LEVOHORMIMPL,Units
BATCH07579,Low,No,OwnBrand,Capsule,CL1,IT,135138,PLANT_SOLIDS,Medium,OMEP20CAP,TabletsCaps
BATCH00858,Medium,No,OwnBrand,Tablet,TL3,FR,465591,PLANT_SOLIDS,Low,IBUP400TAB,TabletsCaps
BATCH03716,Medium,No,OwnBrand,Injectable,INJ1,FR,45768,PLANT_PARENTERAL,Low,HEP5000SC,Units
BATCH09701,High,No,Contract,Capsule,CL1,DE,434836,PLANT_SOLIDS,Medium,AMOX500CAP,TabletsCaps
BATCH01471,Low,No,OwnBrand,Tablet,TL1,ES,229535,PLANT_SOLIDS,Low,PARA500TAB,TabletsCaps
BATCH09261,Medium,No,OwnBrand,Tablet,TL2,FR,424818,PLANT_SOLIDS,Medium,IBUP400TAB,TabletsCaps
BATCH01459,High,Yes,Contract,Capsule,CL2,DE,112750,PLANT_SOLIDS,Medium,AMOX500CAP,TabletsCaps
BATCH09508,High,No,Contract,Injectable,INJ2,UK,18168,PLANT_PARENTERAL,High,CEF1GIV,Units
BATCH00575,Low,No,OwnBrand,Capsule,CL2,IT,417232,PLANT_SOLIDS,Medium,OMEP20CAP,TabletsCaps
BATCH02290,High,No,Contract,Injectable,INJ1,UK,8636,PLANT_PARENTERAL,Medium,CEF1GIV,Units
BATCH02444,Low,No,OwnBrand,Hormonal,HORM2,PT,14506,PLANT_SPECIAL,Medium,EE30TAB,Units
BATCH08623,Low,No,OwnBrand,Hormonal,HORM1,PT,48578,PLANT_SPECIAL,Medium,EE30TAB,Units
BATCH06796,Low,No,OwnBrand,Tablet,TL3,ES,269032,PLANT_SOLIDS,Low,PARA500TAB,TabletsCaps
BATCH00453,Low,No,OwnBrand,Capsule,CL2,IT,350867,PLANT_SOLIDS,Medium,OMEP20CAP,TabletsCaps
BATCH05729,Low,Yes,Contract,Device,DEV2,UK,21107,PLANT_SPECIAL,Medium,INHALER,Units
BATCH00726,Medium,Yes,OwnBrand,Tablet,TL3,FR,94045,PLANT_SOLIDS,Low,IBUP400TAB,TabletsCaps
BATCH01916,Low,No,Contract,Device,DEV1,UK,22118,PLANT_SPECIAL,Medium,INHALER,Units
BATCH02208,Medium,No,OwnBrand,Injectable,INJ1,FR,22641,PLANT_PARENTERAL,Medium,HEP5000SC,Units
BATCH08779,Low,No,OwnBrand,Hormonal,HORM1,PT,10314,PLANT_SPECIAL,High,EE30TAB,Units
BATCH07173,Medium,No,Contract,Hormonal,HORM1,ES,27726,PLANT_SPECIAL,Low,LEVOHORMIMPL,Units
BATCH02078,Medium,No,OwnBrand,Injectable,INJ2,FR,29625,PLANT_PARENTERAL,Medium,HEP5000SC,Units
BATCH03055,Medium,No,OwnBrand,Tablet,TL1,FR,474328,PLANT_SOLIDS,Medium,IBUP400TAB,TabletsCaps
BATCH08135,Medium,Yes,OwnBrand,Injectable,INJ1,FR,1612,PLANT_PARENTERAL,Medium,HEP5000SC,Units
BATCH06206,Medium,Yes,OwnBrand,Device,DEV2,DE,48367,PLANT_SPECIAL,High,INSUPEN,Units
BATCH04772,Low,Yes,OwnBrand,Tablet,TL2,ES,364425,PLANT_SOLIDS,Medium,PARA500TAB,TabletsCaps
BATCH04376,Low,Yes,OwnBrand,Tablet,TL1,ES,297226,PLANT_SOLIDS,Medium,PARA500TAB,TabletsCaps
BATCH09385,High,No,Contract,Capsule,CL1,DE,226031,PLANT_SOLIDS,Low,AMOX500CAP,TabletsCaps
BATCH09535,High,Yes,Contract,Capsule,CL2,DE,249582,PLANT_SOLIDS,Low,AMOX500CAP,TabletsCaps
BATCH03776,Medium,No,OwnBrand,Tablet,TL2,FR,296119,PLANT_SOLIDS,Low,IBUP400TAB,TabletsCaps
BATCH01009,Medium,Yes,Contract,Hormonal,HORM2,ES,46265,PLANT_SPECIAL,Medium,LEVOHORMIMPL,Units
BATCH07003,Medium,Yes,OwnBrand,Device,DEV2,DE,7215,PLANT_SPECIAL,Low,INSUPEN,Units
BATCH07340,Low,No,OwnBrand,Capsule,CL1,IT,318981,PLANT_SOLIDS,Low,OMEP20CAP,TabletsCaps
BATCH00644,Medium,No,OwnBrand,Injectable,INJ1,FR,47905,PLANT_PARENTERAL,High,HEP5000SC,Units
BATCH00806,Medium,No,OwnBrand,Tablet,TL3,FR,302189,PLANT_SOLIDS,Medium,IBUP400TAB,TabletsCaps
BATCH00630,Medium,Yes,OwnBrand,Tablet,TL2,FR,177286,PLANT_SOLIDS,High,IBUP400TAB,TabletsCaps
BATCH09755,High,No,Contract,Capsule,CL2,DE,390204,PLANT_SOLIDS,Medium,AMOX500CAP,TabletsCaps
BATCH05722,Low,Yes,Contract,Device,DEV1,UK,37493,PLANT_SPECIAL,Low,INHALER,Units
BATCH08777,Medium,No,OwnBrand,Tablet,TL1,FR,400627,PLANT_SOLIDS,Medium,IBUP400TAB,TabletsCaps
BATCH08317,Low,Yes,OwnBrand,Tablet,TL1,ES,220347,PLANT_SOLIDS,Medium,PARA500TAB,TabletsCaps
BATCH08734,Medium,No,Contract,Hormonal,HORM2,ES,16530,PLANT_SPECIAL,Medium,LEVOHORMIMPL,Units
BATCH01023,Medium,No,OwnBrand,Injectable,INJ2,FR,22237,PLANT_PARENTERAL,Medium,HEP5000SC,Units
BATCH00297,Low,No,OwnBrand,Capsule,CL1,IT,468524,PLANT_SOLIDS,Low,OMEP20CAP,TabletsCaps
BATCH00698,High,Yes,Contract,Injectable,INJ1,UK,43064,PLANT_PARENTERAL,Medium,CEF1GIV,Units
BATCH05301,Medium,Yes,OwnBrand,Tablet,TL3,FR,99210,PLANT_SOLIDS,Medium,IBUP400TAB,TabletsCaps
BATCH09524,Medium,Yes,OwnBrand,Injectable,INJ1,FR,4676,PLANT_PARENTERAL,Medium,HEP5000SC,Units
BATCH08385,Medium,Yes,OwnBrand,Injectable,INJ2,FR,21305,PLANT_PARENTERAL,High,HEP5000SC,Units
BATCH04825,Low,Yes,Contract,Device,DEV1,UK,17421,PLANT_SPECIAL,High,INHALER,Units
BATCH05452,High,No,Contract,Capsule,CL1,DE,187535,PLANT_SOLIDS,High,AMOX500CAP,TabletsCaps
BATCH05286,Medium,No,OwnBrand,Device,DEV1,DE,26860,PLANT_SPECIAL,Medium,INSUPEN,Units
BATCH01522,Low,No,OwnBrand,Hormonal,HORM2,PT,45662,PLANT_SPECIAL,High,EE30TAB,Units
BATCH01975,Medium,No,OwnBrand,Device,DEV2,DE,49316,PLANT_SPECIAL,Medium,INSUPEN,Units
BATCH05855,Medium,Yes,OwnBrand,Device,DEV1,DE,46954,PLANT_SPECIAL,High,INSUPEN,Units
BATCH00499,High,No,Contract,Injectable,INJ2,UK,5608,PLANT_PARENTERAL,Medium,CEF1GIV,Units
BATCH01634,Low,No,OwnBrand,Capsule,CL2,IT,305407,PLANT_SOLIDS,High,OMEP20CAP,TabletsCaps
BATCH09989,Medium,No,Contract,Hormonal,HORM1,ES,27788,PLANT_SPECIAL,High,LEVOHORMIMPL,Units
BATCH03062,Low,No,OwnBrand,Hormonal,HORM1,PT,46167,PLANT_SPECIAL,Medium,EE30TAB,Units
BATCH01972,Medium,No,Contract,Hormonal,HORM2,ES,14925,PLANT_SPECIAL,Medium,LEVOHORMIMPL,Units
BATCH07625,Medium,No,OwnBrand,Tablet,TL3,FR,194839,PLANT_SOLIDS,Medium,IBUP400TAB,TabletsCaps
BATCH07852,Low,Yes,OwnBrand,Capsule,CL1,IT,168332,PLANT_SOLIDS,Medium,OMEP20CAP,TabletsCaps
BATCH07197,Low,No,OwnBrand,Tablet,TL1,ES,347980,PLANT_SOLIDS,Low,PARA500TAB,TabletsCaps
BATCH01180,Low,No,OwnBrand,Capsule,CL2,IT,79588,PLANT_SOLIDS,Medium,OMEP20CAP,TabletsCaps
BATCH00428,Medium,Yes,OwnBrand,Injectable,INJ1,FR,40388,PLANT_PARENTERAL,Medium,HEP5000SC,Units
BATCH05080,High,No,Contract,Injectable,INJ2,UK,43748,PLANT_PARENTERAL,Medium,CEF1GIV,Units
BATCH09916,Medium,Yes,OwnBrand,Tablet,TL3,FR,424587,PLANT_SOLIDS,High,IBUP400TAB,TabletsCaps
BATCH04190,High,No,Contract,Injectable,INJ1,UK,10684,PLANT_PARENTERAL,High,CEF1GIV,Units
BATCH02282,Medium,Yes,Contract,Hormonal,HORM2,ES,22409,PLANT_SPECIAL,Medium,LEVOHORMIMPL,Units
BATCH03152,Medium,No,OwnBrand,Device,DEV2,DE,46167,PLANT_SPECIAL,High,INSUPEN,Units
BATCH06972,Medium,No,Contract,Hormonal,HORM2,ES,48790,PLANT_SPECIAL,Medium,LEVOHORMIMPL,Units
BATCH03602,Low,No,OwnBrand,Hormonal,HORM2,PT,25984,PLANT_SPECIAL,Medium,EE30TAB,Units
BATCH06018,Medium,No,Contract,Hormonal,HORM2,ES,27706,PLANT_SPECIAL,High,LEVOHORMIMPL,Units
BATCH01749,Medium,No,Contract,Hormonal,HORM2,ES,6300,PLANT_SPECIAL,Medium,LEVOHORMIMPL,Units
BATCH09272,Medium,Yes,Contract,Hormonal,HORM1,ES,16354,PLANT_SPECIAL,Low,LEVOHORMIMPL,Units
BATCH08562,High,No,Contract,Injectable,INJ2,UK,31483,PLANT_PARENTERAL,Medium,CEF1GIV,Units
BATCH01949,Low,No,OwnBrand,Hormonal,HORM1,PT,43117,PLANT_SPECIAL,High,EE30TAB,Units
BATCH04594,Low,No,Contract,Device,DEV2,UK,3308,PLANT_SPECIAL,Medium,INHALER,Units
BATCH06362,Low,No,OwnBrand,Hormonal,HORM1,PT,14826,PLANT_SPECIAL,Low,EE30TAB,Units
BATCH07505,Low,No,Contract,Device,DEV1,UK,28775,PLANT_SPECIAL,Medium,INHALER,Units
BATCH00969,Medium,Yes,OwnBrand,Tablet,TL3,FR,216649,PLANT_SOLIDS,Low,IBUP400TAB,TabletsCaps
BATCH02292,Medium,No,OwnBrand,Tablet,TL2,FR,386110,PLANT_SOLIDS,Medium,IBUP400TAB,TabletsCaps
BATCH08973,Low,No,OwnBrand,Capsule,CL2,IT,125701,PLANT_SOLIDS,Low,OMEP20CAP,TabletsCaps
BATCH02207,Medium,Yes,OwnBrand,Injectable,INJ1,FR,40969,PLANT_PARENTERAL,Low,HEP5000SC,Units
BATCH03632,Medium,No,Contract,Hormonal,HORM2,ES,47091,PLANT_SPECIAL,Medium,LEVOHORMIMPL,Units
BATCH00379,Medium,No,Contract,Hormonal,HORM2,ES,26115,PLANT_SPECIAL,Medium,LEVOHORMIMPL,Units
BATCH08243,Low,No,OwnBrand,Capsule,CL1,IT,354284,PLANT_SOLIDS,Low,OMEP20CAP,TabletsCaps
BATCH02300,Low,No,OwnBrand,Hormonal,HORM1,PT,3534,PLANT_SPECIAL,High,EE30TAB,Units
BATCH04813,High,No,Contract,Capsule,CL2,DE,486322,PLANT_SOLIDS,High,AMOX500CAP,TabletsCaps
BATCH00934,Medium,Yes,OwnBrand,Injectable,INJ1,FR,16823,PLANT_PARENTERAL,High,HEP5000SC,Units
BATCH08744,Medium,No,OwnBrand,Device,DEV1,DE,1856,PLANT_SPECIAL,High,INSUPEN,Units
BATCH02822,High,No,Contract,Capsule,CL1,DE,464576,PLANT_SOLIDS,Medium,AMOX500CAP,TabletsCaps
BATCH00051,Low,No,OwnBrand,Capsule,CL2,IT,417443,PLANT_SOLIDS,Medium,OMEP20CAP,TabletsCaps
BATCH06736,Low,Yes,Contract,Device,DEV1,UK,13881,PLANT_SPECIAL,Medium,INHALER,Units
BATCH04681,Medium,No,OwnBrand,Tablet,TL1,FR,305205,PLANT_SOLIDS,Low,IBUP400TAB,TabletsCaps
BATCH07893,Low,No,OwnBrand,Hormonal,HORM2,PT,39853,PLANT_SPECIAL,Low,EE30TAB,Units
BATCH02013,Low,No,OwnBrand,Tablet,TL3,ES,393175,PLANT_SOLIDS,High,PARA500TAB,TabletsCaps
BATCH08090,Low,No,Contract,Device,DEV1,UK,1982,PLANT_SPECIAL,Low,INHALER,Units
BATCH07649,Low,No,OwnBrand,Hormonal,HORM2,PT,30004,PLANT_SPECIAL,High,EE30TAB,Units
BATCH09845,Medium,Yes,Contract,Hormonal,HORM2,ES,14013,PLANT_SPECIAL,Medium,LEVOHORMIMPL,Units
BATCH06988,Low,Yes,Contract,Device,DEV2,UK,29766,PLANT_SPECIAL,Low,INHALER,Units
BATCH09505,Medium,No,OwnBrand,Device,DEV1,DE,40928,PLANT_SPECIAL,High,INSUPEN,Units
BATCH08698,High,Yes,Contract,Injectable,INJ1,UK,49329,PLANT_PARENTERAL,Medium,CEF1GIV,Units
BATCH00634,Medium,No,OwnBrand,Injectable,INJ2,FR,42237,PLANT_PARENTERAL,Medium,HEP5000SC,Units
BATCH07236,Low,No,OwnBrand,Capsule,CL2,IT,192497,PLANT_SOLIDS,High,OMEP20CAP,TabletsCaps
BATCH04256,Medium,No,OwnBrand,Device,DEV1,DE,29996,PLANT_SPECIAL,Low,INSUPEN,Units
BATCH03093,Low,Yes,OwnBrand,Tablet,TL1,ES,470435,PLANT_SOLIDS,Medium,PARA500TAB,TabletsCaps
BATCH04980,Medium,No,OwnBrand,Injectable,INJ1,FR,28978,PLANT_PARENTERAL,Medium,HEP5000SC,Units
BATCH06022,Low,Yes,OwnBrand,Tablet,TL1,ES,248908,PLANT_SOLIDS,Medium,PARA500TAB,TabletsCaps
BATCH08407,Medium,Yes,OwnBrand,Tablet,TL1,FR,425892,PLANT_SOLIDS,High,IBUP400TAB,TabletsCaps
BATCH00861,Medium,No,Contract,Hormonal,HORM1,ES,26658,PLANT_SPECIAL,Medium,LEVOHORMIMPL,Units
BATCH07817,Medium,No,OwnBrand,Injectable,INJ1,FR,6683,PLANT_PARENTERAL,High,HEP5000SC,Units
BATCH09681,Low,No,OwnBrand,Tablet,TL3,ES,284264,PLANT_SOLIDS,Medium,PARA500TAB,TabletsCaps
BATCH04566,Low,No,Contract,Device,DEV1,UK,27086,PLANT_SPECIAL,High,INHALER,Units
BATCH00253,Medium,No,Contract,Hormonal,HORM2,ES,27191,PLANT_SPECIAL,Medium,LEVOHORMIMPL,Units
BATCH08720,Medium,No,OwnBrand,Injectable,INJ1,FR,3852,PLANT_PARENTERAL,Low,HEP5000SC,Units
BATCH03723,Low,No,OwnBrand,Hormonal,HORM1,PT,21845,PLANT_SPECIAL,Medium,EE30TAB,Units
BATCH09554,High,Yes,Contract,Injectable,INJ2,UK,20710,PLANT_PARENTERAL,Medium,CEF1GIV,Units
BATCH02224,Low,No,OwnBrand,Tablet,TL3,ES,424746,PLANT_SOLIDS,Low,PARA500TAB,TabletsCaps
BATCH05016,High,Yes,Contract,Injectable,INJ2,UK,45064,PLANT_PARENTERAL,Low,CEF1GIV,Units
BATCH00566,Low,No,Contract,Device,DEV2,UK,31097,PLANT_SPECIAL,Low,INHALER,Units
BATCH04153,Medium,Yes,OwnBrand,Tablet,TL2,FR,401744,PLANT_SOLIDS,Low,IBUP400TAB,TabletsCaps
BATCH09811,Low,No,Contract,Device,DEV2,UK,26320,PLANT_SPECIAL,Medium,INHALER,Units
BATCH00050,High,No,Contract,Injectable,INJ2,UK,28398,PLANT_PARENTERAL,High,CEF1GIV,Units
BATCH05688,High,No,Contract,Capsule,CL1,DE,391544,PLANT_SOLIDS,Low,AMOX500CAP,TabletsCaps
BATCH01434,Low,Yes,Contract,Device,DEV2,UK,29616,PLANT_SPECIAL,Medium,INHALER,Units
BATCH04075,Medium,No,OwnBrand,Tablet,TL3,FR,127437,PLANT_SOLIDS,Low,IBUP400TAB,TabletsCaps
BATCH00507,Medium,No,Contract,Hormonal,HORM1,ES,25536,PLANT_SPECIAL,High,LEVOHORMIMPL,Units
BATCH06413,Medium,No,OwnBrand,Tablet,TL1,FR,317684,PLANT_SOLIDS,Low,IBUP400TAB,TabletsCaps
BATCH00073,Low,No,OwnBrand,Capsule,CL1,IT,121477,PLANT_SOLIDS,Medium,OMEP20CAP,TabletsCaps
BATCH08328,Medium,No,OwnBrand,Device,DEV2,DE,8937,PLANT_SPECIAL,Low,INSUPEN,Units
BATCH06528,Medium,No,OwnBrand,Injectable,INJ2,FR,43021,PLANT_PARENTERAL,High,HEP5000SC,Units
BATCH07345,Low,No,OwnBrand,Tablet,TL1,ES,272548,PLANT_SOLIDS,Medium,PARA500TAB,TabletsCaps
BATCH00162,Medium,No,OwnBrand,Tablet,TL2,FR,173855,PLANT_SOLIDS,High,IBUP400TAB,TabletsCaps
BATCH02487,High,Yes,Contract,Injectable,INJ1,UK,11262,PLANT_PARENTERAL,High,CEF1GIV,Units
BATCH07859,Medium,No,OwnBrand,Tablet,TL2,FR,107963,PLANT_SOLIDS,Medium,IBUP400TAB,TabletsCaps
BATCH06949,High,Yes,Contract,Injectable,INJ2,UK,45991,PLANT_PARENTERAL,Low,CEF1GIV,Units
BATCH05160,Medium,No,OwnBrand,Tablet,TL2,FR,464178,PLANT_SOLIDS,High,IBUP400TAB,TabletsCaps
BATCH05402,Medium,No,OwnBrand,Tablet,TL1,FR,132090,PLANT_SOLIDS,Medium,IBUP400TAB,TabletsCaps
BATCH00793,High,No,Contract,Injectable,INJ1,UK,45791,PLANT_PARENTERAL,High,CEF1GIV,Units
BATCH08396,High,No,Contract,Capsule,CL1,DE,135540,PLANT_SOLIDS,Medium,AMOX500CAP,TabletsCaps
BATCH00661,Low,No,OwnBrand,Capsule,CL1,IT,251669,PLANT_SOLIDS,Medium,OMEP20CAP,TabletsCaps
BATCH01794,Low,No,OwnBrand,Hormonal,HORM2,PT,26093,PLANT_SPECIAL,Low,EE30TAB,Units
BATCH08836,Low,No,Contract,Device,DEV1,UK,40352,PLANT_SPECIAL,Low,INHALER,Units
BATCH09549,Low,No,OwnBrand,Tablet,TL2,ES,290062,PLANT_SOLIDS,Low,PARA500TAB,TabletsCaps
BATCH05520,Low,No,OwnBrand,Hormonal,HORM1,PT,47568,PLANT_SPECIAL,High,EE30TAB,Units
BATCH01344,Low,No,Contract,Device,DEV1,UK,38951,PLANT_SPECIAL,Medium,INHALER,Units
BATCH04625,Medium,No,OwnBrand,Injectable,INJ2,FR,14539,PLANT_PARENTERAL,Low,HEP5000SC,Units
BATCH02326,Low,No,OwnBrand,Capsule,CL1,IT,147539,PLANT_SOLIDS,High,OMEP20CAP,TabletsCaps
BATCH01527,Medium,No,OwnBrand,Tablet,TL2,FR,402397,PLANT_SOLIDS,Medium,IBUP400TAB,TabletsCaps
BATCH06424,Low,No,OwnBrand,Capsule,CL2,IT,494496,PLANT_SOLIDS,Medium,OMEP20CAP,TabletsCaps
BATCH05546,High,Yes,Contract,Capsule,CL1,DE,285904,PLANT_SOLIDS,Medium,AMOX500CAP,TabletsCaps
BATCH00598,Medium,Yes,OwnBrand,Injectable,INJ2,FR,17256,PLANT_PARENTERAL,Medium,HEP5000SC,Units
BATCH07166,Low,No,OwnBrand,Hormonal,HORM2,PT,9556,PLANT_SPECIAL,Medium,EE30TAB,Units
BATCH07707,Medium,Yes,OwnBrand,Device,DEV2,DE,29602,PLANT_SPECIAL,Low,INSUPEN,Units
BATCH06010,Medium,No,Contract,Hormonal,HORM2,ES,21330,PLANT_SPECIAL,Low,LEVOHORMIMPL,Units
BATCH09319,Low,No,OwnBrand,Capsule,CL1,IT,163611,PLANT_SOLIDS,Medium,OMEP20CAP,TabletsCaps
BATCH03207,Medium,No,OwnBrand,Injectable,INJ1,FR,7350,PLANT_PARENTERAL,Low,HEP5000SC,Units
BATCH09388,High,No,Contract,Injectable,INJ1,UK,1443,PLANT_PARENTERAL,Low,CEF1GIV,Units
BATCH06594,Medium,No,OwnBrand,Device,DEV2,DE,3965,PLANT_SPECIAL,Medium,INSUPEN,Units
BATCH06450,Medium,No,OwnBrand,Tablet,TL2,FR,369737,PLANT_SOLIDS,Low,IBUP400TAB,TabletsCaps
BATCH04976,High,Yes,Contract,Capsule,CL1,DE,383744,PLANT_SOLIDS,Medium,AMOX500CAP,TabletsCaps
BATCH00797,Low,No,OwnBrand,Hormonal,HORM2,PT,7012,PLANT_SPECIAL,High,EE30TAB,Units
BATCH03307,High,No,Contract,Capsule,CL1,DE,82188,PLANT_SOLIDS,Medium,AMOX500CAP,TabletsCaps
BATCH06721,Low,No,OwnBrand,Tablet,TL2,ES,461017,PLANT_SOLIDS,High,PARA500TAB,TabletsCaps
BATCH00554,Medium,No,OwnBrand,Injectable,INJ1,FR,34496,PLANT_PARENTERAL,High,HEP5000SC,Units
BATCH07931,Low,No,OwnBrand,Hormonal,HORM2,PT,45806,PLANT_SPECIAL,Medium,EE30TAB,Units
BATCH07485,Medium,No,OwnBrand,Tablet,TL2,FR,136257,PLANT_SOLIDS,Medium,IBUP400TAB,TabletsCaps
BATCH08034,Medium,No,OwnBrand,Injectable,INJ1,FR,12056,PLANT_PARENTERAL,High,HEP5000SC,Units
BATCH01706,Low,No,Contract,Device,DEV2,UK,42927,PLANT_SPECIAL,Medium,INHALER,Units
BATCH04507,Low,No,Contract,Device,DEV2,UK,29578,PLANT_SPECIAL,Medium,INHALER,Units
BATCH06069,Low,Yes,OwnBrand,Hormonal,HORM2,PT,15820,PLANT_SPECIAL,High,EE30TAB,Units
BATCH02710,Low,No,OwnBrand,Hormonal,HORM1,PT,32980,PLANT_SPECIAL,Medium,EE30TAB,Units
BATCH09569,Medium,No,OwnBrand,Tablet,TL2,FR,177681,PLANT_SOLIDS,Medium,IBUP400TAB,TabletsCaps
BATCH05070,Low,No,OwnBrand,Capsule,CL2,IT,306292,PLANT_SOLIDS,Medium,OMEP20CAP,TabletsCaps
BATCH05327,Medium,Yes,OwnBrand,Injectable,INJ2,FR,47092,PLANT_PARENTERAL,High,HEP5000SC,Units
BATCH07399,Medium,No,Contract,Hormonal,HORM2,ES,44311,PLANT_SPECIAL,Medium,LEVOHORMIMPL,Units
BATCH06157,Medium,Yes,OwnBrand,Tablet,TL3,FR,498017,PLANT_SOLIDS,Low,IBUP400TAB,TabletsCaps
BATCH02446,Medium,Yes,Contract,Hormonal,HORM1,ES,4865,PLANT_SPECIAL,Low,LEVOHORMIMPL,Units
BATCH01998,Medium,No,OwnBrand,Device,DEV2,DE,43363,PLANT_SPECIAL,Medium,INSUPEN,Units
BATCH06460,High,No,Contract,Capsule,CL2,DE,370966,PLANT_SOLIDS,High,AMOX500CAP,TabletsCaps
BATCH04934,Medium,No,OwnBrand,Device,DEV1,DE,28937,PLANT_SPECIAL,Medium,INSUPEN,Units
BATCH08476,Low,No,OwnBrand,Hormonal,HORM1,PT,21782,PLANT_SPECIAL,Low,EE30TAB,Units
BATCH07083,Low,Yes,OwnBrand,Tablet,TL1,ES,91342,PLANT_SOLIDS,Medium,PARA500TAB,TabletsCaps
BATCH09925,Medium,Yes,OwnBrand,Tablet,TL3,FR,157810,PLANT_SOLIDS,High,IBUP400TAB,TabletsCaps
BATCH07701,Medium,No,OwnBrand,Tablet,TL3,FR,144692,PLANT_SOLIDS,Medium,IBUP400TAB,TabletsCaps
BATCH03220,Low,No,Contract,Device,DEV2,UK,24488,PLANT_SPECIAL,High,INHALER,Units
BATCH06793,Low,No,OwnBrand,Capsule,CL1,IT,132815,PLANT_SOLIDS,High,OMEP20CAP,TabletsCaps
BATCH03015,Low,No,OwnBrand,Hormonal,HORM2,PT,49812,PLANT_SPECIAL,Medium,EE30TAB,Units
BATCH01618,Low,Yes,OwnBrand,Hormonal,HORM2,PT,42907,PLANT_SPECIAL,High,EE30TAB,Units
BATCH00638,Low,No,Contract,Device,DEV1,UK,46423,PLANT_SPECIAL,Low,INHALER,Units
BATCH00768,Medium,No,Contract,Hormonal,HORM1,ES,32960,PLANT_SPECIAL,Medium,LEVOHORMIMPL,Units
BATCH04849,Medium,Yes,OwnBrand,Device,DEV1,DE,33209,PLANT_SPECIAL,Low,INSUPEN,Units
BATCH08454,Low,No,OwnBrand,Tablet,TL2,ES,221854,PLANT_SOLIDS,High,PARA500TAB,TabletsCaps
BATCH06900,Low,No,Contract,Device,DEV1,UK,45396,PLANT_SPECIAL,High,INHALER,Units
BATCH00863,Low,Yes,OwnBrand,Capsule,CL1,IT,149738,PLANT_SOLIDS,Medium,OMEP20CAP,TabletsCaps
BATCH05142,Low,No,OwnBrand,Tablet,TL2,ES,88427,PLANT_SOLIDS,High,PARA500TAB,TabletsCaps
BATCH01601,High,No,Contract,Injectable,INJ1,UK,36301,PLANT_PARENTERAL,Medium,CEF1GIV,Units
BATCH03872,Low,Yes,Contract,Device,DEV1,UK,26309,PLANT_SPECIAL,High,INHALER,Units
BATCH02969,Low,No,OwnBrand,Tablet,TL1,ES,499356,PLANT_SOLIDS,Low,PARA500TAB,TabletsCaps
BATCH09209,Low,No,OwnBrand,Capsule,CL2,IT,328252,PLANT_SOLIDS,Medium,OMEP20CAP,TabletsCaps
BATCH03304,Medium,No,OwnBrand,Tablet,TL1,FR,133934,PLANT_SOLIDS,Low,IBUP400TAB,TabletsCaps
BATCH03837,Medium,Yes,OwnBrand,Device,DEV2,DE,36420,PLANT_SPECIAL,Medium,INSUPEN,Units
BATCH02305,Medium,Yes,Contract,Hormonal,HORM1,ES,38959,PLANT_SPECIAL,Low,LEVOHORMIMPL,Units
BATCH02434,High,No,Contract,Capsule,CL2,DE,108906,PLANT_SOLIDS,High,AMOX500CAP,TabletsCaps
BATCH01970,Low,No,Contract,Device,DEV1,UK,1499,PLANT_SPECIAL,Low,INHALER,Units
BATCH06303,Medium,No,OwnBrand,Device,DEV2,DE,35166,PLANT_SPECIAL,Low,INSUPEN,Units
BATCH08403,Medium,No,OwnBrand,Injectable,INJ2,FR,40529,PLANT_PARENTERAL,Medium,HEP5000SC,Units
BATCH08652,High,Yes,Contract,Injectable,INJ2,UK,13846,PLANT_PARENTERAL,Low,CEF1GIV,Units
BATCH04248,Low,Yes,OwnBrand,Hormonal,HORM2,PT,1621,PLANT_SPECIAL,Medium,EE30TAB,Units
BATCH05413,High,No,Contract,Injectable,INJ2,UK,17306,PLANT_PARENTERAL,Low,CEF1GIV,Units
BATCH02062,Medium,No,OwnBrand,Tablet,TL2,FR,457933,PLANT_SOLIDS,Medium,IBUP400TAB,TabletsCaps
BATCH00702,Medium,No,Contract,Hormonal,HORM2,ES,38257,PLANT_SPECIAL,High,LEVOHORMIMPL,Units
BATCH09732,Medium,No,OwnBrand,Injectable,INJ1,FR,26403,PLANT_PARENTERAL,High,HEP5000SC,Units
BATCH02795,Low,No,OwnBrand,Capsule,CL1,IT,401782,PLANT_SOLIDS,Low,OMEP20CAP,TabletsCaps
BATCH06090,Medium,No,Contract,Hormonal,HORM1,ES,9202,PLANT_SPECIAL,Medium,LEVOHORMIMPL,Units
BATCH07427,High,No,Contract,Injectable,INJ1,UK,37546,PLANT_PARENTERAL,Medium,CEF1GIV,Units
BATCH00124,Medium,No,OwnBrand,Device,DEV1,DE,10522,PLANT_SPECIAL,Medium,INSUPEN,Units
BATCH06181,Low,Yes,OwnBrand,Capsule,CL2,IT,430164,PLANT_SOLIDS,Low,OMEP20CAP,TabletsCaps
BATCH02416,Low,Yes,OwnBrand,Hormonal,HORM2,PT,12277,PLANT_SPECIAL,Medium,EE30TAB,Units
BATCH09129,Low,Yes,OwnBrand,Tablet,TL3,ES,54961,PLANT_SOLIDS,Medium,PARA500TAB,TabletsCaps
BATCH09061,Low,No,OwnBrand,Tablet,TL2,ES,328716,PLANT_SOLIDS,Medium,PARA500TAB,TabletsCaps
BATCH07172,Low,Yes,Contract,Device,DEV2,UK,12626,PLANT_SPECIAL,Medium,INHALER,Units
BATCH02362,Medium,No,Contract,Hormonal,HORM2,ES,13095,PLANT_SPECIAL,Medium,LEVOHORMIMPL,Units
BATCH07544,Low,No,OwnBrand,Tablet,TL1,ES,134061,PLANT_SOLIDS,High,PARA500TAB,TabletsCaps
BATCH02945,High,Yes,Contract,Injectable,INJ2,UK,21110,PLANT_PARENTERAL,High,CEF1GIV,Units
BATCH02324,Low,No,OwnBrand,Hormonal,HORM2,PT,26765,PLANT_SPECIAL,Medium,EE30TAB,Units
BATCH03390,Medium,No,OwnBrand,Injectable,INJ1,FR,37560,PLANT_PARENTERAL,Low,HEP5000SC,Units
BATCH08265,Low,No,OwnBrand,Capsule,CL1,IT,230079,PLANT_SOLIDS,Low,OMEP20CAP,TabletsCaps
BATCH06091,Low,Yes,OwnBrand,Hormonal,HORM1,PT,11005,PLANT_SPECIAL,Low,EE30TAB,Units
BATCH05470,Low,No,OwnBrand,Capsule,CL1,IT,312000,PLANT_SOLIDS,Medium,OMEP20CAP,TabletsCaps
BATCH02455,Medium,No,Contract,Hormonal,HORM1,ES,19306,PLANT_SPECIAL,High,LEVOHORMIMPL,Units
BATCH05443,Low,Yes,OwnBrand,Capsule,CL1,IT,166523,PLANT_SOLIDS,Low,OMEP20CAP,TabletsCaps
BATCH01865,Low,Yes,Contract,Device,DEV2,UK,27645,PLANT_SPECIAL,High,INHALER,Units
BATCH07244,Medium,No,OwnBrand,Injectable,INJ2,FR,40069,PLANT_PARENTERAL,Low,HEP5000SC,Units
BATCH08210,Low,No,OwnBrand,Capsule,CL1,IT,286903,PLANT_SOLIDS,Low,OMEP20CAP,TabletsCaps
BATCH05534,Medium,No,Contract,Hormonal,HORM1,ES,47830,PLANT_SPECIAL,Low,LEVOHORMIMPL,Units
BATCH08683,High,No,Contract,Injectable,INJ1,UK,4125,PLANT_PARENTERAL,Medium,CEF1GIV,Units
BATCH06917,Medium,No,OwnBrand,Injectable,INJ2,FR,32233,PLANT_PARENTERAL,Medium,HEP5000SC,Units
BATCH00053,Low,Yes,OwnBrand,Hormonal,HORM2,PT,41628,PLANT_SPECIAL,Medium,EE30TAB,Units
BATCH07001,Medium,No,OwnBrand,Device,DEV2,DE,31096,PLANT_SPECIAL,Medium,INSUPEN,Units
BATCH03215,Low,Yes,Contract,Device,DEV1,UK,5717,PLANT_SPECIAL,High,INHALER,Units
BATCH01985,Low,No,OwnBrand,Hormonal,HORM2,PT,16726,PLANT_SPECIAL,Low,EE30TAB,Units
BATCH02849,Medium,No,OwnBrand,Device,DEV1,DE,43019,PLANT_SPECIAL,Medium,INSUPEN,Units
BATCH09718,Low,No,Contract,Device,DEV1,UK,19564,PLANT_SPECIAL,Medium,INHALER,Units
BATCH09665,Low,No,OwnBrand,Capsule,CL2,IT,72651,PLANT_SOLIDS,Medium,OMEP20CAP,TabletsCaps
BATCH04146,Medium,No,OwnBrand,Device,DEV1,DE,19127,PLANT_SPECIAL,Medium,INSUPEN,Units
BATCH02478,Low,Yes,OwnBrand,Tablet,TL1,ES,66337,PLANT_SOLIDS,Low,PARA500TAB,TabletsCaps
BATCH06809,Medium,Yes,Contract,Hormonal,HORM1,ES,13549,PLANT_SPECIAL,Medium,LEVOHORMIMPL,Units
BATCH05118,Low,No,OwnBrand,Tablet,TL3,ES,436015,PLANT_SOLIDS,Medium,PARA500TAB,TabletsCaps
BATCH09891,Medium,No,OwnBrand,Device,DEV2,DE,44084,PLANT_SPECIAL,Medium,INSUPEN,Units
BATCH02975,Medium,No,OwnBrand,Injectable,INJ2,FR,41166,PLANT_PARENTERAL,Low,HEP5000SC,Units
BATCH04362,Low,No,Contract,Device,DEV1,UK,36478,PLANT_SPECIAL,Medium,INHALER,Units
BATCH08567,High,Yes,Contract,Capsule,CL2,DE,254688,PLANT_SOLIDS,Medium,AMOX500CAP,TabletsCaps
BATCH00005,Medium,No,OwnBrand,Device,DEV2,DE,8567,PLANT_SPECIAL,Medium,INSUPEN,Units
BATCH06662,Medium,No,OwnBrand,Tablet,TL1,FR,366367,PLANT_SOLIDS,Medium,IBUP400TAB,TabletsCaps
BATCH08613,High,No,Contract,Capsule,CL2,DE,358956,PLANT_SOLIDS,Low,AMOX500CAP,TabletsCaps
BATCH01978,Medium,Yes,OwnBrand,Tablet,TL1,FR,111828,PLANT_SOLIDS,Medium,IBUP400TAB,TabletsCaps
BATCH07152,Low,Yes,OwnBrand,Tablet,TL1,ES,353393,PLANT_SOLIDS,Medium,PARA500TAB,TabletsCaps
BATCH00917,High,No,Contract,Capsule,CL1,DE,147756,PLANT_SOLIDS,Medium,AMOX500CAP,TabletsCaps
BATCH08430,High,No,Contract,Capsule,CL2,DE,347254,PLANT_SOLIDS,Low,AMOX500CAP,TabletsCaps
BATCH05657,Low,No,OwnBrand,Capsule,CL1,IT,157014,PLANT_SOLIDS,Medium,OMEP20CAP,TabletsCaps
BATCH07138,High,Yes,Contract,Injectable,INJ1,UK,8890,PLANT_PARENTERAL,Medium,CEF1GIV,Units
BATCH02878,Medium,No,OwnBrand,Device,DEV2,DE,22006,PLANT_SPECIAL,Medium,INSUPEN,Units
BATCH05951,Low,Yes,OwnBrand,Tablet,TL1,ES,182249,PLANT_SOLIDS,Medium,PARA500TAB,TabletsCaps
BATCH00437,Low,No,OwnBrand,Capsule,CL2,IT,461518,PLANT_SOLIDS,Medium,OMEP20CAP,TabletsCaps
BATCH08909,High,No,Contract,Injectable,INJ2,UK,28246,PLANT_PARENTERAL,Medium,CEF1GIV,Units
BATCH07062,Medium,Yes,Contract,Hormonal,HORM2,ES,6759,PLANT_SPECIAL,Medium,LEVOHORMIMPL,Units
BATCH03860,Low,Yes,Contract,Device,DEV1,UK,48604,PLANT_SPECIAL,High,INHALER,Units
BATCH08173,High,Yes,Contract,Capsule,CL1,DE,474646,PLANT_SOLIDS,Medium,AMOX500CAP,TabletsCaps
BATCH04606,Low,Yes,OwnBrand,Hormonal,HORM1,PT,28773,PLANT_SPECIAL,Medium,EE30TAB,Units
BATCH04006,Medium,No,OwnBrand,Device,DEV1,DE,34894,PLANT_SPECIAL,Medium,INSUPEN,Units
BATCH04541,Medium,No,Contract,Hormonal,HORM2,ES,49917,PLANT_SPECIAL,Low,LEVOHORMIMPL,Units
BATCH04070,High,No,Contract,Injectable,INJ1,UK,37536,PLANT_PARENTERAL,Medium,CEF1GIV,Units
BATCH06670,Medium,No,OwnBrand,Device,DEV2,DE,38213,PLANT_SPECIAL,Medium,INSUPEN,Units
BATCH09218,Low,No,Contract,Device,DEV1,UK,20971,PLANT_SPECIAL,Medium,INHALER,Units
BATCH09373,Low,No,OwnBrand,Capsule,CL2,IT,99859,PLANT_SOLIDS,Low,OMEP20CAP,TabletsCaps
BATCH03033,Low,No,OwnBrand,Tablet,TL2,ES,183155,PLANT_SOLIDS,Medium,PARA500TAB,TabletsCaps
BATCH02453,Medium,No,Contract,Hormonal,HORM2,ES,9017,PLANT_SPECIAL,Low,LEVOHORMIMPL,Units
BATCH07635,Low,No,OwnBrand,Capsule,CL1,IT,126609,PLANT_SOLIDS,Medium,OMEP20CAP,TabletsCaps
BATCH05707,Medium,Yes,Contract,Hormonal,HORM2,ES,29579,PLANT_SPECIAL,High,LEVOHORMIMPL,Units
BATCH05608,Medium,No,OwnBrand,Device,DEV1,DE,26537,PLANT_SPECIAL,Low,INSUPEN,Units
BATCH02595,Low,No,OwnBrand,Capsule,CL2,IT,304305,PLANT_SOLIDS,Medium,OMEP20CAP,TabletsCaps
BATCH03212,Low,No,OwnBrand,Hormonal,HORM1,PT,4780,PLANT_SPECIAL,Low,EE30TAB,Units
BATCH01070,Low,No,OwnBrand,Tablet,TL2,ES,136636,PLANT_SOLIDS,Medium,PARA500TAB,TabletsCaps
BATCH02694,Medium,No,OwnBrand,Injectable,INJ2,FR,18827,PLANT_PARENTERAL,Low,HEP5000SC,Units
BATCH01767,Low,No,Contract,Device,DEV1,UK,33725,PLANT_SPECIAL,Medium,INHALER,Units
BATCH01872,High,No,Contract,Injectable,INJ1,UK,2728,PLANT_PARENTERAL,Medium,CEF1GIV,Units
BATCH09625,Medium,Yes,OwnBrand,Tablet,TL1,FR,269105,PLANT_SOLIDS,Low,IBUP400TAB,TabletsCaps
BATCH07226,Low,No,OwnBrand,Hormonal,HORM2,PT,27841,PLANT_SPECIAL,Medium,EE30TAB,Units
BATCH01102,Low,No,Contract,Device,DEV1,UK,30001,PLANT_SPECIAL,Low,INHALER,Units
BATCH06613,High,Yes,Contract,Capsule,CL1,DE,432703,PLANT_SOLIDS,Medium,AMOX500CAP,TabletsCaps
BATCH06805,Medium,No,OwnBrand,Device,DEV1,DE,7418,PLANT_SPECIAL,Low,INSUPEN,Units
BATCH09696,Medium,Yes,OwnBrand,Device,DEV2,DE,41121,PLANT_SPECIAL,High,INSUPEN,Units
BATCH09551,Medium,No,OwnBrand,Injectable,INJ1,FR,26938,PLANT_PARENTERAL,Low,HEP5000SC,Units
BATCH01466,Medium,Yes,OwnBrand,Device,DEV2,DE,9327,PLANT_SPECIAL,Medium,INSUPEN,Units
BATCH09581,Medium,No,OwnBrand,Device,DEV1,DE,44497,PLANT_SPECIAL,Low,INSUPEN,Units
BATCH05266,Low,No,OwnBrand,Hormonal,HORM1,PT,43896,PLANT_SPECIAL,Low,EE30TAB,Units
BATCH02647,Low,Yes,OwnBrand,Hormonal,HORM1,PT,44673,PLANT_SPECIAL,High,EE30TAB,Units
BATCH08834,Low,No,OwnBrand,Tablet,TL3,ES,460418,PLANT_SOLIDS,Medium,PARA500TAB,TabletsCaps
BATCH05744,Low,No,OwnBrand,Capsule,CL1,IT,120894,PLANT_SOLIDS,Medium,OMEP20CAP,TabletsCaps
BATCH03488,Medium,Yes,OwnBrand,Tablet,TL1,FR,84717,PLANT_SOLIDS,Medium,IBUP400TAB,TabletsCaps
BATCH07603,High,No,Contract,Injectable,INJ1,UK,2345,PLANT_PARENTERAL,Low,CEF1GIV,Units
BATCH00215,Medium,No,OwnBrand,Tablet,TL1,FR,71125,PLANT_SOLIDS,High,IBUP400TAB,TabletsCaps
BATCH08114,Medium,No,OwnBrand,Injectable,INJ2,FR,9026,PLANT_PARENTERAL,Medium,HEP5000SC,Units
BATCH01481,Medium,No,OwnBrand,Device,DEV1,DE,17785,PLANT_SPECIAL,Medium,INSUPEN,Units
BATCH02761,High,No,Contract,Injectable,INJ2,UK,1550,PLANT_PARENTERAL,High,CEF1GIV,Units
BATCH00487,Low,No,OwnBrand,Tablet,TL3,ES,432838,PLANT_SOLIDS,High,PARA500TAB,TabletsCaps
BATCH03061,High,No,Contract,Injectable,INJ1,UK,26854,PLANT_PARENTERAL,Medium,CEF1GIV,Units
BATCH06546,Medium,No,Contract,Hormonal,HORM2,ES,30482,PLANT_SPECIAL,Medium,LEVOHORMIMPL,Units
BATCH01764,High,Yes,Contract,Capsule,CL2,DE,139158,PLANT_SOLIDS,High,AMOX500CAP,TabletsCaps
BATCH03465,High,No,Contract,Injectable,INJ1,UK,3415,PLANT_PARENTERAL,High,CEF1GIV,Units
BATCH02995,Low,No,OwnBrand,Hormonal,HORM1,PT,49886,PLANT_SPECIAL,High,EE30TAB,Units
BATCH00432,Low,No,Contract,Device,DEV1,UK,48718,PLANT_SPECIAL,Medium,INHALER,Units
BATCH08444,High,No,Contract,Injectable,INJ2,UK,6543,PLANT_PARENTERAL,High,CEF1GIV,Units
BATCH09071,Medium,No,OwnBrand,Tablet,TL2,FR,393532,PLANT_SOLIDS,High,IBUP400TAB,TabletsCaps
BATCH06510,High,Yes,Contract,Capsule,CL2,DE,466881,PLANT_SOLIDS,Medium,AMOX500CAP,TabletsCaps
BATCH02519,Low,No,Contract,Device,DEV1,UK,36074,PLANT_SPECIAL,Low,INHALER,Units
BATCH09669,Low,No,OwnBrand,Capsule,CL1,IT,137962,PLANT_SOLIDS,Medium,OMEP20CAP,TabletsCaps
BATCH05781,High,No,Contract,Injectable,INJ2,UK,28150,PLANT_PARENTERAL,High,CEF1GIV,Units
BATCH03696,Medium,Yes,Contract,Hormonal,HORM1,ES,11568,PLANT_SPECIAL,High,LEVOHORMIMPL,Units
BATCH06258,Low,No,OwnBrand,Capsule,CL1,IT,225887,PLANT_SOLIDS,Medium,OMEP20CAP,TabletsCaps
BATCH05648,Low,Yes,OwnBrand,Hormonal,HORM2,PT,32829,PLANT_SPECIAL,Low,EE30TAB,Units
BATCH01688,Medium,Yes,OwnBrand,Tablet,TL1,FR,152421,PLANT_SOLIDS,Medium,IBUP400TAB,TabletsCaps
BATCH01707,Low,No,Contract,Device,DEV1,UK,30518,PLANT_SPECIAL,High,INHALER,Units
BATCH09346,Medium,No,OwnBrand,Tablet,TL2,FR,178129,PLANT_SOLIDS,Medium,IBUP400TAB,TabletsCaps
BATCH08907,Medium,No,OwnBrand,Device,DEV1,DE,17304,PLANT_SPECIAL,Low,INSUPEN,Units
BATCH09793,Low,Yes,Contract,Device,DEV1,UK,15687,PLANT_SPECIAL,High,INHALER,Units
BATCH03604,Medium,No,OwnBrand,Device,DEV2,DE,15854,PLANT_SPECIAL,Medium,INSUPEN,Units
BATCH04104,Medium,No,OwnBrand,Tablet,TL2,FR,170243,PLANT_SOLIDS,Medium,IBUP400TAB,TabletsCaps
BATCH00665,Medium,No,Contract,Hormonal,HORM1,ES,10524,PLANT_SPECIAL,Medium,LEVOHORMIMPL,Units
BATCH08671,Low,No,Contract,Device,DEV1,UK,18921,PLANT_SPECIAL,High,INHALER,Units
BATCH00281,Medium,No,OwnBrand,Tablet,TL3,FR,315353,PLANT_SOLIDS,Low,IBUP400TAB,TabletsCaps
BATCH03877,Medium,No,Contract,Hormonal,HORM2,ES,27946,PLANT_SPECIAL,Medium,LEVOHORMIMPL,Units
BATCH05665,Medium,No,Contract,Hormonal,HORM2,ES,1295,PLANT_SPECIAL,Medium,LEVOHORMIMPL,Units
BATCH04897,High,No,Contract,Injectable,INJ1,UK,42169,PLANT_PARENTERAL,Low,CEF1GIV,Units
BATCH06210,Low,No,OwnBrand,Tablet,TL1,ES,343338,PLANT_SOLIDS,High,PARA500TAB,TabletsCaps
BATCH04166,Low,Yes,OwnBrand,Hormonal,HORM2,PT,24657,PLANT_SPECIAL,Low,EE30TAB,Units
BATCH01426,Medium,No,OwnBrand,Tablet,TL3,FR,283563,PLANT_SOLIDS,Low,IBUP400TAB,TabletsCaps
BATCH00916,Low,No,OwnBrand,Tablet,TL3,ES,295782,PLANT_SOLIDS,Medium,PARA500TAB,TabletsCaps
BATCH01430,Medium,Yes,OwnBrand,Device,DEV2,DE,15296,PLANT_SPECIAL,Low,INSUPEN,Units
BATCH01734,Low,Yes,OwnBrand,Tablet,TL3,ES,340364,PLANT_SOLIDS,Medium,PARA500TAB,TabletsCaps
BATCH01992,Low,No,Contract,Device,DEV1,UK,31145,PLANT_SPECIAL,Low,INHALER,Units
BATCH03300,Medium,Yes,OwnBrand,Device,DEV1,DE,37324,PLANT_SPECIAL,High,INSUPEN,Units
BATCH09163,Low,No,OwnBrand,Hormonal,HORM2,PT,46630,PLANT_SPECIAL,Medium,EE30TAB,Units
BATCH06775,Medium,Yes,OwnBrand,Tablet,TL1,FR,138113,PLANT_SOLIDS,Medium,IBUP400TAB,TabletsCaps
BATCH02720,High,No,Contract,Capsule,CL1,DE,444015,PLANT_SOLIDS,Low,AMOX500CAP,TabletsCaps
BATCH04678,Medium,No,Contract,Hormonal,HORM1,ES,24303,PLANT_SPECIAL,Medium,LEVOHORMIMPL,Units
BATCH04715,Low,No,Contract,Device,DEV1,UK,36380,PLANT_SPECIAL,High,INHALER,Units
BATCH05165,Low,No,Contract,Device,DEV1,UK,20751,PLANT_SPECIAL,Low,INHALER,Units
BATCH03114,Low,Yes,OwnBrand,Capsule,CL1,IT,213512,PLANT_SOLIDS,High,OMEP20CAP,TabletsCaps
BATCH06800,Low,No,OwnBrand,Capsule,CL1,IT,91381,PLANT_SOLIDS,Low,OMEP20CAP,TabletsCaps
BATCH01547,Low,No,Contract,Device,DEV2,UK,45952,PLANT_SPECIAL,High,INHALER,Units
BATCH08595,Low,Yes,OwnBrand,Tablet,TL1,ES,370006,PLANT_SOLIDS,High,PARA500TAB,TabletsCaps
BATCH03194,Low,No,OwnBrand,Hormonal,HORM2,PT,29418,PLANT_SPECIAL,Medium,EE30TAB,Units
BATCH01335,Low,No,OwnBrand,Hormonal,HORM1,PT,45880,PLANT_SPECIAL,High,EE30TAB,Units
BATCH05355,Medium,Yes,Contract,Hormonal,HORM1,ES,22748,PLANT_SPECIAL,Medium,LEVOHORMIMPL,Units
BATCH08366,High,Yes,Contract,Injectable,INJ2,UK,47591,PLANT_PARENTERAL,Medium,CEF1GIV,Units
BATCH04522,Low,No,OwnBrand,Capsule,CL2,IT,269886,PLANT_SOLIDS,Medium,OMEP20CAP,TabletsCaps
BATCH06973,Low,Yes,OwnBrand,Capsule,CL1,IT,85522,PLANT_SOLIDS,Medium,OMEP20CAP,TabletsCaps
BATCH03634,High,No,Contract,Injectable,INJ1,UK,8113,PLANT_PARENTERAL,Low,CEF1GIV,Units
BATCH02214,Medium,No,OwnBrand,Tablet,TL2,FR,129442,PLANT_SOLIDS,Low,IBUP400TAB,TabletsCaps
BATCH06166,Medium,No,OwnBrand,Tablet,TL1,FR,226579,PLANT_SOLIDS,High,IBUP400TAB,TabletsCaps
BATCH02413,High,Yes,Contract,Injectable,INJ2,UK,21419,PLANT_PARENTERAL,High,CEF1GIV,Units
BATCH09649,Medium,No,OwnBrand,Device,DEV2,DE,39621,PLANT_SPECIAL,High,INSUPEN,Units
BATCH08785,Medium,No,OwnBrand,Device,DEV2,DE,8323,PLANT_SPECIAL,Medium,INSUPEN,Units
BATCH04662,Medium,No,Contract,Hormonal,HORM2,ES,31347,PLANT_SPECIAL,High,LEVOHORMIMPL,Units
BATCH07179,High,No,Contract,Capsule,CL2,DE,60319,PLANT_SOLIDS,Medium,AMOX500CAP,TabletsCaps
BATCH02231,Medium,No,OwnBrand,Tablet,TL3,FR,168934,PLANT_SOLIDS,Medium,IBUP400TAB,TabletsCaps
BATCH03083,Low,No,Contract,Device,DEV1,UK,31409,PLANT_SPECIAL,High,INHALER,Units
BATCH02037,Medium,No,Contract,Hormonal,HORM1,ES,32163,PLANT_SPECIAL,Medium,LEVOHORMIMPL,Units
BATCH02839,Low,Yes,OwnBrand,Hormonal,HORM1,PT,45668,PLANT_SPECIAL,Medium,EE30TAB,Units
BATCH09387,Low,No,OwnBrand,Hormonal,HORM2,PT,18399,PLANT_SPECIAL,Medium,EE30TAB,Units
BATCH06785,Low,No,OwnBrand,Hormonal,HORM2,PT,40421,PLANT_SPECIAL,High,EE30TAB,Units
BATCH04419,Low,No,OwnBrand,Capsule,CL2,IT,192528,PLANT_SOLIDS,High,OMEP20CAP,TabletsCaps
BATCH05639,High,No,Contract,Injectable,INJ1,UK,10422,PLANT_PARENTERAL,Medium,CEF1GIV,Units
BATCH05524,Low,No,Contract,Device,DEV1,UK,42739,PLANT_SPECIAL,Medium,INHALER,Units
BATCH08505,Low,No,OwnBrand,Capsule,CL1,IT,460806,PLANT_SOLIDS,Medium,OMEP20CAP,TabletsCaps
BATCH03380,Medium,No,OwnBrand,Device,DEV1,DE,26992,PLANT_SPECIAL,Medium,INSUPEN,Units
BATCH00633,Medium,No,OwnBrand,Tablet,TL1,FR,150632,PLANT_SOLIDS,Medium,IBUP400TAB,TabletsCaps
BATCH08859,Low,Yes,Contract,Device,DEV1,UK,43774,PLANT_SPECIAL,Medium,INHALER,Units
BATCH09048,High,No,Contract,Capsule,CL1,DE,368973,PLANT_SOLIDS,Medium,AMOX500CAP,TabletsCaps
BATCH00607,High,Yes,Contract,Capsule,CL1,DE,484582,PLANT_SOLIDS,Low,AMOX500CAP,TabletsCaps
BATCH07452,High,No,Contract,Injectable,INJ2,UK,29576,PLANT_PARENTERAL,High,CEF1GIV,Units
BATCH00370,Low,No,Contract,Device,DEV2,UK,2623,PLANT_SPECIAL,Medium,INHALER,Units
BATCH02429,Medium,No,OwnBrand,Device,DEV1,DE,8146,PLANT_SPECIAL,Low,INSUPEN,Units
BATCH01805,Low,No,OwnBrand,Capsule,CL1,IT,74167,PLANT_SOLIDS,High,OMEP20CAP,TabletsCaps
BATCH05400,Medium,No,OwnBrand,Injectable,INJ1,FR,13448,PLANT_PARENTERAL,High,HEP5000SC,Units
BATCH07020,Medium,No,Contract,Hormonal,HORM2,ES,25214,PLANT_SPECIAL,Low,LEVOHORMIMPL,Units
BATCH07104,Low,No,OwnBrand,Tablet,TL1,ES,254591,PLANT_SOLIDS,Medium,PARA500TAB,TabletsCaps
BATCH08387,Medium,No,OwnBrand,Device,DEV1,DE,4730,PLANT_SPECIAL,Medium,INSUPEN,Units
BATCH08084,Low,No,Contract,Device,DEV2,UK,39064,PLANT_SPECIAL,Medium,INHALER,Units
BATCH01486,High,No,Contract,Capsule,CL2,DE,279060,PLANT_SOLIDS,High,AMOX500CAP,TabletsCaps
BATCH02874,Medium,Yes,OwnBrand,Tablet,TL1,FR,68676,PLANT_SOLIDS,Medium,IBUP400TAB,TabletsCaps
BATCH02119,Low,No,OwnBrand,Tablet,TL2,ES,284602,PLANT_SOLIDS,High,PARA500TAB,TabletsCaps
BATCH09317,High,Yes,Contract,Capsule,CL1,DE,486328,PLANT_SOLIDS,Low,AMOX500CAP,TabletsCaps
BATCH08305,High,No,Contract,Capsule,CL2,DE,188521,PLANT_SOLIDS,Medium,AMOX500CAP,TabletsCaps
BATCH04854,Medium,Yes,OwnBrand,Injectable,INJ2,FR,40476,PLANT_PARENTERAL,Medium,HEP5000SC,Units
BATCH03821,High,No,Contract,Capsule,CL1,DE,218404,PLANT_SOLIDS,Medium,AMOX500CAP,TabletsCaps
BATCH05135,Medium,No,OwnBrand,Injectable,INJ1,FR,24597,PLANT_PARENTERAL,Medium,HEP5000SC,Units
BATCH04283,Medium,No,OwnBrand,Injectable,INJ1,FR,39304,PLANT_PARENTERAL,Low,HEP5000SC,Units
BATCH00402,Low,No,Contract,Device,DEV1,UK,12343,PLANT_SPECIAL,Low,INHALER,Units
BATCH03964,Low,No,OwnBrand,Tablet,TL2,ES,323358,PLANT_SOLIDS,Low,PARA500TAB,TabletsCaps
BATCH06860,Low,No,OwnBrand,Capsule,CL2,IT,65937,PLANT_SOLIDS,Low,OMEP20CAP,TabletsCaps
BATCH07304,High,No,Contract,Injectable,INJ2,UK,14594,PLANT_PARENTERAL,Medium,CEF1GIV,Units
BATCH02218,Low,No,OwnBrand,Tablet,TL3,ES,428266,PLANT_SOLIDS,Medium,PARA500TAB,TabletsCaps
BATCH07522,Low,No,OwnBrand,Hormonal,HORM1,PT,9913,PLANT_SPECIAL,Medium,EE30TAB,Units
BATCH01427,High,No,Contract,Injectable,INJ2,UK,40634,PLANT_PARENTERAL,Low,CEF1GIV,Units
BATCH02561,Low,No,OwnBrand,Hormonal,HORM1,PT,14953,PLANT_SPECIAL,Medium,EE30TAB,Units
BATCH00235,Low,No,OwnBrand,Capsule,CL2,IT,317681,PLANT_SOLIDS,Medium,OMEP20CAP,TabletsCaps
BATCH03880,Medium,Yes,OwnBrand,Tablet,TL2,FR,415903,PLANT_SOLIDS,Low,IBUP400TAB,TabletsCaps
BATCH02910,Medium,Yes,OwnBrand,Tablet,TL2,FR,328714,PLANT_SOLIDS,High,IBUP400TAB,TabletsCaps
BATCH01830,Low,Yes,Contract,Device,DEV2,UK,24974,PLANT_SPECIAL,Low,INHALER,Units
BATCH03259,Low,No,OwnBrand,Capsule,CL1,IT,128396,PLANT_SOLIDS,Medium,OMEP20CAP,TabletsCaps
BATCH09568,Medium,No,OwnBrand,Device,DEV2,DE,47973,PLANT_SPECIAL,High,INSUPEN,Units
BATCH06410,Low,No,Contract,Device,DEV2,UK,5651,PLANT_SPECIAL,Medium,INHALER,Units
BATCH01015,Low,Yes,OwnBrand,Capsule,CL1,IT,111938,PLANT_SOLIDS,High,OMEP20CAP,TabletsCaps
BATCH01456,Low,No,OwnBrand,Hormonal,HORM1,PT,3642,PLANT_SPECIAL,Medium,EE30TAB,Units
BATCH06997,High,No,Contract,Injectable,INJ1,UK,8460,PLANT_PARENTERAL,Low,CEF1GIV,Units
BATCH04202,Medium,No,OwnBrand,Tablet,TL3,FR,355581,PLANT_SOLIDS,Medium,IBUP400TAB,TabletsCaps
BATCH00546,Low,No,Contract,Device,DEV2,UK,33996,PLANT_SPECIAL,Low,INHALER,Units
BATCH05197,Medium,No,OwnBrand,Device,DEV1,DE,15691,PLANT_SPECIAL,High,INSUPEN,Units
BATCH07186,High,No,Contract,Injectable,INJ2,UK,30701,PLANT_PARENTERAL,Medium,CEF1GIV,Units
BATCH08394,Low,No,OwnBrand,Capsule,CL1,IT,284376,PLANT_SOLIDS,High,OMEP20CAP,TabletsCaps
BATCH03244,Low,No,Contract,Device,DEV1,UK,32497,PLANT_SPECIAL,Medium,INHALER,Units
BATCH01953,Low,No,OwnBrand,Hormonal,HORM1,PT,2103,PLANT_SPECIAL,High,EE30TAB,Units
BATCH00801,Medium,No,OwnBrand,Tablet,TL2,FR,61148,PLANT_SOLIDS,Medium,IBUP400TAB,TabletsCaps
BATCH00787,High,No,Contract,Capsule,CL2,DE,497568,PLANT_SOLIDS,Medium,AMOX500CAP,TabletsCaps
BATCH07550,High,No,Contract,Capsule,CL2,DE,224492,PLANT_SOLIDS,Low,AMOX500CAP,TabletsCaps
BATCH03407,Medium,No,Contract,Hormonal,HORM2,ES,20088,PLANT_SPECIAL,Medium,LEVOHORMIMPL,Units
BATCH07708,Medium,Yes,OwnBrand,Device,DEV1,DE,39086,PLANT_SPECIAL,Medium,INSUPEN,Units
BATCH02688,Low,No,OwnBrand,Hormonal,HORM1,PT,17932,PLANT_SPECIAL,Medium,EE30TAB,Units
BATCH01912,Low,No,OwnBrand,Tablet,TL3,ES,377171,PLANT_SOLIDS,Medium,PARA500TAB,TabletsCaps
BATCH08206,High,Yes,Contract,Injectable,INJ1,UK,3288,PLANT_PARENTERAL,Medium,CEF1GIV,Units
BATCH01798,Low,No,Contract,Device,DEV1,UK,20454,PLANT_SPECIAL,Medium,INHALER,Units
BATCH03110,Medium,No,OwnBrand,Device,DEV2,DE,27024,PLANT_SPECIAL,High,INSUPEN,Units
BATCH04342,Medium,Yes,OwnBrand,Tablet,TL3,FR,79108,PLANT_SOLIDS,High,IBUP400TAB,TabletsCaps
BATCH02541,Medium,Yes,OwnBrand,Device,DEV1,DE,21509,PLANT_SPECIAL,High,INSUPEN,Units
BATCH04000,Low,Yes,OwnBrand,Capsule,CL1,IT,280724,PLANT_SOLIDS,High,OMEP20CAP,TabletsCaps
BATCH08801,Medium,No,OwnBrand,Tablet,TL3,FR,308918,PLANT_SOLIDS,Low,IBUP400TAB,TabletsCaps
BATCH09004,Medium,No,Contract,Hormonal,HORM2,ES,37084,PLANT_SPECIAL,High,LEVOHORMIMPL,Units
BATCH01877,Medium,No,OwnBrand,Device,DEV1,DE,22293,PLANT_SPECIAL,High,INSUPEN,Units
BATCH08704,High,No,Contract,Injectable,INJ2,UK,26340,PLANT_PARENTERAL,Low,CEF1GIV,Units
BATCH03740,Medium,Yes,OwnBrand,Tablet,TL1,FR,249158,PLANT_SOLIDS,Medium,IBUP400TAB,TabletsCaps
BATCH07812,Medium,Yes,Contract,Hormonal,HORM2,ES,31347,PLANT_SPECIAL,High,LEVOHORMIMPL,Units
BATCH08837,Medium,Yes,OwnBrand,Device,DEV1,DE,16784,PLANT_SPECIAL,High,INSUPEN,Units
BATCH05843,High,No,Contract,Capsule,CL1,DE,489224,PLANT_SOLIDS,Low,AMOX500CAP,TabletsCaps
BATCH06901,Medium,No,OwnBrand,Tablet,TL1,FR,430248,PLANT_SOLIDS,Low,IBUP400TAB,TabletsCaps
BATCH01327,Medium,No,Contract,Hormonal,HORM2,ES,5516,PLANT_SPECIAL,High,LEVOHORMIMPL,Units
BATCH04622,Medium,No,OwnBrand,Device,DEV2,DE,13634,PLANT_SPECIAL,Medium,INSUPEN,Units
BATCH00521,Low,No,OwnBrand,Hormonal,HORM2,PT,27726,PLANT_SPECIAL,Medium,EE30TAB,Units
BATCH03279,Medium,No,OwnBrand,Device,DEV2,DE,17702,PLANT_SPECIAL,Medium,INSUPEN,Units
BATCH06391,Medium,No,OwnBrand,Device,DEV2,DE,17857,PLANT_SPECIAL,Low,INSUPEN,Units
BATCH04751,Low,No,OwnBrand,Tablet,TL1,ES,402405,PLANT_SOLIDS,Low,PARA500TAB,TabletsCaps
BATCH09840,Low,No,Contract,Device,DEV1,UK,5880,PLANT_SPECIAL,High,INHALER,Units
BATCH04501,Medium,No,OwnBrand,Injectable,INJ2,FR,49444,PLANT_PARENTERAL,Medium,HEP5000SC,Units
BATCH05838,High,No,Contract,Capsule,CL1,DE,142181,PLANT_SOLIDS,High,AMOX500CAP,TabletsCaps
BATCH00226,Medium,No,OwnBrand,Injectable,INJ2,FR,42421,PLANT_PARENTERAL,High,HEP5000SC,Units
BATCH03381,Medium,Yes,OwnBrand,Device,DEV1,DE,34497,PLANT_SPECIAL,High,INSUPEN,Units
BATCH05240,Medium,No,OwnBrand,Tablet,TL3,FR,356534,PLANT_SOLIDS,Low,IBUP400TAB,TabletsCaps
BATCH04394,Medium,No,Contract,Hormonal,HORM2,ES,25396,PLANT_SPECIAL,Medium,LEVOHORMIMPL,Units
BATCH08902,Low,No,OwnBrand,Tablet,TL2,ES,345982,PLANT_SOLIDS,High,PARA500TAB,TabletsCaps
BATCH05419,Low,No,OwnBrand,Hormonal,HORM2,PT,33095,PLANT_SPECIAL,High,EE30TAB,Units
BATCH09109,Low,No,OwnBrand,Hormonal,HORM1,PT,2735,PLANT_SPECIAL,High,EE30TAB,Units
BATCH06293,Medium,Yes,OwnBrand,Injectable,INJ2,FR,1892,PLANT_PARENTERAL,Low,HEP5000SC,Units
BATCH00870,Low,No,OwnBrand,Tablet,TL1,ES,180242,PLANT_SOLIDS,Low,PARA500TAB,TabletsCaps
BATCH09115,Medium,No,OwnBrand,Tablet,TL3,FR,252789,PLANT_SOLIDS,Medium,IBUP400TAB,TabletsCaps
BATCH02781,Low,No,Contract,Device,DEV1,UK,42186,PLANT_SPECIAL,Medium,INHALER,Units
BATCH00022,Low,No,OwnBrand,Hormonal,HORM2,PT,43372,PLANT_SPECIAL,Medium,EE30TAB,Units
BATCH08232,Low,Yes,OwnBrand,Capsule,CL2,IT,223988,PLANT_SOLIDS,Low,OMEP20CAP,TabletsCaps
BATCH00592,High,No,Contract,Capsule,CL2,DE,164544,PLANT_SOLIDS,Medium,AMOX500CAP,TabletsCaps
BATCH01607,High,No,Contract,Capsule,CL2,DE,245235,PLANT_SOLIDS,Low,AMOX500CAP,TabletsCaps
BATCH00491,Low,No,OwnBrand,Hormonal,HORM1,PT,24514,PLANT_SPECIAL,Medium,EE30TAB,Units
BATCH02172,High,No,Contract,Capsule,CL1,DE,424914,PLANT_SOLIDS,Medium,AMOX500CAP,TabletsCaps
BATCH07838,High,No,Contract,Capsule,CL1,DE,382143,PLANT_SOLIDS,Medium,AMOX500CAP,TabletsCaps
BATCH00087,High,No,Contract,Injectable,INJ2,UK,17982,PLANT_PARENTERAL,Low,CEF1GIV,Units
BATCH00955,Low,No,OwnBrand,Hormonal,HORM1,PT,16419,PLANT_SPECIAL,Low,EE30TAB,Units
BATCH05292,Low,No,OwnBrand,Tablet,TL1,ES,126387,PLANT_SOLIDS,Medium,PARA500TAB,TabletsCaps
BATCH08270,High,No,Contract,Injectable,INJ2,UK,11208,PLANT_PARENTERAL,Medium,CEF1GIV,Units
BATCH01301,High,No,Contract,Injectable,INJ2,UK,36114,PLANT_PARENTERAL,Medium,CEF1GIV,Units
BATCH05167,Low,No,OwnBrand,Capsule,CL2,IT,113492,PLANT_SOLIDS,High,OMEP20CAP,TabletsCaps
BATCH09917,Medium,No,Contract,Hormonal,HORM1,ES,6935,PLANT_SPECIAL,High,LEVOHORMIMPL,Units
BATCH06193,Low,No,Contract,Device,DEV2,UK,39577,PLANT_SPECIAL,Low,INHALER,Units
BATCH08827,Low,Yes,Contract,Device,DEV2,UK,39385,PLANT_SPECIAL,Medium,INHALER,Units
BATCH04667,High,No,Contract,Capsule,CL1,DE,231138,PLANT_SOLIDS,Low,AMOX500CAP,TabletsCaps
BATCH05777,High,No,Contract,Capsule,CL1,DE,62170,PLANT_SOLIDS,Low,AMOX500CAP,TabletsCaps
BATCH03418,Medium,No,OwnBrand,Injectable,INJ2,FR,33924,PLANT_PARENTERAL,High,HEP5000SC,Units
BATCH09249,Medium,No,OwnBrand,Tablet,TL2,FR,241563,PLANT_SOLIDS,Low,IBUP400TAB,TabletsCaps
BATCH03169,High,No,Contract,Capsule,CL2,DE,296233,PLANT_SOLIDS,Medium,AMOX500CAP,TabletsCaps
BATCH03935,Medium,No,OwnBrand,Tablet,TL2,FR,486553,PLANT_SOLIDS,Low,IBUP400TAB,TabletsCaps
BATCH04071,Low,No,OwnBrand,Capsule,CL1,IT,52346,PLANT_SOLIDS,Low,OMEP20CAP,TabletsCaps
BATCH07733,Medium,No,Contract,Hormonal,HORM2,ES,5340,PLANT_SPECIAL,Medium,LEVOHORMIMPL,Units
BATCH02402,Medium,No,OwnBrand,Injectable,INJ1,FR,22484,PLANT_PARENTERAL,High,HEP5000SC,Units
BATCH03206,Medium,No,Contract,Hormonal,HORM2,ES,28646,PLANT_SPECIAL,Low,LEVOHORMIMPL,Units
BATCH00971,High,No,Contract,Injectable,INJ1,UK,43459,PLANT_PARENTERAL,Low,CEF1GIV,Units
BATCH06316,Medium,No,OwnBrand,Tablet,TL1,FR,462833,PLANT_SOLIDS,Medium,IBUP400TAB,TabletsCaps
BATCH09771,Medium,No,OwnBrand,Injectable,INJ1,FR,22660,PLANT_PARENTERAL,Medium,HEP5000SC,Units
BATCH04412,High,Yes,Contract,Capsule,CL2,DE,152246,PLANT_SOLIDS,Low,AMOX500CAP,TabletsCaps
BATCH09416,High,No,Contract,Capsule,CL2,DE,418470,PLANT_SOLIDS,Medium,AMOX500CAP,TabletsCaps
BATCH02979,Medium,No,Contract,Hormonal,HORM2,ES,47095,PLANT_SPECIAL,Medium,LEVOHORMIMPL,Units
BATCH03531,Medium,No,OwnBrand,Tablet,TL1,FR,393683,PLANT_SOLIDS,High,IBUP400TAB,TabletsCaps
BATCH04911,Low,No,Contract,Device,DEV2,UK,33645,PLANT_SPECIAL,High,INHALER,Units
BATCH03691,High,No,Contract,Capsule,CL1,DE,126410,PLANT_SOLIDS,Medium,AMOX500CAP,TabletsCaps
BATCH02109,Low,Yes,OwnBrand,Capsule,CL2,IT,108136,PLANT_SOLIDS,Medium,OMEP20CAP,TabletsCaps
BATCH00417,Medium,No,OwnBrand,Injectable,INJ1,FR,26453,PLANT_PARENTERAL,High,HEP5000SC,Units
BATCH09697,Low,No,OwnBrand,Hormonal,HORM2,PT,2038,PLANT_SPECIAL,High,EE30TAB,Units
BATCH07279,Low,Yes,OwnBrand,Hormonal,HORM2,PT,25743,PLANT_SPECIAL,Low,EE30TAB,Units
BATCH00745,Medium,No,Contract,Hormonal,HORM1,ES,13153,PLANT_SPECIAL,Medium,LEVOHORMIMPL,Units
BATCH07404,Medium,No,OwnBrand,Tablet,TL1,FR,224468,PLANT_SOLIDS,Medium,IBUP400TAB,TabletsCaps
BATCH01029,Medium,No,OwnBrand,Device,DEV1,DE,9370,PLANT_SPECIAL,Medium,INSUPEN,Units
BATCH03500,Low,No,OwnBrand,Capsule,CL2,IT,304947,PLANT_SOLIDS,Low,OMEP20CAP,TabletsCaps
BATCH03544,Medium,No,Contract,Hormonal,HORM1,ES,28229,PLANT_SPECIAL,High,LEVOHORMIMPL,Units
BATCH06575,Low,No,OwnBrand,Hormonal,HORM2,PT,31354,PLANT_SPECIAL,Medium,EE30TAB,Units
BATCH04053,Low,No,OwnBrand,Capsule,CL1,IT,63311,PLANT_SOLIDS,High,OMEP20CAP,TabletsCaps
BATCH09088,Medium,No,OwnBrand,Tablet,TL3,FR,289168,PLANT_SOLIDS,Low,IBUP400TAB,TabletsCaps
BATCH09215,High,No,Contract,Injectable,INJ2,UK,36764,PLANT_PARENTERAL,Medium,CEF1GIV,Units
BATCH01900,Low,No,OwnBrand,Hormonal,HORM2,PT,22063,PLANT_SPECIAL,High,EE30TAB,Units
BATCH00586,Medium,No,OwnBrand,Injectable,INJ1,FR,32610,PLANT_PARENTERAL,Medium,HEP5000SC,Units
BATCH05588,Low,No,OwnBrand,Tablet,TL2,ES,485635,PLANT_SOLIDS,Low,PARA500TAB,TabletsCaps
BATCH04022,High,Yes,Contract,Capsule,CL1,DE,206184,PLANT_SOLIDS,High,AMOX500CAP,TabletsCaps
BATCH05825,High,No,Contract,Injectable,INJ1,UK,25470,PLANT_PARENTERAL,Medium,CEF1GIV,Units
BATCH09855,Medium,No,Contract,Hormonal,HORM2,ES,40874,PLANT_SPECIAL,Medium,LEVOHORMIMPL,Units
BATCH08353,Medium,Yes,OwnBrand,Tablet,TL3,FR,332826,PLANT_SOLIDS,Low,IBUP400TAB,TabletsCaps
BATCH03612,Medium,Yes,OwnBrand,Injectable,INJ1,FR,47465,PLANT_PARENTERAL,High,HEP5000SC,Units
BATCH02547,Medium,No,OwnBrand,Tablet,TL3,FR,269779,PLANT_SOLIDS,Medium,IBUP400TAB,TabletsCaps
BATCH09977,Medium,Yes,OwnBrand,Device,DEV2,DE,3700,PLANT_SPECIAL,Medium,INSUPEN,Units
BATCH02563,Low,No,Contract,Device,DEV2,UK,9160,PLANT_SPECIAL,Medium,INHALER,Units
BATCH01081,Low,No,OwnBrand,Hormonal,HORM2,PT,12712,PLANT_SPECIAL,Medium,EE30TAB,Units
BATCH06086,Low,No,Contract,Device,DEV2,UK,23672,PLANT_SPECIAL,Medium,INHALER,Units
BATCH08891,Medium,No,OwnBrand,Device,DEV1,DE,9235,PLANT_SPECIAL,Low,INSUPEN,Units
BATCH02650,Medium,Yes,OwnBrand,Tablet,TL2,FR,183633,PLANT_SOLIDS,Medium,IBUP400TAB,TabletsCaps
BATCH07953,High,No,Contract,Capsule,CL2,DE,358266,PLANT_SOLIDS,High,AMOX500CAP,TabletsCaps
BATCH06786,Low,Yes,OwnBrand,Capsule,CL2,IT,481302,PLANT_SOLIDS,Medium,OMEP20CAP,TabletsCaps
BATCH06505,Low,No,Contract,Device,DEV2,UK,1691,PLANT_SPECIAL,Medium,INHALER,Units
BATCH07439,High,Yes,Contract,Injectable,INJ2,UK,29524,PLANT_PARENTERAL,Medium,CEF1GIV,Units
BATCH02804,High,No,Contract,Capsule,CL1,DE,437325,PLANT_SOLIDS,Medium,AMOX500CAP,TabletsCaps
BATCH03808,Low,No,OwnBrand,Tablet,TL3,ES,193212,PLANT_SOLIDS,Low,PARA500TAB,TabletsCaps
BATCH02783,Low,No,OwnBrand,Capsule,CL1,IT,50747,PLANT_SOLIDS,Medium,OMEP20CAP,TabletsCaps
BATCH00122,Low,No,Contract,Device,DEV2,UK,22111,PLANT_SPECIAL,Medium,INHALER,Units
BATCH07954,High,No,Contract,Injectable,INJ1,UK,12740,PLANT_PARENTERAL,Medium,CEF1GIV,Units
BATCH05461,Low,No,OwnBrand,Capsule,CL2,IT,278120,PLANT_SOLIDS,High,OMEP20CAP,TabletsCaps
BATCH00930,Low,Yes,Contract,Device,DEV1,UK,30515,PLANT_SPECIAL,Medium,INHALER,Units
BATCH02048,Medium,No,OwnBrand,Tablet,TL2,FR,428111,PLANT_SOLIDS,Low,IBUP400TAB,TabletsCaps
BATCH06038,Medium,Yes,Contract,Hormonal,HORM2,ES,27552,PLANT_SPECIAL,Medium,LEVOHORMIMPL,Units
BATCH09976,Medium,No,OwnBrand,Tablet,TL1,FR,328621,PLANT_SOLIDS,Low,IBUP400TAB,TabletsCaps
BATCH00526,Medium,Yes,Contract,Hormonal,HORM2,ES,4582,PLANT_SPECIAL,Low,LEVOHORMIMPL,Units
BATCH06659,High,Yes,Contract,Injectable,INJ2,UK,14586,PLANT_PARENTERAL,Medium,CEF1GIV,Units
BATCH03617,Low,No,OwnBrand,Capsule,CL1,IT,414651,PLANT_SOLIDS,Low,OMEP20CAP,TabletsCaps
BATCH08533,Medium,No,OwnBrand,Tablet,TL3,FR,249385,PLANT_SOLIDS,Low,IBUP400TAB,TabletsCaps
BATCH02352,Medium,No,OwnBrand,Tablet,TL1,FR,373068,PLANT_SOLIDS,Low,IBUP400TAB,TabletsCaps
BATCH00802,High,Yes,Contract,Injectable,INJ1,UK,10916,PLANT_PARENTERAL,Medium,CEF1GIV,Units
BATCH06690,Medium,No,OwnBrand,Tablet,TL1,FR,98892,PLANT_SOLIDS,Medium,IBUP400TAB,TabletsCaps
BATCH09730,Medium,No,OwnBrand,Injectable,INJ2,FR,30041,PLANT_PARENTERAL,Medium,HEP5000SC,Units
BATCH09651,Low,No,OwnBrand,Capsule,CL2,IT,496796,PLANT_SOLIDS,Medium,OMEP20CAP,TabletsCaps
BATCH02418,Medium,No,Contract,Hormonal,HORM1,ES,46218,PLANT_SPECIAL,Low,LEVOHORMIMPL,Units
BATCH03423,Medium,No,OwnBrand,Device,DEV2,DE,17246,PLANT_SPECIAL,Medium,INSUPEN,Units
BATCH07426,Medium,Yes,OwnBrand,Injectable,INJ2,FR,30041,PLANT_PARENTERAL,Medium,HEP5000SC,Units
BATCH09905,Low,Yes,Contract,Device,DEV1,UK,34453,PLANT_SPECIAL,Low,INHALER,Units
BATCH02918,High,Yes,Contract,Injectable,INJ1,UK,7049,PLANT_PARENTERAL,High,CEF1GIV,Units
BATCH07479,Low,No,OwnBrand,Tablet,TL1,ES,234910,PLANT_SOLIDS,Medium,PARA500TAB,TabletsCaps
BATCH03946,Medium,No,Contract,Hormonal,HORM2,ES,46304,PLANT_SPECIAL,High,LEVOHORMIMPL,Units
BATCH00815,High,No,Contract,Capsule,CL1,DE,382065,PLANT_SOLIDS,Medium,AMOX500CAP,TabletsCaps
BATCH04943,Low,Yes,OwnBrand,Capsule,CL2,IT,196254,PLANT_SOLIDS,Low,OMEP20CAP,TabletsCaps
BATCH01715,Medium,No,OwnBrand,Injectable,INJ1,FR,36344,PLANT_PARENTERAL,High,HEP5000SC,Units
BATCH04373,Low,No,OwnBrand,Capsule,CL2,IT,411813,PLANT_SOLIDS,Low,OMEP20CAP,TabletsCaps
BATCH03714,High,No,Contract,Injectable,INJ1,UK,13285,PLANT_PARENTERAL,Medium,CEF1GIV,Units
BATCH00220,High,No,Contract,Capsule,CL1,DE,72449,PLANT_SOLIDS,Low,AMOX500CAP,TabletsCaps
BATCH06936,Low,No,OwnBrand,Capsule,CL1,IT,125891,PLANT_SOLIDS,Medium,OMEP20CAP,TabletsCaps
BATCH00840,Low,Yes,OwnBrand,Hormonal,HORM2,PT,17101,PLANT_SPECIAL,Medium,EE30TAB,Units
BATCH05938,High,No,Contract,Injectable,INJ1,UK,8139,PLANT_PARENTERAL,Medium,CEF1GIV,Units
BATCH05654,High,No,Contract,Capsule,CL2,DE,55413,PLANT_SOLIDS,Medium,AMOX500CAP,TabletsCaps
BATCH08519,Low,No,Contract,Device,DEV1,UK,12705,PLANT_SPECIAL,Medium,INHALER,Units
BATCH00501,Medium,No,OwnBrand,Injectable,INJ1,FR,45609,PLANT_PARENTERAL,Low,HEP5000SC,Units
BATCH04468,Medium,No,Contract,Hormonal,HORM1,ES,48181,PLANT_SPECIAL,Low,LEVOHORMIMPL,Units
BATCH08763,High,Yes,Contract,Injectable,INJ2,UK,3182,PLANT_PARENTERAL,Low,CEF1GIV,Units
BATCH04345,Medium,Yes,Contract,Hormonal,HORM1,ES,15054,PLANT_SPECIAL,Low,LEVOHORMIMPL,Units
BATCH00985,Low,No,OwnBrand,Capsule,CL1,IT,249376,PLANT_SOLIDS,Medium,OMEP20CAP,TabletsCaps
BATCH05824,Medium,No,OwnBrand,Device,DEV1,DE,3347,PLANT_SPECIAL,High,INSUPEN,Units
BATCH04155,Medium,Yes,OwnBrand,Injectable,INJ1,FR,21205,PLANT_PARENTERAL,Low,HEP5000SC,Units
BATCH09267,Medium,No,OwnBrand,Injectable,INJ2,FR,48317,PLANT_PARENTERAL,Medium,HEP5000SC,Units
BATCH05368,Low,No,OwnBrand,Tablet,TL2,ES,208822,PLANT_SOLIDS,Medium,PARA500TAB,TabletsCaps
BATCH00369,Low,No,OwnBrand,Capsule,CL1,IT,193258,PLANT_SOLIDS,Low,OMEP20CAP,TabletsCaps
BATCH02746,High,No,Contract,Injectable,INJ2,UK,42418,PLANT_PARENTERAL,Low,CEF1GIV,Units
BATCH05502,Medium,No,OwnBrand,Device,DEV2,DE,42089,PLANT_SPECIAL,High,INSUPEN,Units
BATCH04585,Low,No,OwnBrand,Capsule,CL1,IT,148655,PLANT_SOLIDS,High,OMEP20CAP,TabletsCaps
BATCH07965,Medium,No,OwnBrand,Device,DEV2,DE,43587,PLANT_SPECIAL,Medium,INSUPEN,Units
BATCH09831,High,No,Contract,Capsule,CL1,DE,88966,PLANT_SOLIDS,Low,AMOX500CAP,TabletsCaps
BATCH02530,High,Yes,Contract,Capsule,CL2,DE,285889,PLANT_SOLIDS,Medium,AMOX500CAP,TabletsCaps
BATCH06480,Low,No,OwnBrand,Tablet,TL1,ES,247232,PLANT_SOLIDS,High,PARA500TAB,TabletsCaps
BATCH05646,High,No,Contract,Capsule,CL2,DE,211839,PLANT_SOLIDS,Low,AMOX500CAP,TabletsCaps
BATCH05337,Medium,No,OwnBrand,Device,DEV2,DE,8292,PLANT_SPECIAL,Medium,INSUPEN,Units
BATCH08976,Low,No,Contract,Device,DEV1,UK,32314,PLANT_SPECIAL,Medium,INHALER,Units
BATCH05690,Low,No,OwnBrand,Tablet,TL2,ES,300445,PLANT_SOLIDS,High,PARA500TAB,TabletsCaps
BATCH06672,Medium,No,OwnBrand,Injectable,INJ1,FR,49980,PLANT_PARENTERAL,Medium,HEP5000SC,Units
BATCH04623,Medium,No,OwnBrand,Injectable,INJ1,FR,49625,PLANT_PARENTERAL,Medium,HEP5000SC,Units
BATCH06891,High,Yes,Contract,Injectable,INJ2,UK,4690,PLANT_PARENTERAL,Low,CEF1GIV,Units
BATCH03600,Low,No,OwnBrand,Capsule,CL2,IT,342507,PLANT_SOLIDS,High,OMEP20CAP,TabletsCaps
BATCH03151,High,Yes,Contract,Injectable,INJ1,UK,40013,PLANT_PARENTERAL,Medium,CEF1GIV,Units
BATCH06788,Medium,No,OwnBrand,Tablet,TL3,FR,262033,PLANT_SOLIDS,Medium,IBUP400TAB,TabletsCaps
BATCH03391,Low,No,OwnBrand,Capsule,CL1,IT,278582,PLANT_SOLIDS,High,OMEP20CAP,TabletsCaps
BATCH05543,High,No,Contract,Capsule,CL2,DE,270879,PLANT_SOLIDS,High,AMOX500CAP,TabletsCaps
BATCH09870,Low,No,OwnBrand,Tablet,TL3,ES,394930,PLANT_SOLIDS,Medium,PARA500TAB,TabletsCaps
BATCH08824,High,No,Contract,Injectable,INJ1,UK,2003,PLANT_PARENTERAL,High,CEF1GIV,Units
BATCH00527,Medium,No,Contract,Hormonal,HORM2,ES,17702,PLANT_SPECIAL,High,LEVOHORMIMPL,Units
BATCH05101,Medium,Yes,OwnBrand,Device,DEV1,DE,39430,PLANT_SPECIAL,High,INSUPEN,Units
BATCH05551,High,No,Contract,Injectable,INJ2,UK,46619,PLANT_PARENTERAL,Medium,CEF1GIV,Units
BATCH03428,Low,No,OwnBrand,Tablet,TL3,ES,164262,PLANT_SOLIDS,High,PARA500TAB,TabletsCaps
BATCH05045,High,No,Contract,Injectable,INJ2,UK,35611,PLANT_PARENTERAL,Medium,CEF1GIV,Units
BATCH05643,Low,No,OwnBrand,Capsule,CL1,IT,63694,PLANT_SOLIDS,Medium,OMEP20CAP,TabletsCaps
BATCH02764,Medium,No,OwnBrand,Injectable,INJ1,FR,46540,PLANT_PARENTERAL,Medium,HEP5000SC,Units
BATCH04443,Medium,No,OwnBrand,Tablet,TL3,FR,445861,PLANT_SOLIDS,High,IBUP400TAB,TabletsCaps
BATCH04245,Low,No,OwnBrand,Tablet,TL2,ES,193364,PLANT_SOLIDS,Medium,PARA500TAB,TabletsCaps
BATCH01495,Medium,Yes,OwnBrand,Injectable,INJ2,FR,9459,PLANT_PARENTERAL,Medium,HEP5000SC,Units
BATCH00081,Medium,No,OwnBrand,Injectable,INJ2,FR,35048,PLANT_PARENTERAL,Medium,HEP5000SC,Units
BATCH08717,Medium,Yes,OwnBrand,Device,DEV1,DE,2919,PLANT_SPECIAL,Medium,INSUPEN,Units
BATCH00170,Medium,Yes,Contract,Hormonal,HORM2,ES,1868,PLANT_SPECIAL,High,LEVOHORMIMPL,Units
BATCH09315,Low,No,OwnBrand,Hormonal,HORM2,PT,41269,PLANT_SPECIAL,Medium,EE30TAB,Units
BATCH07849,Medium,No,OwnBrand,Tablet,TL2,FR,252439,PLANT_SOLIDS,Low,IBUP400TAB,TabletsCaps
BATCH01083,Low,No,OwnBrand,Capsule,CL2,IT,295514,PLANT_SOLIDS,Medium,OMEP20CAP,TabletsCaps
BATCH07970,High,No,Contract,Capsule,CL2,DE,272884,PLANT_SOLIDS,Medium,AMOX500CAP,TabletsCaps
BATCH05833,Low,No,OwnBrand,Capsule,CL2,IT,155419,PLANT_SOLIDS,Low,OMEP20CAP,TabletsCaps
BATCH09668,Low,Yes,OwnBrand,Capsule,CL2,IT,492762,PLANT_SOLIDS,Low,OMEP20CAP,TabletsCaps
BATCH00978,Medium,No,OwnBrand,Device,DEV1,DE,21751,PLANT_SPECIAL,High,INSUPEN,Units
BATCH04434,Low,No,OwnBrand,Tablet,TL1,ES,375095,PLANT_SOLIDS,Medium,PARA500TAB,TabletsCaps
BATCH05994,Low,No,OwnBrand,Tablet,TL2,ES,166928,PLANT_SOLIDS,Low,PARA500TAB,TabletsCaps
BATCH08646,Medium,No,OwnBrand,Tablet,TL3,FR,197960,PLANT_SOLIDS,High,IBUP400TAB,TabletsCaps
BATCH09237,High,No,Contract,Capsule,CL2,DE,444624,PLANT_SOLIDS,Low,AMOX500CAP,TabletsCaps
BATCH08995,Low,No,OwnBrand,Tablet,TL1,ES,408013,PLANT_SOLIDS,Medium,PARA500TAB,TabletsCaps
BATCH07747,Medium,No,OwnBrand,Tablet,TL3,FR,275473,PLANT_SOLIDS,Low,IBUP400TAB,TabletsCaps
BATCH00628,High,No,Contract,Injectable,INJ1,UK,48285,PLANT_PARENTERAL,High,CEF1GIV,Units
BATCH06468,Low,Yes,OwnBrand,Tablet,TL2,ES,241519,PLANT_SOLIDS,Low,PARA500TAB,TabletsCaps
BATCH06533,Medium,No,OwnBrand,Tablet,TL3,FR,294154,PLANT_SOLIDS,Medium,IBUP400TAB,TabletsCaps
BATCH09872,Low,No,Contract,Device,DEV1,UK,42380,PLANT_SPECIAL,Medium,INHALER,Units
BATCH02597,Medium,No,Contract,Hormonal,HORM2,ES,48662,PLANT_SPECIAL,Medium,LEVOHORMIMPL,Units
BATCH00476,Low,No,OwnBrand,Tablet,TL1,ES,97876,PLANT_SOLIDS,High,PARA500TAB,TabletsCaps
BATCH01600,Low,No,OwnBrand,Capsule,CL2,IT,320828,PLANT_SOLIDS,High,OMEP20CAP,TabletsCaps
BATCH02726,Low,No,OwnBrand,Hormonal,HORM2,PT,11443,PLANT_SPECIAL,Medium,EE30TAB,Units
BATCH04581,Low,No,OwnBrand,Tablet,TL1,ES,221520,PLANT_SOLIDS,Medium,PARA500TAB,TabletsCaps
BATCH07806,Low,No,OwnBrand,Capsule,CL1,IT,234369,PLANT_SOLIDS,Medium,OMEP20CAP,TabletsCaps
BATCH02946,High,No,Contract,Injectable,INJ2,UK,5146,PLANT_PARENTERAL,Medium,CEF1GIV,Units
BATCH04111,Medium,Yes,OwnBrand,Injectable,INJ2,FR,34076,PLANT_PARENTERAL,Medium,HEP5000SC,Units
BATCH01866,Low,No,OwnBrand,Hormonal,HORM1,PT,13529,PLANT_SPECIAL,Medium,EE30TAB,Units
BATCH05734,Low,No,OwnBrand,Hormonal,HORM1,PT,4235,PLANT_SPECIAL,Medium,EE30TAB,Units
BATCH01431,Medium,No,OwnBrand,Tablet,TL2,FR,485600,PLANT_SOLIDS,Medium,IBUP400TAB,TabletsCaps
BATCH00976,Low,No,OwnBrand,Capsule,CL1,IT,305675,PLANT_SOLIDS,High,OMEP20CAP,TabletsCaps
BATCH01176,Medium,No,OwnBrand,Injectable,INJ1,FR,46266,PLANT_PARENTERAL,Medium,HEP5000SC,Units
BATCH07863,Medium,No,OwnBrand,Device,DEV2,DE,5632,PLANT_SPECIAL,Medium,INSUPEN,Units
BATCH07609,Low,Yes,OwnBrand,Hormonal,HORM1,PT,4615,PLANT_SPECIAL,Medium,EE30TAB,Units
BATCH02066,Medium,Yes,OwnBrand,Device,DEV2,DE,49922,PLANT_SPECIAL,Medium,INSUPEN,Units
BATCH00769,Medium,Yes,OwnBrand,Injectable,INJ1,FR,26611,PLANT_PARENTERAL,Medium,HEP5000SC,Units
BATCH05642,Medium,No,Contract,Hormonal,HORM1,ES,47928,PLANT_SPECIAL,Low,LEVOHORMIMPL,Units
BATCH00950,Low,No,Contract,Device,DEV1,UK,12881,PLANT_SPECIAL,Low,INHALER,Units
BATCH07759,Low,No,OwnBrand,Capsule,CL1,IT,466505,PLANT_SOLIDS,Low,OMEP20CAP,TabletsCaps
BATCH06926,Low,Yes,OwnBrand,Capsule,CL2,IT,144273,PLANT_SOLIDS,High,OMEP20CAP,TabletsCaps
BATCH07991,Low,Yes,OwnBrand,Tablet,TL3,ES,378332,PLANT_SOLIDS,Medium,PARA500TAB,TabletsCaps
BATCH03747,Medium,No,OwnBrand,Injectable,INJ1,FR,40228,PLANT_PARENTERAL,High,HEP5000SC,Units
BATCH06272,Low,No,OwnBrand,Hormonal,HORM2,PT,14222,PLANT_SPECIAL,Medium,EE30TAB,Units
BATCH01667,Low,No,OwnBrand,Capsule,CL2,IT,116177,PLANT_SOLIDS,High,OMEP20CAP,TabletsCaps
BATCH07687,Medium,No,OwnBrand,Tablet,TL1,FR,438011,PLANT_SOLIDS,Medium,IBUP400TAB,TabletsCaps
BATCH06577,High,No,Contract,Capsule,CL1,DE,53258,PLANT_SOLIDS,Medium,AMOX500CAP,TabletsCaps
BATCH08406,Medium,No,OwnBrand,Device,DEV1,DE,21545,PLANT_SPECIAL,High,INSUPEN,Units
BATCH02083,Medium,Yes,Contract,Hormonal,HORM1,ES,13023,PLANT_SPECIAL,Low,LEVOHORMIMPL,Units
BATCH00423,Medium,Yes,OwnBrand,Tablet,TL1,FR,329474,PLANT_SOLIDS,Medium,IBUP400TAB,TabletsCaps
BATCH06394,Medium,No,OwnBrand,Device,DEV1,DE,19718,PLANT_SPECIAL,Medium,INSUPEN,Units
BATCH06246,High,No,Contract,Injectable,INJ2,UK,36070,PLANT_PARENTERAL,Low,CEF1GIV,Units
BATCH00514,Medium,No,OwnBrand,Device,DEV2,DE,43775,PLANT_SPECIAL,Medium,INSUPEN,Units
BATCH07615,Medium,No,Contract,Hormonal,HORM1,ES,24393,PLANT_SPECIAL,Medium,LEVOHORMIMPL,Units
BATCH06726,High,No,Contract,Injectable,INJ1,UK,38651,PLANT_PARENTERAL,Medium,CEF1GIV,Units
BATCH02802,Low,Yes,Contract,Device,DEV1,UK,29583,PLANT_SPECIAL,Low,INHALER,Units
BATCH01720,Medium,Yes,Contract,Hormonal,HORM1,ES,27423,PLANT_SPECIAL,High,LEVOHORMIMPL,Units
BATCH08549,Low,No,OwnBrand,Tablet,TL2,ES,349739,PLANT_SOLIDS,Medium,PARA500TAB,TabletsCaps
BATCH01774,Low,No,OwnBrand,Hormonal,HORM1,PT,1264,PLANT_SPECIAL,High,EE30TAB,Units
BATCH06011,Medium,No,OwnBrand,Injectable,INJ1,FR,32342,PLANT_PARENTERAL,Low,HEP5000SC,Units
BATCH09005,High,No,Contract,Capsule,CL1,DE,207493,PLANT_SOLIDS,Medium,AMOX500CAP,TabletsCaps
BATCH09506,Low,No,OwnBrand,Capsule,CL2,IT,272792,PLANT_SOLIDS,Medium,OMEP20CAP,TabletsCaps
BATCH09205,Medium,No,OwnBrand,Injectable,INJ2,FR,18919,PLANT_PARENTERAL,High,HEP5000SC,Units
BATCH07657,Low,No,Contract,Device,DEV1,UK,26115,PLANT_SPECIAL,Low,INHALER,Units
BATCH00218,Low,No,OwnBrand,Tablet,TL2,ES,118573,PLANT_SOLIDS,Low,PARA500TAB,TabletsCaps
BATCH08776,Medium,Yes,OwnBrand,Device,DEV1,DE,20533,PLANT_SPECIAL,Low,INSUPEN,Units
BATCH01042,Medium,Yes,OwnBrand,Tablet,TL2,FR,257799,PLANT_SOLIDS,Medium,IBUP400TAB,TabletsCaps
BATCH00094,Medium,Yes,OwnBrand,Device,DEV1,DE,18362,PLANT_SPECIAL,Medium,INSUPEN,Units
BATCH05632,Medium,No,OwnBrand,Device,DEV1,DE,28206,PLANT_SPECIAL,Low,INSUPEN,Units
BATCH04119,Low,No,OwnBrand,Capsule,CL2,IT,260158,PLANT_SOLIDS,Low,OMEP20CAP,TabletsCaps
BATCH06780,Low,No,Contract,Device,DEV2,UK,26739,PLANT_SPECIAL,Medium,INHALER,Units
BATCH03504,Low,No,Contract,Device,DEV1,UK,23285,PLANT_SPECIAL,High,INHALER,Units
BATCH02220,Low,No,OwnBrand,Capsule,CL2,IT,492050,PLANT_SOLIDS,Medium,OMEP20CAP,TabletsCaps
BATCH02717,High,No,Contract,Injectable,INJ1,UK,5832,PLANT_PARENTERAL,Medium,CEF1GIV,Units
BATCH06437,Low,Yes,Contract,Device,DEV2,UK,48479,PLANT_SPECIAL,Medium,INHALER,Units
BATCH03007,Medium,No,Contract,Hormonal,HORM1,ES,2748,PLANT_SPECIAL,Medium,LEVOHORMIMPL,Units
BATCH02100,High,Yes,Contract,Capsule,CL1,DE,120833,PLANT_SOLIDS,High,AMOX500CAP,TabletsCaps
BATCH03606,High,No,Contract,Injectable,INJ1,UK,34917,PLANT_PARENTERAL,Medium,CEF1GIV,Units
BATCH00456,Medium,No,Contract,Hormonal,HORM1,ES,27563,PLANT_SPECIAL,Medium,LEVOHORMIMPL,Units
BATCH03614,High,No,Contract,Capsule,CL2,DE,212759,PLANT_SOLIDS,Medium,AMOX500CAP,TabletsCaps
BATCH08582,Medium,Yes,OwnBrand,Injectable,INJ2,FR,9904,PLANT_PARENTERAL,Medium,HEP5000SC,Units
BATCH08185,High,No,Contract,Injectable,INJ1,UK,10749,PLANT_PARENTERAL,Medium,CEF1GIV,Units
BATCH01952,High,No,Contract,Capsule,CL1,DE,186812,PLANT_SOLIDS,Medium,AMOX500CAP,TabletsCaps
BATCH03013,Medium,Yes,Contract,Hormonal,HORM2,ES,43391,PLANT_SPECIAL,Medium,LEVOHORMIMPL,Units
BATCH04764,Low,No,OwnBrand,Hormonal,HORM2,PT,15019,PLANT_SPECIAL,Low,EE30TAB,Units
BATCH01182,Low,Yes,OwnBrand,Capsule,CL1,IT,289041,PLANT_SOLIDS,High,OMEP20CAP,TabletsCaps
BATCH07809,Low,Yes,Contract,Device,DEV2,UK,19638,PLANT_SPECIAL,High,INHALER,Units
BATCH04271,Medium,No,OwnBrand,Device,DEV2,DE,39962,PLANT_SPECIAL,Medium,INSUPEN,Units
BATCH02349,High,No,Contract,Injectable,INJ2,UK,39587,PLANT_PARENTERAL,High,CEF1GIV,Units
BATCH04598,Medium,No,OwnBrand,Device,DEV1,DE,37657,PLANT_SPECIAL,Low,INSUPEN,Units
BATCH08219,Low,No,Contract,Device,DEV2,UK,41484,PLANT_SPECIAL,Low,INHALER,Units
BATCH04100,Medium,No,Contract,Hormonal,HORM1,ES,38077,PLANT_SPECIAL,Medium,LEVOHORMIMPL,Units
BATCH02190,Medium,No,OwnBrand,Device,DEV1,DE,40319,PLANT_SPECIAL,Medium,INSUPEN,Units
BATCH09879,Medium,No,OwnBrand,Device,DEV1,DE,11780,PLANT_SPECIAL,Low,INSUPEN,Units
BATCH01260,Low,No,Contract,Device,DEV1,UK,21051,PLANT_SPECIAL,Medium,INHALER,Units
BATCH06834,Medium,No,OwnBrand,Device,DEV1,DE,19667,PLANT_SPECIAL,Low,INSUPEN,Units
BATCH08354,Medium,No,Contract,Hormonal,HORM2,ES,16431,PLANT_SPECIAL,High,LEVOHORMIMPL,Units
BATCH06288,Medium,No,OwnBrand,Tablet,TL3,FR,391642,PLANT_SOLIDS,Low,IBUP400TAB,TabletsCaps
BATCH01714,High,Yes,Contract,Injectable,INJ2,UK,41945,PLANT_PARENTERAL,Medium,CEF1GIV,Units
BATCH06294,High,No,Contract,Injectable,INJ2,UK,42681,PLANT_PARENTERAL,Medium,CEF1GIV,Units
BATCH07669,High,No,Contract,Capsule,CL2,DE,246282,PLANT_SOLIDS,Low,AMOX500CAP,TabletsCaps
BATCH08545,Low,Yes,OwnBrand,Hormonal,HORM2,PT,13740,PLANT_SPECIAL,Medium,EE30TAB,Units
BATCH07763,Low,Yes,OwnBrand,Capsule,CL2,IT,85240,PLANT_SOLIDS,Low,OMEP20CAP,TabletsCaps
BATCH03873,Medium,No,OwnBrand,Injectable,INJ1,FR,26287,PLANT_PARENTERAL,Low,HEP5000SC,Units
BATCH05218,High,No,Contract,Capsule,CL2,DE,115809,PLANT_SOLIDS,Low,AMOX500CAP,TabletsCaps
BATCH02683,Medium,No,OwnBrand,Injectable,INJ1,FR,22124,PLANT_PARENTERAL,Medium,HEP5000SC,Units
BATCH02253,Low,No,OwnBrand,Tablet,TL1,ES,471946,PLANT_SOLIDS,Medium,PARA500TAB,TabletsCaps
BATCH04978,High,No,Contract,Injectable,INJ2,UK,2187,PLANT_PARENTERAL,High,CEF1GIV,Units
BATCH07971,Low,No,Contract,Device,DEV2,UK,21596,PLANT_SPECIAL,Medium,INHALER,Units
BATCH08615,High,No,Contract,Injectable,INJ2,UK,30407,PLANT_PARENTERAL,High,CEF1GIV,Units
BATCH06374,Medium,No,OwnBrand,Tablet,TL1,FR,414233,PLANT_SOLIDS,Medium,IBUP400TAB,TabletsCaps
BATCH07225,High,No,Contract,Injectable,INJ2,UK,21707,PLANT_PARENTERAL,Medium,CEF1GIV,Units
BATCH05822,Low,Yes,Contract,Device,DEV2,UK,46898,PLANT_SPECIAL,Medium,INHALER,Units
BATCH07810,Low,No,Contract,Device,DEV1,UK,10322,PLANT_SPECIAL,Low,INHALER,Units
BATCH07726,Medium,No,OwnBrand,Tablet,TL2,FR,163067,PLANT_SOLIDS,High,IBUP400TAB,TabletsCaps
BATCH05295,Low,No,OwnBrand,Hormonal,HORM1,PT,37897,PLANT_SPECIAL,Low,EE30TAB,Units
BATCH03788,Medium,No,OwnBrand,Device,DEV1,DE,8883,PLANT_SPECIAL,Medium,INSUPEN,Units
BATCH00775,Low,No,OwnBrand,Capsule,CL1,IT,265969,PLANT_SOLIDS,Low,OMEP20CAP,TabletsCaps
BATCH06163,Medium,No,OwnBrand,Tablet,TL3,FR,321534,PLANT_SOLIDS,Medium,IBUP400TAB,TabletsCaps
BATCH08375,Medium,Yes,OwnBrand,Injectable,INJ1,FR,36051,PLANT_PARENTERAL,Medium,HEP5000SC,Units
BATCH03615,Low,Yes,Contract,Device,DEV2,UK,12593,PLANT_SPECIAL,Medium,INHALER,Units
BATCH06348,Medium,Yes,OwnBrand,Tablet,TL1,FR,82352,PLANT_SOLIDS,Medium,IBUP400TAB,TabletsCaps
BATCH04158,Medium,Yes,OwnBrand,Tablet,TL3,FR,225134,PLANT_SOLIDS,High,IBUP400TAB,TabletsCaps
BATCH04941,Low,Yes,OwnBrand,Tablet,TL2,ES,351268,PLANT_SOLIDS,Medium,PARA500TAB,TabletsCaps
BATCH04797,Low,No,OwnBrand,Tablet,TL2,ES,197342,PLANT_SOLIDS,Low,PARA500TAB,TabletsCaps
BATCH09334,High,No,Contract,Capsule,CL1,DE,81874,PLANT_SOLIDS,Medium,AMOX500CAP,TabletsCaps
BATCH04620,High,No,Contract,Injectable,INJ1,UK,25127,PLANT_PARENTERAL,High,CEF1GIV,Units
BATCH06625,Low,No,Contract,Device,DEV1,UK,33825,PLANT_SPECIAL,Low,INHALER,Units
BATCH05457,Medium,No,Contract,Hormonal,HORM2,ES,12541,PLANT_SPECIAL,Low,LEVOHORMIMPL,Units
BATCH08988,Low,No,OwnBrand,Capsule,CL1,IT,267778,PLANT_SOLIDS,Medium,OMEP20CAP,TabletsCaps
BATCH02116,High,Yes,Contract,Capsule,CL1,DE,330925,PLANT_SOLIDS,Low,AMOX500CAP,TabletsCaps
BATCH01492,Low,Yes,OwnBrand,Capsule,CL2,IT,326755,PLANT_SOLIDS,Low,OMEP20CAP,TabletsCaps
BATCH02988,Low,No,OwnBrand,Tablet,TL3,ES,319753,PLANT_SOLIDS,Medium,PARA500TAB,TabletsCaps
BATCH04961,Low,No,OwnBrand,Hormonal,HORM2,PT,42478,PLANT_SPECIAL,Medium,EE30TAB,Units
BATCH07548,High,Yes,Contract,Injectable,INJ2,UK,49732,PLANT_PARENTERAL,Medium,CEF1GIV,Units
BATCH02164,Medium,No,OwnBrand,Injectable,INJ2,FR,38384,PLANT_PARENTERAL,Low,HEP5000SC,Units
BATCH09020,High,No,Contract,Injectable,INJ2,UK,18777,PLANT_PARENTERAL,Medium,CEF1GIV,Units
BATCH07387,Low,No,OwnBrand,Tablet,TL2,ES,320116,PLANT_SOLIDS,High,PARA500TAB,TabletsCaps
BATCH05788,Medium,No,OwnBrand,Tablet,TL2,FR,135908,PLANT_SOLIDS,Medium,IBUP400TAB,TabletsCaps
BATCH08900,Medium,No,OwnBrand,Injectable,INJ2,FR,41000,PLANT_PARENTERAL,Low,HEP5000SC,Units
BATCH01902,Medium,No,Contract,Hormonal,HORM1,ES,27111,PLANT_SPECIAL,Medium,LEVOHORMIMPL,Units
BATCH00114,Low,No,OwnBrand,Hormonal,HORM1,PT,33449,PLANT_SPECIAL,High,EE30TAB,Units
BATCH07305,Low,Yes,OwnBrand,Tablet,TL1,ES,75717,PLANT_SOLIDS,High,PARA500TAB,TabletsCaps
BATCH07458,Low,No,Contract,Device,DEV1,UK,6832,PLANT_SPECIAL,Medium,INHALER,Units
BATCH02264,Medium,Yes,OwnBrand,Device,DEV1,DE,44380,PLANT_SPECIAL,Medium,INSUPEN,Units
BATCH00373,Medium,No,OwnBrand,Injectable,INJ1,FR,12447,PLANT_PARENTERAL,Medium,HEP5000SC,Units
BATCH06991,Medium,Yes,OwnBrand,Tablet,TL2,FR,67719,PLANT_SOLIDS,Low,IBUP400TAB,TabletsCaps
BATCH06508,Low,No,Contract,Device,DEV2,UK,43402,PLANT_SPECIAL,Medium,INHALER,Units
BATCH05479,Medium,Yes,OwnBrand,Device,DEV2,DE,42974,PLANT_SPECIAL,High,INSUPEN,Units
BATCH06313,Low,Yes,OwnBrand,Tablet,TL1,ES,291192,PLANT_SOLIDS,High,PARA500TAB,TabletsCaps
BATCH07330,Low,No,Contract,Device,DEV2,UK,10836,PLANT_SPECIAL,High,INHALER,Units
BATCH00280,High,No,Contract,Capsule,CL1,DE,62129,PLANT_SOLIDS,Low,AMOX500CAP,TabletsCaps
BATCH07213,Low,Yes,OwnBrand,Tablet,TL1,ES,485638,PLANT_SOLIDS,Medium,PARA500TAB,TabletsCaps
BATCH08437,Low,No,OwnBrand,Tablet,TL2,ES,454450,PLANT_SOLIDS,Medium,PARA500TAB,TabletsCaps
BATCH09472,Low,No,Contract,Device,DEV2,UK,21875,PLANT_SPECIAL,High,INHALER,Units
BATCH06829,Low,No,OwnBrand,Hormonal,HORM2,PT,22670,PLANT_SPECIAL,High,EE30TAB,Units
BATCH05892,Medium,No,OwnBrand,Injectable,INJ1,FR,15880,PLANT_PARENTERAL,Medium,HEP5000SC,Units
BATCH00044,Medium,No,OwnBrand,Injectable,INJ1,FR,3494,PLANT_PARENTERAL,Medium,HEP5000SC,Units
BATCH06866,Low,No,Contract,Device,DEV2,UK,11139,PLANT_SPECIAL,Low,INHALER,Units
BATCH06635,High,No,Contract,Capsule,CL1,DE,291990,PLANT_SOLIDS,Low,AMOX500CAP,TabletsCaps
BATCH00931,High,No,Contract,Injectable,INJ1,UK,48902,PLANT_PARENTERAL,High,CEF1GIV,Units
BATCH03141,High,No,Contract,Capsule,CL1,DE,304095,PLANT_SOLIDS,Medium,AMOX500CAP,TabletsCaps
BATCH07781,Low,No,OwnBrand,Tablet,TL2,ES,143466,PLANT_SOLIDS,Medium,PARA500TAB,TabletsCaps
BATCH00392,Medium,Yes,OwnBrand,Device,DEV1,DE,44378,PLANT_SPECIAL,High,INSUPEN,Units
BATCH01619,Medium,Yes,OwnBrand,Injectable,INJ2,FR,1268,PLANT_PARENTERAL,Low,HEP5000SC,Units
BATCH09766,Low,No,OwnBrand,Tablet,TL2,ES,128663,PLANT_SOLIDS,Low,PARA500TAB,TabletsCaps
BATCH03936,High,No,Contract,Injectable,INJ1,UK,1394,PLANT_PARENTERAL,Medium,CEF1GIV,Units
BATCH02222,Low,Yes,OwnBrand,Capsule,CL1,IT,265329,PLANT_SOLIDS,Medium,OMEP20CAP,TabletsCaps
BATCH09996,Medium,Yes,OwnBrand,Tablet,TL1,FR,427255,PLANT_SOLIDS,Low,IBUP400TAB,TabletsCaps
BATCH01501,Medium,No,OwnBrand,Device,DEV2,DE,32993,PLANT_SPECIAL,High,INSUPEN,Units
BATCH08229,Low,No,OwnBrand,Hormonal,HORM2,PT,23543,PLANT_SPECIAL,Medium,EE30TAB,Units
BATCH08594,Low,No,OwnBrand,Capsule,CL1,IT,461631,PLANT_SOLIDS,High,OMEP20CAP,TabletsCaps
BATCH01682,Low,No,OwnBrand,Hormonal,HORM1,PT,28935,PLANT_SPECIAL,Low,EE30TAB,Units
BATCH06898,Low,No,OwnBrand,Tablet,TL1,ES,171774,PLANT_SOLIDS,Low,PARA500TAB,TabletsCaps
BATCH04077,Low,No,OwnBrand,Capsule,CL1,IT,495766,PLANT_SOLIDS,High,OMEP20CAP,TabletsCaps
BATCH05987,Low,Yes,OwnBrand,Capsule,CL2,IT,494485,PLANT_SOLIDS,High,OMEP20CAP,TabletsCaps
BATCH07424,Medium,No,Contract,Hormonal,HORM1,ES,11315,PLANT_SPECIAL,High,LEVOHORMIMPL,Units
BATCH03724,Medium,No,Contract,Hormonal,HORM2,ES,34029,PLANT_SPECIAL,Medium,LEVOHORMIMPL,Units
BATCH01062,Low,No,OwnBrand,Tablet,TL3,ES,254924,PLANT_SOLIDS,Medium,PARA500TAB,TabletsCaps
BATCH05022,Low,No,OwnBrand,Capsule,CL2,IT,476332,PLANT_SOLIDS,High,OMEP20CAP,TabletsCaps
BATCH03088,Medium,No,OwnBrand,Injectable,INJ2,FR,48260,PLANT_PARENTERAL,Medium,HEP5000SC,Units
BATCH03138,High,Yes,Contract,Capsule,CL1,DE,214915,PLANT_SOLIDS,Medium,AMOX500CAP,TabletsCaps
BATCH00488,High,Yes,Contract,Capsule,CL2,DE,380461,PLANT_SOLIDS,Medium,AMOX500CAP,TabletsCaps
BATCH06028,Medium,Yes,OwnBrand,Device,DEV1,DE,11385,PLANT_SPECIAL,Medium,INSUPEN,Units
BATCH02779,Medium,No,OwnBrand,Device,DEV2,DE,40207,PLANT_SPECIAL,High,INSUPEN,Units
BATCH06128,High,No,Contract,Injectable,INJ1,UK,28080,PLANT_PARENTERAL,Low,CEF1GIV,Units
BATCH02893,Medium,No,OwnBrand,Device,DEV2,DE,20468,PLANT_SPECIAL,High,INSUPEN,Units
BATCH03477,Medium,No,OwnBrand,Injectable,INJ1,FR,4911,PLANT_PARENTERAL,Medium,HEP5000SC,Units
BATCH08283,Low,No,OwnBrand,Capsule,CL1,IT,65847,PLANT_SOLIDS,High,OMEP20CAP,TabletsCaps
BATCH08453,Low,No,Contract,Device,DEV1,UK,18271,PLANT_SPECIAL,High,INHALER,Units
BATCH04841,High,No,Contract,Injectable,INJ2,UK,22925,PLANT_PARENTERAL,Medium,CEF1GIV,Units
BATCH05104,High,No,Contract,Capsule,CL1,DE,489462,PLANT_SOLIDS,High,AMOX500CAP,TabletsCaps
BATCH01146,High,Yes,Contract,Capsule,CL1,DE,91152,PLANT_SOLIDS,High,AMOX500CAP,TabletsCaps
BATCH06141,Low,No,Contract,Device,DEV2,UK,28504,PLANT_SPECIAL,Low,INHALER,Units
BATCH06822,High,No,Contract,Capsule,CL1,DE,226937,PLANT_SOLIDS,Medium,AMOX500CAP,TabletsCaps
BATCH00973,Low,No,OwnBrand,Tablet,TL1,ES,281403,PLANT_SOLIDS,Medium,PARA500TAB,TabletsCaps
BATCH00637,Low,Yes,OwnBrand,Capsule,CL2,IT,227961,PLANT_SOLIDS,Low,OMEP20CAP,TabletsCaps
BATCH05816,Low,No,OwnBrand,Capsule,CL2,IT,214705,PLANT_SOLIDS,High,OMEP20CAP,TabletsCaps
BATCH04686,Medium,No,OwnBrand,Tablet,TL2,FR,306268,PLANT_SOLIDS,Medium,IBUP400TAB,TabletsCaps
BATCH07243,Low,No,Contract,Device,DEV2,UK,25824,PLANT_SPECIAL,Low,INHALER,Units
BATCH04702,High,Yes,Contract,Capsule,CL1,DE,396005,PLANT_SOLIDS,Medium,AMOX500CAP,TabletsCaps
BATCH07376,Low,No,OwnBrand,Tablet,TL3,ES,140521,PLANT_SOLIDS,Medium,PARA500TAB,TabletsCaps
BATCH05949,High,No,Contract,Injectable,INJ2,UK,25368,PLANT_PARENTERAL,Medium,CEF1GIV,Units
BATCH09798,Low,No,OwnBrand,Capsule,CL1,IT,122510,PLANT_SOLIDS,High,OMEP20CAP,TabletsCaps
BATCH00473,High,No,Contract,Injectable,INJ2,UK,36305,PLANT_PARENTERAL,Medium,CEF1GIV,Units
BATCH05529,High,No,Contract,Injectable,INJ1,UK,31298,PLANT_PARENTERAL,Medium,CEF1GIV,Units
BATCH08959,Low,No,OwnBrand,Hormonal,HORM2,PT,1324,PLANT_SPECIAL,Medium,EE30TAB,Units
BATCH07569,Low,No,OwnBrand,Capsule,CL1,IT,456368,PLANT_SOLIDS,High,OMEP20CAP,TabletsCaps
BATCH08259,Medium,No,OwnBrand,Injectable,INJ1,FR,47098,PLANT_PARENTERAL,High,HEP5000SC,Units
BATCH07785,Low,Yes,Contract,Device,DEV1,UK,20521,PLANT_SPECIAL,Low,INHALER,Units
BATCH01983,Low,No,OwnBrand,Hormonal,HORM1,PT,27122,PLANT_SPECIAL,Medium,EE30TAB,Units
BATCH02833,Medium,No,OwnBrand,Device,DEV2,DE,16827,PLANT_SPECIAL,Medium,INSUPEN,Units
BATCH09660,Low,No,OwnBrand,Tablet,TL2,ES,386502,PLANT_SOLIDS,Medium,PARA500TAB,TabletsCaps
BATCH02186,Low,No,OwnBrand,Capsule,CL2,IT,171695,PLANT_SOLIDS,Medium,OMEP20CAP,TabletsCaps
BATCH04461,Low,No,OwnBrand,Capsule,CL1,IT,366624,PLANT_SOLIDS,Medium,OMEP20CAP,TabletsCaps
BATCH09878,Medium,No,OwnBrand,Injectable,INJ1,FR,19143,PLANT_PARENTERAL,Medium,HEP5000SC,Units
BATCH09270,Low,No,Contract,Device,DEV2,UK,4574,PLANT_SPECIAL,Medium,INHALER,Units
BATCH00155,Medium,No,OwnBrand,Injectable,INJ1,FR,12640,PLANT_PARENTERAL,Medium,HEP5000SC,Units
BATCH04873,Low,No,OwnBrand,Tablet,TL3,ES,365692,PLANT_SOLIDS,Medium,PARA500TAB,TabletsCaps
BATCH05924,Low,No,OwnBrand,Tablet,TL1,ES,90418,PLANT_SOLIDS,High,PARA500TAB,TabletsCaps
BATCH05582,Medium,No,OwnBrand,Device,DEV2,DE,25084,PLANT_SPECIAL,Medium,INSUPEN,Units
BATCH03039,High,Yes,Contract,Injectable,INJ1,UK,45244,PLANT_PARENTERAL,Low,CEF1GIV,Units
BATCH04241,Low,Yes,OwnBrand,Hormonal,HORM1,PT,32121,PLANT_SPECIAL,High,EE30TAB,Units
BATCH08117,Low,No,OwnBrand,Capsule,CL2,IT,110582,PLANT_SOLIDS,Medium,OMEP20CAP,TabletsCaps
BATCH01674,Medium,No,OwnBrand,Device,DEV2,DE,14289,PLANT_SPECIAL,Medium,INSUPEN,Units
BATCH01605,Low,No,OwnBrand,Hormonal,HORM1,PT,13042,PLANT_SPECIAL,High,EE30TAB,Units
BATCH04193,Low,No,OwnBrand,Hormonal,HORM2,PT,5355,PLANT_SPECIAL,Low,EE30TAB,Units
BATCH02723,Medium,Yes,OwnBrand,Tablet,TL3,FR,79919,PLANT_SOLIDS,Medium,IBUP400TAB,TabletsCaps
BATCH09844,Medium,No,OwnBrand,Injectable,INJ2,FR,42853,PLANT_PARENTERAL,Medium,HEP5000SC,Units
BATCH04815,Low,No,OwnBrand,Hormonal,HORM2,PT,47880,PLANT_SPECIAL,High,EE30TAB,Units
BATCH00767,Low,No,Contract,Device,DEV1,UK,42125,PLANT_SPECIAL,Medium,INHALER,Units
BATCH03430,Low,No,OwnBrand,Capsule,CL2,IT,54590,PLANT_SOLIDS,High,OMEP20CAP,TabletsCaps
BATCH05750,High,No,Contract,Capsule,CL1,DE,189538,PLANT_SOLIDS,Medium,AMOX500CAP,TabletsCaps
BATCH01799,Medium,Yes,OwnBrand,Tablet,TL1,FR,243380,PLANT_SOLIDS,Medium,IBUP400TAB,TabletsCaps
BATCH02825,Low,No,OwnBrand,Hormonal,HORM1,PT,49801,PLANT_SPECIAL,Low,EE30TAB,Units
BATCH08661,High,No,Contract,Capsule,CL1,DE,209494,PLANT_SOLIDS,Medium,AMOX500CAP,TabletsCaps
BATCH00667,Medium,No,OwnBrand,Device,DEV1,DE,20707,PLANT_SPECIAL,High,INSUPEN,Units
BATCH01007,Low,Yes,OwnBrand,Tablet,TL1,ES,60929,PLANT_SOLIDS,Medium,PARA500TAB,TabletsCaps
BATCH03751,Low,No,OwnBrand,Capsule,CL2,IT,140495,PLANT_SOLIDS,Medium,OMEP20CAP,TabletsCaps
BATCH07142,Medium,No,Contract,Hormonal,HORM1,ES,33897,PLANT_SPECIAL,Medium,LEVOHORMIMPL,Units
BATCH04728,High,No,Contract,Injectable,INJ2,UK,23915,PLANT_PARENTERAL,Medium,CEF1GIV,Units
BATCH07614,Low,No,OwnBrand,Capsule,CL1,IT,187588,PLANT_SOLIDS,High,OMEP20CAP,TabletsCaps
BATCH04063,Low,No,Contract,Device,DEV1,UK,2770,PLANT_SPECIAL,High,INHALER,Units
BATCH09341,Medium,No,Contract,Hormonal,HORM2,ES,32302,PLANT_SPECIAL,High,LEVOHORMIMPL,Units
BATCH08609,High,No,Contract,Injectable,INJ1,UK,31793,PLANT_PARENTERAL,Low,CEF1GIV,Units
BATCH02617,Medium,No,Contract,Hormonal,HORM2,ES,41535,PLANT_SPECIAL,Low,LEVOHORMIMPL,Units
BATCH05666,Low,Yes,OwnBrand,Capsule,CL1,IT,285560,PLANT_SOLIDS,Low,OMEP20CAP,TabletsCaps
BATCH04877,Low,No,OwnBrand,Tablet,TL1,ES,454921,PLANT_SOLIDS,High,PARA500TAB,TabletsCaps
BATCH03637,Low,Yes,Contract,Device,DEV2,UK,24709,PLANT_SPECIAL,High,INHALER,Units
BATCH08905,High,No,Contract,Injectable,INJ1,UK,32843,PLANT_PARENTERAL,Medium,CEF1GIV,Units
BATCH03994,Low,Yes,OwnBrand,Tablet,TL2,ES,141552,PLANT_SOLIDS,Low,PARA500TAB,TabletsCaps
BATCH04050,High,Yes,Contract,Capsule,CL2,DE,187258,PLANT_SOLIDS,High,AMOX500CAP,TabletsCaps
BATCH09582,High,No,Contract,Capsule,CL2,DE,391125,PLANT_SOLIDS,Low,AMOX500CAP,TabletsCaps
BATCH08400,Medium,No,OwnBrand,Injectable,INJ1,FR,7806,PLANT_PARENTERAL,Medium,HEP5000SC,Units
BATCH00603,Low,No,OwnBrand,Capsule,CL2,IT,271756,PLANT_SOLIDS,Low,OMEP20CAP,TabletsCaps
BATCH08589,Medium,No,OwnBrand,Tablet,TL3,FR,372039,PLANT_SOLIDS,Low,IBUP400TAB,TabletsCaps
BATCH00023,Low,No,OwnBrand,Capsule,CL2,IT,406993,PLANT_SOLIDS,High,OMEP20CAP,TabletsCaps
BATCH04741,Medium,No,Contract,Hormonal,HORM1,ES,36052,PLANT_SPECIAL,Medium,LEVOHORMIMPL,Units
BATCH09528,Low,No,OwnBrand,Capsule,CL1,IT,343273,PLANT_SOLIDS,Low,OMEP20CAP,TabletsCaps
BATCH00003,High,No,Contract,Injectable,INJ2,UK,39674,PLANT_PARENTERAL,Medium,CEF1GIV,Units
BATCH06649,Medium,Yes,OwnBrand,Injectable,INJ1,FR,31653,PLANT_PARENTERAL,Medium,HEP5000SC,Units
BATCH05193,Medium,Yes,OwnBrand,Injectable,INJ1,FR,44277,PLANT_PARENTERAL,Medium,HEP5000SC,Units
BATCH00034,Medium,No,OwnBrand,Injectable,INJ2,FR,8078,PLANT_PARENTERAL,High,HEP5000SC,Units
BATCH01320,Low,No,OwnBrand,Hormonal,HORM2,PT,10312,PLANT_SPECIAL,Medium,EE30TAB,Units
BATCH05077,Low,No,Contract,Device,DEV1,UK,29125,PLANT_SPECIAL,Medium,INHALER,Units
BATCH03988,Low,Yes,Contract,Device,DEV1,UK,12036,PLANT_SPECIAL,Low,INHALER,Units
BATCH01368,Medium,No,OwnBrand,Injectable,INJ2,FR,6234,PLANT_PARENTERAL,Medium,HEP5000SC,Units
BATCH05992,Medium,Yes,Contract,Hormonal,HORM1,ES,10094,PLANT_SPECIAL,Medium,LEVOHORMIMPL,Units
BATCH09049,Low,No,OwnBrand,Tablet,TL3,ES,176822,PLANT_SOLIDS,Medium,PARA500TAB,TabletsCaps
BATCH05361,Medium,No,OwnBrand,Device,DEV1,DE,26319,PLANT_SPECIAL,High,INSUPEN,Units
BATCH08578,Medium,Yes,Contract,Hormonal,HORM1,ES,23103,PLANT_SPECIAL,Medium,LEVOHORMIMPL,Units
BATCH09057,Medium,No,OwnBrand,Tablet,TL3,FR,331135,PLANT_SOLIDS,Low,IBUP400TAB,TabletsCaps
BATCH02461,Low,No,OwnBrand,Hormonal,HORM1,PT,48735,PLANT_SPECIAL,Low,EE30TAB,Units
BATCH01772,Medium,No,OwnBrand,Tablet,TL2,FR,446671,PLANT_SOLIDS,Medium,IBUP400TAB,TabletsCaps
BATCH03618,Low,No,OwnBrand,Tablet,TL1,ES,204049,PLANT_SOLIDS,Medium,PARA500TAB,TabletsCaps
BATCH06035,Low,No,OwnBrand,Hormonal,HORM1,PT,21411,PLANT_SPECIAL,Medium,EE30TAB,Units
BATCH07791,Low,No,OwnBrand,Capsule,CL2,IT,153872,PLANT_SOLIDS,Medium,OMEP20CAP,TabletsCaps
BATCH07857,Medium,Yes,Contract,Hormonal,HORM1,ES,5711,PLANT_SPECIAL,High,LEVOHORMIMPL,Units
BATCH03008,Medium,No,OwnBrand,Device,DEV1,DE,19262,PLANT_SPECIAL,Low,INSUPEN,Units
BATCH03491,Low,No,OwnBrand,Tablet,TL3,ES,488264,PLANT_SOLIDS,Low,PARA500TAB,TabletsCaps
BATCH03547,High,Yes,Contract,Injectable,INJ2,UK,4230,PLANT_PARENTERAL,Medium,CEF1GIV,Units
BATCH00077,Medium,No,OwnBrand,Device,DEV2,DE,32472,PLANT_SPECIAL,Low,INSUPEN,Units
BATCH09938,Low,Yes,Contract,Device,DEV1,UK,46654,PLANT_SPECIAL,Low,INHALER,Units
BATCH07481,High,No,Contract,Capsule,CL2,DE,449534,PLANT_SOLIDS,Low,AMOX500CAP,TabletsCaps
BATCH08538,Low,No,Contract,Device,DEV1,UK,7207,PLANT_SPECIAL,High,INHALER,Units
BATCH07519,Low,No,Contract,Device,DEV2,UK,17721,PLANT_SPECIAL,Medium,INHALER,Units
BATCH04575,High,Yes,Contract,Injectable,INJ2,UK,11422,PLANT_PARENTERAL,High,CEF1GIV,Units
BATCH05557,Low,No,OwnBrand,Tablet,TL1,ES,78432,PLANT_SOLIDS,Medium,PARA500TAB,TabletsCaps
BATCH09985,High,Yes,Contract,Injectable,INJ1,UK,45871,PLANT_PARENTERAL,Medium,CEF1GIV,Units
BATCH03395,High,Yes,Contract,Injectable,INJ1,UK,46503,PLANT_PARENTERAL,Medium,CEF1GIV,Units
BATCH04908,Low,Yes,Contract,Device,DEV1,UK,3513,PLANT_SPECIAL,High,INHALER,Units
BATCH07010,Medium,No,OwnBrand,Device,DEV2,DE,40706,PLANT_SPECIAL,Medium,INSUPEN,Units
BATCH00260,Medium,No,OwnBrand,Tablet,TL3,FR,159092,PLANT_SOLIDS,High,IBUP400TAB,TabletsCaps
BATCH00275,Medium,Yes,Contract,Hormonal,HORM2,ES,2180,PLANT_SPECIAL,Low,LEVOHORMIMPL,Units
BATCH09023,Low,No,OwnBrand,Tablet,TL2,ES,243932,PLANT_SOLIDS,Medium,PARA500TAB,TabletsCaps
BATCH04383,Medium,No,OwnBrand,Device,DEV1,DE,7516,PLANT_SPECIAL,Medium,INSUPEN,Units
BATCH06323,Medium,Yes,Contract,Hormonal,HORM1,ES,38811,PLANT_SPECIAL,High,LEVOHORMIMPL,Units
BATCH05831,Low,No,OwnBrand,Tablet,TL1,ES,339570,PLANT_SOLIDS,Low,PARA500TAB,TabletsCaps
BATCH04508,Low,No,Contract,Device,DEV1,UK,47776,PLANT_SPECIAL,Low,INHALER,Units
BATCH07431,Low,No,Contract,Device,DEV2,UK,18457,PLANT_SPECIAL,Medium,INHALER,Units
BATCH00617,Medium,Yes,OwnBrand,Tablet,TL1,FR,469359,PLANT_SOLIDS,Low,IBUP400TAB,TabletsCaps
BATCH01984,High,No,Contract,Capsule,CL1,DE,161702,PLANT_SOLIDS,High,AMOX500CAP,TabletsCaps
BATCH01477,High,No,Contract,Capsule,CL2,DE,331830,PLANT_SOLIDS,Medium,AMOX500CAP,TabletsCaps
BATCH06325,High,No,Contract,Injectable,INJ1,UK,9175,PLANT_PARENTERAL,Medium,CEF1GIV,Units
BATCH02262,Medium,Yes,OwnBrand,Tablet,TL1,FR,353587,PLANT_SOLIDS,Medium,IBUP400TAB,TabletsCaps
BATCH08247,High,No,Contract,Injectable,INJ1,UK,25196,PLANT_PARENTERAL,Medium,CEF1GIV,Units
BATCH01263,Medium,No,Contract,Hormonal,HORM1,ES,5356,PLANT_SPECIAL,Low,LEVOHORMIMPL,Units
BATCH09439,Medium,No,OwnBrand,Injectable,INJ2,FR,45936,PLANT_PARENTERAL,High,HEP5000SC,Units
BATCH06003,High,Yes,Contract,Injectable,INJ2,UK,47434,PLANT_PARENTERAL,Medium,CEF1GIV,Units
BATCH07696,Low,No,OwnBrand,Capsule,CL1,IT,138106,PLANT_SOLIDS,Low,OMEP20CAP,TabletsCaps
BATCH00894,Medium,No,Contract,Hormonal,HORM1,ES,47218,PLANT_SPECIAL,Medium,LEVOHORMIMPL,Units
BATCH09807,Low,No,OwnBrand,Capsule,CL2,IT,248265,PLANT_SOLIDS,Medium,OMEP20CAP,TabletsCaps
BATCH09799,Low,No,OwnBrand,Capsule,CL1,IT,399296,PLANT_SOLIDS,Low,OMEP20CAP,TabletsCaps
BATCH01248,High,No,Contract,Capsule,CL2,DE,328251,PLANT_SOLIDS,Medium,AMOX500CAP,TabletsCaps
BATCH05823,Medium,No,OwnBrand,Tablet,TL1,FR,52718,PLANT_SOLIDS,Low,IBUP400TAB,TabletsCaps
BATCH04682,High,No,Contract,Capsule,CL2,DE,171836,PLANT_SOLIDS,Low,AMOX500CAP,TabletsCaps
BATCH01122,Medium,No,OwnBrand,Device,DEV2,DE,28003,PLANT_SPECIAL,Medium,INSUPEN,Units
BATCH09110,High,No,Contract,Capsule,CL2,DE,181277,PLANT_SOLIDS,Low,AMOX500CAP,TabletsCaps
BATCH04231,Medium,No,OwnBrand,Injectable,INJ1,FR,8674,PLANT_PARENTERAL,Medium,HEP5000SC,Units
BATCH07120,Low,No,OwnBrand,Capsule,CL1,IT,53388,PLANT_SOLIDS,Low,OMEP20CAP,TabletsCaps
BATCH04824,High,No,Contract,Injectable,INJ1,UK,10891,PLANT_PARENTERAL,Medium,CEF1GIV,Units
BATCH05060,Medium,No,OwnBrand,Tablet,TL1,FR,117050,PLANT_SOLIDS,Low,IBUP400TAB,TabletsCaps
BATCH00153,Low,No,OwnBrand,Hormonal,HORM1,PT,34056,PLANT_SPECIAL,High,EE30TAB,Units
BATCH07268,Medium,No,OwnBrand,Injectable,INJ1,FR,23531,PLANT_PARENTERAL,Medium,HEP5000SC,Units
BATCH06657,Low,No,Contract,Device,DEV1,UK,18155,PLANT_SPECIAL,Low,INHALER,Units
BATCH01982,High,No,Contract,Injectable,INJ1,UK,13013,PLANT_PARENTERAL,High,CEF1GIV,Units
BATCH09447,Low,Yes,Contract,Device,DEV1,UK,10365,PLANT_SPECIAL,High,INHALER,Units
BATCH03121,Medium,No,OwnBrand,Injectable,INJ2,FR,26105,PLANT_PARENTERAL,Medium,HEP5000SC,Units
BATCH09719,Low,No,OwnBrand,Tablet,TL3,ES,103859,PLANT_SOLIDS,Medium,PARA500TAB,TabletsCaps
BATCH08234,Medium,No,OwnBrand,Tablet,TL3,FR,146095,PLANT_SOLIDS,Medium,IBUP400TAB,TabletsCaps
BATCH00015,Medium,No,Contract,Hormonal,HORM2,ES,1063,PLANT_SPECIAL,Medium,LEVOHORMIMPL,Units
BATCH00570,Medium,No,OwnBrand,Tablet,TL3,FR,370771,PLANT_SOLIDS,Medium,IBUP400TAB,TabletsCaps
BATCH00028,Medium,No,OwnBrand,Tablet,TL2,FR,425853,PLANT_SOLIDS,Medium,IBUP400TAB,TabletsCaps
BATCH07983,Low,No,OwnBrand,Hormonal,HORM1,PT,3692,PLANT_SPECIAL,High,EE30TAB,Units
BATCH03042,Low,No,Contract,Device,DEV1,UK,45544,PLANT_SPECIAL,Low,INHALER,Units
BATCH04816,Medium,Yes,OwnBrand,Tablet,TL2,FR,128581,PLANT_SOLIDS,Medium,IBUP400TAB,TabletsCaps
BATCH05126,Low,No,Contract,Device,DEV1,UK,29635,PLANT_SPECIAL,Low,INHALER,Units
BATCH03525,Low,Yes,OwnBrand,Capsule,CL1,IT,270871,PLANT_SOLIDS,Medium,OMEP20CAP,TabletsCaps
BATCH00496,Medium,No,OwnBrand,Injectable,INJ1,FR,10335,PLANT_PARENTERAL,Low,HEP5000SC,Units
BATCH01240,High,No,Contract,Injectable,INJ1,UK,12571,PLANT_PARENTERAL,Low,CEF1GIV,Units
BATCH08130,Low,No,OwnBrand,Tablet,TL3,ES,380130,PLANT_SOLIDS,Medium,PARA500TAB,TabletsCaps
BATCH07334,High,No,Contract,Capsule,CL2,DE,54103,PLANT_SOLIDS,High,AMOX500CAP,TabletsCaps
BATCH06738,Low,No,Contract,Device,DEV1,UK,35793,PLANT_SPECIAL,Medium,INHALER,Units
BATCH02177,High,No,Contract,Injectable,INJ2,UK,40878,PLANT_PARENTERAL,Medium,CEF1GIV,Units
BATCH02484,Low,No,OwnBrand,Tablet,TL3,ES,196757,PLANT_SOLIDS,Medium,PARA500TAB,TabletsCaps
BATCH02014,High,No,Contract,Injectable,INJ1,UK,43510,PLANT_PARENTERAL,High,CEF1GIV,Units
BATCH03760,High,No,Contract,Injectable,INJ1,UK,28177,PLANT_PARENTERAL,Medium,CEF1GIV,Units
BATCH03943,Low,No,OwnBrand,Hormonal,HORM1,PT,42654,PLANT_SPECIAL,Medium,EE30TAB,Units
BATCH05067,Low,No,OwnBrand,Hormonal,HORM1,PT,29831,PLANT_SPECIAL,Medium,EE30TAB,Units
BATCH01885,Low,No,Contract,Device,DEV2,UK,27180,PLANT_SPECIAL,Medium,INHALER,Units
BATCH04033,High,Yes,Contract,Injectable,INJ2,UK,25919,PLANT_PARENTERAL,Medium,CEF1GIV,Units
BATCH03223,Low,No,OwnBrand,Capsule,CL1,IT,151934,PLANT_SOLIDS,Medium,OMEP20CAP,TabletsCaps
BATCH04141,Medium,No,Contract,Hormonal,HORM1,ES,28224,PLANT_SPECIAL,Medium,LEVOHORMIMPL,Units
BATCH04578,Medium,No,OwnBrand,Tablet,TL2,FR,96220,PLANT_SOLIDS,Low,IBUP400TAB,TabletsCaps
BATCH03490,Medium,No,Contract,Hormonal,HORM2,ES,13674,PLANT_SPECIAL,High,LEVOHORMIMPL,Units
BATCH07549,Low,No,OwnBrand,Capsule,CL2,IT,440511,PLANT_SOLIDS,Medium,OMEP20CAP,TabletsCaps
BATCH07259,Low,Yes,Contract,Device,DEV1,UK,24627,PLANT_SPECIAL,Medium,INHALER,Units
BATCH03855,Low,No,Contract,Device,DEV2,UK,26960,PLANT_SPECIAL,High,INHALER,Units
BATCH06358,Medium,Yes,Contract,Hormonal,HORM1,ES,32905,PLANT_SPECIAL,Low,LEVOHORMIMPL,Units
BATCH09956,Medium,No,OwnBrand,Tablet,TL3,FR,449085,PLANT_SOLIDS,Medium,IBUP400TAB,TabletsCaps
BATCH03085,Low,No,OwnBrand,Tablet,TL1,ES,403807,PLANT_SOLIDS,High,PARA500TAB,TabletsCaps
BATCH06978,Medium,Yes,OwnBrand,Tablet,TL2,FR,250995,PLANT_SOLIDS,Medium,IBUP400TAB,TabletsCaps
BATCH03270,Low,No,Contract,Device,DEV1,UK,13114,PLANT_SPECIAL,Medium,INHALER,Units
BATCH02953,Medium,No,OwnBrand,Injectable,INJ1,FR,18783,PLANT_PARENTERAL,Medium,HEP5000SC,Units
BATCH07723,High,No,Contract,Injectable,INJ2,UK,48856,PLANT_PARENTERAL,Medium,CEF1GIV,Units
BATCH06260,Medium,No,OwnBrand,Injectable,INJ2,FR,9947,PLANT_PARENTERAL,High,HEP5000SC,Units
BATCH07798,Medium,No,OwnBrand,Tablet,TL2,FR,131718,PLANT_SOLIDS,Low,IBUP400TAB,TabletsCaps
BATCH09012,Medium,Yes,OwnBrand,Device,DEV2,DE,2692,PLANT_SPECIAL,Low,INSUPEN,Units
BATCH05465,Medium,No,OwnBrand,Device,DEV1,DE,2450,PLANT_SPECIAL,Medium,INSUPEN,Units
BATCH01365,Medium,No,Contract,Hormonal,HORM1,ES,6674,PLANT_SPECIAL,Low,LEVOHORMIMPL,Units
BATCH05587,Low,No,OwnBrand,Tablet,TL2,ES,179257,PLANT_SOLIDS,Medium,PARA500TAB,TabletsCaps
BATCH08510,Medium,No,OwnBrand,Injectable,INJ1,FR,17279,PLANT_PARENTERAL,High,HEP5000SC,Units
BATCH06472,Low,No,OwnBrand,Tablet,TL2,ES,364349,PLANT_SOLIDS,Medium,PARA500TAB,TabletsCaps
BATCH01193,Low,No,Contract,Device,DEV1,UK,28986,PLANT_SPECIAL,Medium,INHALER,Units
BATCH03379,Medium,Yes,Contract,Hormonal,HORM2,ES,29602,PLANT_SPECIAL,Low,LEVOHORMIMPL,Units
BATCH06638,Low,No,Contract,Device,DEV1,UK,47816,PLANT_SPECIAL,Medium,INHALER,Units
BATCH02128,Low,No,OwnBrand,Tablet,TL3,ES,471526,PLANT_SOLIDS,Medium,PARA500TAB,TabletsCaps
BATCH05986,Low,No,OwnBrand,Tablet,TL2,ES,190988,PLANT_SOLIDS,High,PARA500TAB,TabletsCaps
BATCH03366,High,Yes,Contract,Injectable,INJ2,UK,37632,PLANT_PARENTERAL,Medium,CEF1GIV,Units
BATCH06591,Low,Yes,OwnBrand,Hormonal,HORM2,PT,14060,PLANT_SPECIAL,Low,EE30TAB,Units
BATCH04127,Medium,No,OwnBrand,Injectable,INJ2,FR,3963,PLANT_PARENTERAL,Medium,HEP5000SC,Units
BATCH01873,Medium,No,Contract,Hormonal,HORM1,ES,47766,PLANT_SPECIAL,Low,LEVOHORMIMPL,Units
BATCH02880,Low,No,Contract,Device,DEV1,UK,24381,PLANT_SPECIAL,Medium,INHALER,Units
BATCH08307,Low,Yes,Contract,Device,DEV2,UK,44804,PLANT_SPECIAL,Medium,INHALER,Units
BATCH09145,Medium,No,OwnBrand,Device,DEV1,DE,33149,PLANT_SPECIAL,High,INSUPEN,Units
BATCH04052,High,Yes,Contract,Capsule,CL1,DE,391683,PLANT_SOLIDS,Medium,AMOX500CAP,TabletsCaps
BATCH08051,Medium,Yes,Contract,Hormonal,HORM1,ES,25837,PLANT_SPECIAL,Low,LEVOHORMIMPL,Units
BATCH09672,Low,No,Contract,Device,DEV1,UK,29148,PLANT_SPECIAL,Medium,INHALER,Units
BATCH01969,Medium,No,OwnBrand,Injectable,INJ2,FR,42384,PLANT_PARENTERAL,Low,HEP5000SC,Units
BATCH07861,Low,Yes,OwnBrand,Tablet,TL2,ES,268823,PLANT_SOLIDS,Low,PARA500TAB,TabletsCaps
BATCH05757,Low,Yes,OwnBrand,Tablet,TL3,ES,496297,PLANT_SOLIDS,Medium,PARA500TAB,TabletsCaps
BATCH06764,High,No,Contract,Capsule,CL2,DE,285868,PLANT_SOLIDS,Low,AMOX500CAP,TabletsCaps
BATCH06701,High,No,Contract,Capsule,CL1,DE,60384,PLANT_SOLIDS,Low,AMOX500CAP,TabletsCaps
BATCH06515,Low,No,OwnBrand,Hormonal,HORM1,PT,39151,PLANT_SPECIAL,Medium,EE30TAB,Units
BATCH04822,Low,No,OwnBrand,Tablet,TL2,ES,448294,PLANT_SOLIDS,Medium,PARA500TAB,TabletsCaps
BATCH04591,Medium,No,OwnBrand,Device,DEV2,DE,45543,PLANT_SPECIAL,Medium,INSUPEN,Units
BATCH06147,Medium,No,OwnBrand,Tablet,TL3,FR,134624,PLANT_SOLIDS,Medium,IBUP400TAB,TabletsCaps
BATCH04320,Low,No,OwnBrand,Capsule,CL1,IT,308746,PLANT_SOLIDS,Low,OMEP20CAP,TabletsCaps
BATCH06111,Low,Yes,Contract,Device,DEV2,UK,39317,PLANT_SPECIAL,High,INHALER,Units
BATCH04234,High,Yes,Contract,Capsule,CL2,DE,470969,PLANT_SOLIDS,Low,AMOX500CAP,TabletsCaps
BATCH00326,Low,No,Contract,Device,DEV1,UK,7485,PLANT_SPECIAL,Low,INHALER,Units
BATCH02649,Medium,No,OwnBrand,Injectable,INJ2,FR,6387,PLANT_PARENTERAL,Medium,HEP5000SC,Units
BATCH05028,High,No,Contract,Injectable,INJ2,UK,3824,PLANT_PARENTERAL,Medium,CEF1GIV,Units
BATCH00183,High,Yes,Contract,Injectable,INJ1,UK,20890,PLANT_PARENTERAL,Low,CEF1GIV,Units
BATCH06458,Medium,No,OwnBrand,Injectable,INJ1,FR,23574,PLANT_PARENTERAL,Low,HEP5000SC,Units
BATCH09072,Medium,No,Contract,Hormonal,HORM1,ES,38464,PLANT_SPECIAL,Medium,LEVOHORMIMPL,Units
BATCH01580,Low,No,OwnBrand,Tablet,TL1,ES,238998,PLANT_SOLIDS,Medium,PARA500TAB,TabletsCaps
BATCH07182,Low,No,OwnBrand,Capsule,CL1,IT,495578,PLANT_SOLIDS,Low,OMEP20CAP,TabletsCaps
BATCH01256,Low,No,OwnBrand,Hormonal,HORM1,PT,13830,PLANT_SPECIAL,Medium,EE30TAB,Units
BATCH04407,High,No,Contract,Capsule,CL2,DE,275762,PLANT_SOLIDS,Low,AMOX500CAP,TabletsCaps
BATCH05540,Low,Yes,OwnBrand,Hormonal,HORM1,PT,47905,PLANT_SPECIAL,Low,EE30TAB,Units
BATCH07822,Medium,No,OwnBrand,Device,DEV2,DE,15749,PLANT_SPECIAL,Medium,INSUPEN,Units
BATCH09843,Low,No,OwnBrand,Hormonal,HORM1,PT,18141,PLANT_SPECIAL,Low,EE30TAB,Units
BATCH06586,Low,No,OwnBrand,Capsule,CL2,IT,162381,PLANT_SOLIDS,Medium,OMEP20CAP,TabletsCaps
BATCH01939,Medium,No,OwnBrand,Tablet,TL2,FR,293192,PLANT_SOLIDS,High,IBUP400TAB,TabletsCaps
BATCH06561,High,Yes,Contract,Injectable,INJ2,UK,33912,PLANT_PARENTERAL,Low,CEF1GIV,Units
BATCH02344,Low,No,OwnBrand,Capsule,CL1,IT,130550,PLANT_SOLIDS,Low,OMEP20CAP,TabletsCaps
BATCH02245,High,No,Contract,Capsule,CL2,DE,405486,PLANT_SOLIDS,High,AMOX500CAP,TabletsCaps
BATCH07601,Medium,No,OwnBrand,Device,DEV2,DE,45105,PLANT_SPECIAL,High,INSUPEN,Units
BATCH09499,Medium,No,OwnBrand,Device,DEV2,DE,6769,PLANT_SPECIAL,Low,INSUPEN,Units
BATCH04252,Low,No,Contract,Device,DEV2,UK,12156,PLANT_SPECIAL,Low,INHALER,Units
BATCH02864,Medium,No,Contract,Hormonal,HORM1,ES,39931,PLANT_SPECIAL,Low,LEVOHORMIMPL,Units
BATCH04354,High,No,Contract,Capsule,CL1,DE,438747,PLANT_SOLIDS,Low,AMOX500CAP,TabletsCaps
BATCH00781,Medium,No,OwnBrand,Injectable,INJ1,FR,36894,PLANT_PARENTERAL,High,HEP5000SC,Units
BATCH02266,Low,No,Contract,Device,DEV2,UK,29179,PLANT_SPECIAL,Low,INHALER,Units
BATCH08846,High,Yes,Contract,Injectable,INJ1,UK,17836,PLANT_PARENTERAL,Medium,CEF1GIV,Units
BATCH07789,Low,No,Contract,Device,DEV1,UK,6314,PLANT_SPECIAL,Medium,INHALER,Units
BATCH00551,Medium,No,OwnBrand,Tablet,TL1,FR,477817,PLANT_SOLIDS,Medium,IBUP400TAB,TabletsCaps
BATCH03057,Medium,No,Contract,Hormonal,HORM1,ES,35240,PLANT_SPECIAL,High,LEVOHORMIMPL,Units
BATCH08913,Low,No,OwnBrand,Capsule,CL2,IT,65273,PLANT_SOLIDS,Medium,OMEP20CAP,TabletsCaps
BATCH03148,High,Yes,Contract,Injectable,INJ1,UK,29526,PLANT_PARENTERAL,Low,CEF1GIV,Units
BATCH09886,Medium,No,OwnBrand,Device,DEV2,DE,3312,PLANT_SPECIAL,Medium,INSUPEN,Units
BATCH05115,Low,No,Contract,Device,DEV2,UK,16475,PLANT_SPECIAL,Low,INHALER,Units
BATCH07958,High,No,Contract,Injectable,INJ2,UK,33877,PLANT_PARENTERAL,Medium,CEF1GIV,Units
BATCH05342,Medium,No,OwnBrand,Tablet,TL1,FR,335725,PLANT_SOLIDS,Low,IBUP400TAB,TabletsCaps
BATCH07816,Low,No,Contract,Device,DEV1,UK,7962,PLANT_SPECIAL,Medium,INHALER,Units
BATCH02063,Low,No,Contract,Device,DEV1,UK,44102,PLANT_SPECIAL,Medium,INHALER,Units
BATCH05604,Low,No,OwnBrand,Tablet,TL2,ES,137214,PLANT_SOLIDS,Low,PARA500TAB,TabletsCaps
BATCH02330,Low,Yes,OwnBrand,Capsule,CL1,IT,75009,PLANT_SOLIDS,Low,OMEP20CAP,TabletsCaps
BATCH08450,Medium,No,Contract,Hormonal,HORM1,ES,3700,PLANT_SPECIAL,Medium,LEVOHORMIMPL,Units
BATCH01487,Medium,Yes,OwnBrand,Device,DEV1,DE,29850,PLANT_SPECIAL,High,INSUPEN,Units
BATCH02393,Low,No,OwnBrand,Tablet,TL2,ES,400845,PLANT_SOLIDS,Low,PARA500TAB,TabletsCaps
BATCH08235,Low,Yes,OwnBrand,Capsule,CL2,IT,113675,PLANT_SOLIDS,Medium,OMEP20CAP,TabletsCaps
BATCH01933,Low,No,OwnBrand,Hormonal,HORM2,PT,27041,PLANT_SPECIAL,High,EE30TAB,Units
BATCH05566,Medium,No,OwnBrand,Injectable,INJ1,FR,27326,PLANT_PARENTERAL,High,HEP5000SC,Units
BATCH04477,High,No,Contract,Injectable,INJ2,UK,12581,PLANT_PARENTERAL,Medium,CEF1GIV,Units
BATCH07436,Medium,No,Contract,Hormonal,HORM1,ES,39858,PLANT_SPECIAL,Medium,LEVOHORMIMPL,Units
BATCH02884,Medium,No,OwnBrand,Injectable,INJ1,FR,15390,PLANT_PARENTERAL,High,HEP5000SC,Units
BATCH00234,Medium,No,Contract,Hormonal,HORM2,ES,7880,PLANT_SPECIAL,Low,LEVOHORMIMPL,Units
BATCH09450,Low,No,OwnBrand,Capsule,CL1,IT,176786,PLANT_SOLIDS,High,OMEP20CAP,TabletsCaps
BATCH06452,Low,No,OwnBrand,Tablet,TL1,ES,106765,PLANT_SOLIDS,High,PARA500TAB,TabletsCaps
BATCH08648,Medium,No,OwnBrand,Injectable,INJ2,FR,39634,PLANT_PARENTERAL,Medium,HEP5000SC,Units
BATCH05001,High,No,Contract,Injectable,INJ1,UK,38604,PLANT_PARENTERAL,Medium,CEF1GIV,Units
BATCH08564,High,No,Contract,Capsule,CL1,DE,395359,PLANT_SOLIDS,Medium,AMOX500CAP,TabletsCaps
BATCH02949,Low,No,OwnBrand,Tablet,TL1,ES,145678,PLANT_SOLIDS,Medium,PARA500TAB,TabletsCaps
BATCH09242,Low,Yes,OwnBrand,Tablet,TL3,ES,303821,PLANT_SOLIDS,Medium,PARA500TAB,TabletsCaps
BATCH06175,Medium,No,OwnBrand,Tablet,TL3,FR,176986,PLANT_SOLIDS,Low,IBUP400TAB,TabletsCaps
BATCH03774,Low,No,OwnBrand,Capsule,CL2,IT,222790,PLANT_SOLIDS,Medium,OMEP20CAP,TabletsCaps
BATCH03035,Low,Yes,OwnBrand,Capsule,CL2,IT,149239,PLANT_SOLIDS,High,OMEP20CAP,TabletsCaps
BATCH06396,Low,No,OwnBrand,Tablet,TL3,ES,495672,PLANT_SOLIDS,High,PARA500TAB,TabletsCaps
BATCH02844,Medium,Yes,OwnBrand,Tablet,TL3,FR,155336,PLANT_SOLIDS,Low,IBUP400TAB,TabletsCaps
BATCH00957,High,No,Contract,Injectable,INJ1,UK,40997,PLANT_PARENTERAL,Low,CEF1GIV,Units
BATCH07666,High,No,Contract,Capsule,CL2,DE,471838,PLANT_SOLIDS,Medium,AMOX500CAP,TabletsCaps
BATCH03154,Low,Yes,OwnBrand,Tablet,TL2,ES,157815,PLANT_SOLIDS,Medium,PARA500TAB,TabletsCaps
BATCH04657,Medium,No,OwnBrand,Injectable,INJ1,FR,38898,PLANT_PARENTERAL,High,HEP5000SC,Units
BATCH04226,Medium,No,OwnBrand,Tablet,TL1,FR,263087,PLANT_SOLIDS,Medium,IBUP400TAB,TabletsCaps
BATCH04708,High,No,Contract,Capsule,CL2,DE,421773,PLANT_SOLIDS,High,AMOX500CAP,TabletsCaps
BATCH04600,High,No,Contract,Injectable,INJ2,UK,20339,PLANT_PARENTERAL,High,CEF1GIV,Units
BATCH01040,Low,No,OwnBrand,Tablet,TL2,ES,70445,PLANT_SOLIDS,Medium,PARA500TAB,TabletsCaps
BATCH03200,Medium,No,Contract,Hormonal,HORM1,ES,12762,PLANT_SPECIAL,High,LEVOHORMIMPL,Units
BATCH04785,Low,No,OwnBrand,Hormonal,HORM2,PT,4015,PLANT_SPECIAL,High,EE30TAB,Units
BATCH02380,Low,Yes,OwnBrand,Capsule,CL2,IT,181605,PLANT_SOLIDS,Low,OMEP20CAP,TabletsCaps
BATCH02627,Low,Yes,Contract,Device,DEV1,UK,29329,PLANT_SPECIAL,Medium,INHALER,Units
BATCH00951,Medium,No,OwnBrand,Device,DEV1,DE,36996,PLANT_SPECIAL,Low,INSUPEN,Units
BATCH01868,Low,No,Contract,Device,DEV1,UK,18870,PLANT_SPECIAL,High,INHALER,Units
BATCH06687,Low,No,OwnBrand,Hormonal,HORM1,PT,16891,PLANT_SPECIAL,High,EE30TAB,Units
BATCH00561,Low,Yes,OwnBrand,Capsule,CL1,IT,271059,PLANT_SOLIDS,Medium,OMEP20CAP,TabletsCaps
BATCH01166,Medium,No,OwnBrand,Injectable,INJ1,FR,6417,PLANT_PARENTERAL,Medium,HEP5000SC,Units
BATCH02784,Low,No,OwnBrand,Hormonal,HORM1,PT,3380,PLANT_SPECIAL,Medium,EE30TAB,Units
BATCH03619,Medium,No,Contract,Hormonal,HORM2,ES,35111,PLANT_SPECIAL,Medium,LEVOHORMIMPL,Units
BATCH05217,Low,No,OwnBrand,Tablet,TL3,ES,334721,PLANT_SOLIDS,Low,PARA500TAB,TabletsCaps
BATCH02419,Low,No,OwnBrand,Tablet,TL3,ES,146844,PLANT_SOLIDS,High,PARA500TAB,TabletsCaps
BATCH03482,Low,Yes,Contract,Device,DEV1,UK,20043,PLANT_SPECIAL,Medium,INHALER,Units
BATCH01604,Medium,No,OwnBrand,Tablet,TL1,FR,297954,PLANT_SOLIDS,Medium,IBUP400TAB,TabletsCaps
BATCH00763,Low,No,OwnBrand,Capsule,CL1,IT,448338,PLANT_SOLIDS,Low,OMEP20CAP,TabletsCaps
BATCH05834,Low,No,OwnBrand,Tablet,TL3,ES,112080,PLANT_SOLIDS,Medium,PARA500TAB,TabletsCaps
BATCH00723,Medium,No,OwnBrand,Tablet,TL3,FR,208410,PLANT_SOLIDS,Medium,IBUP400TAB,TabletsCaps
BATCH00619,Medium,No,OwnBrand,Injectable,INJ2,FR,46215,PLANT_PARENTERAL,High,HEP5000SC,Units
BATCH08588,High,No,Contract,Capsule,CL1,DE,94899,PLANT_SOLIDS,Medium,AMOX500CAP,TabletsCaps
BATCH09523,Low,No,OwnBrand,Hormonal,HORM2,PT,17462,PLANT_SPECIAL,Medium,EE30TAB,Units
BATCH02673,High,No,Contract,Capsule,CL1,DE,62715,PLANT_SOLIDS,High,AMOX500CAP,TabletsCaps
BATCH06393,Low,No,Contract,Device,DEV2,UK,31886,PLANT_SPECIAL,Low,INHALER,Units
BATCH07913,Low,Yes,OwnBrand,Capsule,CL2,IT,405983,PLANT_SOLIDS,Medium,OMEP20CAP,TabletsCaps
BATCH02261,Medium,Yes,OwnBrand,Injectable,INJ1,FR,9923,PLANT_PARENTERAL,High,HEP5000SC,Units
BATCH07169,Medium,No,OwnBrand,Injectable,INJ1,FR,46269,PLANT_PARENTERAL,Medium,HEP5000SC,Units
BATCH06296,Medium,No,OwnBrand,Tablet,TL1,FR,401556,PLANT_SOLIDS,Low,IBUP400TAB,TabletsCaps
BATCH06164,Low,No,OwnBrand,Capsule,CL1,IT,67888,PLANT_SOLIDS,High,OMEP20CAP,TabletsCaps
BATCH06328,Low,No,OwnBrand,Tablet,TL2,ES,483984,PLANT_SOLIDS,Medium,PARA500TAB,TabletsCaps
BATCH02586,Medium,Yes,OwnBrand,Tablet,TL3,FR,307037,PLANT_SOLIDS,Low,IBUP400TAB,TabletsCaps
BATCH04170,Medium,No,OwnBrand,Device,DEV1,DE,6260,PLANT_SPECIAL,Low,INSUPEN,Units
BATCH08181,High,No,Contract,Injectable,INJ2,UK,27149,PLANT_PARENTERAL,High,CEF1GIV,Units
BATCH09394,Medium,No,Contract,Hormonal,HORM1,ES,16140,PLANT_SPECIAL,Medium,LEVOHORMIMPL,Units
BATCH01257,Medium,Yes,OwnBrand,Tablet,TL1,FR,267775,PLANT_SOLIDS,High,IBUP400TAB,TabletsCaps
BATCH06719,High,Yes,Contract,Capsule,CL1,DE,247053,PLANT_SOLIDS,High,AMOX500CAP,TabletsCaps
BATCH04760,Medium,Yes,OwnBrand,Tablet,TL1,FR,304607,PLANT_SOLIDS,High,IBUP400TAB,TabletsCaps
BATCH00141,Medium,Yes,OwnBrand,Injectable,INJ2,FR,12341,PLANT_PARENTERAL,High,HEP5000SC,Units
BATCH02800,Medium,Yes,OwnBrand,Injectable,INJ1,FR,38127,PLANT_PARENTERAL,Medium,HEP5000SC,Units
BATCH07651,High,Yes,Contract,Injectable,INJ2,UK,24347,PLANT_PARENTERAL,Medium,CEF1GIV,Units
BATCH00991,Medium,No,Contract,Hormonal,HORM1,ES,49395,PLANT_SPECIAL,Medium,LEVOHORMIMPL,Units
BATCH01498,Medium,No,OwnBrand,Device,DEV2,DE,7806,PLANT_SPECIAL,Medium,INSUPEN,Units
BATCH00952,Medium,No,OwnBrand,Device,DEV1,DE,36019,PLANT_SPECIAL,Low,INSUPEN,Units
BATCH03333,High,No,Contract,Injectable,INJ2,UK,14119,PLANT_PARENTERAL,Low,CEF1GIV,Units
BATCH07979,Low,No,OwnBrand,Tablet,TL3,ES,311427,PLANT_SOLIDS,High,PARA500TAB,TabletsCaps
BATCH05245,Low,No,Contract,Device,DEV1,UK,27858,PLANT_SPECIAL,High,INHALER,Units
BATCH04021,Low,Yes,OwnBrand,Tablet,TL1,ES,188342,PLANT_SOLIDS,Low,PARA500TAB,TabletsCaps
BATCH05571,Medium,No,OwnBrand,Tablet,TL3,FR,85085,PLANT_SOLIDS,Low,IBUP400TAB,TabletsCaps
BATCH06481,Low,No,OwnBrand,Hormonal,HORM2,PT,21808,PLANT_SPECIAL,Medium,EE30TAB,Units
BATCH05168,High,No,Contract,Injectable,INJ1,UK,47943,PLANT_PARENTERAL,Medium,CEF1GIV,Units
BATCH00695,Medium,No,OwnBrand,Tablet,TL2,FR,129585,PLANT_SOLIDS,High,IBUP400TAB,TabletsCaps
BATCH05230,Medium,No,Contract,Hormonal,HORM2,ES,39140,PLANT_SPECIAL,Low,LEVOHORMIMPL,Units
BATCH00941,Low,No,OwnBrand,Tablet,TL1,ES,124928,PLANT_SOLIDS,Medium,PARA500TAB,TabletsCaps
BATCH02855,Low,No,OwnBrand,Tablet,TL3,ES,300512,PLANT_SOLIDS,High,PARA500TAB,TabletsCaps
BATCH02967,Low,No,OwnBrand,Tablet,TL1,ES,88626,PLANT_SOLIDS,Medium,PARA500TAB,TabletsCaps
BATCH01371,High,Yes,Contract,Capsule,CL2,DE,51098,PLANT_SOLIDS,High,AMOX500CAP,TabletsCaps
BATCH05758,High,No,Contract,Capsule,CL2,DE,339437,PLANT_SOLIDS,Low,AMOX500CAP,TabletsCaps
BATCH07335,High,Yes,Contract,Capsule,CL1,DE,206439,PLANT_SOLIDS,Low,AMOX500CAP,TabletsCaps
BATCH00988,Low,No,OwnBrand,Hormonal,HORM2,PT,30103,PLANT_SPECIAL,Medium,EE30TAB,Units
BATCH08948,High,No,Contract,Injectable,INJ1,UK,21454,PLANT_PARENTERAL,Medium,CEF1GIV,Units
BATCH04360,Low,Yes,OwnBrand,Tablet,TL2,ES,51878,PLANT_SOLIDS,Low,PARA500TAB,TabletsCaps
BATCH04192,High,No,Contract,Capsule,CL2,DE,399769,PLANT_SOLIDS,Low,AMOX500CAP,TabletsCaps
BATCH00986,Medium,No,Contract,Hormonal,HORM2,ES,33056,PLANT_SPECIAL,Medium,LEVOHORMIMPL,Units
BATCH09044,Low,No,OwnBrand,Hormonal,HORM1,PT,14733,PLANT_SPECIAL,High,EE30TAB,Units
BATCH00171,Medium,Yes,OwnBrand,Tablet,TL2,FR,266250,PLANT_SOLIDS,Low,IBUP400TAB,TabletsCaps
BATCH05251,Medium,No,OwnBrand,Injectable,INJ2,FR,13901,PLANT_PARENTERAL,Medium,HEP5000SC,Units
BATCH04564,Low,No,OwnBrand,Capsule,CL2,IT,451908,PLANT_SOLIDS,Low,OMEP20CAP,TabletsCaps
BATCH06322,High,No,Contract,Capsule,CL2,DE,208754,PLANT_SOLIDS,Low,AMOX500CAP,TabletsCaps
BATCH00581,Medium,No,OwnBrand,Injectable,INJ2,FR,26432,PLANT_PARENTERAL,High,HEP5000SC,Units
BATCH04326,Medium,No,OwnBrand,Injectable,INJ1,FR,49639,PLANT_PARENTERAL,Medium,HEP5000SC,Units
BATCH06910,Low,Yes,OwnBrand,Capsule,CL2,IT,165931,PLANT_SOLIDS,Low,OMEP20CAP,TabletsCaps
BATCH02067,Low,No,Contract,Device,DEV1,UK,5089,PLANT_SPECIAL,Low,INHALER,Units
BATCH05287,Low,Yes,OwnBrand,Hormonal,HORM2,PT,31984,PLANT_SPECIAL,High,EE30TAB,Units
BATCH03426,Medium,No,Contract,Hormonal,HORM1,ES,26980,PLANT_SPECIAL,Low,LEVOHORMIMPL,Units
BATCH08231,Medium,Yes,OwnBrand,Injectable,INJ2,FR,35629,PLANT_PARENTERAL,Low,HEP5000SC,Units
BATCH00881,Medium,No,OwnBrand,Tablet,TL3,FR,311720,PLANT_SOLIDS,Medium,IBUP400TAB,TabletsCaps
BATCH04475,High,Yes,Contract,Capsule,CL2,DE,198568,PLANT_SOLIDS,Medium,AMOX500CAP,TabletsCaps
BATCH03506,Medium,Yes,OwnBrand,Device,DEV2,DE,35684,PLANT_SPECIAL,High,INSUPEN,Units
BATCH09096,Low,No,OwnBrand,Tablet,TL1,ES,67977,PLANT_SOLIDS,High,PARA500TAB,TabletsCaps
BATCH08176,High,No,Contract,Injectable,INJ2,UK,25142,PLANT_PARENTERAL,Low,CEF1GIV,Units
BATCH00256,Medium,Yes,OwnBrand,Device,DEV2,DE,18733,PLANT_SPECIAL,Medium,INSUPEN,Units
BATCH06640,Low,No,OwnBrand,Hormonal,HORM2,PT,1225,PLANT_SPECIAL,Medium,EE30TAB,Units
BATCH00062,Medium,Yes,Contract,Hormonal,HORM2,ES,1400,PLANT_SPECIAL,Low,LEVOHORMIMPL,Units
BATCH06532,Medium,No,OwnBrand,Device,DEV1,DE,27562,PLANT_SPECIAL,High,INSUPEN,Units
BATCH00530,Medium,No,Contract,Hormonal,HORM2,ES,15456,PLANT_SPECIAL,Medium,LEVOHORMIMPL,Units
BATCH07900,Low,No,OwnBrand,Hormonal,HORM2,PT,8045,PLANT_SPECIAL,Low,EE30TAB,Units
BATCH02358,Low,Yes,OwnBrand,Tablet,TL1,ES,331404,PLANT_SOLIDS,Low,PARA500TAB,TabletsCaps
BATCH07419,Low,No,OwnBrand,Tablet,TL1,ES,318738,PLANT_SOLIDS,Medium,PARA500TAB,TabletsCaps
BATCH09877,Medium,No,OwnBrand,Device,DEV1,DE,24090,PLANT_SPECIAL,Medium,INSUPEN,Units
BATCH02188,Low,No,Contract,Device,DEV2,UK,48924,PLANT_SPECIAL,Medium,INHALER,Units
BATCH03294,Low,No,OwnBrand,Capsule,CL2,IT,53223,PLANT_SOLIDS,High,OMEP20CAP,TabletsCaps
BATCH02974,Medium,No,Contract,Hormonal,HORM1,ES,3923,PLANT_SPECIAL,Low,LEVOHORMIMPL,Units
BATCH02594,High,No,Contract,Capsule,CL2,DE,62120,PLANT_SOLIDS,Medium,AMOX500CAP,TabletsCaps
BATCH04205,Low,Yes,OwnBrand,Capsule,CL1,IT,385486,PLANT_SOLIDS,Low,OMEP20CAP,TabletsCaps
BATCH00250,Low,Yes,Contract,Device,DEV1,UK,2227,PLANT_SPECIAL,Medium,INHALER,Units
BATCH05278,Low,No,OwnBrand,Hormonal,HORM1,PT,13858,PLANT_SPECIAL,Low,EE30TAB,Units
BATCH07042,Medium,No,Contract,Hormonal,HORM2,ES,17297,PLANT_SPECIAL,Medium,LEVOHORMIMPL,Units
BATCH00966,Medium,Yes,Contract,Hormonal,HORM1,ES,34969,PLANT_SPECIAL,High,LEVOHORMIMPL,Units
BATCH02516,High,No,Contract,Injectable,INJ2,UK,3641,PLANT_PARENTERAL,Medium,CEF1GIV,Units
BATCH02785,High,No,Contract,Capsule,CL1,DE,257026,PLANT_SOLIDS,Medium,AMOX500CAP,TabletsCaps
BATCH04789,Medium,No,OwnBrand,Device,DEV2,DE,15763,PLANT_SPECIAL,High,INSUPEN,Units
BATCH02240,Medium,No,OwnBrand,Device,DEV2,DE,19597,PLANT_SPECIAL,Low,INSUPEN,Units
BATCH09413,Medium,No,Contract,Hormonal,HORM1,ES,1905,PLANT_SPECIAL,Medium,LEVOHORMIMPL,Units
BATCH09725,High,No,Contract,Injectable,INJ1,UK,17227,PLANT_PARENTERAL,Medium,CEF1GIV,Units
BATCH07095,Low,No,OwnBrand,Hormonal,HORM2,PT,7445,PLANT_SPECIAL,Medium,EE30TAB,Units
BATCH08990,Medium,Yes,OwnBrand,Injectable,INJ2,FR,7864,PLANT_PARENTERAL,High,HEP5000SC,Units
BATCH03484,Medium,Yes,Contract,Hormonal,HORM1,ES,20181,PLANT_SPECIAL,Low,LEVOHORMIMPL,Units
BATCH08251,Medium,No,Contract,Hormonal,HORM1,ES,6122,PLANT_SPECIAL,Low,LEVOHORMIMPL,Units
BATCH06061,Low,Yes,Contract,Device,DEV2,UK,30172,PLANT_SPECIAL,Medium,INHALER,Units
BATCH09598,High,No,Contract,Capsule,CL1,DE,162576,PLANT_SOLIDS,High,AMOX500CAP,TabletsCaps
BATCH08894,Low,No,OwnBrand,Hormonal,HORM2,PT,30636,PLANT_SPECIAL,High,EE30TAB,Units
BATCH05572,Low,No,OwnBrand,Tablet,TL3,ES,212070,PLANT_SOLIDS,Low,PARA500TAB,TabletsCaps
BATCH07606,Medium,Yes,OwnBrand,Tablet,TL1,FR,83223,PLANT_SOLIDS,Medium,IBUP400TAB,TabletsCaps
BATCH05776,Medium,Yes,OwnBrand,Injectable,INJ1,FR,4918,PLANT_PARENTERAL,Low,HEP5000SC,Units
BATCH06868,Medium,Yes,OwnBrand,Tablet,TL2,FR,301048,PLANT_SOLIDS,High,IBUP400TAB,TabletsCaps
BATCH00542,High,Yes,Contract,Injectable,INJ2,UK,49344,PLANT_PARENTERAL,Medium,CEF1GIV,Units
BATCH03044,Medium,No,Contract,Hormonal,HORM1,ES,2173,PLANT_SPECIAL,Medium,LEVOHORMIMPL,Units
BATCH03641,Medium,Yes,OwnBrand,Device,DEV2,DE,11007,PLANT_SPECIAL,Medium,INSUPEN,Units
BATCH04889,Low,No,Contract,Device,DEV2,UK,35755,PLANT_SPECIAL,Medium,INHALER,Units
BATCH03894,Low,No,OwnBrand,Capsule,CL2,IT,214284,PLANT_SOLIDS,Medium,OMEP20CAP,TabletsCaps
BATCH03224,Low,No,Contract,Device,DEV1,UK,30085,PLANT_SPECIAL,High,INHALER,Units
BATCH01596,Low,Yes,Contract,Device,DEV2,UK,34138,PLANT_SPECIAL,High,INHALER,Units
BATCH05388,Medium,No,OwnBrand,Tablet,TL1,FR,348127,PLANT_SOLIDS,High,IBUP400TAB,TabletsCaps
BATCH06543,Low,No,OwnBrand,Hormonal,HORM1,PT,44348,PLANT_SPECIAL,High,EE30TAB,Units
BATCH05312,Medium,No,OwnBrand,Device,DEV1,DE,32092,PLANT_SPECIAL,Low,INSUPEN,Units
BATCH03941,Medium,No,Contract,Hormonal,HORM1,ES,41381,PLANT_SPECIAL,Medium,LEVOHORMIMPL,Units
BATCH01738,Low,No,OwnBrand,Hormonal,HORM2,PT,19179,PLANT_SPECIAL,Medium,EE30TAB,Units
BATCH07035,High,No,Contract,Injectable,INJ2,UK,10131,PLANT_PARENTERAL,High,CEF1GIV,Units
BATCH04656,Low,No,OwnBrand,Tablet,TL2,ES,323893,PLANT_SOLIDS,High,PARA500TAB,TabletsCaps
BATCH08398,Medium,No,OwnBrand,Device,DEV1,DE,15940,PLANT_SPECIAL,Medium,INSUPEN,Units
BATCH04573,Low,Yes,OwnBrand,Hormonal,HORM2,PT,40232,PLANT_SPECIAL,Medium,EE30TAB,Units
BATCH02759,High,No,Contract,Injectable,INJ2,UK,12880,PLANT_PARENTERAL,Medium,CEF1GIV,Units
BATCH08420,Medium,No,OwnBrand,Device,DEV1,DE,45733,PLANT_SPECIAL,Medium,INSUPEN,Units
BATCH05969,Low,No,Contract,Device,DEV1,UK,35306,PLANT_SPECIAL,Medium,INHALER,Units
BATCH03866,High,No,Contract,Capsule,CL2,DE,157704,PLANT_SOLIDS,Medium,AMOX500CAP,TabletsCaps
BATCH06682,Low,No,OwnBrand,Hormonal,HORM2,PT,20312,PLANT_SPECIAL,Medium,EE30TAB,Units
BATCH00166,Medium,No,OwnBrand,Injectable,INJ1,FR,3728,PLANT_PARENTERAL,Low,HEP5000SC,Units
BATCH07523,Low,Yes,OwnBrand,Hormonal,HORM1,PT,3971,PLANT_SPECIAL,Medium,EE30TAB,Units
BATCH03468,Medium,No,OwnBrand,Injectable,INJ2,FR,7123,PLANT_PARENTERAL,High,HEP5000SC,Units
BATCH00714,Medium,No,Contract,Hormonal,HORM2,ES,15867,PLANT_SPECIAL,High,LEVOHORMIMPL,Units
BATCH00293,Medium,Yes,OwnBrand,Tablet,TL3,FR,411064,PLANT_SOLIDS,High,IBUP400TAB,TabletsCaps
BATCH04607,Medium,No,OwnBrand,Tablet,TL3,FR,154291,PLANT_SOLIDS,Low,IBUP400TAB,TabletsCaps
BATCH00954,Low,Yes,OwnBrand,Capsule,CL2,IT,122907,PLANT_SOLIDS,Low,OMEP20CAP,TabletsCaps
BATCH02532,High,No,Contract,Injectable,INJ1,UK,15271,PLANT_PARENTERAL,Medium,CEF1GIV,Units
BATCH09443,Medium,No,OwnBrand,Tablet,TL3,FR,63854,PLANT_SOLIDS,High,IBUP400TAB,TabletsCaps
BATCH06238,Medium,Yes,OwnBrand,Device,DEV1,DE,24300,PLANT_SPECIAL,Medium,INSUPEN,Units
BATCH06240,Low,No,OwnBrand,Tablet,TL2,ES,170933,PLANT_SOLIDS,Medium,PARA500TAB,TabletsCaps
BATCH01156,Low,No,OwnBrand,Hormonal,HORM2,PT,25495,PLANT_SPECIAL,High,EE30TAB,Units
BATCH06230,Medium,No,OwnBrand,Device,DEV2,DE,10219,PLANT_SPECIAL,Medium,INSUPEN,Units
BATCH01783,Low,Yes,OwnBrand,Tablet,TL1,ES,240341,PLANT_SOLIDS,Medium,PARA500TAB,TabletsCaps
BATCH08844,Medium,Yes,OwnBrand,Tablet,TL1,FR,75356,PLANT_SOLIDS,Medium,IBUP400TAB,TabletsCaps
BATCH09133,Low,No,OwnBrand,Hormonal,HORM1,PT,4648,PLANT_SPECIAL,Low,EE30TAB,Units
BATCH07403,Low,Yes,Contract,Device,DEV2,UK,11620,PLANT_SPECIAL,High,INHALER,Units
BATCH06843,Medium,No,OwnBrand,Injectable,INJ1,FR,13973,PLANT_PARENTERAL,Medium,HEP5000SC,Units
BATCH06875,Medium,Yes,OwnBrand,Tablet,TL2,FR,204112,PLANT_SOLIDS,High,IBUP400TAB,TabletsCaps
BATCH05102,Medium,No,OwnBrand,Injectable,INJ2,FR,22622,PLANT_PARENTERAL,Medium,HEP5000SC,Units
BATCH08414,Low,No,OwnBrand,Hormonal,HORM1,PT,7039,PLANT_SPECIAL,Low,EE30TAB,Units
BATCH02307,Medium,No,Contract,Hormonal,HORM2,ES,15292,PLANT_SPECIAL,Medium,LEVOHORMIMPL,Units
BATCH05454,Low,No,OwnBrand,Capsule,CL1,IT,197153,PLANT_SOLIDS,Low,OMEP20CAP,TabletsCaps
BATCH00987,Medium,No,Contract,Hormonal,HORM2,ES,40118,PLANT_SPECIAL,High,LEVOHORMIMPL,Units
BATCH02288,High,Yes,Contract,Capsule,CL1,DE,395399,PLANT_SOLIDS,Low,AMOX500CAP,TabletsCaps
BATCH03388,Medium,No,OwnBrand,Device,DEV1,DE,10040,PLANT_SPECIAL,High,INSUPEN,Units
BATCH00703,Low,No,OwnBrand,Hormonal,HORM1,PT,38911,PLANT_SPECIAL,Medium,EE30TAB,Units
BATCH07451,Medium,Yes,Contract,Hormonal,HORM2,ES,44900,PLANT_SPECIAL,Medium,LEVOHORMIMPL,Units
BATCH05919,Low,Yes,OwnBrand,Capsule,CL2,IT,329730,PLANT_SOLIDS,High,OMEP20CAP,TabletsCaps
BATCH08296,Low,No,OwnBrand,Capsule,CL1,IT,249434,PLANT_SOLIDS,High,OMEP20CAP,TabletsCaps
BATCH05731,Medium,No,Contract,Hormonal,HORM1,ES,6965,PLANT_SPECIAL,High,LEVOHORMIMPL,Units
BATCH01417,Low,No,Contract,Device,DEV2,UK,19148,PLANT_SPECIAL,Low,INHALER,Units
BATCH04238,Low,No,OwnBrand,Hormonal,HORM2,PT,30274,PLANT_SPECIAL,Medium,EE30TAB,Units
BATCH04652,Low,Yes,OwnBrand,Capsule,CL2,IT,432760,PLANT_SOLIDS,Medium,OMEP20CAP,TabletsCaps
BATCH01962,Medium,No,OwnBrand,Injectable,INJ2,FR,28345,PLANT_PARENTERAL,Low,HEP5000SC,Units
BATCH07586,Medium,No,OwnBrand,Injectable,INJ1,FR,14756,PLANT_PARENTERAL,Medium,HEP5000SC,Units
BATCH02981,High,Yes,Contract,Injectable,INJ2,UK,29026,PLANT_PARENTERAL,High,CEF1GIV,Units
BATCH06864,Medium,No,OwnBrand,Tablet,TL1,FR,481224,PLANT_SOLIDS,Low,IBUP400TAB,TabletsCaps
BATCH09224,High,No,Contract,Injectable,INJ2,UK,21912,PLANT_PARENTERAL,Low,CEF1GIV,Units
BATCH06522,Low,No,OwnBrand,Tablet,TL1,ES,163486,PLANT_SOLIDS,Medium,PARA500TAB,TabletsCaps
BATCH08509,Low,No,OwnBrand,Tablet,TL2,ES,356000,PLANT_SOLIDS,Medium,PARA500TAB,TabletsCaps
BATCH09497,Low,Yes,OwnBrand,Hormonal,HORM2,PT,38554,PLANT_SPECIAL,Medium,EE30TAB,Units
BATCH08245,Low,No,OwnBrand,Hormonal,HORM1,PT,24935,PLANT_SPECIAL,Low,EE30TAB,Units
BATCH00885,Medium,No,OwnBrand,Injectable,INJ2,FR,12680,PLANT_PARENTERAL,Low,HEP5000SC,Units
BATCH03582,Medium,No,OwnBrand,Injectable,INJ2,FR,21215,PLANT_PARENTERAL,Medium,HEP5000SC,Units
BATCH01488,High,No,Contract,Injectable,INJ1,UK,29274,PLANT_PARENTERAL,Medium,CEF1GIV,Units
BATCH04128,Low,Yes,OwnBrand,Capsule,CL2,IT,260091,PLANT_SOLIDS,Medium,OMEP20CAP,TabletsCaps
BATCH07392,High,No,Contract,Injectable,INJ1,UK,2072,PLANT_PARENTERAL,Low,CEF1GIV,Units
BATCH04401,Low,Yes,OwnBrand,Hormonal,HORM2,PT,20297,PLANT_SPECIAL,Medium,EE30TAB,Units
BATCH05820,Low,No,Contract,Device,DEV1,UK,9311,PLANT_SPECIAL,Medium,INHALER,Units
BATCH07248,Low,No,OwnBrand,Capsule,CL1,IT,173115,PLANT_SOLIDS,Low,OMEP20CAP,TabletsCaps
BATCH03631,High,No,Contract,Capsule,CL1,DE,57771,PLANT_SOLIDS,Medium,AMOX500CAP,TabletsCaps
BATCH09638,Medium,Yes,OwnBrand,Injectable,INJ1,FR,4786,PLANT_PARENTERAL,Medium,HEP5000SC,Units
BATCH04648,Medium,Yes,OwnBrand,Tablet,TL1,FR,66891,PLANT_SOLIDS,Medium,IBUP400TAB,TabletsCaps
BATCH09751,Medium,Yes,OwnBrand,Injectable,INJ2,FR,12039,PLANT_PARENTERAL,Medium,HEP5000SC,Units
BATCH09620,High,Yes,Contract,Capsule,CL2,DE,88406,PLANT_SOLIDS,Medium,AMOX500CAP,TabletsCaps
BATCH04154,Low,No,Contract,Device,DEV1,UK,22376,PLANT_SPECIAL,Medium,INHALER,Units
BATCH08571,Medium,No,OwnBrand,Tablet,TL1,FR,448685,PLANT_SOLIDS,Medium,IBUP400TAB,TabletsCaps
BATCH09808,Low,Yes,OwnBrand,Hormonal,HORM2,PT,44271,PLANT_SPECIAL,Medium,EE30TAB,Units
BATCH00754,Low,No,Contract,Device,DEV1,UK,39453,PLANT_SPECIAL,Medium,INHALER,Units
BATCH03510,Medium,Yes,OwnBrand,Injectable,INJ1,FR,47159,PLANT_PARENTERAL,Low,HEP5000SC,Units
BATCH00470,High,No,Contract,Capsule,CL1,DE,450977,PLANT_SOLIDS,Low,AMOX500CAP,TabletsCaps
BATCH08241,Medium,No,Contract,Hormonal,HORM2,ES,2224,PLANT_SPECIAL,Low,LEVOHORMIMPL,Units
BATCH01163,High,No,Contract,Capsule,CL2,DE,202839,PLANT_SOLIDS,Low,AMOX500CAP,TabletsCaps
BATCH08098,Low,Yes,OwnBrand,Capsule,CL2,IT,303472,PLANT_SOLIDS,Low,OMEP20CAP,TabletsCaps
BATCH02505,Low,No,OwnBrand,Hormonal,HORM2,PT,7521,PLANT_SPECIAL,High,EE30TAB,Units
BATCH02902,Medium,No,OwnBrand,Device,DEV2,DE,9254,PLANT_SPECIAL,Low,INSUPEN,Units
BATCH04842,High,Yes,Contract,Capsule,CL1,DE,459044,PLANT_SOLIDS,Medium,AMOX500CAP,TabletsCaps
BATCH02555,Medium,No,OwnBrand,Tablet,TL3,FR,452876,PLANT_SOLIDS,High,IBUP400TAB,TabletsCaps
BATCH06698,High,No,Contract,Capsule,CL2,DE,114289,PLANT_SOLIDS,Low,AMOX500CAP,TabletsCaps
BATCH05384,Low,No,OwnBrand,Hormonal,HORM2,PT,9893,PLANT_SPECIAL,Low,EE30TAB,Units
BATCH08864,Low,No,Contract,Device,DEV1,UK,18012,PLANT_SPECIAL,Medium,INHALER,Units
BATCH09942,Medium,Yes,OwnBrand,Device,DEV2,DE,20281,PLANT_SPECIAL,Low,INSUPEN,Units
BATCH06002,Medium,No,OwnBrand,Injectable,INJ1,FR,36456,PLANT_PARENTERAL,Low,HEP5000SC,Units
BATCH07982,Medium,No,OwnBrand,Injectable,INJ1,FR,43808,PLANT_PARENTERAL,High,HEP5000SC,Units
BATCH07876,Low,No,Contract,Device,DEV1,UK,29744,PLANT_SPECIAL,Medium,INHALER,Units
BATCH05711,High,No,Contract,Capsule,CL1,DE,97384,PLANT_SOLIDS,Low,AMOX500CAP,TabletsCaps
BATCH01946,Medium,Yes,Contract,Hormonal,HORM2,ES,43566,PLANT_SPECIAL,Medium,LEVOHORMIMPL,Units
BATCH07122,Medium,No,OwnBrand,Injectable,INJ1,FR,25296,PLANT_PARENTERAL,Medium,HEP5000SC,Units
BATCH02267,Medium,No,OwnBrand,Injectable,INJ2,FR,46035,PLANT_PARENTERAL,Medium,HEP5000SC,Units
BATCH01266,Medium,No,OwnBrand,Device,DEV1,DE,2656,PLANT_SPECIAL,Medium,INSUPEN,Units
BATCH06116,Low,No,OwnBrand,Capsule,CL1,IT,419519,PLANT_SOLIDS,Medium,OMEP20CAP,TabletsCaps
BATCH02143,High,No,Contract,Capsule,CL2,DE,462454,PLANT_SOLIDS,Medium,AMOX500CAP,TabletsCaps
BATCH03541,High,Yes,Contract,Injectable,INJ2,UK,33634,PLANT_PARENTERAL,Medium,CEF1GIV,Units
BATCH07470,Low,Yes,OwnBrand,Tablet,TL2,ES,212249,PLANT_SOLIDS,Medium,PARA500TAB,TabletsCaps
BATCH04325,High,No,Contract,Capsule,CL2,DE,64562,PLANT_SOLIDS,Medium,AMOX500CAP,TabletsCaps
BATCH00641,Medium,No,Contract,Hormonal,HORM2,ES,30023,PLANT_SPECIAL,Low,LEVOHORMIMPL,Units
BATCH03554,High,No,Contract,Injectable,INJ1,UK,36004,PLANT_PARENTERAL,Low,CEF1GIV,Units
BATCH05117,High,No,Contract,Capsule,CL2,DE,331038,PLANT_SOLIDS,Low,AMOX500CAP,TabletsCaps
BATCH05473,Low,Yes,OwnBrand,Tablet,TL2,ES,318019,PLANT_SOLIDS,Medium,PARA500TAB,TabletsCaps
BATCH07924,Low,No,OwnBrand,Tablet,TL1,ES,149175,PLANT_SOLIDS,Low,PARA500TAB,TabletsCaps
BATCH00237,Medium,No,OwnBrand,Tablet,TL3,FR,224216,PLANT_SOLIDS,High,IBUP400TAB,TabletsCaps
BATCH06886,Medium,Yes,OwnBrand,Tablet,TL2,FR,309314,PLANT_SOLIDS,Medium,IBUP400TAB,TabletsCaps
BATCH00093,Low,No,OwnBrand,Hormonal,HORM1,PT,16313,PLANT_SPECIAL,Low,EE30TAB,Units
BATCH06651,Low,No,OwnBrand,Tablet,TL1,ES,57423,PLANT_SOLIDS,Medium,PARA500TAB,TabletsCaps
BATCH09936,High,No,Contract,Capsule,CL2,DE,490635,PLANT_SOLIDS,Low,AMOX500CAP,TabletsCaps
BATCH04101,High,No,Contract,Capsule,CL1,DE,230172,PLANT_SOLIDS,High,AMOX500CAP,TabletsCaps
BATCH01850,Medium,No,OwnBrand,Device,DEV1,DE,42519,PLANT_SPECIAL,Low,INSUPEN,Units
BATCH02544,Medium,No,OwnBrand,Tablet,TL2,FR,224809,PLANT_SOLIDS,Medium,IBUP400TAB,TabletsCaps
BATCH01108,High,Yes,Contract,Capsule,CL1,DE,425243,PLANT_SOLIDS,Medium,AMOX500CAP,TabletsCaps
BATCH00088,High,No,Contract,Injectable,INJ2,UK,7647,PLANT_PARENTERAL,High,CEF1GIV,Units
BATCH03739,High,Yes,Contract,Capsule,CL1,DE,80803,PLANT_SOLIDS,High,AMOX500CAP,TabletsCaps
BATCH00997,Low,Yes,OwnBrand,Hormonal,HORM1,PT,16745,PLANT_SPECIAL,Low,EE30TAB,Units
BATCH09485,Low,No,OwnBrand,Tablet,TL1,ES,160607,PLANT_SOLIDS,Medium,PARA500TAB,TabletsCaps
BATCH06666,Medium,No,OwnBrand,Tablet,TL3,FR,343937,PLANT_SOLIDS,Medium,IBUP400TAB,TabletsCaps
BATCH09645,Low,No,OwnBrand,Tablet,TL3,ES,78991,PLANT_SOLIDS,Low,PARA500TAB,TabletsCaps
BATCH00623,Medium,No,OwnBrand,Device,DEV2,DE,33825,PLANT_SPECIAL,Low,INSUPEN,Units
BATCH05623,Low,No,OwnBrand,Hormonal,HORM1,PT,6223,PLANT_SPECIAL,Low,EE30TAB,Units
BATCH04495,Medium,Yes,OwnBrand,Tablet,TL2,FR,362989,PLANT_SOLIDS,Medium,IBUP400TAB,TabletsCaps
BATCH09099,Medium,No,OwnBrand,Injectable,INJ1,FR,36669,PLANT_PARENTERAL,Low,HEP5000SC,Units
BATCH00014,Low,No,OwnBrand,Tablet,TL3,ES,110100,PLANT_SOLIDS,Low,PARA500TAB,TabletsCaps
BATCH09680,High,Yes,Contract,Capsule,CL2,DE,256166,PLANT_SOLIDS,Low,AMOX500CAP,TabletsCaps
BATCH02486,High,No,Contract,Injectable,INJ2,UK,4613,PLANT_PARENTERAL,High,CEF1GIV,Units
BATCH07897,Low,No,OwnBrand,Hormonal,HORM1,PT,22608,PLANT_SPECIAL,High,EE30TAB,Units
BATCH07496,Low,Yes,OwnBrand,Tablet,TL1,ES,474201,PLANT_SOLIDS,High,PARA500TAB,TabletsCaps
BATCH01315,Medium,No,OwnBrand,Injectable,INJ2,FR,36509,PLANT_PARENTERAL,Low,HEP5000SC,Units
BATCH00027,Low,No,OwnBrand,Capsule,CL2,IT,186224,PLANT_SOLIDS,Low,OMEP20CAP,TabletsCaps
BATCH06562,Medium,No,OwnBrand,Injectable,INJ1,FR,8275,PLANT_PARENTERAL,Low,HEP5000SC,Units
BATCH00739,High,No,Contract,Injectable,INJ1,UK,32892,PLANT_PARENTERAL,High,CEF1GIV,Units
BATCH05293,High,No,Contract,Injectable,INJ2,UK,6236,PLANT_PARENTERAL,Medium,CEF1GIV,Units
BATCH03687,Medium,No,Contract,Hormonal,HORM2,ES,23987,PLANT_SPECIAL,Medium,LEVOHORMIMPL,Units
BATCH02941,Medium,Yes,OwnBrand,Device,DEV2,DE,37807,PLANT_SPECIAL,Medium,INSUPEN,Units
BATCH02540,Medium,Yes,OwnBrand,Device,DEV2,DE,25582,PLANT_SPECIAL,Medium,INSUPEN,Units
BATCH06507,High,No,Contract,Injectable,INJ2,UK,25050,PLANT_PARENTERAL,Low,CEF1GIV,Units
BATCH06122,High,Yes,Contract,Injectable,INJ1,UK,35438,PLANT_PARENTERAL,Low,CEF1GIV,Units
BATCH02899,Low,No,OwnBrand,Capsule,CL1,IT,301565,PLANT_SOLIDS,Medium,OMEP20CAP,TabletsCaps
BATCH00161,Low,No,OwnBrand,Capsule,CL2,IT,262468,PLANT_SOLIDS,Low,OMEP20CAP,TabletsCaps
BATCH04215,Low,No,OwnBrand,Tablet,TL1,ES,460055,PLANT_SOLIDS,Medium,PARA500TAB,TabletsCaps
BATCH01241,Medium,No,OwnBrand,Device,DEV2,DE,23686,PLANT_SPECIAL,Medium,INSUPEN,Units
BATCH02490,Low,No,OwnBrand,Tablet,TL1,ES,54016,PLANT_SOLIDS,Medium,PARA500TAB,TabletsCaps
BATCH02851,Medium,No,OwnBrand,Tablet,TL1,FR,285292,PLANT_SOLIDS,High,IBUP400TAB,TabletsCaps
BATCH06888,High,No,Contract,Injectable,INJ1,UK,6473,PLANT_PARENTERAL,Low,CEF1GIV,Units
BATCH02467,Medium,No,OwnBrand,Tablet,TL1,FR,306853,PLANT_SOLIDS,Medium,IBUP400TAB,TabletsCaps
BATCH02697,Medium,No,Contract,Hormonal,HORM1,ES,21443,PLANT_SPECIAL,High,LEVOHORMIMPL,Units
BATCH02652,Low,No,OwnBrand,Tablet,TL2,ES,341149,PLANT_SOLIDS,Medium,PARA500TAB,TabletsCaps
BATCH05434,Low,No,OwnBrand,Tablet,TL2,ES,137979,PLANT_SOLIDS,Medium,PARA500TAB,TabletsCaps
BATCH03386,High,No,Contract,Capsule,CL2,DE,135187,PLANT_SOLIDS,Low,AMOX500CAP,TabletsCaps
BATCH04808,Medium,No,Contract,Hormonal,HORM2,ES,26120,PLANT_SPECIAL,Medium,LEVOHORMIMPL,Units
BATCH01593,Medium,No,OwnBrand,Tablet,TL3,FR,200654,PLANT_SOLIDS,Medium,IBUP400TAB,TabletsCaps
BATCH09847,Medium,No,OwnBrand,Device,DEV2,DE,37489,PLANT_SPECIAL,Low,INSUPEN,Units
BATCH00786,Medium,Yes,OwnBrand,Injectable,INJ2,FR,16792,PLANT_PARENTERAL,Low,HEP5000SC,Units
BATCH02480,High,No,Contract,Injectable,INJ2,UK,23872,PLANT_PARENTERAL,Medium,CEF1GIV,Units
BATCH00265,Low,Yes,OwnBrand,Tablet,TL1,ES,127038,PLANT_SOLIDS,Medium,PARA500TAB,TabletsCaps
BATCH04930,Low,No,OwnBrand,Capsule,CL1,IT,478586,PLANT_SOLIDS,Low,OMEP20CAP,TabletsCaps
BATCH05123,Medium,No,OwnBrand,Injectable,INJ1,FR,39104,PLANT_PARENTERAL,Medium,HEP5000SC,Units
BATCH07081,Low,Yes,OwnBrand,Hormonal,HORM1,PT,11732,PLANT_SPECIAL,Medium,EE30TAB,Units
BATCH02410,High,No,Contract,Capsule,CL1,DE,394704,PLANT_SOLIDS,High,AMOX500CAP,TabletsCaps
BATCH06655,High,No,Contract,Capsule,CL1,DE,232047,PLANT_SOLIDS,Low,AMOX500CAP,TabletsCaps
BATCH04567,Low,Yes,OwnBrand,Tablet,TL3,ES,325974,PLANT_SOLIDS,High,PARA500TAB,TabletsCaps
BATCH08149,Medium,No,Contract,Hormonal,HORM2,ES,12105,PLANT_SPECIAL,Medium,LEVOHORMIMPL,Units
BATCH08389,Medium,Yes,OwnBrand,Device,DEV1,DE,8682,PLANT_SPECIAL,Low,INSUPEN,Units
BATCH05518,High,No,Contract,Capsule,CL1,DE,424801,PLANT_SOLIDS,High,AMOX500CAP,TabletsCaps
BATCH02374,Low,No,OwnBrand,Tablet,TL2,ES,277738,PLANT_SOLIDS,Medium,PARA500TAB,TabletsCaps
BATCH01096,Low,Yes,Contract,Device,DEV1,UK,1289,PLANT_SPECIAL,Medium,INHALER,Units
BATCH07577,Low,No,Contract,Device,DEV2,UK,22715,PLANT_SPECIAL,Medium,INHALER,Units
BATCH06960,Medium,No,Contract,Hormonal,HORM1,ES,40085,PLANT_SPECIAL,Medium,LEVOHORMIMPL,Units
BATCH03822,Low,Yes,Contract,Device,DEV1,UK,36413,PLANT_SPECIAL,Medium,INHALER,Units
BATCH01271,Medium,No,Contract,Hormonal,HORM1,ES,1481,PLANT_SPECIAL,Medium,LEVOHORMIMPL,Units
BATCH08440,Medium,No,OwnBrand,Tablet,TL2,FR,300289,PLANT_SOLIDS,Medium,IBUP400TAB,TabletsCaps
BATCH01250,Medium,No,OwnBrand,Tablet,TL1,FR,229453,PLANT_SOLIDS,Low,IBUP400TAB,TabletsCaps
BATCH02831,High,No,Contract,Injectable,INJ1,UK,19480,PLANT_PARENTERAL,High,CEF1GIV,Units
BATCH04452,High,Yes,Contract,Capsule,CL1,DE,75719,PLANT_SOLIDS,Low,AMOX500CAP,TabletsCaps
BATCH06853,Medium,No,OwnBrand,Tablet,TL3,FR,456528,PLANT_SOLIDS,Medium,IBUP400TAB,TabletsCaps
BATCH03718,High,No,Contract,Capsule,CL2,DE,469038,PLANT_SOLIDS,Medium,AMOX500CAP,TabletsCaps
BATCH09986,Medium,No,OwnBrand,Device,DEV2,DE,28959,PLANT_SPECIAL,Medium,INSUPEN,Units
BATCH05879,Medium,No,OwnBrand,Device,DEV1,DE,42584,PLANT_SPECIAL,Medium,INSUPEN,Units
BATCH05441,Low,No,Contract,Device,DEV2,UK,39541,PLANT_SPECIAL,Medium,INHALER,Units
BATCH08302,Low,Yes,OwnBrand,Hormonal,HORM2,PT,36153,PLANT_SPECIAL,Medium,EE30TAB,Units
BATCH08449,Medium,No,OwnBrand,Tablet,TL3,FR,412907,PLANT_SOLIDS,Medium,IBUP400TAB,TabletsCaps
BATCH05341,Low,No,OwnBrand,Tablet,TL1,ES,261864,PLANT_SOLIDS,Low,PARA500TAB,TabletsCaps
BATCH03897,High,No,Contract,Capsule,CL1,DE,381774,PLANT_SOLIDS,Medium,AMOX500CAP,TabletsCaps
BATCH06498,Medium,No,Contract,Hormonal,HORM2,ES,24266,PLANT_SPECIAL,Medium,LEVOHORMIMPL,Units
BATCH09445,High,No,Contract,Injectable,INJ1,UK,3943,PLANT_PARENTERAL,High,CEF1GIV,Units
BATCH03346,High,No,Contract,Capsule,CL2,DE,84496,PLANT_SOLIDS,High,AMOX500CAP,TabletsCaps
BATCH06950,Low,No,OwnBrand,Tablet,TL2,ES,492671,PLANT_SOLIDS,High,PARA500TAB,TabletsCaps
BATCH06874,Medium,No,Contract,Hormonal,HORM1,ES,7026,PLANT_SPECIAL,Medium,LEVOHORMIMPL,Units
BATCH07692,Medium,No,OwnBrand,Tablet,TL2,FR,217056,PLANT_SOLIDS,Medium,IBUP400TAB,TabletsCaps
BATCH03370,Low,No,Contract,Device,DEV1,UK,40179,PLANT_SPECIAL,Medium,INHALER,Units
BATCH04673,Low,No,Contract,Device,DEV2,UK,24954,PLANT_SPECIAL,Low,INHALER,Units
BATCH04268,Low,No,OwnBrand,Hormonal,HORM1,PT,16744,PLANT_SPECIAL,Medium,EE30TAB,Units
BATCH00433,Medium,No,OwnBrand,Injectable,INJ1,FR,27653,PLANT_PARENTERAL,Medium,HEP5000SC,Units
BATCH02820,Medium,Yes,OwnBrand,Injectable,INJ1,FR,9193,PLANT_PARENTERAL,Medium,HEP5000SC,Units
BATCH07306,Low,No,Contract,Device,DEV1,UK,1108,PLANT_SPECIAL,Low,INHALER,Units
BATCH02087,Medium,Yes,OwnBrand,Tablet,TL3,FR,299763,PLANT_SOLIDS,Medium,IBUP400TAB,TabletsCaps
BATCH02792,Low,No,OwnBrand,Tablet,TL2,ES,423166,PLANT_SOLIDS,Medium,PARA500TAB,TabletsCaps
BATCH07099,Low,No,OwnBrand,Capsule,CL1,IT,247231,PLANT_SOLIDS,High,OMEP20CAP,TabletsCaps
BATCH04538,High,Yes,Contract,Injectable,INJ2,UK,14639,PLANT_PARENTERAL,High,CEF1GIV,Units
BATCH08343,Medium,Yes,OwnBrand,Tablet,TL1,FR,203233,PLANT_SOLIDS,Low,IBUP400TAB,TabletsCaps
BATCH07703,Medium,No,OwnBrand,Device,DEV2,DE,2445,PLANT_SPECIAL,High,INSUPEN,Units
BATCH00683,Low,No,Contract,Device,DEV1,UK,17708,PLANT_SPECIAL,Low,INHALER,Units
BATCH02463,High,Yes,Contract,Capsule,CL1,DE,154823,PLANT_SOLIDS,Low,AMOX500CAP,TabletsCaps
BATCH06679,Medium,No,OwnBrand,Tablet,TL3,FR,482225,PLANT_SOLIDS,Medium,IBUP400TAB,TabletsCaps
BATCH07590,Medium,No,OwnBrand,Injectable,INJ1,FR,9041,PLANT_PARENTERAL,Low,HEP5000SC,Units
BATCH08369,Low,No,OwnBrand,Hormonal,HORM2,PT,2497,PLANT_SPECIAL,Medium,EE30TAB,Units
BATCH06350,Medium,Yes,OwnBrand,Tablet,TL1,FR,331320,PLANT_SOLIDS,Medium,IBUP400TAB,TabletsCaps
BATCH02512,High,No,Contract,Capsule,CL2,DE,341346,PLANT_SOLIDS,Medium,AMOX500CAP,TabletsCaps
BATCH08602,Medium,No,OwnBrand,Device,DEV2,DE,30937,PLANT_SPECIAL,High,INSUPEN,Units
BATCH00738,Medium,No,OwnBrand,Injectable,INJ1,FR,4690,PLANT_PARENTERAL,High,HEP5000SC,Units
BATCH05997,Low,No,OwnBrand,Tablet,TL1,ES,109620,PLANT_SOLIDS,Low,PARA500TAB,TabletsCaps
BATCH06153,Low,No,Contract,Device,DEV2,UK,36863,PLANT_SPECIAL,High,INHALER,Units
BATCH00928,Low,No,OwnBrand,Hormonal,HORM1,PT,22120,PLANT_SPECIAL,Low,EE30TAB,Units
BATCH08174,Medium,No,Contract,Hormonal,HORM1,ES,6821,PLANT_SPECIAL,High,LEVOHORMIMPL,Units
BATCH01308,Medium,No,OwnBrand,Injectable,INJ2,FR,37186,PLANT_PARENTERAL,Low,HEP5000SC,Units
BATCH06934,High,No,Contract,Injectable,INJ2,UK,4907,PLANT_PARENTERAL,Medium,CEF1GIV,Units
BATCH01796,Medium,No,Contract,Hormonal,HORM2,ES,6478,PLANT_SPECIAL,Medium,LEVOHORMIMPL,Units
BATCH07475,Medium,Yes,OwnBrand,Injectable,INJ2,FR,20098,PLANT_PARENTERAL,High,HEP5000SC,Units
BATCH07873,Medium,No,OwnBrand,Injectable,INJ2,FR,20670,PLANT_PARENTERAL,Low,HEP5000SC,Units
BATCH07441,Medium,No,OwnBrand,Device,DEV1,DE,14531,PLANT_SPECIAL,Medium,INSUPEN,Units
BATCH09888,High,No,Contract,Capsule,CL1,DE,156951,PLANT_SOLIDS,High,AMOX500CAP,TabletsCaps
BATCH09177,Medium,No,OwnBrand,Tablet,TL1,FR,81697,PLANT_SOLIDS,Medium,IBUP400TAB,TabletsCaps
BATCH02407,Medium,No,Contract,Hormonal,HORM1,ES,23655,PLANT_SPECIAL,Low,LEVOHORMIMPL,Units
BATCH05944,High,Yes,Contract,Capsule,CL1,DE,234358,PLANT_SOLIDS,Medium,AMOX500CAP,TabletsCaps
BATCH07582,High,Yes,Contract,Capsule,CL2,DE,321441,PLANT_SOLIDS,High,AMOX500CAP,TabletsCaps
BATCH08091,Low,No,Contract,Device,DEV1,UK,34925,PLANT_SPECIAL,Medium,INHALER,Units
BATCH06856,High,No,Contract,Capsule,CL2,DE,430789,PLANT_SOLIDS,Medium,AMOX500CAP,TabletsCaps
BATCH07727,Low,No,OwnBrand,Capsule,CL2,IT,483686,PLANT_SOLIDS,High,OMEP20CAP,TabletsCaps
BATCH00764,High,No,Contract,Capsule,CL1,DE,350477,PLANT_SOLIDS,High,AMOX500CAP,TabletsCaps
BATCH07207,Low,No,Contract,Device,DEV1,UK,20577,PLANT_SPECIAL,Low,INHALER,Units
BATCH05237,Medium,No,OwnBrand,Injectable,INJ2,FR,38081,PLANT_PARENTERAL,Medium,HEP5000SC,Units
BATCH09138,Medium,Yes,Contract,Hormonal,HORM1,ES,42292,PLANT_SPECIAL,Medium,LEVOHORMIMPL,Units
BATCH05564,Low,No,Contract,Device,DEV2,UK,26597,PLANT_SPECIAL,Low,INHALER,Units
BATCH06704,Medium,No,OwnBrand,Device,DEV2,DE,35574,PLANT_SPECIAL,Low,INSUPEN,Units
BATCH02034,Medium,No,OwnBrand,Tablet,TL2,FR,358163,PLANT_SOLIDS,High,IBUP400TAB,TabletsCaps
BATCH02755,Medium,No,OwnBrand,Injectable,INJ2,FR,8485,PLANT_PARENTERAL,Medium,HEP5000SC,Units
BATCH02990,Low,Yes,OwnBrand,Hormonal,HORM1,PT,9979,PLANT_SPECIAL,High,EE30TAB,Units
BATCH02367,Low,No,OwnBrand,Tablet,TL2,ES,411689,PLANT_SOLIDS,High,PARA500TAB,TabletsCaps
BATCH03591,Medium,No,Contract,Hormonal,HORM1,ES,34142,PLANT_SPECIAL,Medium,LEVOHORMIMPL,Units
BATCH00145,High,No,Contract,Capsule,CL1,DE,295179,PLANT_SOLIDS,Medium,AMOX500CAP,TabletsCaps
BATCH07147,High,No,Contract,Capsule,CL2,DE,74536,PLANT_SOLIDS,Medium,AMOX500CAP,TabletsCaps
BATCH03650,Low,No,OwnBrand,Capsule,CL2,IT,492245,PLANT_SOLIDS,Low,OMEP20CAP,TabletsCaps
BATCH05319,High,No,Contract,Injectable,INJ1,UK,16947,PLANT_PARENTERAL,High,CEF1GIV,Units
BATCH04583,Low,No,OwnBrand,Tablet,TL1,ES,134895,PLANT_SOLIDS,Low,PARA500TAB,TabletsCaps
BATCH03750,High,Yes,Contract,Injectable,INJ1,UK,39971,PLANT_PARENTERAL,High,CEF1GIV,Units
BATCH03301,Low,No,OwnBrand,Capsule,CL2,IT,250258,PLANT_SOLIDS,Medium,OMEP20CAP,TabletsCaps
BATCH07767,Low,Yes,OwnBrand,Tablet,TL2,ES,413184,PLANT_SOLIDS,High,PARA500TAB,TabletsCaps
BATCH00229,Low,No,OwnBrand,Capsule,CL1,IT,391185,PLANT_SOLIDS,Medium,OMEP20CAP,TabletsCaps
BATCH05207,High,Yes,Contract,Injectable,INJ2,UK,15651,PLANT_PARENTERAL,High,CEF1GIV,Units
BATCH05425,Medium,Yes,Contract,Hormonal,HORM2,ES,29420,PLANT_SPECIAL,Medium,LEVOHORMIMPL,Units
BATCH08033,Low,No,OwnBrand,Tablet,TL3,ES,98405,PLANT_SOLIDS,Medium,PARA500TAB,TabletsCaps
BATCH06774,Medium,Yes,Contract,Hormonal,HORM2,ES,12260,PLANT_SPECIAL,Medium,LEVOHORMIMPL,Units
BATCH03697,Medium,Yes,OwnBrand,Tablet,TL1,FR,313155,PLANT_SOLIDS,High,IBUP400TAB,TabletsCaps
BATCH02628,Medium,Yes,OwnBrand,Device,DEV2,DE,16346,PLANT_SPECIAL,Low,INSUPEN,Units
BATCH01393,High,No,Contract,Capsule,CL2,DE,292967,PLANT_SOLIDS,High,AMOX500CAP,TabletsCaps
BATCH06814,Low,No,Contract,Device,DEV2,UK,21597,PLANT_SPECIAL,Medium,INHALER,Units
BATCH00737,Medium,No,Contract,Hormonal,HORM1,ES,15478,PLANT_SPECIAL,Medium,LEVOHORMIMPL,Units
BATCH00228,Low,No,OwnBrand,Tablet,TL2,ES,235857,PLANT_SOLIDS,Medium,PARA500TAB,TabletsCaps
BATCH09284,Medium,No,OwnBrand,Injectable,INJ1,FR,6687,PLANT_PARENTERAL,High,HEP5000SC,Units
BATCH06968,Medium,No,OwnBrand,Tablet,TL2,FR,265158,PLANT_SOLIDS,High,IBUP400TAB,TabletsCaps
BATCH09337,Low,No,OwnBrand,Hormonal,HORM2,PT,27442,PLANT_SPECIAL,Low,EE30TAB,Units
BATCH00911,Low,No,Contract,Device,DEV2,UK,17237,PLANT_SPECIAL,Low,INHALER,Units
BATCH04756,Low,Yes,OwnBrand,Capsule,CL2,IT,494916,PLANT_SOLIDS,Low,OMEP20CAP,TabletsCaps
BATCH01197,Low,Yes,Contract,Device,DEV2,UK,32116,PLANT_SPECIAL,High,INHALER,Units
BATCH07972,High,Yes,Contract,Injectable,INJ1,UK,2450,PLANT_PARENTERAL,Medium,CEF1GIV,Units
BATCH05501,Medium,No,OwnBrand,Tablet,TL1,FR,358413,PLANT_SOLIDS,Medium,IBUP400TAB,TabletsCaps
BATCH08023,Low,No,OwnBrand,Hormonal,HORM2,PT,1312,PLANT_SPECIAL,Medium,EE30TAB,Units
BATCH07294,Low,No,OwnBrand,Capsule,CL2,IT,60090,PLANT_SOLIDS,High,OMEP20CAP,TabletsCaps
BATCH03101,Medium,Yes,Contract,Hormonal,HORM1,ES,41204,PLANT_SPECIAL,High,LEVOHORMIMPL,Units
BATCH04183,Medium,Yes,OwnBrand,Device,DEV2,DE,20113,PLANT_SPECIAL,Medium,INSUPEN,Units
BATCH05567,High,Yes,Contract,Capsule,CL2,DE,137521,PLANT_SOLIDS,High,AMOX500CAP,TabletsCaps
BATCH04019,High,Yes,Contract,Injectable,INJ2,UK,8784,PLANT_PARENTERAL,Medium,CEF1GIV,Units
BATCH04198,Low,Yes,OwnBrand,Tablet,TL2,ES,204668,PLANT_SOLIDS,High,PARA500TAB,TabletsCaps
BATCH00362,High,No,Contract,Capsule,CL2,DE,211054,PLANT_SOLIDS,Low,AMOX500CAP,TabletsCaps
BATCH04639,High,No,Contract,Capsule,CL2,DE,157322,PLANT_SOLIDS,Medium,AMOX500CAP,TabletsCaps
BATCH02557,Low,Yes,OwnBrand,Tablet,TL3,ES,474674,PLANT_SOLIDS,Low,PARA500TAB,TabletsCaps
BATCH02239,High,No,Contract,Capsule,CL1,DE,207090,PLANT_SOLIDS,High,AMOX500CAP,TabletsCaps
BATCH04483,Medium,No,OwnBrand,Device,DEV1,DE,21964,PLANT_SPECIAL,Medium,INSUPEN,Units
BATCH01490,Low,No,Contract,Device,DEV1,UK,37083,PLANT_SPECIAL,Medium,INHALER,Units
BATCH07464,Low,No,OwnBrand,Capsule,CL1,IT,491306,PLANT_SOLIDS,Medium,OMEP20CAP,TabletsCaps
BATCH00436,High,No,Contract,Capsule,CL1,DE,212080,PLANT_SOLIDS,Medium,AMOX500CAP,TabletsCaps
BATCH00266,High,No,Contract,Capsule,CL2,DE,173290,PLANT_SOLIDS,Medium,AMOX500CAP,TabletsCaps
BATCH05636,Medium,No,Contract,Hormonal,HORM1,ES,32210,PLANT_SPECIAL,Medium,LEVOHORMIMPL,Units
BATCH06585,Low,No,OwnBrand,Hormonal,HORM2,PT,35451,PLANT_SPECIAL,Medium,EE30TAB,Units
BATCH09683,Medium,No,OwnBrand,Tablet,TL3,FR,215193,PLANT_SOLIDS,Medium,IBUP400TAB,TabletsCaps
BATCH04753,Low,No,OwnBrand,Capsule,CL1,IT,330663,PLANT_SOLIDS,High,OMEP20CAP,TabletsCaps
BATCH04285,Low,No,OwnBrand,Hormonal,HORM2,PT,9473,PLANT_SPECIAL,High,EE30TAB,Units
BATCH03330,High,No,Contract,Injectable,INJ1,UK,31175,PLANT_PARENTERAL,Medium,CEF1GIV,Units
BATCH04755,Medium,No,Contract,Hormonal,HORM2,ES,31576,PLANT_SPECIAL,High,LEVOHORMIMPL,Units
BATCH01028,Low,No,OwnBrand,Capsule,CL1,IT,109366,PLANT_SOLIDS,High,OMEP20CAP,TabletsCaps
BATCH02366,Low,No,OwnBrand,Hormonal,HORM2,PT,31145,PLANT_SPECIAL,Medium,EE30TAB,Units
BATCH07567,Medium,Yes,OwnBrand,Injectable,INJ1,FR,30040,PLANT_PARENTERAL,Low,HEP5000SC,Units
BATCH05111,Medium,No,OwnBrand,Tablet,TL2,FR,198564,PLANT_SOLIDS,Medium,IBUP400TAB,TabletsCaps
BATCH04947,Medium,No,OwnBrand,Device,DEV2,DE,3817,PLANT_SPECIAL,Medium,INSUPEN,Units
BATCH07742,Low,No,OwnBrand,Tablet,TL3,ES,287880,PLANT_SOLIDS,Medium,PARA500TAB,TabletsCaps
BATCH03811,High,Yes,Contract,Capsule,CL2,DE,69409,PLANT_SOLIDS,Medium,AMOX500CAP,TabletsCaps
BATCH04361,Medium,No,OwnBrand,Tablet,TL3,FR,282358,PLANT_SOLIDS,High,IBUP400TAB,TabletsCaps
BATCH00283,Medium,No,OwnBrand,Tablet,TL3,FR,207480,PLANT_SOLIDS,Medium,IBUP400TAB,TabletsCaps
BATCH07154,Low,No,OwnBrand,Hormonal,HORM1,PT,1973,PLANT_SPECIAL,Medium,EE30TAB,Units
BATCH04769,Medium,Yes,OwnBrand,Tablet,TL3,FR,322259,PLANT_SOLIDS,Medium,IBUP400TAB,TabletsCaps
BATCH08049,Low,No,OwnBrand,Tablet,TL3,ES,61049,PLANT_SOLIDS,Low,PARA500TAB,TabletsCaps
BATCH09757,Medium,Yes,OwnBrand,Device,DEV2,DE,1105,PLANT_SPECIAL,Medium,INSUPEN,Units
BATCH00837,Medium,No,OwnBrand,Tablet,TL2,FR,139175,PLANT_SOLIDS,Low,IBUP400TAB,TabletsCaps
BATCH07296,Medium,No,Contract,Hormonal,HORM1,ES,8773,PLANT_SPECIAL,High,LEVOHORMIMPL,Units
BATCH02296,Low,No,OwnBrand,Tablet,TL1,ES,270880,PLANT_SOLIDS,Medium,PARA500TAB,TabletsCaps
BATCH06798,Low,No,OwnBrand,Hormonal,HORM2,PT,34681,PLANT_SPECIAL,Low,EE30TAB,Units
BATCH00677,High,No,Contract,Capsule,CL1,DE,420230,PLANT_SOLIDS,Low,AMOX500CAP,TabletsCaps
BATCH03105,Medium,No,Contract,Hormonal,HORM1,ES,9452,PLANT_SPECIAL,Medium,LEVOHORMIMPL,Units
BATCH05394,High,Yes,Contract,Injectable,INJ2,UK,12750,PLANT_PARENTERAL,High,CEF1GIV,Units
BATCH00404,Low,No,Contract,Device,DEV1,UK,42027,PLANT_SPECIAL,Medium,INHALER,Units
BATCH06762,High,No,Contract,Capsule,CL2,DE,443506,PLANT_SOLIDS,High,AMOX500CAP,TabletsCaps
BATCH02199,Medium,No,OwnBrand,Device,DEV1,DE,10171,PLANT_SPECIAL,High,INSUPEN,Units
BATCH06064,High,No,Contract,Injectable,INJ1,UK,37023,PLANT_PARENTERAL,High,CEF1GIV,Units
BATCH00318,Low,No,Contract,Device,DEV2,UK,5038,PLANT_SPECIAL,Medium,INHALER,Units
BATCH06425,Medium,Yes,OwnBrand,Injectable,INJ1,FR,39475,PLANT_PARENTERAL,Medium,HEP5000SC,Units
BATCH08300,Medium,Yes,Contract,Hormonal,HORM1,ES,43966,PLANT_SPECIAL,Medium,LEVOHORMIMPL,Units
BATCH02248,High,Yes,Contract,Injectable,INJ2,UK,15036,PLANT_PARENTERAL,High,CEF1GIV,Units
BATCH00497,Medium,No,Contract,Hormonal,HORM1,ES,17331,PLANT_SPECIAL,Low,LEVOHORMIMPL,Units
BATCH06403,Medium,No,OwnBrand,Injectable,INJ2,FR,8424,PLANT_PARENTERAL,Low,HEP5000SC,Units
BATCH08818,Medium,No,OwnBrand,Device,DEV1,DE,8141,PLANT_SPECIAL,Medium,INSUPEN,Units
BATCH07904,Medium,No,Contract,Hormonal,HORM1,ES,32645,PLANT_SPECIAL,Medium,LEVOHORMIMPL,Units
BATCH01211,Low,No,Contract,Device,DEV1,UK,38974,PLANT_SPECIAL,High,INHALER,Units
BATCH07250,Low,Yes,Contract,Device,DEV1,UK,19653,PLANT_SPECIAL,Low,INHALER,Units
BATCH01145,Medium,Yes,OwnBrand,Injectable,INJ2,FR,20380,PLANT_PARENTERAL,Medium,HEP5000SC,Units
BATCH07167,Low,No,OwnBrand,Hormonal,HORM1,PT,38753,PLANT_SPECIAL,Low,EE30TAB,Units
BATCH00054,Low,No,OwnBrand,Hormonal,HORM1,PT,40548,PLANT_SPECIAL,Low,EE30TAB,Units
BATCH09998,High,No,Contract,Capsule,CL2,DE,176063,PLANT_SOLIDS,Medium,AMOX500CAP,TabletsCaps
BATCH04561,Low,No,Contract,Device,DEV2,UK,48299,PLANT_SPECIAL,Medium,INHALER,Units
BATCH08037,Low,No,Contract,Device,DEV1,UK,38121,PLANT_SPECIAL,Low,INHALER,Units
BATCH02923,Medium,No,Contract,Hormonal,HORM1,ES,45109,PLANT_SPECIAL,High,LEVOHORMIMPL,Units
BATCH05633,Low,No,OwnBrand,Capsule,CL1,IT,176917,PLANT_SOLIDS,High,OMEP20CAP,TabletsCaps
BATCH08870,Low,No,OwnBrand,Tablet,TL2,ES,316168,PLANT_SOLIDS,Low,PARA500TAB,TabletsCaps
BATCH07058,High,No,Contract,Injectable,INJ1,UK,21708,PLANT_PARENTERAL,Low,CEF1GIV,Units
BATCH08637,Low,Yes,Contract,Device,DEV1,UK,29946,PLANT_SPECIAL,Low,INHALER,Units
BATCH07910,High,No,Contract,Capsule,CL1,DE,216621,PLANT_SOLIDS,High,AMOX500CAP,TabletsCaps
BATCH08552,Low,No,OwnBrand,Tablet,TL1,ES,119492,PLANT_SOLIDS,Low,PARA500TAB,TabletsCaps
BATCH07440,Low,Yes,OwnBrand,Capsule,CL2,IT,284451,PLANT_SOLIDS,Medium,OMEP20CAP,TabletsCaps
BATCH04690,Low,No,Contract,Device,DEV1,UK,39475,PLANT_SPECIAL,Medium,INHALER,Units
BATCH04487,Low,No,Contract,Device,DEV2,UK,5855,PLANT_SPECIAL,Medium,INHALER,Units
BATCH00019,Low,No,OwnBrand,Tablet,TL1,ES,407188,PLANT_SOLIDS,Medium,PARA500TAB,TabletsCaps
BATCH02898,Medium,No,OwnBrand,Tablet,TL3,FR,408297,PLANT_SOLIDS,Medium,IBUP400TAB,TabletsCaps
BATCH08482,Medium,Yes,OwnBrand,Device,DEV2,DE,1564,PLANT_SPECIAL,Medium,INSUPEN,Units
BATCH02015,Medium,No,OwnBrand,Tablet,TL1,FR,229641,PLANT_SOLIDS,Medium,IBUP400TAB,TabletsCaps
BATCH04900,Low,Yes,OwnBrand,Hormonal,HORM2,PT,20032,PLANT_SPECIAL,High,EE30TAB,Units
BATCH05853,Medium,No,Contract,Hormonal,HORM2,ES,16761,PLANT_SPECIAL,Medium,LEVOHORMIMPL,Units
BATCH09041,Medium,No,OwnBrand,Device,DEV2,DE,5243,PLANT_SPECIAL,Low,INSUPEN,Units
BATCH04357,Low,No,Contract,Device,DEV2,UK,5940,PLANT_SPECIAL,High,INHALER,Units
BATCH07832,High,Yes,Contract,Capsule,CL2,DE,167076,PLANT_SOLIDS,Low,AMOX500CAP,TabletsCaps
BATCH03583,Low,No,OwnBrand,Tablet,TL2,ES,234047,PLANT_SOLIDS,Medium,PARA500TAB,TabletsCaps
BATCH03990,High,No,Contract,Injectable,INJ1,UK,21969,PLANT_PARENTERAL,Medium,CEF1GIV,Units
BATCH04666,Low,Yes,OwnBrand,Tablet,TL3,ES,406969,PLANT_SOLIDS,High,PARA500TAB,TabletsCaps
BATCH01322,Medium,No,OwnBrand,Device,DEV1,DE,11391,PLANT_SPECIAL,Medium,INSUPEN,Units
BATCH08421,Low,No,OwnBrand,Hormonal,HORM2,PT,31092,PLANT_SPECIAL,High,EE30TAB,Units
BATCH08285,Medium,No,OwnBrand,Injectable,INJ2,FR,26626,PLANT_PARENTERAL,Medium,HEP5000SC,Units
BATCH05314,Medium,Yes,Contract,Hormonal,HORM2,ES,38740,PLANT_SPECIAL,Medium,LEVOHORMIMPL,Units
BATCH07016,Medium,No,OwnBrand,Tablet,TL1,FR,95269,PLANT_SOLIDS,Low,IBUP400TAB,TabletsCaps
BATCH09980,High,Yes,Contract,Injectable,INJ2,UK,38529,PLANT_PARENTERAL,Medium,CEF1GIV,Units
BATCH03883,Low,Yes,OwnBrand,Tablet,TL2,ES,227453,PLANT_SOLIDS,Low,PARA500TAB,TabletsCaps
BATCH04771,High,Yes,Contract,Injectable,INJ1,UK,26551,PLANT_PARENTERAL,Medium,CEF1GIV,Units
BATCH08495,Medium,No,OwnBrand,Injectable,INJ1,FR,31415,PLANT_PARENTERAL,Low,HEP5000SC,Units
BATCH01394,Medium,No,OwnBrand,Injectable,INJ2,FR,47581,PLANT_PARENTERAL,Medium,HEP5000SC,Units
BATCH01909,Low,No,Contract,Device,DEV2,UK,39529,PLANT_SPECIAL,Low,INHALER,Units
BATCH02832,Medium,No,Contract,Hormonal,HORM2,ES,21896,PLANT_SPECIAL,Medium,LEVOHORMIMPL,Units
BATCH01338,High,No,Contract,Injectable,INJ2,UK,12205,PLANT_PARENTERAL,Low,CEF1GIV,Units
BATCH04915,Medium,No,OwnBrand,Tablet,TL3,FR,222770,PLANT_SOLIDS,High,IBUP400TAB,TabletsCaps
BATCH04099,Medium,No,OwnBrand,Tablet,TL1,FR,183821,PLANT_SOLIDS,Medium,IBUP400TAB,TabletsCaps
BATCH07927,Medium,No,OwnBrand,Device,DEV2,DE,10227,PLANT_SPECIAL,Medium,INSUPEN,Units
BATCH01641,High,No,Contract,Injectable,INJ1,UK,15017,PLANT_PARENTERAL,Medium,CEF1GIV,Units
BATCH08640,Medium,No,Contract,Hormonal,HORM1,ES,2400,PLANT_SPECIAL,Medium,LEVOHORMIMPL,Units
BATCH07842,High,Yes,Contract,Injectable,INJ1,UK,34352,PLANT_PARENTERAL,Low,CEF1GIV,Units
BATCH00720,High,No,Contract,Capsule,CL1,DE,273331,PLANT_SOLIDS,High,AMOX500CAP,TabletsCaps
BATCH00296,High,No,Contract,Injectable,INJ2,UK,6497,PLANT_PARENTERAL,Low,CEF1GIV,Units
BATCH00693,High,No,Contract,Injectable,INJ2,UK,29047,PLANT_PARENTERAL,Medium,CEF1GIV,Units
BATCH08469,Low,No,OwnBrand,Capsule,CL1,IT,358835,PLANT_SOLIDS,Low,OMEP20CAP,TabletsCaps
BATCH00604,Low,No,OwnBrand,Capsule,CL2,IT,231089,PLANT_SOLIDS,Low,OMEP20CAP,TabletsCaps
BATCH04577,Medium,No,Contract,Hormonal,HORM2,ES,15034,PLANT_SPECIAL,Medium,LEVOHORMIMPL,Units
BATCH00292,High,No,Contract,Capsule,CL1,DE,156859,PLANT_SOLIDS,Low,AMOX500CAP,TabletsCaps
BATCH03462,Low,No,OwnBrand,Hormonal,HORM2,PT,24390,PLANT_SPECIAL,Low,EE30TAB,Units
BATCH02691,High,Yes,Contract,Capsule,CL1,DE,411765,PLANT_SOLIDS,Medium,AMOX500CAP,TabletsCaps
BATCH02738,Low,Yes,OwnBrand,Hormonal,HORM2,PT,46071,PLANT_SPECIAL,Medium,EE30TAB,Units
BATCH01288,Medium,No,OwnBrand,Device,DEV1,DE,26488,PLANT_SPECIAL,Medium,INSUPEN,Units
BATCH09422,Medium,No,OwnBrand,Tablet,TL3,FR,486485,PLANT_SOLIDS,Medium,IBUP400TAB,TabletsCaps
BATCH04232,High,No,Contract,Injectable,INJ1,UK,8768,PLANT_PARENTERAL,Low,CEF1GIV,Units
BATCH07882,High,Yes,Contract,Injectable,INJ1,UK,19297,PLANT_PARENTERAL,High,CEF1GIV,Units
BATCH09842,High,No,Contract,Injectable,INJ2,UK,38774,PLANT_PARENTERAL,Medium,CEF1GIV,Units
BATCH01328,Low,No,OwnBrand,Hormonal,HORM2,PT,22564,PLANT_SPECIAL,Low,EE30TAB,Units
BATCH04745,Medium,Yes,OwnBrand,Injectable,INJ2,FR,47566,PLANT_PARENTERAL,Medium,HEP5000SC,Units
BATCH01238,Low,No,OwnBrand,Hormonal,HORM2,PT,24176,PLANT_SPECIAL,High,EE30TAB,Units
BATCH08459,Medium,No,Contract,Hormonal,HORM2,ES,37343,PLANT_SPECIAL,Medium,LEVOHORMIMPL,Units
BATCH09723,Low,No,OwnBrand,Capsule,CL1,IT,174814,PLANT_SOLIDS,Low,OMEP20CAP,TabletsCaps
BATCH05893,Medium,No,OwnBrand,Injectable,INJ2,FR,39452,PLANT_PARENTERAL,Low,HEP5000SC,Units
BATCH04544,Medium,Yes,OwnBrand,Injectable,INJ1,FR,44080,PLANT_PARENTERAL,Low,HEP5000SC,Units
BATCH08746,Medium,Yes,OwnBrand,Device,DEV1,DE,22392,PLANT_SPECIAL,Medium,INSUPEN,Units
BATCH05133,Medium,Yes,OwnBrand,Injectable,INJ2,FR,49785,PLANT_PARENTERAL,Medium,HEP5000SC,Units
BATCH08107,Medium,Yes,OwnBrand,Tablet,TL2,FR,142696,PLANT_SOLIDS,Medium,IBUP400TAB,TabletsCaps
BATCH04047,Low,No,Contract,Device,DEV2,UK,9568,PLANT_SPECIAL,Low,INHALER,Units
BATCH02518,Low,No,OwnBrand,Hormonal,HORM2,PT,46541,PLANT_SPECIAL,Medium,EE30TAB,Units
BATCH06683,Medium,Yes,OwnBrand,Device,DEV2,DE,10455,PLANT_SPECIAL,High,INSUPEN,Units
BATCH07418,Low,No,OwnBrand,Capsule,CL2,IT,267748,PLANT_SOLIDS,Low,OMEP20CAP,TabletsCaps
BATCH01874,Low,No,OwnBrand,Tablet,TL3,ES,299630,PLANT_SOLIDS,High,PARA500TAB,TabletsCaps
BATCH02159,Medium,No,Contract,Hormonal,HORM2,ES,47949,PLANT_SPECIAL,Medium,LEVOHORMIMPL,Units
BATCH07752,High,No,Contract,Capsule,CL2,DE,372311,PLANT_SOLIDS,Low,AMOX500CAP,TabletsCaps
BATCH04506,High,No,Contract,Capsule,CL1,DE,108158,PLANT_SOLIDS,High,AMOX500CAP,TabletsCaps
BATCH09143,Low,Yes,OwnBrand,Tablet,TL3,ES,352608,PLANT_SOLIDS,High,PARA500TAB,TabletsCaps
BATCH06982,Medium,No,Contract,Hormonal,HORM1,ES,28577,PLANT_SPECIAL,Medium,LEVOHORMIMPL,Units
BATCH08634,Medium,No,OwnBrand,Device,DEV2,DE,33413,PLANT_SPECIAL,Medium,INSUPEN,Units
BATCH03540,Low,No,Contract,Device,DEV1,UK,11448,PLANT_SPECIAL,Low,INHALER,Units
BATCH04493,Medium,No,Contract,Hormonal,HORM1,ES,39639,PLANT_SPECIAL,Medium,LEVOHORMIMPL,Units
BATCH04335,High,No,Contract,Capsule,CL2,DE,56166,PLANT_SOLIDS,Medium,AMOX500CAP,TabletsCaps
BATCH06254,Medium,Yes,Contract,Hormonal,HORM1,ES,36898,PLANT_SPECIAL,Medium,LEVOHORMIMPL,Units
BATCH06158,High,No,Contract,Capsule,CL1,DE,263222,PLANT_SOLIDS,Low,AMOX500CAP,TabletsCaps
BATCH04069,High,No,Contract,Capsule,CL2,DE,434879,PLANT_SOLIDS,Low,AMOX500CAP,TabletsCaps
BATCH05182,Medium,No,Contract,Hormonal,HORM2,ES,1684,PLANT_SPECIAL,Medium,LEVOHORMIMPL,Units
BATCH04129,Low,Yes,OwnBrand,Hormonal,HORM2,PT,10101,PLANT_SPECIAL,Medium,EE30TAB,Units
BATCH02287,High,No,Contract,Capsule,CL2,DE,104784,PLANT_SOLIDS,Low,AMOX500CAP,TabletsCaps
BATCH08912,Medium,Yes,Contract,Hormonal,HORM1,ES,17116,PLANT_SPECIAL,Low,LEVOHORMIMPL,Units
BATCH04935,Medium,No,Contract,Hormonal,HORM2,ES,45054,PLANT_SPECIAL,Medium,LEVOHORMIMPL,Units
BATCH09817,Low,No,OwnBrand,Hormonal,HORM1,PT,43970,PLANT_SPECIAL,High,EE30TAB,Units
BATCH04110,Low,No,Contract,Device,DEV1,UK,2263,PLANT_SPECIAL,Medium,INHALER,Units
BATCH08068,Medium,No,OwnBrand,Injectable,INJ1,FR,11592,PLANT_PARENTERAL,Medium,HEP5000SC,Units
BATCH05864,High,No,Contract,Injectable,INJ2,UK,2606,PLANT_PARENTERAL,Medium,CEF1GIV,Units
BATCH04377,Low,No,OwnBrand,Hormonal,HORM2,PT,28176,PLANT_SPECIAL,Medium,EE30TAB,Units
BATCH03989,High,No,Contract,Capsule,CL1,DE,254410,PLANT_SOLIDS,Low,AMOX500CAP,TabletsCaps
BATCH08951,Medium,No,OwnBrand,Device,DEV1,DE,46857,PLANT_SPECIAL,High,INSUPEN,Units
BATCH00410,Medium,No,OwnBrand,Tablet,TL1,FR,272623,PLANT_SOLIDS,Medium,IBUP400TAB,TabletsCaps
BATCH09584,Medium,No,Contract,Hormonal,HORM2,ES,42171,PLANT_SPECIAL,Medium,LEVOHORMIMPL,Units
BATCH02387,Medium,Yes,Contract,Hormonal,HORM1,ES,8481,PLANT_SPECIAL,High,LEVOHORMIMPL,Units
BATCH07602,High,No,Contract,Capsule,CL1,DE,249742,PLANT_SOLIDS,High,AMOX500CAP,TabletsCaps
BATCH08156,Low,No,OwnBrand,Tablet,TL1,ES,145419,PLANT_SOLIDS,Low,PARA500TAB,TabletsCaps
BATCH04869,High,No,Contract,Injectable,INJ2,UK,42251,PLANT_PARENTERAL,High,CEF1GIV,Units
BATCH07981,Low,No,Contract,Device,DEV1,UK,22992,PLANT_SPECIAL,High,INHALER,Units
BATCH02749,High,No,Contract,Injectable,INJ2,UK,46332,PLANT_PARENTERAL,Medium,CEF1GIV,Units
BATCH03132,High,No,Contract,Injectable,INJ2,UK,36171,PLANT_PARENTERAL,Low,CEF1GIV,Units
BATCH08153,Medium,Yes,OwnBrand,Injectable,INJ2,FR,39601,PLANT_PARENTERAL,High,HEP5000SC,Units
BATCH00479,Low,No,OwnBrand,Tablet,TL3,ES,134332,PLANT_SOLIDS,Low,PARA500TAB,TabletsCaps
BATCH06050,Low,No,OwnBrand,Tablet,TL2,ES,497375,PLANT_SOLIDS,Medium,PARA500TAB,TabletsCaps
BATCH08294,Medium,No,OwnBrand,Device,DEV1,DE,40554,PLANT_SPECIAL,Medium,INSUPEN,Units
BATCH05336,Medium,No,OwnBrand,Device,DEV2,DE,31704,PLANT_SPECIAL,Low,INSUPEN,Units
BATCH08934,Medium,No,OwnBrand,Tablet,TL2,FR,206847,PLANT_SOLIDS,High,IBUP400TAB,TabletsCaps
BATCH07372,Medium,Yes,OwnBrand,Device,DEV1,DE,40626,PLANT_SPECIAL,Low,INSUPEN,Units
BATCH02294,Medium,Yes,OwnBrand,Device,DEV1,DE,12132,PLANT_SPECIAL,High,INSUPEN,Units
BATCH04836,Medium,No,Contract,Hormonal,HORM2,ES,19150,PLANT_SPECIAL,Medium,LEVOHORMIMPL,Units
BATCH05624,Low,No,OwnBrand,Hormonal,HORM2,PT,10094,PLANT_SPECIAL,High,EE30TAB,Units
BATCH06419,High,Yes,Contract,Capsule,CL2,DE,462596,PLANT_SOLIDS,Medium,AMOX500CAP,TabletsCaps
BATCH07870,Medium,No,OwnBrand,Injectable,INJ2,FR,8743,PLANT_PARENTERAL,Medium,HEP5000SC,Units
BATCH01653,Medium,No,OwnBrand,Injectable,INJ1,FR,29475,PLANT_PARENTERAL,Low,HEP5000SC,Units
BATCH02016,High,No,Contract,Capsule,CL2,DE,93400,PLANT_SOLIDS,High,AMOX500CAP,TabletsCaps
BATCH06940,Low,No,Contract,Device,DEV2,UK,26886,PLANT_SPECIAL,Low,INHALER,Units
BATCH09134,High,No,Contract,Capsule,CL1,DE,348387,PLANT_SOLIDS,High,AMOX500CAP,TabletsCaps
BATCH03933,Medium,Yes,OwnBrand,Injectable,INJ2,FR,15860,PLANT_PARENTERAL,High,HEP5000SC,Units
BATCH05270,Medium,No,OwnBrand,Device,DEV1,DE,12967,PLANT_SPECIAL,High,INSUPEN,Units
BATCH07396,Medium,No,OwnBrand,Tablet,TL3,FR,96829,PLANT_SOLIDS,Low,IBUP400TAB,TabletsCaps
BATCH03703,Medium,Yes,OwnBrand,Device,DEV1,DE,2465,PLANT_SPECIAL,Low,INSUPEN,Units
BATCH01121,Medium,Yes,OwnBrand,Device,DEV1,DE,23252,PLANT_SPECIAL,Low,INSUPEN,Units
BATCH04713,Low,No,Contract,Device,DEV2,UK,7316,PLANT_SPECIAL,Medium,INHALER,Units
BATCH00682,Low,No,OwnBrand,Capsule,CL2,IT,434560,PLANT_SOLIDS,High,OMEP20CAP,TabletsCaps
BATCH01275,Medium,Yes,OwnBrand,Device,DEV2,DE,49347,PLANT_SPECIAL,High,INSUPEN,Units
BATCH09273,Medium,No,OwnBrand,Device,DEV2,DE,15461,PLANT_SPECIAL,Medium,INSUPEN,Units
BATCH02242,Medium,No,OwnBrand,Injectable,INJ1,FR,37296,PLANT_PARENTERAL,Medium,HEP5000SC,Units
BATCH09078,Medium,Yes,Contract,Hormonal,HORM2,ES,36115,PLANT_SPECIAL,Medium,LEVOHORMIMPL,Units
BATCH09995,Low,No,OwnBrand,Capsule,CL1,IT,316567,PLANT_SOLIDS,Low,OMEP20CAP,TabletsCaps
BATCH04542,Low,Yes,OwnBrand,Tablet,TL2,ES,128545,PLANT_SOLIDS,Medium,PARA500TAB,TabletsCaps
BATCH09522,Low,No,OwnBrand,Tablet,TL2,ES,420801,PLANT_SOLIDS,Medium,PARA500TAB,TabletsCaps
BATCH01071,Medium,No,OwnBrand,Injectable,INJ2,FR,26273,PLANT_PARENTERAL,Medium,HEP5000SC,Units
BATCH05705,Low,Yes,OwnBrand,Tablet,TL1,ES,412072,PLANT_SOLIDS,High,PARA500TAB,TabletsCaps
BATCH05078,High,No,Contract,Injectable,INJ2,UK,7141,PLANT_PARENTERAL,Medium,CEF1GIV,Units
BATCH03382,High,No,Contract,Capsule,CL1,DE,394169,PLANT_SOLIDS,Medium,AMOX500CAP,TabletsCaps
BATCH08829,Low,No,OwnBrand,Hormonal,HORM1,PT,8099,PLANT_SPECIAL,Medium,EE30TAB,Units
BATCH04794,Low,No,OwnBrand,Capsule,CL1,IT,193780,PLANT_SOLIDS,Medium,OMEP20CAP,TabletsCaps
BATCH05236,Low,Yes,OwnBrand,Tablet,TL1,ES,330734,PLANT_SOLIDS,High,PARA500TAB,TabletsCaps
BATCH05092,Low,Yes,Contract,Device,DEV1,UK,5034,PLANT_SPECIAL,High,INHALER,Units
BATCH02572,Low,No,OwnBrand,Tablet,TL1,ES,459304,PLANT_SOLIDS,Medium,PARA500TAB,TabletsCaps
BATCH04038,Medium,No,Contract,Hormonal,HORM1,ES,45771,PLANT_SPECIAL,High,LEVOHORMIMPL,Units
BATCH06436,Low,No,OwnBrand,Hormonal,HORM2,PT,38251,PLANT_SPECIAL,High,EE30TAB,Units
BATCH08452,Low,No,Contract,Device,DEV2,UK,48903,PLANT_SPECIAL,Medium,INHALER,Units
BATCH09117,Medium,No,OwnBrand,Tablet,TL1,FR,437454,PLANT_SOLIDS,High,IBUP400TAB,TabletsCaps
BATCH07984,Medium,No,OwnBrand,Tablet,TL2,FR,462409,PLANT_SOLIDS,Medium,IBUP400TAB,TabletsCaps
BATCH00342,Low,Yes,OwnBrand,Hormonal,HORM2,PT,32881,PLANT_SPECIAL,Medium,EE30TAB,Units
BATCH08612,Low,Yes,OwnBrand,Capsule,CL2,IT,66457,PLANT_SOLIDS,High,OMEP20CAP,TabletsCaps
BATCH07803,High,No,Contract,Capsule,CL2,DE,280921,PLANT_SOLIDS,High,AMOX500CAP,TabletsCaps
BATCH04398,High,No,Contract,Capsule,CL1,DE,475694,PLANT_SOLIDS,Low,AMOX500CAP,TabletsCaps
BATCH02724,Medium,Yes,Contract,Hormonal,HORM1,ES,10623,PLANT_SPECIAL,Medium,LEVOHORMIMPL,Units
BATCH04714,Low,No,Contract,Device,DEV1,UK,19851,PLANT_SPECIAL,High,INHALER,Units
BATCH09363,High,Yes,Contract,Capsule,CL2,DE,302737,PLANT_SOLIDS,Low,AMOX500CAP,TabletsCaps
BATCH05503,Low,No,Contract,Device,DEV2,UK,28233,PLANT_SPECIAL,Medium,INHALER,Units
BATCH09433,Medium,No,OwnBrand,Tablet,TL2,FR,415969,PLANT_SOLIDS,High,IBUP400TAB,TabletsCaps
BATCH04518,High,No,Contract,Injectable,INJ2,UK,49654,PLANT_PARENTERAL,Medium,CEF1GIV,Units
BATCH09206,High,No,Contract,Capsule,CL2,DE,221184,PLANT_SOLIDS,Low,AMOX500CAP,TabletsCaps
BATCH05202,Low,No,OwnBrand,Hormonal,HORM1,PT,45983,PLANT_SPECIAL,Medium,EE30TAB,Units
BATCH03180,High,No,Contract,Capsule,CL1,DE,443352,PLANT_SOLIDS,Medium,AMOX500CAP,TabletsCaps
BATCH03607,High,Yes,Contract,Capsule,CL2,DE,224085,PLANT_SOLIDS,Medium,AMOX500CAP,TabletsCaps
BATCH05692,Low,No,OwnBrand,Hormonal,HORM2,PT,45000,PLANT_SPECIAL,Low,EE30TAB,Units
BATCH09106,High,No,Contract,Injectable,INJ1,UK,46582,PLANT_PARENTERAL,High,CEF1GIV,Units
BATCH02768,Medium,Yes,OwnBrand,Injectable,INJ1,FR,48223,PLANT_PARENTERAL,Low,HEP5000SC,Units
BATCH03847,Low,Yes,OwnBrand,Capsule,CL2,IT,88770,PLANT_SOLIDS,Medium,OMEP20CAP,TabletsCaps
BATCH04597,High,No,Contract,Injectable,INJ2,UK,47824,PLANT_PARENTERAL,Medium,CEF1GIV,Units
BATCH00528,High,Yes,Contract,Injectable,INJ1,UK,32249,PLANT_PARENTERAL,High,CEF1GIV,Units
BATCH07985,Medium,Yes,OwnBrand,Injectable,INJ2,FR,39506,PLANT_PARENTERAL,High,HEP5000SC,Units
BATCH07777,Medium,Yes,OwnBrand,Tablet,TL2,FR,248359,PLANT_SOLIDS,High,IBUP400TAB,TabletsCaps
BATCH05769,Medium,No,OwnBrand,Device,DEV2,DE,44585,PLANT_SPECIAL,High,INSUPEN,Units
BATCH04132,Low,Yes,OwnBrand,Tablet,TL1,ES,204777,PLANT_SOLIDS,Medium,PARA500TAB,TabletsCaps
BATCH05459,High,No,Contract,Capsule,CL2,DE,294275,PLANT_SOLIDS,Low,AMOX500CAP,TabletsCaps
BATCH02736,Medium,No,Contract,Hormonal,HORM1,ES,28756,PLANT_SPECIAL,Medium,LEVOHORMIMPL,Units
BATCH06668,Medium,No,Contract,Hormonal,HORM2,ES,27129,PLANT_SPECIAL,Low,LEVOHORMIMPL,Units
BATCH07237,Low,No,OwnBrand,Tablet,TL2,ES,305706,PLANT_SOLIDS,Medium,PARA500TAB,TabletsCaps
BATCH07355,Low,Yes,Contract,Device,DEV2,UK,42208,PLANT_SPECIAL,Medium,INHALER,Units
BATCH06144,High,No,Contract,Capsule,CL1,DE,435153,PLANT_SOLIDS,Medium,AMOX500CAP,TabletsCaps
BATCH03835,Low,No,OwnBrand,Hormonal,HORM1,PT,16377,PLANT_SPECIAL,Medium,EE30TAB,Units
BATCH01188,High,No,Contract,Capsule,CL2,DE,219884,PLANT_SOLIDS,Low,AMOX500CAP,TabletsCaps
BATCH03809,Medium,No,OwnBrand,Tablet,TL2,FR,345066,PLANT_SOLIDS,Medium,IBUP400TAB,TabletsCaps
BATCH02328,Low,No,OwnBrand,Tablet,TL1,ES,366416,PLANT_SOLIDS,High,PARA500TAB,TabletsCaps
BATCH01350,High,Yes,Contract,Capsule,CL2,DE,404739,PLANT_SOLIDS,Medium,AMOX500CAP,TabletsCaps
BATCH03305,Medium,No,OwnBrand,Injectable,INJ1,FR,34575,PLANT_PARENTERAL,Medium,HEP5000SC,Units
BATCH03814,Medium,Yes,OwnBrand,Injectable,INJ1,FR,17307,PLANT_PARENTERAL,High,HEP5000SC,Units
BATCH02094,Low,No,OwnBrand,Tablet,TL1,ES,351940,PLANT_SOLIDS,High,PARA500TAB,TabletsCaps
BATCH05542,Medium,No,OwnBrand,Device,DEV1,DE,23160,PLANT_SPECIAL,Medium,INSUPEN,Units
BATCH00059,High,Yes,Contract,Injectable,INJ2,UK,11309,PLANT_PARENTERAL,Medium,CEF1GIV,Units
BATCH03555,Medium,No,OwnBrand,Injectable,INJ2,FR,29875,PLANT_PARENTERAL,High,HEP5000SC,Units
BATCH01737,Low,Yes,Contract,Device,DEV1,UK,20757,PLANT_SPECIAL,High,INHALER,Units
BATCH07814,Medium,No,OwnBrand,Device,DEV2,DE,40466,PLANT_SPECIAL,Low,INSUPEN,Units
BATCH02901,High,No,Contract,Capsule,CL2,DE,240864,PLANT_SOLIDS,Medium,AMOX500CAP,TabletsCaps
BATCH07815,Low,No,OwnBrand,Tablet,TL2,ES,164752,PLANT_SOLIDS,Medium,PARA500TAB,TabletsCaps
BATCH01814,High,No,Contract,Capsule,CL1,DE,117307,PLANT_SOLIDS,Medium,AMOX500CAP,TabletsCaps
BATCH07631,Low,Yes,OwnBrand,Hormonal,HORM2,PT,15074,PLANT_SPECIAL,High,EE30TAB,Units
BATCH03354,High,No,Contract,Injectable,INJ1,UK,14889,PLANT_PARENTERAL,Medium,CEF1GIV,Units
BATCH02908,Medium,No,Contract,Hormonal,HORM1,ES,5326,PLANT_SPECIAL,Low,LEVOHORMIMPL,Units
BATCH09207,Medium,No,OwnBrand,Device,DEV2,DE,7747,PLANT_SPECIAL,Medium,INSUPEN,Units
BATCH07705,Low,No,OwnBrand,Hormonal,HORM2,PT,5973,PLANT_SPECIAL,Low,EE30TAB,Units
BATCH02718,Low,Yes,OwnBrand,Hormonal,HORM2,PT,11857,PLANT_SPECIAL,Medium,EE30TAB,Units
BATCH06049,Low,No,Contract,Device,DEV1,UK,37008,PLANT_SPECIAL,Medium,INHALER,Units
BATCH07446,Medium,No,OwnBrand,Device,DEV2,DE,35069,PLANT_SPECIAL,High,INSUPEN,Units
BATCH08424,Medium,No,OwnBrand,Device,DEV2,DE,36604,PLANT_SPECIAL,Medium,INSUPEN,Units
BATCH05724,Medium,Yes,OwnBrand,Device,DEV1,DE,32805,PLANT_SPECIAL,Low,INSUPEN,Units
BATCH06895,High,No,Contract,Injectable,INJ1,UK,9847,PLANT_PARENTERAL,Medium,CEF1GIV,Units
BATCH01170,Low,No,OwnBrand,Hormonal,HORM1,PT,22877,PLANT_SPECIAL,Medium,EE30TAB,Units
BATCH00067,Low,No,Contract,Device,DEV1,UK,26795,PLANT_SPECIAL,Low,INHALER,Units
BATCH01925,Low,No,OwnBrand,Tablet,TL2,ES,427429,PLANT_SOLIDS,Medium,PARA500TAB,TabletsCaps
BATCH04174,Low,No,OwnBrand,Tablet,TL3,ES,367500,PLANT_SOLIDS,Low,PARA500TAB,TabletsCaps
BATCH09264,Low,Yes,OwnBrand,Capsule,CL1,IT,200001,PLANT_SOLIDS,Medium,OMEP20CAP,TabletsCaps
BATCH03130,Medium,Yes,OwnBrand,Tablet,TL1,FR,169934,PLANT_SOLIDS,Low,IBUP400TAB,TabletsCaps
BATCH06851,Medium,Yes,OwnBrand,Device,DEV2,DE,37989,PLANT_SPECIAL,Medium,INSUPEN,Units
BATCH02847,Medium,No,OwnBrand,Injectable,INJ2,FR,20998,PLANT_PARENTERAL,Medium,HEP5000SC,Units
BATCH04460,Low,No,Contract,Device,DEV1,UK,15828,PLANT_SPECIAL,Low,INHALER,Units
BATCH00814,Low,No,OwnBrand,Capsule,CL2,IT,147082,PLANT_SOLIDS,Low,OMEP20CAP,TabletsCaps
BATCH00992,Low,No,OwnBrand,Capsule,CL2,IT,258518,PLANT_SOLIDS,Low,OMEP20CAP,TabletsCaps
BATCH01620,Medium,No,OwnBrand,Device,DEV1,DE,31586,PLANT_SPECIAL,Low,INSUPEN,Units
BATCH05576,Low,No,OwnBrand,Tablet,TL2,ES,189018,PLANT_SOLIDS,High,PARA500TAB,TabletsCaps
BATCH09754,High,No,Contract,Capsule,CL2,DE,373084,PLANT_SOLIDS,Low,AMOX500CAP,TabletsCaps
BATCH04840,Medium,Yes,Contract,Hormonal,HORM2,ES,11352,PLANT_SPECIAL,Low,LEVOHORMIMPL,Units
BATCH07843,Low,No,Contract,Device,DEV1,UK,28122,PLANT_SPECIAL,Medium,INHALER,Units
BATCH04962,Low,Yes,OwnBrand,Capsule,CL2,IT,250705,PLANT_SOLIDS,Medium,OMEP20CAP,TabletsCaps
BATCH08978,Low,No,OwnBrand,Tablet,TL1,ES,386619,PLANT_SOLIDS,Medium,PARA500TAB,TabletsCaps
BATCH08319,Medium,No,OwnBrand,Device,DEV2,DE,34648,PLANT_SPECIAL,Medium,INSUPEN,Units
BATCH05282,Medium,Yes,Contract,Hormonal,HORM1,ES,11041,PLANT_SPECIAL,Medium,LEVOHORMIMPL,Units
BATCH09941,Low,No,OwnBrand,Capsule,CL2,IT,93719,PLANT_SOLIDS,Medium,OMEP20CAP,TabletsCaps
BATCH01336,Medium,No,OwnBrand,Injectable,INJ1,FR,48753,PLANT_PARENTERAL,Low,HEP5000SC,Units
BATCH03389,Low,No,Contract,Device,DEV1,UK,22880,PLANT_SPECIAL,Medium,INHALER,Units
BATCH04488,Medium,No,OwnBrand,Injectable,INJ1,FR,47958,PLANT_PARENTERAL,Low,HEP5000SC,Units
BATCH06732,Medium,No,Contract,Hormonal,HORM1,ES,49442,PLANT_SPECIAL,High,LEVOHORMIMPL,Units
BATCH04121,High,No,Contract,Capsule,CL2,DE,52511,PLANT_SOLIDS,Medium,AMOX500CAP,TabletsCaps
BATCH03369,High,No,Contract,Capsule,CL2,DE,255601,PLANT_SOLIDS,High,AMOX500CAP,TabletsCaps
BATCH01128,High,Yes,Contract,Capsule,CL1,DE,482545,PLANT_SOLIDS,Low,AMOX500CAP,TabletsCaps
BATCH04379,Low,No,OwnBrand,Hormonal,HORM1,PT,9171,PLANT_SPECIAL,Medium,EE30TAB,Units
BATCH06993,Low,No,OwnBrand,Capsule,CL2,IT,273990,PLANT_SOLIDS,Medium,OMEP20CAP,TabletsCaps
BATCH07500,Medium,No,OwnBrand,Injectable,INJ1,FR,46912,PLANT_PARENTERAL,Low,HEP5000SC,Units
BATCH06252,Low,Yes,OwnBrand,Capsule,CL1,IT,304752,PLANT_SOLIDS,Medium,OMEP20CAP,TabletsCaps
BATCH05396,Medium,No,OwnBrand,Tablet,TL3,FR,194539,PLANT_SOLIDS,Medium,IBUP400TAB,TabletsCaps
BATCH03802,Low,No,OwnBrand,Tablet,TL1,ES,407791,PLANT_SOLIDS,Medium,PARA500TAB,TabletsCaps
BATCH09310,Medium,No,OwnBrand,Injectable,INJ1,FR,25102,PLANT_PARENTERAL,Low,HEP5000SC,Units
BATCH08601,Low,No,Contract,Device,DEV2,UK,11485,PLANT_SPECIAL,Low,INHALER,Units
BATCH06167,Medium,Yes,OwnBrand,Device,DEV1,DE,28938,PLANT_SPECIAL,Low,INSUPEN,Units
BATCH06140,Medium,No,OwnBrand,Injectable,INJ1,FR,39304,PLANT_PARENTERAL,Medium,HEP5000SC,Units
BATCH03738,Low,No,OwnBrand,Capsule,CL1,IT,351454,PLANT_SOLIDS,Medium,OMEP20CAP,TabletsCaps
BATCH01842,Low,No,OwnBrand,Hormonal,HORM2,PT,25829,PLANT_SPECIAL,High,EE30TAB,Units
BATCH06506,Low,No,OwnBrand,Capsule,CL2,IT,456541,PLANT_SOLIDS,Medium,OMEP20CAP,TabletsCaps
BATCH06768,Low,No,Contract,Device,DEV1,UK,22732,PLANT_SPECIAL,Medium,INHALER,Units
BATCH09191,High,No,Contract,Capsule,CL1,DE,198338,PLANT_SOLIDS,Medium,AMOX500CAP,TabletsCaps
BATCH06924,High,No,Contract,Injectable,INJ2,UK,45733,PLANT_PARENTERAL,High,CEF1GIV,Units
BATCH03218,High,No,Contract,Capsule,CL2,DE,275131,PLANT_SOLIDS,Medium,AMOX500CAP,TabletsCaps
BATCH01278,Low,Yes,Contract,Device,DEV2,UK,29591,PLANT_SPECIAL,Medium,INHALER,Units
BATCH01087,High,Yes,Contract,Capsule,CL1,DE,174022,PLANT_SOLIDS,Medium,AMOX500CAP,TabletsCaps
BATCH06842,High,No,Contract,Injectable,INJ2,UK,29579,PLANT_PARENTERAL,Medium,CEF1GIV,Units
BATCH09763,Medium,Yes,OwnBrand,Device,DEV2,DE,41235,PLANT_SPECIAL,Low,INSUPEN,Units
BATCH09132,Medium,Yes,OwnBrand,Injectable,INJ2,FR,16681,PLANT_PARENTERAL,Low,HEP5000SC,Units
BATCH03090,Medium,No,Contract,Hormonal,HORM1,ES,3037,PLANT_SPECIAL,Medium,LEVOHORMIMPL,Units
BATCH06470,Medium,No,Contract,Hormonal,HORM2,ES,45675,PLANT_SPECIAL,Medium,LEVOHORMIMPL,Units
BATCH00254,Low,No,OwnBrand,Tablet,TL1,ES,334573,PLANT_SOLIDS,Low,PARA500TAB,TabletsCaps
BATCH00461,Low,Yes,OwnBrand,Hormonal,HORM1,PT,8308,PLANT_SPECIAL,High,EE30TAB,Units
BATCH07598,Medium,No,OwnBrand,Injectable,INJ2,FR,18610,PLANT_PARENTERAL,Low,HEP5000SC,Units
BATCH04852,Medium,No,OwnBrand,Device,DEV1,DE,36843,PLANT_SPECIAL,Low,INSUPEN,Units
BATCH09456,High,No,Contract,Capsule,CL1,DE,77386,PLANT_SOLIDS,Low,AMOX500CAP,TabletsCaps
BATCH02314,Low,No,OwnBrand,Capsule,CL2,IT,479227,PLANT_SOLIDS,Medium,OMEP20CAP,TabletsCaps
BATCH04135,Medium,No,Contract,Hormonal,HORM2,ES,32810,PLANT_SPECIAL,High,LEVOHORMIMPL,Units
BATCH06889,Low,Yes,OwnBrand,Hormonal,HORM1,PT,41665,PLANT_SPECIAL,High,EE30TAB,Units
BATCH04557,High,No,Contract,Injectable,INJ1,UK,40333,PLANT_PARENTERAL,Medium,CEF1GIV,Units
BATCH03165,High,No,Contract,Capsule,CL2,DE,475091,PLANT_SOLIDS,High,AMOX500CAP,TabletsCaps
BATCH03074,Low,Yes,OwnBrand,Tablet,TL2,ES,194954,PLANT_SOLIDS,Medium,PARA500TAB,TabletsCaps
BATCH01053,Low,No,OwnBrand,Capsule,CL2,IT,395372,PLANT_SOLIDS,Medium,OMEP20CAP,TabletsCaps
BATCH05614,Low,Yes,OwnBrand,Tablet,TL3,ES,356277,PLANT_SOLIDS,Medium,PARA500TAB,TabletsCaps
BATCH06724,Medium,No,OwnBrand,Device,DEV2,DE,25031,PLANT_SPECIAL,High,INSUPEN,Units
BATCH08707,Low,No,OwnBrand,Capsule,CL2,IT,495322,PLANT_SOLIDS,Medium,OMEP20CAP,TabletsCaps
BATCH05809,Low,No,OwnBrand,Hormonal,HORM1,PT,43284,PLANT_SPECIAL,High,EE30TAB,Units
BATCH00674,Low,No,OwnBrand,Hormonal,HORM2,PT,17189,PLANT_SPECIAL,Medium,EE30TAB,Units
BATCH04582,Low,No,Contract,Device,DEV1,UK,27726,PLANT_SPECIAL,High,INHALER,Units
BATCH09015,Medium,No,Contract,Hormonal,HORM1,ES,20168,PLANT_SPECIAL,Medium,LEVOHORMIMPL,Units
BATCH05128,Medium,No,Contract,Hormonal,HORM1,ES,4713,PLANT_SPECIAL,Medium,LEVOHORMIMPL,Units
BATCH02511,Medium,No,OwnBrand,Device,DEV1,DE,37897,PLANT_SPECIAL,Medium,INSUPEN,Units
BATCH09768,High,No,Contract,Injectable,INJ2,UK,31391,PLANT_PARENTERAL,Low,CEF1GIV,Units
BATCH06298,Low,No,Contract,Device,DEV2,UK,8717,PLANT_SPECIAL,Low,INHALER,Units
BATCH09894,Medium,No,OwnBrand,Device,DEV2,DE,35303,PLANT_SPECIAL,High,INSUPEN,Units
BATCH03890,Low,No,OwnBrand,Hormonal,HORM1,PT,34729,PLANT_SPECIAL,Low,EE30TAB,Units
BATCH06025,Low,No,OwnBrand,Tablet,TL3,ES,476378,PLANT_SOLIDS,High,PARA500TAB,TabletsCaps
BATCH06402,High,No,Contract,Capsule,CL1,DE,151383,PLANT_SOLIDS,Low,AMOX500CAP,TabletsCaps
BATCH04492,Medium,No,OwnBrand,Device,DEV1,DE,7393,PLANT_SPECIAL,Low,INSUPEN,Units
BATCH03817,Medium,Yes,OwnBrand,Injectable,INJ2,FR,49799,PLANT_PARENTERAL,Medium,HEP5000SC,Units
BATCH09056,High,No,Contract,Capsule,CL1,DE,237566,PLANT_SOLIDS,Low,AMOX500CAP,TabletsCaps
BATCH08464,Medium,No,OwnBrand,Injectable,INJ2,FR,18511,PLANT_PARENTERAL,Medium,HEP5000SC,Units
BATCH01289,Medium,No,OwnBrand,Device,DEV1,DE,35926,PLANT_SPECIAL,Medium,INSUPEN,Units
BATCH01793,Low,No,OwnBrand,Hormonal,HORM1,PT,45493,PLANT_SPECIAL,Medium,EE30TAB,Units
BATCH04844,High,No,Contract,Capsule,CL2,DE,186249,PLANT_SOLIDS,Medium,AMOX500CAP,TabletsCaps
BATCH02667,Low,No,OwnBrand,Tablet,TL2,ES,361672,PLANT_SOLIDS,Medium,PARA500TAB,TabletsCaps
BATCH08178,Low,Yes,OwnBrand,Hormonal,HORM1,PT,1833,PLANT_SPECIAL,Low,EE30TAB,Units
BATCH05815,Low,Yes,OwnBrand,Capsule,CL2,IT,417246,PLANT_SOLIDS,Medium,OMEP20CAP,TabletsCaps
BATCH02183,Medium,No,OwnBrand,Injectable,INJ1,FR,29791,PLANT_PARENTERAL,Medium,HEP5000SC,Units
BATCH00765,Low,Yes,OwnBrand,Hormonal,HORM1,PT,17495,PLANT_SPECIAL,High,EE30TAB,Units
BATCH00929,Medium,No,Contract,Hormonal,HORM1,ES,13232,PLANT_SPECIAL,Low,LEVOHORMIMPL,Units
BATCH04282,Medium,No,OwnBrand,Tablet,TL3,FR,205612,PLANT_SOLIDS,Medium,IBUP400TAB,TabletsCaps
BATCH01825,High,No,Contract,Capsule,CL1,DE,350605,PLANT_SOLIDS,Medium,AMOX500CAP,TabletsCaps
BATCH07796,High,Yes,Contract,Capsule,CL2,DE,322363,PLANT_SOLIDS,Medium,AMOX500CAP,TabletsCaps
BATCH09166,Medium,No,Contract,Hormonal,HORM2,ES,40132,PLANT_SPECIAL,Low,LEVOHORMIMPL,Units
BATCH02371,High,Yes,Contract,Injectable,INJ1,UK,6121,PLANT_PARENTERAL,High,CEF1GIV,Units
BATCH05727,Medium,No,OwnBrand,Device,DEV1,DE,17664,PLANT_SPECIAL,High,INSUPEN,Units
BATCH08568,Medium,No,Contract,Hormonal,HORM2,ES,13502,PLANT_SPECIAL,Medium,LEVOHORMIMPL,Units
BATCH04150,Low,No,OwnBrand,Tablet,TL3,ES,320185,PLANT_SOLIDS,High,PARA500TAB,TabletsCaps
BATCH02914,Medium,Yes,OwnBrand,Device,DEV1,DE,4078,PLANT_SPECIAL,Low,INSUPEN,Units
BATCH03744,High,No,Contract,Capsule,CL1,DE,342931,PLANT_SOLIDS,Medium,AMOX500CAP,TabletsCaps
BATCH01950,High,Yes,Contract,Injectable,INJ2,UK,13265,PLANT_PARENTERAL,Low,CEF1GIV,Units
BATCH06626,Low,Yes,OwnBrand,Capsule,CL2,IT,285786,PLANT_SOLIDS,High,OMEP20CAP,TabletsCaps
BATCH00833,Low,Yes,OwnBrand,Hormonal,HORM1,PT,42928,PLANT_SPECIAL,Medium,EE30TAB,Units
BATCH02654,Low,No,OwnBrand,Tablet,TL1,ES,303038,PLANT_SOLIDS,Medium,PARA500TAB,TabletsCaps
BATCH01907,Medium,No,OwnBrand,Tablet,TL1,FR,256848,PLANT_SOLIDS,Medium,IBUP400TAB,TabletsCaps
BATCH00872,Low,Yes,Contract,Device,DEV2,UK,39079,PLANT_SPECIAL,Medium,INHALER,Units
BATCH08045,High,Yes,Contract,Capsule,CL1,DE,391325,PLANT_SOLIDS,Low,AMOX500CAP,TabletsCaps
BATCH05364,Medium,No,OwnBrand,Injectable,INJ1,FR,34839,PLANT_PARENTERAL,Low,HEP5000SC,Units
BATCH04447,Medium,No,OwnBrand,Injectable,INJ1,FR,42333,PLANT_PARENTERAL,Medium,HEP5000SC,Units
BATCH07894,Low,No,OwnBrand,Hormonal,HORM1,PT,8965,PLANT_SPECIAL,Medium,EE30TAB,Units
BATCH01508,Low,No,Contract,Device,DEV1,UK,42688,PLANT_SPECIAL,Medium,INHALER,Units
BATCH06081,Low,No,OwnBrand,Tablet,TL3,ES,169503,PLANT_SOLIDS,Medium,PARA500TAB,TabletsCaps
BATCH02741,High,Yes,Contract,Capsule,CL1,DE,393542,PLANT_SOLIDS,Medium,AMOX500CAP,TabletsCaps
BATCH02827,Medium,No,Contract,Hormonal,HORM1,ES,32957,PLANT_SPECIAL,High,LEVOHORMIMPL,Units
BATCH05315,Medium,No,Contract,Hormonal,HORM2,ES,14341,PLANT_SPECIAL,High,LEVOHORMIMPL,Units
BATCH08239,Medium,No,OwnBrand,Tablet,TL3,FR,150613,PLANT_SOLIDS,Medium,IBUP400TAB,TabletsCaps
BATCH05192,Low,No,OwnBrand,Capsule,CL1,IT,226033,PLANT_SOLIDS,Medium,OMEP20CAP,TabletsCaps
BATCH01534,High,No,Contract,Injectable,INJ2,UK,48588,PLANT_PARENTERAL,High,CEF1GIV,Units
BATCH01297,Low,No,OwnBrand,Capsule,CL1,IT,467523,PLANT_SOLIDS,Low,OMEP20CAP,TabletsCaps
BATCH07495,Medium,No,OwnBrand,Injectable,INJ2,FR,22062,PLANT_PARENTERAL,Medium,HEP5000SC,Units
BATCH06217,Low,No,OwnBrand,Hormonal,HORM1,PT,13704,PLANT_SPECIAL,Low,EE30TAB,Units
BATCH03277,High,No,Contract,Capsule,CL2,DE,249269,PLANT_SOLIDS,Low,AMOX500CAP,TabletsCaps
BATCH01599,Low,Yes,OwnBrand,Capsule,CL1,IT,401340,PLANT_SOLIDS,Medium,OMEP20CAP,TabletsCaps
BATCH07755,Low,Yes,OwnBrand,Capsule,CL1,IT,461157,PLANT_SOLIDS,Medium,OMEP20CAP,TabletsCaps
BATCH06642,Low,No,OwnBrand,Tablet,TL1,ES,164337,PLANT_SOLIDS,Low,PARA500TAB,TabletsCaps
BATCH06118,Low,No,Contract,Device,DEV1,UK,14428,PLANT_SPECIAL,Medium,INHALER,Units
BATCH03181,Low,No,Contract,Device,DEV1,UK,6119,PLANT_SPECIAL,Medium,INHALER,Units
BATCH04485,Medium,No,OwnBrand,Injectable,INJ1,FR,4979,PLANT_PARENTERAL,Medium,HEP5000SC,Units
BATCH01134,Low,No,OwnBrand,Capsule,CL2,IT,468810,PLANT_SOLIDS,Medium,OMEP20CAP,TabletsCaps
BATCH01804,Low,Yes,OwnBrand,Hormonal,HORM2,PT,31886,PLANT_SPECIAL,Medium,EE30TAB,Units
BATCH02857,Medium,No,OwnBrand,Device,DEV2,DE,32320,PLANT_SPECIAL,Medium,INSUPEN,Units
BATCH07277,High,No,Contract,Injectable,INJ1,UK,32779,PLANT_PARENTERAL,High,CEF1GIV,Units
BATCH05401,Low,No,Contract,Device,DEV1,UK,17000,PLANT_SPECIAL,High,INHALER,Units
BATCH03237,Medium,No,OwnBrand,Injectable,INJ1,FR,44720,PLANT_PARENTERAL,High,HEP5000SC,Units
BATCH02391,High,No,Contract,Injectable,INJ1,UK,6286,PLANT_PARENTERAL,Low,CEF1GIV,Units
BATCH05728,High,No,Contract,Capsule,CL2,DE,497615,PLANT_SOLIDS,High,AMOX500CAP,TabletsCaps
BATCH01988,Low,No,OwnBrand,Tablet,TL1,ES,108791,PLANT_SOLIDS,Medium,PARA500TAB,TabletsCaps
BATCH03213,Medium,No,Contract,Hormonal,HORM2,ES,38878,PLANT_SPECIAL,Low,LEVOHORMIMPL,Units
BATCH03568,Medium,No,Contract,Hormonal,HORM2,ES,10841,PLANT_SPECIAL,Medium,LEVOHORMIMPL,Units
BATCH00468,Low,Yes,OwnBrand,Tablet,TL3,ES,479373,PLANT_SOLIDS,Medium,PARA500TAB,TabletsCaps
BATCH03833,Medium,No,OwnBrand,Injectable,INJ2,FR,2033,PLANT_PARENTERAL,Low,HEP5000SC,Units
BATCH03066,Low,No,OwnBrand,Capsule,CL1,IT,169922,PLANT_SOLIDS,High,OMEP20CAP,TabletsCaps
BATCH03966,High,No,Contract,Capsule,CL2,DE,269560,PLANT_SOLIDS,High,AMOX500CAP,TabletsCaps
BATCH05002,Low,No,OwnBrand,Hormonal,HORM1,PT,13162,PLANT_SPECIAL,Medium,EE30TAB,Units
BATCH08460,Low,Yes,OwnBrand,Tablet,TL1,ES,107202,PLANT_SOLIDS,Medium,PARA500TAB,TabletsCaps
BATCH06833,High,Yes,Contract,Injectable,INJ1,UK,7715,PLANT_PARENTERAL,Medium,CEF1GIV,Units
BATCH08739,Medium,No,OwnBrand,Tablet,TL1,FR,104314,PLANT_SOLIDS,Medium,IBUP400TAB,TabletsCaps
BATCH02614,Medium,No,OwnBrand,Injectable,INJ1,FR,24860,PLANT_PARENTERAL,High,HEP5000SC,Units
BATCH00789,Medium,No,OwnBrand,Device,DEV1,DE,28069,PLANT_SPECIAL,Low,INSUPEN,Units
BATCH08530,High,No,Contract,Injectable,INJ2,UK,48316,PLANT_PARENTERAL,High,CEF1GIV,Units
BATCH05536,Low,No,OwnBrand,Tablet,TL3,ES,75579,PLANT_SOLIDS,High,PARA500TAB,TabletsCaps
BATCH01802,Medium,No,Contract,Hormonal,HORM1,ES,7816,PLANT_SPECIAL,Medium,LEVOHORMIMPL,Units
BATCH01518,Low,No,OwnBrand,Hormonal,HORM2,PT,38854,PLANT_SPECIAL,High,EE30TAB,Units
BATCH01899,High,No,Contract,Injectable,INJ1,UK,47687,PLANT_PARENTERAL,High,CEF1GIV,Units
BATCH04323,Medium,Yes,OwnBrand,Device,DEV2,DE,18559,PLANT_SPECIAL,Medium,INSUPEN,Units
BATCH01189,Medium,No,OwnBrand,Device,DEV1,DE,28708,PLANT_SPECIAL,Medium,INSUPEN,Units
BATCH05829,High,No,Contract,Capsule,CL1,DE,372131,PLANT_SOLIDS,High,AMOX500CAP,TabletsCaps
BATCH09287,Low,No,OwnBrand,Tablet,TL1,ES,264105,PLANT_SOLIDS,High,PARA500TAB,TabletsCaps
BATCH09479,Low,No,OwnBrand,Tablet,TL1,ES,139547,PLANT_SOLIDS,Low,PARA500TAB,TabletsCaps
BATCH04834,Medium,No,OwnBrand,Injectable,INJ2,FR,13120,PLANT_PARENTERAL,Low,HEP5000SC,Units
BATCH03332,Medium,No,OwnBrand,Tablet,TL3,FR,138525,PLANT_SOLIDS,Low,IBUP400TAB,TabletsCaps
BATCH06121,Medium,Yes,OwnBrand,Tablet,TL2,FR,161583,PLANT_SOLIDS,High,IBUP400TAB,TabletsCaps
BATCH01724,High,Yes,Contract,Injectable,INJ2,UK,16312,PLANT_PARENTERAL,Medium,CEF1GIV,Units
BATCH03764,Medium,Yes,OwnBrand,Injectable,INJ2,FR,8634,PLANT_PARENTERAL,Low,HEP5000SC,Units
BATCH03501,Low,No,OwnBrand,Hormonal,HORM1,PT,43762,PLANT_SPECIAL,High,EE30TAB,Units
BATCH01024,High,No,Contract,Injectable,INJ2,UK,19140,PLANT_PARENTERAL,Low,CEF1GIV,Units
BATCH09419,Medium,No,OwnBrand,Device,DEV2,DE,33484,PLANT_SPECIAL,Low,INSUPEN,Units
BATCH05480,Low,No,OwnBrand,Hormonal,HORM1,PT,17248,PLANT_SPECIAL,Medium,EE30TAB,Units
BATCH08892,Low,No,OwnBrand,Hormonal,HORM1,PT,15288,PLANT_SPECIAL,Low,EE30TAB,Units
BATCH04299,Low,No,OwnBrand,Capsule,CL2,IT,387820,PLANT_SOLIDS,Medium,OMEP20CAP,TabletsCaps
BATCH05458,High,No,Contract,Capsule,CL1,DE,258608,PLANT_SOLIDS,High,AMOX500CAP,TabletsCaps
BATCH08808,Low,No,OwnBrand,Tablet,TL1,ES,415211,PLANT_SOLIDS,Low,PARA500TAB,TabletsCaps
BATCH03492,High,No,Contract,Injectable,INJ1,UK,1623,PLANT_PARENTERAL,Medium,CEF1GIV,Units
BATCH06237,Low,Yes,OwnBrand,Capsule,CL1,IT,460220,PLANT_SOLIDS,Low,OMEP20CAP,TabletsCaps
BATCH06097,High,No,Contract,Capsule,CL2,DE,187104,PLANT_SOLIDS,Low,AMOX500CAP,TabletsCaps
BATCH00953,Low,Yes,OwnBrand,Capsule,CL2,IT,248720,PLANT_SOLIDS,Medium,OMEP20CAP,TabletsCaps
BATCH09040,Low,No,Contract,Device,DEV1,UK,20703,PLANT_SPECIAL,Medium,INHALER,Units
BATCH01415,High,Yes,Contract,Injectable,INJ2,UK,25403,PLANT_PARENTERAL,Low,CEF1GIV,Units
BATCH09352,High,No,Contract,Capsule,CL2,DE,122340,PLANT_SOLIDS,Medium,AMOX500CAP,TabletsCaps
BATCH03080,Low,No,OwnBrand,Hormonal,HORM1,PT,42906,PLANT_SPECIAL,Medium,EE30TAB,Units
BATCH00459,High,No,Contract,Capsule,CL1,DE,442869,PLANT_SOLIDS,Medium,AMOX500CAP,TabletsCaps
BATCH07130,Medium,No,OwnBrand,Injectable,INJ1,FR,40740,PLANT_PARENTERAL,Medium,HEP5000SC,Units
BATCH09919,Low,No,OwnBrand,Hormonal,HORM1,PT,12640,PLANT_SPECIAL,Medium,EE30TAB,Units
BATCH05204,Medium,No,Contract,Hormonal,HORM2,ES,48046,PLANT_SPECIAL,High,LEVOHORMIMPL,Units
BATCH05852,High,No,Contract,Capsule,CL1,DE,190205,PLANT_SOLIDS,Medium,AMOX500CAP,TabletsCaps
BATCH00972,High,No,Contract,Capsule,CL1,DE,183250,PLANT_SOLIDS,Medium,AMOX500CAP,TabletsCaps
BATCH00061,Medium,No,Contract,Hormonal,HORM2,ES,11670,PLANT_SPECIAL,Low,LEVOHORMIMPL,Units
BATCH02141,Low,No,Contract,Device,DEV1,UK,40492,PLANT_SPECIAL,Medium,INHALER,Units
BATCH02007,High,No,Contract,Injectable,INJ1,UK,20842,PLANT_PARENTERAL,High,CEF1GIV,Units
BATCH04102,Low,Yes,Contract,Device,DEV2,UK,33184,PLANT_SPECIAL,Low,INHALER,Units
BATCH01860,Medium,No,Contract,Hormonal,HORM2,ES,28565,PLANT_SPECIAL,High,LEVOHORMIMPL,Units
BATCH03969,Medium,No,OwnBrand,Tablet,TL1,FR,340091,PLANT_SOLIDS,Medium,IBUP400TAB,TabletsCaps
BATCH08183,Low,Yes,OwnBrand,Capsule,CL1,IT,393081,PLANT_SOLIDS,Low,OMEP20CAP,TabletsCaps
BATCH00734,Medium,No,Contract,Hormonal,HORM1,ES,8501,PLANT_SPECIAL,High,LEVOHORMIMPL,Units
BATCH06364,Low,Yes,OwnBrand,Capsule,CL2,IT,140727,PLANT_SOLIDS,Medium,OMEP20CAP,TabletsCaps
BATCH08702,Medium,No,OwnBrand,Tablet,TL3,FR,493259,PLANT_SOLIDS,Low,IBUP400TAB,TabletsCaps
BATCH02204,Medium,No,Contract,Hormonal,HORM1,ES,3863,PLANT_SPECIAL,Low,LEVOHORMIMPL,Units
BATCH08800,Low,No,OwnBrand,Hormonal,HORM2,PT,43766,PLANT_SPECIAL,Low,EE30TAB,Units
BATCH07026,Medium,No,OwnBrand,Tablet,TL1,FR,134211,PLANT_SOLIDS,High,IBUP400TAB,TabletsCaps
BATCH02912,Low,Yes,OwnBrand,Capsule,CL1,IT,417551,PLANT_SOLIDS,Medium,OMEP20CAP,TabletsCaps
BATCH07670,Low,No,OwnBrand,Capsule,CL1,IT,447220,PLANT_SOLIDS,Medium,OMEP20CAP,TabletsCaps
BATCH05559,Low,Yes,OwnBrand,Tablet,TL1,ES,167695,PLANT_SOLIDS,Medium,PARA500TAB,TabletsCaps
BATCH09873,High,Yes,Contract,Injectable,INJ1,UK,47158,PLANT_PARENTERAL,Medium,CEF1GIV,Units
BATCH01533,Low,Yes,OwnBrand,Capsule,CL2,IT,127502,PLANT_SOLIDS,High,OMEP20CAP,TabletsCaps
BATCH00270,High,No,Contract,Capsule,CL1,DE,221174,PLANT_SOLIDS,Medium,AMOX500CAP,TabletsCaps
BATCH01073,Medium,No,OwnBrand,Injectable,INJ2,FR,9416,PLANT_PARENTERAL,Medium,HEP5000SC,Units
BATCH07566,Medium,No,OwnBrand,Tablet,TL1,FR,239961,PLANT_SOLIDS,Low,IBUP400TAB,TabletsCaps
BATCH09462,Medium,No,OwnBrand,Tablet,TL3,FR,428931,PLANT_SOLIDS,Low,IBUP400TAB,TabletsCaps
BATCH00358,Low,No,OwnBrand,Capsule,CL1,IT,324811,PLANT_SOLIDS,Medium,OMEP20CAP,TabletsCaps
BATCH09950,Low,No,OwnBrand,Tablet,TL1,ES,267465,PLANT_SOLIDS,Medium,PARA500TAB,TabletsCaps
BATCH02676,Low,No,OwnBrand,Hormonal,HORM1,PT,17918,PLANT_SPECIAL,Medium,EE30TAB,Units
BATCH02921,Medium,No,OwnBrand,Injectable,INJ2,FR,49817,PLANT_PARENTERAL,Low,HEP5000SC,Units
BATCH02682,High,No,Contract,Capsule,CL2,DE,187598,PLANT_SOLIDS,High,AMOX500CAP,TabletsCaps
BATCH08412,Low,No,Contract,Device,DEV2,UK,6527,PLANT_SPECIAL,Medium,INHALER,Units
BATCH07078,High,No,Contract,Injectable,INJ2,UK,46980,PLANT_PARENTERAL,Medium,CEF1GIV,Units
BATCH07015,Low,No,OwnBrand,Hormonal,HORM2,PT,47272,PLANT_SPECIAL,Low,EE30TAB,Units
BATCH05689,Medium,No,OwnBrand,Injectable,INJ1,FR,44600,PLANT_PARENTERAL,Low,HEP5000SC,Units
BATCH05263,Medium,No,Contract,Hormonal,HORM1,ES,44128,PLANT_SPECIAL,High,LEVOHORMIMPL,Units
BATCH04049,Low,No,OwnBrand,Hormonal,HORM1,PT,5925,PLANT_SPECIAL,Low,EE30TAB,Units
BATCH03318,Low,No,OwnBrand,Tablet,TL3,ES,385421,PLANT_SOLIDS,Medium,PARA500TAB,TabletsCaps
BATCH06308,Low,No,Contract,Device,DEV2,UK,23725,PLANT_SPECIAL,High,INHALER,Units
BATCH07543,Medium,No,OwnBrand,Device,DEV1,DE,1286,PLANT_SPECIAL,High,INSUPEN,Units
BATCH09593,Medium,No,OwnBrand,Tablet,TL2,FR,294178,PLANT_SOLIDS,Low,IBUP400TAB,TabletsCaps
BATCH05952,Low,Yes,Contract,Device,DEV2,UK,16623,PLANT_SPECIAL,Medium,INHALER,Units
BATCH05993,Low,No,OwnBrand,Hormonal,HORM2,PT,32827,PLANT_SPECIAL,Medium,EE30TAB,Units
BATCH01078,Low,Yes,OwnBrand,Tablet,TL1,ES,171772,PLANT_SOLIDS,High,PARA500TAB,TabletsCaps
BATCH00273,Low,No,OwnBrand,Tablet,TL2,ES,475940,PLANT_SOLIDS,Medium,PARA500TAB,TabletsCaps
BATCH07146,High,No,Contract,Injectable,INJ1,UK,44120,PLANT_PARENTERAL,Medium,CEF1GIV,Units
BATCH03829,Medium,Yes,OwnBrand,Tablet,TL1,FR,224266,PLANT_SOLIDS,Medium,IBUP400TAB,TabletsCaps
BATCH04090,Low,No,OwnBrand,Hormonal,HORM2,PT,11176,PLANT_SPECIAL,Medium,EE30TAB,Units
BATCH01920,High,No,Contract,Capsule,CL1,DE,77356,PLANT_SOLIDS,Medium,AMOX500CAP,TabletsCaps
BATCH08441,Medium,No,OwnBrand,Tablet,TL1,FR,393177,PLANT_SOLIDS,Medium,IBUP400TAB,TabletsCaps
BATCH07724,Medium,No,OwnBrand,Device,DEV1,DE,43863,PLANT_SPECIAL,High,INSUPEN,Units
BATCH01391,Low,No,Contract,Device,DEV2,UK,49163,PLANT_SPECIAL,Medium,INHALER,Units
BATCH01686,Low,No,OwnBrand,Tablet,TL1,ES,310347,PLANT_SOLIDS,Low,PARA500TAB,TabletsCaps
BATCH08030,Medium,No,OwnBrand,Tablet,TL1,FR,462802,PLANT_SOLIDS,Medium,IBUP400TAB,TabletsCaps
BATCH00493,Low,No,OwnBrand,Hormonal,HORM2,PT,45266,PLANT_SPECIAL,Low,EE30TAB,Units
BATCH07556,Medium,No,OwnBrand,Tablet,TL2,FR,421749,PLANT_SOLIDS,Low,IBUP400TAB,TabletsCaps
BATCH07622,Low,Yes,OwnBrand,Hormonal,HORM2,PT,24866,PLANT_SPECIAL,Low,EE30TAB,Units
BATCH06615,Medium,No,OwnBrand,Tablet,TL3,FR,103625,PLANT_SOLIDS,High,IBUP400TAB,TabletsCaps
BATCH04921,High,No,Contract,Capsule,CL1,DE,294914,PLANT_SOLIDS,Medium,AMOX500CAP,TabletsCaps
BATCH03104,High,No,Contract,Capsule,CL1,DE,328333,PLANT_SOLIDS,Medium,AMOX500CAP,TabletsCaps
BATCH08050,Medium,No,OwnBrand,Injectable,INJ2,FR,48951,PLANT_PARENTERAL,High,HEP5000SC,Units
BATCH00977,Medium,No,Contract,Hormonal,HORM1,ES,40306,PLANT_SPECIAL,Medium,LEVOHORMIMPL,Units
BATCH02281,High,No,Contract,Injectable,INJ2,UK,11379,PLANT_PARENTERAL,High,CEF1GIV,Units
BATCH05376,Medium,No,Contract,Hormonal,HORM2,ES,4395,PLANT_SPECIAL,Low,LEVOHORMIMPL,Units
BATCH01036,Medium,No,OwnBrand,Injectable,INJ2,FR,16158,PLANT_PARENTERAL,Medium,HEP5000SC,Units
BATCH03669,Medium,No,OwnBrand,Device,DEV2,DE,5056,PLANT_SPECIAL,Low,INSUPEN,Units
BATCH02097,Low,No,OwnBrand,Hormonal,HORM1,PT,35633,PLANT_SPECIAL,Medium,EE30TAB,Units
BATCH08233,Low,Yes,OwnBrand,Hormonal,HORM1,PT,38164,PLANT_SPECIAL,Low,EE30TAB,Units
BATCH08397,Medium,Yes,OwnBrand,Tablet,TL3,FR,422310,PLANT_SOLIDS,Medium,IBUP400TAB,TabletsCaps
BATCH08133,Medium,Yes,OwnBrand,Injectable,INJ2,FR,16689,PLANT_PARENTERAL,Medium,HEP5000SC,Units
BATCH04851,Medium,No,Contract,Hormonal,HORM1,ES,14755,PLANT_SPECIAL,High,LEVOHORMIMPL,Units
BATCH08929,Medium,No,OwnBrand,Device,DEV1,DE,21992,PLANT_SPECIAL,Medium,INSUPEN,Units
BATCH07611,Medium,No,OwnBrand,Tablet,TL2,FR,164288,PLANT_SOLIDS,Medium,IBUP400TAB,TabletsCaps
BATCH08856,Medium,No,OwnBrand,Injectable,INJ2,FR,15229,PLANT_PARENTERAL,Medium,HEP5000SC,Units
BATCH00324,High,No,Contract,Capsule,CL2,DE,403246,PLANT_SOLIDS,Medium,AMOX500CAP,TabletsCaps
BATCH00115,High,No,Contract,Capsule,CL2,DE,387364,PLANT_SOLIDS,High,AMOX500CAP,TabletsCaps
BATCH00990,Low,Yes,Contract,Device,DEV1,UK,44726,PLANT_SPECIAL,Medium,INHALER,Units
BATCH03789,Low,Yes,OwnBrand,Tablet,TL1,ES,317523,PLANT_SOLIDS,High,PARA500TAB,TabletsCaps
BATCH02279,High,No,Contract,Injectable,INJ1,UK,14172,PLANT_PARENTERAL,Medium,CEF1GIV,Units
BATCH08618,Medium,Yes,OwnBrand,Device,DEV2,DE,43613,PLANT_SPECIAL,Medium,INSUPEN,Units
BATCH04281,High,No,Contract,Injectable,INJ2,UK,7425,PLANT_PARENTERAL,Medium,CEF1GIV,Units
BATCH08816,Low,Yes,Contract,Device,DEV1,UK,33232,PLANT_SPECIAL,Medium,INHALER,Units
BATCH01560,Medium,No,OwnBrand,Device,DEV1,DE,22152,PLANT_SPECIAL,Medium,INSUPEN,Units
BATCH03001,Medium,No,OwnBrand,Tablet,TL3,FR,317637,PLANT_SOLIDS,Medium,IBUP400TAB,TabletsCaps
BATCH08886,Low,No,OwnBrand,Capsule,CL2,IT,461363,PLANT_SOLIDS,Low,OMEP20CAP,TabletsCaps
BATCH09111,Medium,Yes,OwnBrand,Device,DEV1,DE,28395,PLANT_SPECIAL,Medium,INSUPEN,Units
BATCH01644,Low,No,OwnBrand,Capsule,CL2,IT,373354,PLANT_SOLIDS,High,OMEP20CAP,TabletsCaps
BATCH06699,Low,No,OwnBrand,Hormonal,HORM1,PT,46441,PLANT_SPECIAL,Medium,EE30TAB,Units
BATCH00193,Low,No,OwnBrand,Capsule,CL1,IT,333424,PLANT_SOLIDS,Medium,OMEP20CAP,TabletsCaps
BATCH06341,Low,No,OwnBrand,Capsule,CL2,IT,108987,PLANT_SOLIDS,Medium,OMEP20CAP,TabletsCaps
BATCH01661,High,No,Contract,Injectable,INJ1,UK,8464,PLANT_PARENTERAL,Medium,CEF1GIV,Units
BATCH02445,Low,Yes,Contract,Device,DEV1,UK,4128,PLANT_SPECIAL,High,INHALER,Units
BATCH05772,Medium,No,OwnBrand,Injectable,INJ1,FR,12579,PLANT_PARENTERAL,High,HEP5000SC,Units
BATCH04784,Low,Yes,OwnBrand,Hormonal,HORM2,PT,48095,PLANT_SPECIAL,High,EE30TAB,Units
BATCH01337,Medium,Yes,OwnBrand,Injectable,INJ1,FR,25962,PLANT_PARENTERAL,Low,HEP5000SC,Units
BATCH05835,Medium,No,Contract,Hormonal,HORM1,ES,25282,PLANT_SPECIAL,Medium,LEVOHORMIMPL,Units
BATCH09281,Medium,No,OwnBrand,Device,DEV2,DE,18362,PLANT_SPECIAL,High,INSUPEN,Units
BATCH01993,Low,No,OwnBrand,Tablet,TL1,ES,210073,PLANT_SOLIDS,High,PARA500TAB,TabletsCaps
BATCH03675,High,No,Contract,Injectable,INJ2,UK,5083,PLANT_PARENTERAL,High,CEF1GIV,Units
BATCH05581,Low,No,OwnBrand,Hormonal,HORM2,PT,33888,PLANT_SPECIAL,Medium,EE30TAB,Units
BATCH01791,Medium,No,OwnBrand,Injectable,INJ2,FR,5059,PLANT_PARENTERAL,Low,HEP5000SC,Units
BATCH06882,Medium,No,OwnBrand,Tablet,TL3,FR,476473,PLANT_SOLIDS,High,IBUP400TAB,TabletsCaps
BATCH07890,Low,No,OwnBrand,Hormonal,HORM1,PT,31061,PLANT_SPECIAL,Medium,EE30TAB,Units
BATCH02527,Low,No,OwnBrand,Tablet,TL1,ES,430721,PLANT_SOLIDS,Low,PARA500TAB,TabletsCaps
BATCH01640,Medium,No,OwnBrand,Device,DEV2,DE,32041,PLANT_SPECIAL,Low,INSUPEN,Units
BATCH09912,Medium,No,OwnBrand,Tablet,TL2,FR,335334,PLANT_SOLIDS,Low,IBUP400TAB,TabletsCaps
BATCH04539,Low,Yes,Contract,Device,DEV1,UK,4666,PLANT_SPECIAL,Low,INHALER,Units
BATCH06587,Medium,No,OwnBrand,Tablet,TL2,FR,351787,PLANT_SOLIDS,Medium,IBUP400TAB,TabletsCaps
BATCH00259,Low,No,Contract,Device,DEV1,UK,6283,PLANT_SPECIAL,High,INHALER,Units
BATCH03729,High,No,Contract,Injectable,INJ2,UK,28067,PLANT_PARENTERAL,High,CEF1GIV,Units
BATCH00209,Low,Yes,OwnBrand,Capsule,CL1,IT,445359,PLANT_SOLIDS,Medium,OMEP20CAP,TabletsCaps
BATCH08312,Medium,No,Contract,Hormonal,HORM2,ES,1730,PLANT_SPECIAL,Low,LEVOHORMIMPL,Units
BATCH06799,Low,No,OwnBrand,Hormonal,HORM2,PT,37139,PLANT_SPECIAL,Medium,EE30TAB,Units
BATCH00736,Low,No,OwnBrand,Capsule,CL2,IT,156650,PLANT_SOLIDS,Medium,OMEP20CAP,TabletsCaps
BATCH01744,Low,No,OwnBrand,Tablet,TL3,ES,85931,PLANT_SOLIDS,Medium,PARA500TAB,TabletsCaps
BATCH04317,Medium,No,OwnBrand,Device,DEV2,DE,27697,PLANT_SPECIAL,Medium,INSUPEN,Units
BATCH01104,High,No,Contract,Injectable,INJ2,UK,32561,PLANT_PARENTERAL,Medium,CEF1GIV,Units
BATCH09486,Low,No,OwnBrand,Tablet,TL3,ES,74848,PLANT_SOLIDS,Medium,PARA500TAB,TabletsCaps
BATCH04148,Medium,No,OwnBrand,Device,DEV2,DE,9236,PLANT_SPECIAL,Low,INSUPEN,Units
BATCH00213,Low,No,OwnBrand,Tablet,TL3,ES,166055,PLANT_SOLIDS,High,PARA500TAB,TabletsCaps
BATCH04910,Low,No,Contract,Device,DEV2,UK,49010,PLANT_SPECIAL,High,INHALER,Units
BATCH08656,Low,No,OwnBrand,Tablet,TL1,ES,484062,PLANT_SOLIDS,Medium,PARA500TAB,TabletsCaps
BATCH08273,Medium,No,OwnBrand,Injectable,INJ1,FR,28318,PLANT_PARENTERAL,Medium,HEP5000SC,Units
BATCH00897,Medium,No,OwnBrand,Tablet,TL2,FR,372712,PLANT_SOLIDS,High,IBUP400TAB,TabletsCaps
BATCH06826,Medium,No,Contract,Hormonal,HORM2,ES,13149,PLANT_SPECIAL,Medium,LEVOHORMIMPL,Units
BATCH00419,Medium,Yes,OwnBrand,Tablet,TL1,FR,329582,PLANT_SOLIDS,Medium,IBUP400TAB,TabletsCaps
BATCH08740,Medium,Yes,OwnBrand,Injectable,INJ1,FR,16684,PLANT_PARENTERAL,Medium,HEP5000SC,Units
BATCH01389,High,No,Contract,Capsule,CL1,DE,484372,PLANT_SOLIDS,Low,AMOX500CAP,TabletsCaps
BATCH06905,Low,No,OwnBrand,Hormonal,HORM1,PT,5374,PLANT_SPECIAL,High,EE30TAB,Units
BATCH06478,Medium,No,OwnBrand,Device,DEV2,DE,42002,PLANT_SPECIAL,Medium,INSUPEN,Units
BATCH06703,Low,Yes,Contract,Device,DEV2,UK,21845,PLANT_SPECIAL,High,INHALER,Units
BATCH05176,Medium,No,OwnBrand,Injectable,INJ2,FR,15574,PLANT_PARENTERAL,Medium,HEP5000SC,Units
BATCH01910,High,No,Contract,Capsule,CL1,DE,169926,PLANT_SOLIDS,Low,AMOX500CAP,TabletsCaps
BATCH02212,High,Yes,Contract,Injectable,INJ1,UK,35217,PLANT_PARENTERAL,Low,CEF1GIV,Units
BATCH04689,Medium,No,OwnBrand,Tablet,TL1,FR,150366,PLANT_SOLIDS,Medium,IBUP400TAB,TabletsCaps
BATCH00655,High,No,Contract,Injectable,INJ2,UK,15577,PLANT_PARENTERAL,Medium,CEF1GIV,Units
BATCH03995,High,Yes,Contract,Injectable,INJ2,UK,9346,PLANT_PARENTERAL,Low,CEF1GIV,Units
BATCH00627,Medium,No,OwnBrand,Tablet,TL2,FR,359179,PLANT_SOLIDS,High,IBUP400TAB,TabletsCaps
BATCH05971,Low,No,OwnBrand,Tablet,TL2,ES,83476,PLANT_SOLIDS,High,PARA500TAB,TabletsCaps
BATCH02334,High,No,Contract,Capsule,CL2,DE,173884,PLANT_SOLIDS,Low,AMOX500CAP,TabletsCaps
BATCH06828,High,No,Contract,Injectable,INJ2,UK,15827,PLANT_PARENTERAL,Low,CEF1GIV,Units
BATCH00875,Low,No,OwnBrand,Capsule,CL2,IT,377119,PLANT_SOLIDS,High,OMEP20CAP,TabletsCaps
BATCH09929,Low,Yes,OwnBrand,Capsule,CL2,IT,372629,PLANT_SOLIDS,Medium,OMEP20CAP,TabletsCaps
BATCH02589,Low,No,OwnBrand,Hormonal,HORM1,PT,42578,PLANT_SPECIAL,High,EE30TAB,Units
BATCH00595,High,No,Contract,Capsule,CL1,DE,178796,PLANT_SOLIDS,Low,AMOX500CAP,TabletsCaps
BATCH02629,Low,No,Contract,Device,DEV1,UK,1607,PLANT_SPECIAL,High,INHALER,Units
BATCH08163,Medium,No,OwnBrand,Injectable,INJ1,FR,27572,PLANT_PARENTERAL,Medium,HEP5000SC,Units
BATCH06037,Medium,Yes,OwnBrand,Device,DEV2,DE,16183,PLANT_SPECIAL,High,INSUPEN,Units
BATCH03179,High,No,Contract,Capsule,CL1,DE,334303,PLANT_SOLIDS,High,AMOX500CAP,TabletsCaps
BATCH09787,High,No,Contract,Capsule,CL2,DE,451851,PLANT_SOLIDS,Medium,AMOX500CAP,TabletsCaps
BATCH03950,Low,No,OwnBrand,Tablet,TL1,ES,152975,PLANT_SOLIDS,Low,PARA500TAB,TabletsCaps
BATCH04384,High,No,Contract,Capsule,CL1,DE,56179,PLANT_SOLIDS,Medium,AMOX500CAP,TabletsCaps
BATCH03930,Low,Yes,OwnBrand,Capsule,CL2,IT,398123,PLANT_SOLIDS,Medium,OMEP20CAP,TabletsCaps
BATCH07644,Medium,Yes,OwnBrand,Tablet,TL1,FR,89184,PLANT_SOLIDS,Medium,IBUP400TAB,TabletsCaps
BATCH01291,High,Yes,Contract,Injectable,INJ2,UK,46460,PLANT_PARENTERAL,Medium,CEF1GIV,Units
BATCH01109,Medium,No,OwnBrand,Device,DEV2,DE,14581,PLANT_SPECIAL,High,INSUPEN,Units
BATCH05307,Medium,Yes,Contract,Hormonal,HORM1,ES,17787,PLANT_SPECIAL,High,LEVOHORMIMPL,Units
BATCH02303,High,No,Contract,Injectable,INJ1,UK,14067,PLANT_PARENTERAL,Low,CEF1GIV,Units
BATCH07695,Low,No,Contract,Device,DEV2,UK,49956,PLANT_SPECIAL,High,INHALER,Units
BATCH03949,Medium,Yes,OwnBrand,Injectable,INJ1,FR,16287,PLANT_PARENTERAL,High,HEP5000SC,Units
BATCH08226,Low,Yes,Contract,Device,DEV1,UK,28866,PLANT_SPECIAL,High,INHALER,Units
BATCH09510,Low,Yes,OwnBrand,Hormonal,HORM1,PT,41791,PLANT_SPECIAL,Medium,EE30TAB,Units
BATCH08377,Medium,No,OwnBrand,Tablet,TL3,FR,276242,PLANT_SOLIDS,High,IBUP400TAB,TabletsCaps
BATCH06078,Medium,No,OwnBrand,Injectable,INJ1,FR,30639,PLANT_PARENTERAL,Medium,HEP5000SC,Units
BATCH07351,Medium,No,Contract,Hormonal,HORM2,ES,40272,PLANT_SPECIAL,High,LEVOHORMIMPL,Units
BATCH08383,Low,No,OwnBrand,Hormonal,HORM2,PT,23376,PLANT_SPECIAL,High,EE30TAB,Units
BATCH02457,Low,No,OwnBrand,Capsule,CL1,IT,222365,PLANT_SOLIDS,Medium,OMEP20CAP,TabletsCaps
BATCH09586,Medium,No,OwnBrand,Device,DEV2,DE,41943,PLANT_SPECIAL,Medium,INSUPEN,Units
BATCH04017,High,Yes,Contract,Injectable,INJ2,UK,42186,PLANT_PARENTERAL,High,CEF1GIV,Units
BATCH00004,High,Yes,Contract,Injectable,INJ1,UK,20813,PLANT_PARENTERAL,Low,CEF1GIV,Units
BATCH09954,Low,No,OwnBrand,Tablet,TL3,ES,485123,PLANT_SOLIDS,High,PARA500TAB,TabletsCaps
BATCH02055,Medium,No,OwnBrand,Injectable,INJ1,FR,6949,PLANT_PARENTERAL,Medium,HEP5000SC,Units
BATCH07253,Low,No,OwnBrand,Hormonal,HORM1,PT,38807,PLANT_SPECIAL,Low,EE30TAB,Units
BATCH08700,Medium,No,OwnBrand,Device,DEV1,DE,25799,PLANT_SPECIAL,Low,INSUPEN,Units
BATCH04803,Low,No,OwnBrand,Hormonal,HORM1,PT,32345,PLANT_SPECIAL,Medium,EE30TAB,Units
BATCH07936,Medium,No,OwnBrand,Tablet,TL1,FR,228350,PLANT_SOLIDS,Medium,IBUP400TAB,TabletsCaps
BATCH05801,Low,No,OwnBrand,Capsule,CL1,IT,94922,PLANT_SOLIDS,Medium,OMEP20CAP,TabletsCaps
BATCH01766,Low,No,OwnBrand,Capsule,CL1,IT,453006,PLANT_SOLIDS,High,OMEP20CAP,TabletsCaps
BATCH00670,Medium,No,OwnBrand,Injectable,INJ1,FR,6755,PLANT_PARENTERAL,High,HEP5000SC,Units
BATCH01468,Low,No,OwnBrand,Hormonal,HORM2,PT,24138,PLANT_SPECIAL,Low,EE30TAB,Units
BATCH09181,Low,No,Contract,Device,DEV1,UK,11422,PLANT_SPECIAL,Low,INHALER,Units
BATCH05740,Low,Yes,Contract,Device,DEV2,UK,48828,PLANT_SPECIAL,Medium,INHALER,Units
BATCH09819,Low,Yes,OwnBrand,Hormonal,HORM2,PT,23878,PLANT_SPECIAL,High,EE30TAB,Units
BATCH04696,Medium,No,OwnBrand,Injectable,INJ1,FR,48577,PLANT_PARENTERAL,Medium,HEP5000SC,Units
BATCH04917,Low,No,OwnBrand,Tablet,TL2,ES,383728,PLANT_SOLIDS,High,PARA500TAB,TabletsCaps
BATCH07032,Medium,No,OwnBrand,Injectable,INJ2,FR,32138,PLANT_PARENTERAL,High,HEP5000SC,Units
BATCH00584,High,No,Contract,Capsule,CL2,DE,473169,PLANT_SOLIDS,Medium,AMOX500CAP,TabletsCaps
BATCH04719,Low,Yes,OwnBrand,Tablet,TL1,ES,198179,PLANT_SOLIDS,Medium,PARA500TAB,TabletsCaps
BATCH07862,Medium,No,Contract,Hormonal,HORM2,ES,45940,PLANT_SPECIAL,High,LEVOHORMIMPL,Units
BATCH08108,Medium,Yes,OwnBrand,Injectable,INJ2,FR,28874,PLANT_PARENTERAL,Medium,HEP5000SC,Units
BATCH05628,Medium,No,Contract,Hormonal,HORM2,ES,27501,PLANT_SPECIAL,Medium,LEVOHORMIMPL,Units
BATCH03082,Medium,Yes,OwnBrand,Device,DEV1,DE,41032,PLANT_SPECIAL,Medium,INSUPEN,Units
BATCH00045,Medium,No,OwnBrand,Injectable,INJ2,FR,28401,PLANT_PARENTERAL,Medium,HEP5000SC,Units
BATCH03550,Low,No,OwnBrand,Capsule,CL1,IT,193422,PLANT_SOLIDS,Low,OMEP20CAP,TabletsCaps
BATCH01525,High,No,Contract,Capsule,CL2,DE,344209,PLANT_SOLIDS,High,AMOX500CAP,TabletsCaps
BATCH06742,High,Yes,Contract,Capsule,CL1,DE,194614,PLANT_SOLIDS,Medium,AMOX500CAP,TabletsCaps
BATCH00212,Low,No,OwnBrand,Capsule,CL1,IT,491135,PLANT_SOLIDS,Low,OMEP20CAP,TabletsCaps
BATCH04301,Medium,No,OwnBrand,Injectable,INJ2,FR,42829,PLANT_PARENTERAL,Medium,HEP5000SC,Units
BATCH05379,Medium,No,OwnBrand,Tablet,TL3,FR,450524,PLANT_SOLIDS,Medium,IBUP400TAB,TabletsCaps
BATCH09037,Medium,No,OwnBrand,Injectable,INJ2,FR,49505,PLANT_PARENTERAL,High,HEP5000SC,Units
BATCH05024,Medium,Yes,OwnBrand,Tablet,TL3,FR,241236,PLANT_SOLIDS,Low,IBUP400TAB,TabletsCaps
BATCH04026,Low,No,OwnBrand,Hormonal,HORM2,PT,42941,PLANT_SPECIAL,Medium,EE30TAB,Units
BATCH05227,Medium,No,Contract,Hormonal,HORM1,ES,15638,PLANT_SPECIAL,Medium,LEVOHORMIMPL,Units
BATCH09269,Low,Yes,Contract,Device,DEV1,UK,33268,PLANT_SPECIAL,Medium,INHALER,Units
BATCH07354,Medium,No,OwnBrand,Tablet,TL3,FR,168537,PLANT_SOLIDS,Low,IBUP400TAB,TabletsCaps
BATCH07973,Medium,No,OwnBrand,Device,DEV2,DE,45934,PLANT_SPECIAL,High,INSUPEN,Units
BATCH03548,Low,No,OwnBrand,Capsule,CL1,IT,105035,PLANT_SOLIDS,Medium,OMEP20CAP,TabletsCaps
BATCH00219,Low,No,OwnBrand,Hormonal,HORM2,PT,36237,PLANT_SPECIAL,High,EE30TAB,Units
BATCH07314,Low,No,OwnBrand,Capsule,CL2,IT,372019,PLANT_SOLIDS,Medium,OMEP20CAP,TabletsCaps
BATCH03690,Low,No,OwnBrand,Capsule,CL2,IT,223762,PLANT_SOLIDS,Medium,OMEP20CAP,TabletsCaps
BATCH01183,Medium,No,OwnBrand,Tablet,TL3,FR,240311,PLANT_SOLIDS,High,IBUP400TAB,TabletsCaps
BATCH07929,Medium,No,Contract,Hormonal,HORM1,ES,29788,PLANT_SPECIAL,Medium,LEVOHORMIMPL,Units
BATCH08471,Low,No,OwnBrand,Capsule,CL1,IT,347403,PLANT_SOLIDS,Medium,OMEP20CAP,TabletsCaps
BATCH03987,Medium,No,OwnBrand,Device,DEV2,DE,20159,PLANT_SPECIAL,High,INSUPEN,Units
BATCH07826,Low,No,OwnBrand,Capsule,CL2,IT,134341,PLANT_SOLIDS,Low,OMEP20CAP,TabletsCaps
BATCH01392,Medium,No,OwnBrand,Device,DEV1,DE,28144,PLANT_SPECIAL,High,INSUPEN,Units
BATCH05239,Medium,No,OwnBrand,Injectable,INJ1,FR,12738,PLANT_PARENTERAL,Medium,HEP5000SC,Units
BATCH07264,Medium,No,Contract,Hormonal,HORM2,ES,42235,PLANT_SPECIAL,High,LEVOHORMIMPL,Units
BATCH09648,Medium,No,OwnBrand,Device,DEV2,DE,18960,PLANT_SPECIAL,High,INSUPEN,Units
BATCH04180,High,No,Contract,Injectable,INJ2,UK,19657,PLANT_PARENTERAL,Medium,CEF1GIV,Units
BATCH02421,Low,Yes,OwnBrand,Hormonal,HORM1,PT,41758,PLANT_SPECIAL,Medium,EE30TAB,Units
BATCH04201,Low,No,OwnBrand,Tablet,TL1,ES,335868,PLANT_SOLIDS,High,PARA500TAB,TabletsCaps
BATCH02774,Medium,No,OwnBrand,Injectable,INJ1,FR,20001,PLANT_PARENTERAL,Medium,HEP5000SC,Units
BATCH03193,High,Yes,Contract,Injectable,INJ2,UK,44578,PLANT_PARENTERAL,Medium,CEF1GIV,Units
BATCH01568,Low,No,OwnBrand,Capsule,CL2,IT,490943,PLANT_SOLIDS,High,OMEP20CAP,TabletsCaps
BATCH03453,Medium,No,OwnBrand,Injectable,INJ2,FR,41832,PLANT_PARENTERAL,Medium,HEP5000SC,Units
BATCH04482,Low,No,OwnBrand,Capsule,CL1,IT,174849,PLANT_SOLIDS,Medium,OMEP20CAP,TabletsCaps
BATCH01696,Medium,No,OwnBrand,Injectable,INJ2,FR,2410,PLANT_PARENTERAL,Medium,HEP5000SC,Units
BATCH00291,Low,No,OwnBrand,Tablet,TL1,ES,468849,PLANT_SOLIDS,High,PARA500TAB,TabletsCaps
BATCH08002,Low,No,OwnBrand,Capsule,CL2,IT,52249,PLANT_SOLIDS,Low,OMEP20CAP,TabletsCaps
BATCH07529,Low,No,OwnBrand,Hormonal,HORM2,PT,30385,PLANT_SPECIAL,High,EE30TAB,Units
BATCH00882,Low,No,Contract,Device,DEV2,UK,42051,PLANT_SPECIAL,Low,INHALER,Units
BATCH05746,High,No,Contract,Capsule,CL2,DE,490383,PLANT_SOLIDS,Medium,AMOX500CAP,TabletsCaps
BATCH07358,Low,No,OwnBrand,Capsule,CL2,IT,122184,PLANT_SOLIDS,Medium,OMEP20CAP,TabletsCaps
BATCH01228,Low,No,Contract,Device,DEV1,UK,25871,PLANT_SPECIAL,High,INHALER,Units
BATCH00659,Medium,Yes,OwnBrand,Injectable,INJ2,FR,49623,PLANT_PARENTERAL,Low,HEP5000SC,Units
BATCH04297,Medium,No,OwnBrand,Injectable,INJ2,FR,38461,PLANT_PARENTERAL,Low,HEP5000SC,Units
BATCH05663,High,No,Contract,Injectable,INJ1,UK,28549,PLANT_PARENTERAL,Medium,CEF1GIV,Units
BATCH05093,Low,No,OwnBrand,Hormonal,HORM1,PT,7577,PLANT_SPECIAL,High,EE30TAB,Units
BATCH05358,Medium,No,OwnBrand,Injectable,INJ1,FR,11983,PLANT_PARENTERAL,High,HEP5000SC,Units
BATCH01577,High,No,Contract,Capsule,CL1,DE,182809,PLANT_SOLIDS,High,AMOX500CAP,TabletsCaps
BATCH02076,Low,Yes,OwnBrand,Capsule,CL2,IT,195377,PLANT_SOLIDS,High,OMEP20CAP,TabletsCaps
BATCH09235,Medium,No,Contract,Hormonal,HORM1,ES,22246,PLANT_SPECIAL,High,LEVOHORMIMPL,Units
BATCH08854,Medium,No,Contract,Hormonal,HORM1,ES,46691,PLANT_SPECIAL,Medium,LEVOHORMIMPL,Units
BATCH09400,Low,Yes,OwnBrand,Tablet,TL3,ES,232049,PLANT_SOLIDS,Low,PARA500TAB,TabletsCaps
BATCH07939,Medium,No,OwnBrand,Device,DEV2,DE,6455,PLANT_SPECIAL,Low,INSUPEN,Units
BATCH03791,Low,Yes,OwnBrand,Tablet,TL3,ES,153975,PLANT_SOLIDS,Medium,PARA500TAB,TabletsCaps
BATCH09601,Medium,No,OwnBrand,Device,DEV1,DE,21457,PLANT_SPECIAL,Medium,INSUPEN,Units
BATCH09210,Low,No,OwnBrand,Hormonal,HORM1,PT,40978,PLANT_SPECIAL,Medium,EE30TAB,Units
BATCH05682,Medium,No,OwnBrand,Injectable,INJ2,FR,5374,PLANT_PARENTERAL,Medium,HEP5000SC,Units
BATCH05420,Medium,No,Contract,Hormonal,HORM2,ES,35472,PLANT_SPECIAL,Medium,LEVOHORMIMPL,Units
BATCH03635,Low,Yes,Contract,Device,DEV2,UK,12845,PLANT_SPECIAL,Medium,INHALER,Units
BATCH00169,Medium,No,OwnBrand,Device,DEV1,DE,15863,PLANT_SPECIAL,High,INSUPEN,Units
BATCH04845,Low,Yes,Contract,Device,DEV1,UK,46755,PLANT_SPECIAL,High,INHALER,Units
BATCH03340,Low,No,OwnBrand,Hormonal,HORM2,PT,27556,PLANT_SPECIAL,Medium,EE30TAB,Units
BATCH07794,Medium,No,OwnBrand,Tablet,TL3,FR,255939,PLANT_SOLIDS,High,IBUP400TAB,TabletsCaps
BATCH06400,Low,No,OwnBrand,Tablet,TL2,ES,129369,PLANT_SOLIDS,High,PARA500TAB,TabletsCaps
BATCH04926,High,Yes,Contract,Capsule,CL1,DE,334742,PLANT_SOLIDS,High,AMOX500CAP,TabletsCaps
BATCH01141,Low,No,OwnBrand,Tablet,TL1,ES,295523,PLANT_SOLIDS,Medium,PARA500TAB,TabletsCaps
BATCH09446,Medium,No,OwnBrand,Tablet,TL3,FR,288468,PLANT_SOLIDS,Medium,IBUP400TAB,TabletsCaps
BATCH09851,Low,No,Contract,Device,DEV1,UK,30129,PLANT_SPECIAL,High,INHALER,Units
BATCH03497,Low,Yes,OwnBrand,Tablet,TL3,ES,426092,PLANT_SOLIDS,Medium,PARA500TAB,TabletsCaps
BATCH09459,Medium,No,OwnBrand,Device,DEV2,DE,46863,PLANT_SPECIAL,Medium,INSUPEN,Units
BATCH04066,Medium,No,OwnBrand,Tablet,TL3,FR,168618,PLANT_SOLIDS,Medium,IBUP400TAB,TabletsCaps
BATCH08603,High,No,Contract,Capsule,CL1,DE,206972,PLANT_SOLIDS,Medium,AMOX500CAP,TabletsCaps
BATCH06407,Low,Yes,OwnBrand,Capsule,CL2,IT,440185,PLANT_SOLIDS,High,OMEP20CAP,TabletsCaps
BATCH06709,Low,Yes,Contract,Device,DEV1,UK,37234,PLANT_SPECIAL,High,INHALER,Units
BATCH06443,Medium,Yes,OwnBrand,Tablet,TL1,FR,394994,PLANT_SOLIDS,High,IBUP400TAB,TabletsCaps
BATCH01790,High,No,Contract,Injectable,INJ2,UK,6740,PLANT_PARENTERAL,High,CEF1GIV,Units
BATCH05851,Low,No,Contract,Device,DEV1,UK,27965,PLANT_SPECIAL,Medium,INHALER,Units
BATCH09431,Low,No,OwnBrand,Tablet,TL1,ES,233743,PLANT_SOLIDS,Medium,PARA500TAB,TabletsCaps
BATCH05450,Medium,Yes,OwnBrand,Device,DEV2,DE,46422,PLANT_SPECIAL,Low,INSUPEN,Units
BATCH04097,Low,Yes,Contract,Device,DEV1,UK,46123,PLANT_SPECIAL,High,INHALER,Units
BATCH01099,High,Yes,Contract,Capsule,CL2,DE,157327,PLANT_SOLIDS,Medium,AMOX500CAP,TabletsCaps
BATCH00615,Medium,Yes,OwnBrand,Injectable,INJ1,FR,19714,PLANT_PARENTERAL,Low,HEP5000SC,Units
BATCH02059,Medium,No,Contract,Hormonal,HORM1,ES,8430,PLANT_SPECIAL,High,LEVOHORMIMPL,Units
BATCH07168,Low,No,OwnBrand,Capsule,CL2,IT,327094,PLANT_SOLIDS,High,OMEP20CAP,TabletsCaps
BATCH05839,Low,No,OwnBrand,Tablet,TL1,ES,323595,PLANT_SOLIDS,Medium,PARA500TAB,TabletsCaps
BATCH08127,Low,Yes,OwnBrand,Tablet,TL3,ES,289559,PLANT_SOLIDS,Medium,PARA500TAB,TabletsCaps
BATCH00217,Low,No,Contract,Device,DEV1,UK,7314,PLANT_SPECIAL,Medium,INHALER,Units
BATCH08950,High,No,Contract,Capsule,CL2,DE,179796,PLANT_SOLIDS,Medium,AMOX500CAP,TabletsCaps
BATCH06134,High,No,Contract,Capsule,CL2,DE,427576,PLANT_SOLIDS,Low,AMOX500CAP,TabletsCaps
BATCH08170,Medium,No,OwnBrand,Device,DEV2,DE,4440,PLANT_SPECIAL,Medium,INSUPEN,Units
BATCH00903,Low,No,Contract,Device,DEV1,UK,16400,PLANT_SPECIAL,Low,INHALER,Units
BATCH08099,High,No,Contract,Capsule,CL1,DE,318739,PLANT_SOLIDS,High,AMOX500CAP,TabletsCaps
BATCH02357,Medium,No,Contract,Hormonal,HORM2,ES,45352,PLANT_SPECIAL,High,LEVOHORMIMPL,Units
BATCH05891,Low,No,Contract,Device,DEV1,UK,16177,PLANT_SPECIAL,Medium,INHALER,Units
BATCH02637,Medium,No,Contract,Hormonal,HORM1,ES,3587,PLANT_SPECIAL,Medium,LEVOHORMIMPL,Units
BATCH09376,Medium,No,OwnBrand,Injectable,INJ1,FR,40059,PLANT_PARENTERAL,Low,HEP5000SC,Units
BATCH09839,Low,No,OwnBrand,Capsule,CL1,IT,375563,PLANT_SOLIDS,Low,OMEP20CAP,TabletsCaps
BATCH06072,Medium,No,Contract,Hormonal,HORM1,ES,49061,PLANT_SPECIAL,Medium,LEVOHORMIMPL,Units
BATCH02965,Medium,No,OwnBrand,Device,DEV1,DE,47552,PLANT_SPECIAL,High,INSUPEN,Units
BATCH05107,High,No,Contract,Capsule,CL2,DE,318908,PLANT_SOLIDS,Medium,AMOX500CAP,TabletsCaps
BATCH06850,Low,No,Contract,Device,DEV1,UK,39337,PLANT_SPECIAL,Medium,INHALER,Units
BATCH06305,Low,No,OwnBrand,Capsule,CL1,IT,346088,PLANT_SOLIDS,Medium,OMEP20CAP,TabletsCaps
BATCH06461,High,No,Contract,Injectable,INJ1,UK,26629,PLANT_PARENTERAL,Medium,CEF1GIV,Units
BATCH09301,Low,No,Contract,Device,DEV2,UK,28168,PLANT_SPECIAL,High,INHALER,Units
BATCH03679,Medium,No,OwnBrand,Tablet,TL2,FR,477448,PLANT_SOLIDS,Medium,IBUP400TAB,TabletsCaps
BATCH05719,Low,Yes,Contract,Device,DEV1,UK,41983,PLANT_SPECIAL,Medium,INHALER,Units
BATCH05049,Low,No,Contract,Device,DEV2,UK,5994,PLANT_SPECIAL,Medium,INHALER,Units
BATCH04675,High,No,Contract,Capsule,CL1,DE,74056,PLANT_SOLIDS,Low,AMOX500CAP,TabletsCaps
BATCH08073,High,No,Contract,Injectable,INJ2,UK,41413,PLANT_PARENTERAL,Low,CEF1GIV,Units
BATCH07858,Medium,Yes,OwnBrand,Device,DEV1,DE,1069,PLANT_SPECIAL,Medium,INSUPEN,Units
BATCH00203,Medium,Yes,Contract,Hormonal,HORM2,ES,34669,PLANT_SPECIAL,Medium,LEVOHORMIMPL,Units
BATCH03337,Low,No,OwnBrand,Tablet,TL3,ES,382602,PLANT_SOLIDS,High,PARA500TAB,TabletsCaps
BATCH00548,Medium,No,OwnBrand,Injectable,INJ2,FR,32806,PLANT_PARENTERAL,Medium,HEP5000SC,Units
BATCH00589,Medium,No,Contract,Hormonal,HORM1,ES,4412,PLANT_SPECIAL,Low,LEVOHORMIMPL,Units
BATCH06777,Low,No,Contract,Device,DEV2,UK,10867,PLANT_SPECIAL,Low,INHALER,Units
BATCH00484,Low,Yes,OwnBrand,Tablet,TL3,ES,434383,PLANT_SOLIDS,High,PARA500TAB,TabletsCaps
BATCH06047,Low,No,OwnBrand,Hormonal,HORM1,PT,11831,PLANT_SPECIAL,High,EE30TAB,Units
BATCH01906,High,No,Contract,Capsule,CL2,DE,151405,PLANT_SOLIDS,Low,AMOX500CAP,TabletsCaps
BATCH04235,Low,No,OwnBrand,Hormonal,HORM1,PT,30083,PLANT_SPECIAL,Low,EE30TAB,Units
BATCH00414,Low,No,OwnBrand,Hormonal,HORM1,PT,31354,PLANT_SPECIAL,Low,EE30TAB,Units
BATCH03655,High,No,Contract,Injectable,INJ2,UK,16800,PLANT_PARENTERAL,Low,CEF1GIV,Units
BATCH03048,Medium,No,OwnBrand,Tablet,TL1,FR,380647,PLANT_SOLIDS,Medium,IBUP400TAB,TabletsCaps
BATCH07008,Low,Yes,Contract,Device,DEV1,UK,34764,PLANT_SPECIAL,Medium,INHALER,Units
BATCH07821,Low,No,OwnBrand,Hormonal,HORM2,PT,38008,PLANT_SPECIAL,Low,EE30TAB,Units
BATCH04191,Medium,Yes,OwnBrand,Injectable,INJ2,FR,31530,PLANT_PARENTERAL,Medium,HEP5000SC,Units
BATCH09576,Low,No,OwnBrand,Capsule,CL1,IT,322725,PLANT_SOLIDS,Medium,OMEP20CAP,TabletsCaps
BATCH05069,Low,Yes,OwnBrand,Hormonal,HORM2,PT,28975,PLANT_SPECIAL,High,EE30TAB,Units
BATCH00411,Low,No,OwnBrand,Hormonal,HORM2,PT,16325,PLANT_SPECIAL,Medium,EE30TAB,Units
BATCH05664,Medium,Yes,Contract,Hormonal,HORM1,ES,28479,PLANT_SPECIAL,Low,LEVOHORMIMPL,Units
BATCH03027,Low,No,OwnBrand,Capsule,CL1,IT,471323,PLANT_SOLIDS,Low,OMEP20CAP,TabletsCaps
BATCH07754,Medium,No,OwnBrand,Device,DEV1,DE,11890,PLANT_SPECIAL,Medium,INSUPEN,Units
BATCH05545,Medium,No,Contract,Hormonal,HORM2,ES,31991,PLANT_SPECIAL,Medium,LEVOHORMIMPL,Units
BATCH04918,High,No,Contract,Injectable,INJ1,UK,14525,PLANT_PARENTERAL,Low,CEF1GIV,Units
BATCH02997,Low,No,Contract,Device,DEV2,UK,22589,PLANT_SPECIAL,High,INHALER,Units
BATCH08984,High,Yes,Contract,Injectable,INJ1,UK,46472,PLANT_PARENTERAL,High,CEF1GIV,Units
BATCH03918,Low,No,Contract,Device,DEV1,UK,49183,PLANT_SPECIAL,Medium,INHALER,Units
BATCH03164,High,Yes,Contract,Capsule,CL2,DE,263326,PLANT_SOLIDS,High,AMOX500CAP,TabletsCaps
BATCH03020,Medium,No,OwnBrand,Device,DEV2,DE,6885,PLANT_SPECIAL,High,INSUPEN,Units
BATCH04671,Medium,Yes,OwnBrand,Injectable,INJ2,FR,43634,PLANT_PARENTERAL,Low,HEP5000SC,Units
BATCH00914,Low,No,OwnBrand,Capsule,CL1,IT,410455,PLANT_SOLIDS,Low,OMEP20CAP,TabletsCaps
BATCH05563,Medium,Yes,OwnBrand,Device,DEV2,DE,9198,PLANT_SPECIAL,Medium,INSUPEN,Units
BATCH05678,Medium,No,OwnBrand,Injectable,INJ2,FR,1642,PLANT_PARENTERAL,Medium,HEP5000SC,Units
BATCH02661,High,No,Contract,Capsule,CL1,DE,428780,PLANT_SOLIDS,Medium,AMOX500CAP,TabletsCaps
BATCH01205,Low,Yes,OwnBrand,Capsule,CL1,IT,277826,PLANT_SOLIDS,Medium,OMEP20CAP,TabletsCaps
BATCH01352,Low,No,OwnBrand,Tablet,TL2,ES,150582,PLANT_SOLIDS,Medium,PARA500TAB,TabletsCaps
BATCH01697,Low,No,OwnBrand,Hormonal,HORM2,PT,45933,PLANT_SPECIAL,Low,EE30TAB,Units
BATCH03251,Medium,No,OwnBrand,Injectable,INJ1,FR,42626,PLANT_PARENTERAL,Low,HEP5000SC,Units
BATCH05635,Medium,Yes,Contract,Hormonal,HORM1,ES,17150,PLANT_SPECIAL,Medium,LEVOHORMIMPL,Units
BATCH05978,High,Yes,Contract,Capsule,CL1,DE,125174,PLANT_SOLIDS,Medium,AMOX500CAP,TabletsCaps
BATCH05500,Low,No,OwnBrand,Hormonal,HORM1,PT,31631,PLANT_SPECIAL,High,EE30TAB,Units
BATCH08188,Low,No,OwnBrand,Tablet,TL3,ES,384494,PLANT_SOLIDS,Low,PARA500TAB,TabletsCaps
BATCH05017,Medium,No,OwnBrand,Tablet,TL2,FR,389748,PLANT_SOLIDS,High,IBUP400TAB,TabletsCaps
BATCH03704,Low,No,Contract,Device,DEV1,UK,9376,PLANT_SPECIAL,Low,INHALER,Units
BATCH03906,Medium,No,Contract,Hormonal,HORM1,ES,17046,PLANT_SPECIAL,Medium,LEVOHORMIMPL,Units
BATCH00192,Medium,Yes,OwnBrand,Tablet,TL3,FR,333517,PLANT_SOLIDS,Medium,IBUP400TAB,TabletsCaps
BATCH01858,Medium,No,OwnBrand,Injectable,INJ1,FR,23612,PLANT_PARENTERAL,Medium,HEP5000SC,Units
BATCH04213,Low,Yes,OwnBrand,Hormonal,HORM1,PT,14553,PLANT_SPECIAL,Medium,EE30TAB,Units
BATCH07232,Medium,Yes,OwnBrand,Tablet,TL1,FR,258050,PLANT_SOLIDS,Low,IBUP400TAB,TabletsCaps
BATCH00898,Low,No,OwnBrand,Capsule,CL1,IT,306003,PLANT_SOLIDS,Medium,OMEP20CAP,TabletsCaps
BATCH02250,Medium,Yes,OwnBrand,Injectable,INJ2,FR,11290,PLANT_PARENTERAL,Low,HEP5000SC,Units
BATCH07672,Low,Yes,OwnBrand,Tablet,TL2,ES,275870,PLANT_SOLIDS,Medium,PARA500TAB,TabletsCaps
BATCH02397,Low,No,OwnBrand,Tablet,TL2,ES,434794,PLANT_SOLIDS,Medium,PARA500TAB,TabletsCaps
BATCH08253,Low,No,OwnBrand,Capsule,CL1,IT,316845,PLANT_SOLIDS,Low,OMEP20CAP,TabletsCaps
BATCH03749,Medium,Yes,OwnBrand,Tablet,TL1,FR,260055,PLANT_SOLIDS,Low,IBUP400TAB,TabletsCaps
BATCH09973,High,No,Contract,Injectable,INJ1,UK,34687,PLANT_PARENTERAL,Medium,CEF1GIV,Units
BATCH09539,Medium,No,OwnBrand,Tablet,TL1,FR,333190,PLANT_SOLIDS,Medium,IBUP400TAB,TabletsCaps
BATCH03745,Low,No,OwnBrand,Capsule,CL2,IT,208788,PLANT_SOLIDS,High,OMEP20CAP,TabletsCaps
BATCH09981,Low,No,OwnBrand,Capsule,CL1,IT,350137,PLANT_SOLIDS,Low,OMEP20CAP,TabletsCaps
BATCH06098,Low,No,OwnBrand,Tablet,TL1,ES,374608,PLANT_SOLIDS,Medium,PARA500TAB,TabletsCaps
BATCH09399,Medium,No,OwnBrand,Tablet,TL3,FR,140806,PLANT_SOLIDS,Medium,IBUP400TAB,TabletsCaps
BATCH09251,High,No,Contract,Injectable,INJ2,UK,46459,PLANT_PARENTERAL,Medium,CEF1GIV,Units
BATCH09034,Medium,Yes,OwnBrand,Tablet,TL2,FR,157404,PLANT_SOLIDS,Medium,IBUP400TAB,TabletsCaps
BATCH07661,Medium,No,Contract,Hormonal,HORM2,ES,47249,PLANT_SPECIAL,High,LEVOHORMIMPL,Units
BATCH07718,Medium,Yes,OwnBrand,Tablet,TL2,FR,300629,PLANT_SOLIDS,Low,IBUP400TAB,TabletsCaps
BATCH08585,Low,No,OwnBrand,Capsule,CL1,IT,159557,PLANT_SOLIDS,Medium,OMEP20CAP,TabletsCaps
BATCH01691,Medium,No,Contract,Hormonal,HORM2,ES,9525,PLANT_SPECIAL,High,LEVOHORMIMPL,Units
BATCH08600,Medium,Yes,OwnBrand,Injectable,INJ2,FR,44069,PLANT_PARENTERAL,Medium,HEP5000SC,Units
BATCH09470,Medium,No,Contract,Hormonal,HORM2,ES,37774,PLANT_SPECIAL,Low,LEVOHORMIMPL,Units
BATCH05243,High,No,Contract,Capsule,CL2,DE,489198,PLANT_SOLIDS,Medium,AMOX500CAP,TabletsCaps
BATCH00813,Medium,No,OwnBrand,Device,DEV1,DE,10053,PLANT_SPECIAL,Medium,INSUPEN,Units
BATCH08039,Low,No,OwnBrand,Hormonal,HORM2,PT,11232,PLANT_SPECIAL,Medium,EE30TAB,Units
BATCH06021,Medium,No,OwnBrand,Tablet,TL1,FR,340513,PLANT_SOLIDS,High,IBUP400TAB,TabletsCaps
BATCH01831,High,Yes,Contract,Capsule,CL2,DE,469147,PLANT_SOLIDS,Low,AMOX500CAP,TabletsCaps
BATCH05575,Low,No,OwnBrand,Capsule,CL1,IT,120277,PLANT_SOLIDS,High,OMEP20CAP,TabletsCaps
BATCH06229,Low,No,Contract,Device,DEV1,UK,29791,PLANT_SPECIAL,Medium,INHALER,Units
BATCH04707,High,No,Contract,Injectable,INJ2,UK,29563,PLANT_PARENTERAL,Low,CEF1GIV,Units
BATCH05066,High,No,Contract,Injectable,INJ1,UK,38886,PLANT_PARENTERAL,Medium,CEF1GIV,Units
BATCH04642,Low,No,OwnBrand,Tablet,TL3,ES,161713,PLANT_SOLIDS,Low,PARA500TAB,TabletsCaps
BATCH02622,Low,No,OwnBrand,Hormonal,HORM2,PT,24554,PLANT_SPECIAL,Medium,EE30TAB,Units
BATCH07538,Medium,No,Contract,Hormonal,HORM1,ES,38913,PLANT_SPECIAL,Low,LEVOHORMIMPL,Units
BATCH07187,Medium,Yes,OwnBrand,Device,DEV1,DE,11347,PLANT_SPECIAL,Low,INSUPEN,Units
BATCH08066,Medium,Yes,OwnBrand,Injectable,INJ1,FR,33498,PLANT_PARENTERAL,Medium,HEP5000SC,Units
BATCH00785,Low,No,OwnBrand,Tablet,TL1,ES,244510,PLANT_SOLIDS,Medium,PARA500TAB,TabletsCaps
BATCH02634,Low,No,Contract,Device,DEV1,UK,30348,PLANT_SPECIAL,High,INHALER,Units
BATCH06963,Low,No,OwnBrand,Tablet,TL3,ES,461071,PLANT_SOLIDS,High,PARA500TAB,TabletsCaps
BATCH06782,Low,No,OwnBrand,Hormonal,HORM1,PT,24620,PLANT_SPECIAL,High,EE30TAB,Units
BATCH06776,Low,Yes,Contract,Device,DEV2,UK,38808,PLANT_SPECIAL,Low,INHALER,Units
BATCH00201,Medium,No,OwnBrand,Injectable,INJ1,FR,18066,PLANT_PARENTERAL,Medium,HEP5000SC,Units
BATCH09832,High,Yes,Contract,Capsule,CL2,DE,322350,PLANT_SOLIDS,Low,AMOX500CAP,TabletsCaps
BATCH03910,Low,No,OwnBrand,Tablet,TL1,ES,199061,PLANT_SOLIDS,Medium,PARA500TAB,TabletsCaps
BATCH09286,Low,Yes,OwnBrand,Hormonal,HORM1,PT,29077,PLANT_SPECIAL,Low,EE30TAB,Units
BATCH06859,Medium,No,OwnBrand,Tablet,TL3,FR,53918,PLANT_SOLIDS,Medium,IBUP400TAB,TabletsCaps
BATCH01359,Medium,No,OwnBrand,Tablet,TL3,FR,319122,PLANT_SOLIDS,Low,IBUP400TAB,TabletsCaps
BATCH01118,Medium,No,OwnBrand,Injectable,INJ2,FR,18965,PLANT_PARENTERAL,High,HEP5000SC,Units
BATCH06235,Medium,No,OwnBrand,Device,DEV2,DE,19999,PLANT_SPECIAL,Medium,INSUPEN,Units
BATCH04602,Medium,No,OwnBrand,Device,DEV2,DE,29736,PLANT_SPECIAL,Medium,INSUPEN,Units
BATCH09448,Low,No,OwnBrand,Hormonal,HORM1,PT,45104,PLANT_SPECIAL,Medium,EE30TAB,Units
BATCH00839,Medium,No,OwnBrand,Injectable,INJ1,FR,28943,PLANT_PARENTERAL,High,HEP5000SC,Units
BATCH01913,Medium,No,OwnBrand,Tablet,TL2,FR,418108,PLANT_SOLIDS,High,IBUP400TAB,TabletsCaps
BATCH09192,Medium,No,OwnBrand,Injectable,INJ2,FR,17225,PLANT_PARENTERAL,Medium,HEP5000SC,Units
BATCH06597,Medium,No,OwnBrand,Injectable,INJ1,FR,39525,PLANT_PARENTERAL,High,HEP5000SC,Units
BATCH09974,Medium,No,OwnBrand,Device,DEV1,DE,17109,PLANT_SPECIAL,High,INSUPEN,Units
BATCH08182,Medium,No,Contract,Hormonal,HORM2,ES,1376,PLANT_SPECIAL,Low,LEVOHORMIMPL,Units
BATCH04196,Low,No,OwnBrand,Capsule,CL2,IT,167290,PLANT_SOLIDS,High,OMEP20CAP,TabletsCaps
BATCH04886,Low,No,OwnBrand,Capsule,CL1,IT,394380,PLANT_SOLIDS,Medium,OMEP20CAP,TabletsCaps
BATCH01092,Low,No,Contract,Device,DEV1,UK,8727,PLANT_SPECIAL,High,INHALER,Units
BATCH00865,Medium,No,Contract,Hormonal,HORM2,ES,7715,PLANT_SPECIAL,High,LEVOHORMIMPL,Units
BATCH06029,Medium,No,OwnBrand,Injectable,INJ1,FR,35128,PLANT_PARENTERAL,High,HEP5000SC,Units
BATCH02205,Medium,No,OwnBrand,Device,DEV1,DE,48646,PLANT_SPECIAL,High,INSUPEN,Units
BATCH06241,High,No,Contract,Capsule,CL1,DE,456654,PLANT_SOLIDS,Low,AMOX500CAP,TabletsCaps
BATCH06689,Low,No,OwnBrand,Hormonal,HORM1,PT,28720,PLANT_SPECIAL,Medium,EE30TAB,Units
BATCH04042,Medium,No,OwnBrand,Injectable,INJ1,FR,4623,PLANT_PARENTERAL,Medium,HEP5000SC,Units
BATCH02086,Medium,Yes,OwnBrand,Injectable,INJ2,FR,32769,PLANT_PARENTERAL,Low,HEP5000SC,Units
BATCH04197,Medium,Yes,OwnBrand,Tablet,TL2,FR,163942,PLANT_SOLIDS,High,IBUP400TAB,TabletsCaps
BATCH01786,Medium,No,Contract,Hormonal,HORM2,ES,10300,PLANT_SPECIAL,Medium,LEVOHORMIMPL,Units
BATCH02757,Low,Yes,OwnBrand,Capsule,CL1,IT,296500,PLANT_SOLIDS,High,OMEP20CAP,TabletsCaps
BATCH01914,Low,No,OwnBrand,Hormonal,HORM2,PT,23107,PLANT_SPECIAL,Medium,EE30TAB,Units
BATCH02001,Medium,No,Contract,Hormonal,HORM2,ES,3687,PLANT_SPECIAL,Low,LEVOHORMIMPL,Units
BATCH06880,High,No,Contract,Injectable,INJ1,UK,18314,PLANT_PARENTERAL,High,CEF1GIV,Units
BATCH05640,High,Yes,Contract,Injectable,INJ1,UK,46100,PLANT_PARENTERAL,High,CEF1GIV,Units
BATCH09074,Low,No,OwnBrand,Capsule,CL1,IT,228394,PLANT_SOLIDS,Low,OMEP20CAP,TabletsCaps
BATCH00747,Low,No,OwnBrand,Capsule,CL1,IT,123337,PLANT_SOLIDS,Low,OMEP20CAP,TabletsCaps
BATCH08991,Medium,No,OwnBrand,Device,DEV1,DE,41035,PLANT_SPECIAL,Medium,INSUPEN,Units
BATCH07281,Low,No,Contract,Device,DEV1,UK,48833,PLANT_SPECIAL,High,INHALER,Units
BATCH06722,Low,No,OwnBrand,Capsule,CL2,IT,227958,PLANT_SOLIDS,Medium,OMEP20CAP,TabletsCaps
BATCH05547,Medium,No,OwnBrand,Device,DEV1,DE,29729,PLANT_SPECIAL,High,INSUPEN,Units
BATCH07640,High,No,Contract,Capsule,CL1,DE,393250,PLANT_SOLIDS,High,AMOX500CAP,TabletsCaps
BATCH08718,Medium,No,OwnBrand,Device,DEV1,DE,44848,PLANT_SPECIAL,Medium,INSUPEN,Units
BATCH04782,Medium,No,Contract,Hormonal,HORM2,ES,22698,PLANT_SPECIAL,Medium,LEVOHORMIMPL,Units
BATCH07896,Medium,No,Contract,Hormonal,HORM1,ES,23387,PLANT_SPECIAL,Medium,LEVOHORMIMPL,Units
BATCH06711,Low,No,OwnBrand,Capsule,CL2,IT,396066,PLANT_SOLIDS,Medium,OMEP20CAP,TabletsCaps
BATCH07365,High,No,Contract,Capsule,CL2,DE,207086,PLANT_SOLIDS,Medium,AMOX500CAP,TabletsCaps
BATCH05469,Low,Yes,Contract,Device,DEV2,UK,12295,PLANT_SPECIAL,High,INHALER,Units
BATCH09420,High,No,Contract,Injectable,INJ1,UK,35850,PLANT_PARENTERAL,Medium,CEF1GIV,Units
BATCH03955,Low,No,Contract,Device,DEV2,UK,23373,PLANT_SPECIAL,Medium,INHALER,Units
BATCH04350,High,No,Contract,Capsule,CL2,DE,494697,PLANT_SOLIDS,High,AMOX500CAP,TabletsCaps
BATCH02552,Low,Yes,OwnBrand,Tablet,TL3,ES,209348,PLANT_SOLIDS,Medium,PARA500TAB,TabletsCaps
BATCH05767,Medium,No,OwnBrand,Injectable,INJ1,FR,27981,PLANT_PARENTERAL,High,HEP5000SC,Units
BATCH08826,High,No,Contract,Injectable,INJ2,UK,36732,PLANT_PARENTERAL,High,CEF1GIV,Units
BATCH09853,Low,No,OwnBrand,Hormonal,HORM1,PT,36497,PLANT_SPECIAL,High,EE30TAB,Units
BATCH03951,High,No,Contract,Capsule,CL2,DE,221699,PLANT_SOLIDS,High,AMOX500CAP,TabletsCaps
BATCH03443,Medium,No,OwnBrand,Tablet,TL1,FR,104195,PLANT_SOLIDS,Medium,IBUP400TAB,TabletsCaps
BATCH05784,Low,No,OwnBrand,Capsule,CL2,IT,443485,PLANT_SOLIDS,Low,OMEP20CAP,TabletsCaps
BATCH04749,Low,Yes,OwnBrand,Tablet,TL2,ES,86644,PLANT_SOLIDS,Low,PARA500TAB,TabletsCaps
BATCH09932,Medium,Yes,Contract,Hormonal,HORM2,ES,29701,PLANT_SPECIAL,High,LEVOHORMIMPL,Units
BATCH07456,Medium,No,Contract,Hormonal,HORM2,ES,6320,PLANT_SPECIAL,Medium,LEVOHORMIMPL,Units
BATCH01588,Low,No,OwnBrand,Capsule,CL2,IT,470107,PLANT_SOLIDS,Medium,OMEP20CAP,TabletsCaps
BATCH06763,High,No,Contract,Capsule,CL2,DE,103422,PLANT_SOLIDS,Medium,AMOX500CAP,TabletsCaps
BATCH02745,Medium,No,OwnBrand,Tablet,TL2,FR,420866,PLANT_SOLIDS,Medium,IBUP400TAB,TabletsCaps
BATCH09162,Medium,Yes,OwnBrand,Device,DEV1,DE,19796,PLANT_SPECIAL,Medium,INSUPEN,Units
BATCH08177,Medium,No,OwnBrand,Device,DEV1,DE,6340,PLANT_SPECIAL,Medium,INSUPEN,Units
BATCH04919,High,No,Contract,Injectable,INJ1,UK,35608,PLANT_PARENTERAL,Medium,CEF1GIV,Units
BATCH02773,Low,No,Contract,Device,DEV1,UK,39948,PLANT_SPECIAL,Medium,INHALER,Units
BATCH06832,Medium,Yes,OwnBrand,Injectable,INJ1,FR,25819,PLANT_PARENTERAL,High,HEP5000SC,Units
BATCH02775,Medium,Yes,Contract,Hormonal,HORM1,ES,26978,PLANT_SPECIAL,High,LEVOHORMIMPL,Units
BATCH07937,Medium,No,OwnBrand,Injectable,INJ1,FR,35916,PLANT_PARENTERAL,Medium,HEP5000SC,Units
BATCH01314,High,No,Contract,Injectable,INJ2,UK,15234,PLANT_PARENTERAL,High,CEF1GIV,Units
BATCH07443,Low,No,OwnBrand,Hormonal,HORM2,PT,48360,PLANT_SPECIAL,Medium,EE30TAB,Units
BATCH06274,Low,No,OwnBrand,Tablet,TL3,ES,81286,PLANT_SOLIDS,Medium,PARA500TAB,TabletsCaps
BATCH08610,Low,No,OwnBrand,Capsule,CL1,IT,84738,PLANT_SOLIDS,High,OMEP20CAP,TabletsCaps
BATCH06355,Low,No,OwnBrand,Capsule,CL1,IT,206767,PLANT_SOLIDS,Low,OMEP20CAP,TabletsCaps
BATCH05306,Medium,No,OwnBrand,Injectable,INJ1,FR,21866,PLANT_PARENTERAL,Medium,HEP5000SC,Units
BATCH03834,Medium,No,OwnBrand,Injectable,INJ1,FR,4123,PLANT_PARENTERAL,Low,HEP5000SC,Units
BATCH06716,Low,Yes,OwnBrand,Tablet,TL1,ES,355640,PLANT_SOLIDS,Medium,PARA500TAB,TabletsCaps
BATCH04986,High,Yes,Contract,Injectable,INJ2,UK,41392,PLANT_PARENTERAL,Medium,CEF1GIV,Units
BATCH03940,Low,No,OwnBrand,Capsule,CL2,IT,272635,PLANT_SOLIDS,Low,OMEP20CAP,TabletsCaps
BATCH04529,Low,Yes,Contract,Device,DEV1,UK,21052,PLANT_SPECIAL,Medium,INHALER,Units
BATCH04768,High,No,Contract,Injectable,INJ2,UK,13029,PLANT_PARENTERAL,Medium,CEF1GIV,Units
BATCH07845,Low,Yes,OwnBrand,Hormonal,HORM2,PT,3562,PLANT_SPECIAL,Medium,EE30TAB,Units
BATCH00138,Low,No,OwnBrand,Hormonal,HORM2,PT,45403,PLANT_SPECIAL,High,EE30TAB,Units
BATCH09560,High,No,Contract,Injectable,INJ1,UK,39200,PLANT_PARENTERAL,Medium,CEF1GIV,Units
BATCH08675,Low,No,OwnBrand,Hormonal,HORM1,PT,39574,PLANT_SPECIAL,High,EE30TAB,Units
BATCH01622,Low,No,OwnBrand,Hormonal,HORM1,PT,28453,PLANT_SPECIAL,High,EE30TAB,Units
BATCH03732,Medium,Yes,OwnBrand,Tablet,TL3,FR,235630,PLANT_SOLIDS,Low,IBUP400TAB,TabletsCaps
BATCH09137,Medium,No,OwnBrand,Injectable,INJ1,FR,14488,PLANT_PARENTERAL,Medium,HEP5000SC,Units
BATCH05599,Low,No,OwnBrand,Hormonal,HORM1,PT,14078,PLANT_SPECIAL,Medium,EE30TAB,Units
BATCH06531,Medium,No,Contract,Hormonal,HORM2,ES,8508,PLANT_SPECIAL,Medium,LEVOHORMIMPL,Units
BATCH03825,High,Yes,Contract,Injectable,INJ2,UK,2092,PLANT_PARENTERAL,High,CEF1GIV,Units
BATCH02146,Medium,Yes,OwnBrand,Injectable,INJ2,FR,20705,PLANT_PARENTERAL,Low,HEP5000SC,Units
BATCH05593,Medium,No,OwnBrand,Device,DEV1,DE,37117,PLANT_SPECIAL,Medium,INSUPEN,Units
BATCH06269,Medium,No,Contract,Hormonal,HORM2,ES,49981,PLANT_SPECIAL,Low,LEVOHORMIMPL,Units
BATCH00482,Medium,No,OwnBrand,Device,DEV1,DE,26139,PLANT_SPECIAL,Low,INSUPEN,Units
BATCH01770,Medium,No,OwnBrand,Device,DEV2,DE,43155,PLANT_SPECIAL,Medium,INSUPEN,Units
BATCH08809,Medium,No,OwnBrand,Injectable,INJ2,FR,31552,PLANT_PARENTERAL,Low,HEP5000SC,Units
BATCH06196,Medium,Yes,OwnBrand,Device,DEV2,DE,4576,PLANT_SPECIAL,Medium,INSUPEN,Units
BATCH06753,Medium,No,OwnBrand,Device,DEV2,DE,38556,PLANT_SPECIAL,Medium,INSUPEN,Units
BATCH01961,Low,Yes,Contract,Device,DEV1,UK,10319,PLANT_SPECIAL,Low,INHALER,Units
BATCH09127,Low,No,OwnBrand,Tablet,TL2,ES,257853,PLANT_SOLIDS,High,PARA500TAB,TabletsCaps
BATCH07267,Low,No,OwnBrand,Capsule,CL2,IT,267095,PLANT_SOLIDS,High,OMEP20CAP,TabletsCaps
BATCH08586,High,No,Contract,Capsule,CL1,DE,420670,PLANT_SOLIDS,Low,AMOX500CAP,TabletsCaps
BATCH04998,High,No,Contract,Injectable,INJ2,UK,38892,PLANT_PARENTERAL,Medium,CEF1GIV,Units
BATCH02223,Medium,No,Contract,Hormonal,HORM2,ES,41241,PLANT_SPECIAL,Medium,LEVOHORMIMPL,Units
BATCH09277,Medium,No,Contract,Hormonal,HORM1,ES,35333,PLANT_SPECIAL,Medium,LEVOHORMIMPL,Units
BATCH00942,Low,Yes,OwnBrand,Hormonal,HORM1,PT,44967,PLANT_SPECIAL,Medium,EE30TAB,Units
BATCH06873,Medium,No,OwnBrand,Tablet,TL1,FR,140650,PLANT_SOLIDS,Medium,IBUP400TAB,TabletsCaps
BATCH03454,Medium,No,OwnBrand,Tablet,TL2,FR,489845,PLANT_SOLIDS,Low,IBUP400TAB,TabletsCaps
BATCH00328,Low,No,OwnBrand,Capsule,CL2,IT,94497,PLANT_SOLIDS,High,OMEP20CAP,TabletsCaps
BATCH05148,Low,Yes,OwnBrand,Capsule,CL2,IT,489619,PLANT_SOLIDS,Medium,OMEP20CAP,TabletsCaps
BATCH02631,Medium,No,OwnBrand,Injectable,INJ2,FR,41932,PLANT_PARENTERAL,High,HEP5000SC,Units
BATCH02776,Medium,No,OwnBrand,Tablet,TL2,FR,491306,PLANT_SOLIDS,Medium,IBUP400TAB,TabletsCaps
BATCH07673,Low,No,Contract,Device,DEV2,UK,44211,PLANT_SPECIAL,Medium,INHALER,Units
BATCH01624,Medium,No,OwnBrand,Tablet,TL2,FR,482185,PLANT_SOLIDS,Medium,IBUP400TAB,TabletsCaps
BATCH02793,High,Yes,Contract,Injectable,INJ2,UK,1483,PLANT_PARENTERAL,Low,CEF1GIV,Units
BATCH02475,Medium,No,OwnBrand,Tablet,TL3,FR,451835,PLANT_SOLIDS,Low,IBUP400TAB,TabletsCaps
BATCH03405,High,No,Contract,Injectable,INJ1,UK,13718,PLANT_PARENTERAL,High,CEF1GIV,Units
BATCH03017,Medium,No,OwnBrand,Device,DEV2,DE,9060,PLANT_SPECIAL,High,INSUPEN,Units
BATCH08754,Medium,No,OwnBrand,Device,DEV2,DE,28371,PLANT_SPECIAL,Medium,INSUPEN,Units
BATCH04374,Medium,Yes,OwnBrand,Injectable,INJ2,FR,38232,PLANT_PARENTERAL,Low,HEP5000SC,Units
BATCH00517,Low,No,OwnBrand,Capsule,CL1,IT,149331,PLANT_SOLIDS,Low,OMEP20CAP,TabletsCaps
BATCH06278,High,Yes,Contract,Injectable,INJ2,UK,34279,PLANT_PARENTERAL,Medium,CEF1GIV,Units
BATCH02182,Low,Yes,OwnBrand,Tablet,TL3,ES,234375,PLANT_SOLIDS,Low,PARA500TAB,TabletsCaps
BATCH06046,Medium,No,OwnBrand,Device,DEV1,DE,26216,PLANT_SPECIAL,Medium,INSUPEN,Units
BATCH02810,Low,No,Contract,Device,DEV2,UK,24844,PLANT_SPECIAL,High,INHALER,Units
BATCH09045,Low,No,OwnBrand,Hormonal,HORM2,PT,43168,PLANT_SPECIAL,Medium,EE30TAB,Units
BATCH03445,Low,No,OwnBrand,Hormonal,HORM2,PT,23068,PLANT_SPECIAL,High,EE30TAB,Units
BATCH03241,Medium,No,OwnBrand,Injectable,INJ2,FR,16760,PLANT_PARENTERAL,Low,HEP5000SC,Units
BATCH02987,Medium,No,OwnBrand,Injectable,INJ2,FR,19902,PLANT_PARENTERAL,Medium,HEP5000SC,Units
BATCH03089,Medium,No,OwnBrand,Device,DEV2,DE,9459,PLANT_SPECIAL,High,INSUPEN,Units
BATCH04951,Medium,No,OwnBrand,Tablet,TL3,FR,213886,PLANT_SOLIDS,Medium,IBUP400TAB,TabletsCaps
BATCH00232,Low,No,Contract,Device,DEV1,UK,49996,PLANT_SPECIAL,Medium,INHALER,Units
BATCH05421,Low,No,OwnBrand,Capsule,CL1,IT,435853,PLANT_SOLIDS,High,OMEP20CAP,TabletsCaps
BATCH08898,Medium,No,Contract,Hormonal,HORM1,ES,46982,PLANT_SPECIAL,Medium,LEVOHORMIMPL,Units
BATCH03364,Medium,No,OwnBrand,Tablet,TL2,FR,65117,PLANT_SOLIDS,High,IBUP400TAB,TabletsCaps
BATCH08867,Low,Yes,OwnBrand,Hormonal,HORM2,PT,45446,PLANT_SPECIAL,Low,EE30TAB,Units
BATCH05248,Medium,No,Contract,Hormonal,HORM1,ES,13239,PLANT_SPECIAL,High,LEVOHORMIMPL,Units
BATCH05463,Medium,No,OwnBrand,Injectable,INJ2,FR,27922,PLANT_PARENTERAL,Medium,HEP5000SC,Units
BATCH02166,High,No,Contract,Capsule,CL1,DE,389412,PLANT_SOLIDS,High,AMOX500CAP,TabletsCaps
BATCH08479,High,Yes,Contract,Capsule,CL2,DE,218336,PLANT_SOLIDS,High,AMOX500CAP,TabletsCaps
BATCH05946,Medium,No,OwnBrand,Injectable,INJ2,FR,21793,PLANT_PARENTERAL,Low,HEP5000SC,Units
BATCH03374,Medium,No,OwnBrand,Device,DEV1,DE,44414,PLANT_SPECIAL,High,INSUPEN,Units
BATCH06399,High,Yes,Contract,Injectable,INJ2,UK,43588,PLANT_PARENTERAL,Medium,CEF1GIV,Units
BATCH00185,High,Yes,Contract,Capsule,CL1,DE,364812,PLANT_SOLIDS,Medium,AMOX500CAP,TabletsCaps
BATCH09930,Low,Yes,OwnBrand,Capsule,CL2,IT,119053,PLANT_SOLIDS,High,OMEP20CAP,TabletsCaps
BATCH00408,Low,No,OwnBrand,Capsule,CL2,IT,370579,PLANT_SOLIDS,Low,OMEP20CAP,TabletsCaps
BATCH05519,Low,No,OwnBrand,Hormonal,HORM1,PT,38906,PLANT_SPECIAL,Low,EE30TAB,Units
BATCH08026,High,Yes,Contract,Capsule,CL1,DE,472255,PLANT_SOLIDS,Low,AMOX500CAP,TabletsCaps
BATCH00835,Medium,No,Contract,Hormonal,HORM2,ES,2228,PLANT_SPECIAL,Medium,LEVOHORMIMPL,Units
BATCH01670,Low,No,OwnBrand,Capsule,CL1,IT,64909,PLANT_SOLIDS,Low,OMEP20CAP,TabletsCaps
BATCH01740,Low,No,OwnBrand,Tablet,TL2,ES,424033,PLANT_SOLIDS,High,PARA500TAB,TabletsCaps
BATCH09176,Medium,No,OwnBrand,Tablet,TL1,FR,291520,PLANT_SOLIDS,Medium,IBUP400TAB,TabletsCaps
BATCH04833,Low,No,OwnBrand,Tablet,TL3,ES,97110,PLANT_SOLIDS,Low,PARA500TAB,TabletsCaps
BATCH01890,High,Yes,Contract,Capsule,CL2,DE,273510,PLANT_SOLIDS,High,AMOX500CAP,TabletsCaps
BATCH01958,High,No,Contract,Injectable,INJ2,UK,13383,PLANT_PARENTERAL,Medium,CEF1GIV,Units
BATCH08804,Medium,No,Contract,Hormonal,HORM1,ES,3488,PLANT_SPECIAL,High,LEVOHORMIMPL,Units
BATCH02565,Low,Yes,OwnBrand,Hormonal,HORM1,PT,2267,PLANT_SPECIAL,High,EE30TAB,Units
BATCH01723,Medium,Yes,OwnBrand,Device,DEV1,DE,15031,PLANT_SPECIAL,Medium,INSUPEN,Units
BATCH00716,Medium,No,OwnBrand,Tablet,TL3,FR,92806,PLANT_SOLIDS,Low,IBUP400TAB,TabletsCaps
BATCH01856,Medium,Yes,Contract,Hormonal,HORM1,ES,7419,PLANT_SPECIAL,High,LEVOHORMIMPL,Units
BATCH07398,High,No,Contract,Capsule,CL2,DE,232837,PLANT_SOLIDS,Medium,AMOX500CAP,TabletsCaps
BATCH07656,Medium,No,Contract,Hormonal,HORM2,ES,39133,PLANT_SPECIAL,High,LEVOHORMIMPL,Units
BATCH09339,Medium,No,OwnBrand,Injectable,INJ2,FR,20616,PLANT_PARENTERAL,High,HEP5000SC,Units
BATCH08015,Low,No,OwnBrand,Tablet,TL3,ES,450188,PLANT_SOLIDS,High,PARA500TAB,TabletsCaps
BATCH03496,Medium,No,OwnBrand,Injectable,INJ2,FR,20541,PLANT_PARENTERAL,High,HEP5000SC,Units
BATCH01662,Medium,No,OwnBrand,Injectable,INJ1,FR,43504,PLANT_PARENTERAL,High,HEP5000SC,Units
BATCH04378,Low,Yes,OwnBrand,Hormonal,HORM1,PT,1545,PLANT_SPECIAL,Medium,EE30TAB,Units
BATCH07144,Medium,No,OwnBrand,Tablet,TL2,FR,249226,PLANT_SOLIDS,Low,IBUP400TAB,TabletsCaps
BATCH00380,Low,No,OwnBrand,Tablet,TL2,ES,297105,PLANT_SOLIDS,Medium,PARA500TAB,TabletsCaps
BATCH08344,Medium,No,OwnBrand,Device,DEV2,DE,27148,PLANT_SPECIAL,High,INSUPEN,Units
BATCH06136,Medium,No,OwnBrand,Device,DEV1,DE,18087,PLANT_SPECIAL,Medium,INSUPEN,Units
BATCH04994,Low,No,OwnBrand,Tablet,TL1,ES,477855,PLANT_SOLIDS,Medium,PARA500TAB,TabletsCaps
BATCH04954,Low,No,OwnBrand,Hormonal,HORM2,PT,25579,PLANT_SPECIAL,Medium,EE30TAB,Units
BATCH00363,Low,No,Contract,Device,DEV1,UK,39879,PLANT_SPECIAL,Medium,INHALER,Units
BATCH09837,Low,Yes,Contract,Device,DEV2,UK,23889,PLANT_SPECIAL,High,INHALER,Units
BATCH03146,High,No,Contract,Capsule,CL2,DE,108027,PLANT_SOLIDS,Low,AMOX500CAP,TabletsCaps
BATCH04435,High,No,Contract,Capsule,CL2,DE,267948,PLANT_SOLIDS,Low,AMOX500CAP,TabletsCaps
BATCH05698,Medium,No,OwnBrand,Injectable,INJ2,FR,19640,PLANT_PARENTERAL,Low,HEP5000SC,Units
BATCH08436,Medium,Yes,OwnBrand,Injectable,INJ2,FR,8061,PLANT_PARENTERAL,Medium,HEP5000SC,Units
BATCH03252,High,No,Contract,Capsule,CL1,DE,376936,PLANT_SOLIDS,Medium,AMOX500CAP,TabletsCaps
BATCH04034,Medium,No,OwnBrand,Device,DEV1,DE,15098,PLANT_SPECIAL,Medium,INSUPEN,Units
BATCH06270,Medium,Yes,Contract,Hormonal,HORM2,ES,13306,PLANT_SPECIAL,Low,LEVOHORMIMPL,Units
BATCH03520,Medium,Yes,OwnBrand,Device,DEV1,DE,41621,PLANT_SPECIAL,Medium,INSUPEN,Units
BATCH04530,Low,No,OwnBrand,Capsule,CL2,IT,439377,PLANT_SOLIDS,Low,OMEP20CAP,TabletsCaps
BATCH01264,Low,No,Contract,Device,DEV1,UK,47624,PLANT_SPECIAL,Medium,INHALER,Units
BATCH02144,Medium,No,OwnBrand,Injectable,INJ2,FR,8849,PLANT_PARENTERAL,Low,HEP5000SC,Units
BATCH04859,Medium,No,OwnBrand,Tablet,TL3,FR,405414,PLANT_SOLIDS,Medium,IBUP400TAB,TabletsCaps
BATCH08123,Low,No,OwnBrand,Capsule,CL1,IT,316310,PLANT_SOLIDS,High,OMEP20CAP,TabletsCaps
BATCH02546,High,No,Contract,Capsule,CL2,DE,328137,PLANT_SOLIDS,Medium,AMOX500CAP,TabletsCaps
BATCH06317,Medium,No,OwnBrand,Injectable,INJ2,FR,16376,PLANT_PARENTERAL,Medium,HEP5000SC,Units
BATCH00965,Low,No,OwnBrand,Tablet,TL1,ES,480216,PLANT_SOLIDS,High,PARA500TAB,TabletsCaps
BATCH05044,Medium,No,OwnBrand,Tablet,TL2,FR,85478,PLANT_SOLIDS,High,IBUP400TAB,TabletsCaps
BATCH03261,Medium,Yes,OwnBrand,Tablet,TL3,FR,204035,PLANT_SOLIDS,Medium,IBUP400TAB,TabletsCaps
BATCH08378,Medium,No,OwnBrand,Device,DEV2,DE,21870,PLANT_SPECIAL,Medium,INSUPEN,Units
BATCH01409,Medium,No,OwnBrand,Injectable,INJ1,FR,49762,PLANT_PARENTERAL,Medium,HEP5000SC,Units
BATCH02120,Low,No,OwnBrand,Tablet,TL2,ES,309103,PLANT_SOLIDS,Medium,PARA500TAB,TabletsCaps
BATCH05448,High,No,Contract,Injectable,INJ2,UK,37080,PLANT_PARENTERAL,Medium,CEF1GIV,Units
BATCH07771,Medium,No,Contract,Hormonal,HORM2,ES,37618,PLANT_SPECIAL,Medium,LEVOHORMIMPL,Units
BATCH06054,Low,Yes,OwnBrand,Capsule,CL1,IT,379287,PLANT_SOLIDS,High,OMEP20CAP,TabletsCaps
BATCH06787,Medium,No,Contract,Hormonal,HORM2,ES,35846,PLANT_SPECIAL,Low,LEVOHORMIMPL,Units
BATCH04005,Low,No,OwnBrand,Capsule,CL2,IT,297000,PLANT_SOLIDS,Low,OMEP20CAP,TabletsCaps
BATCH09069,High,No,Contract,Injectable,INJ1,UK,38398,PLANT_PARENTERAL,Medium,CEF1GIV,Units
BATCH04843,Low,No,OwnBrand,Hormonal,HORM1,PT,36487,PLANT_SPECIAL,Low,EE30TAB,Units
BATCH08621,Medium,No,OwnBrand,Injectable,INJ2,FR,20386,PLANT_PARENTERAL,Medium,HEP5000SC,Units
BATCH05451,Low,No,OwnBrand,Capsule,CL2,IT,268295,PLANT_SOLIDS,High,OMEP20CAP,TabletsCaps
BATCH05591,High,No,Contract,Injectable,INJ1,UK,42792,PLANT_PARENTERAL,Medium,CEF1GIV,Units
BATCH01115,Medium,No,Contract,Hormonal,HORM2,ES,30674,PLANT_SPECIAL,High,LEVOHORMIMPL,Units
BATCH06485,Low,Yes,OwnBrand,Capsule,CL1,IT,52239,PLANT_SOLIDS,High,OMEP20CAP,TabletsCaps
BATCH09545,Medium,Yes,OwnBrand,Injectable,INJ2,FR,46790,PLANT_PARENTERAL,High,HEP5000SC,Units
BATCH02174,Low,No,OwnBrand,Tablet,TL3,ES,264379,PLANT_SOLIDS,Medium,PARA500TAB,TabletsCaps
BATCH01505,Low,Yes,OwnBrand,Capsule,CL2,IT,432468,PLANT_SOLIDS,Medium,OMEP20CAP,TabletsCaps
BATCH05598,Low,No,OwnBrand,Hormonal,HORM2,PT,26936,PLANT_SPECIAL,High,EE30TAB,Units
BATCH05015,Medium,No,OwnBrand,Injectable,INJ1,FR,24882,PLANT_PARENTERAL,Medium,HEP5000SC,Units
BATCH04775,High,Yes,Contract,Injectable,INJ2,UK,48729,PLANT_PARENTERAL,Medium,CEF1GIV,Units
BATCH04826,Medium,No,Contract,Hormonal,HORM1,ES,33067,PLANT_SPECIAL,Medium,LEVOHORMIMPL,Units
BATCH06745,Low,No,OwnBrand,Capsule,CL1,IT,333420,PLANT_SOLIDS,Medium,OMEP20CAP,TabletsCaps
BATCH02318,High,No,Contract,Capsule,CL2,DE,164848,PLANT_SOLIDS,High,AMOX500CAP,TabletsCaps
BATCH06070,Low,No,OwnBrand,Hormonal,HORM1,PT,1946,PLANT_SPECIAL,Medium,EE30TAB,Units
BATCH05072,Medium,No,OwnBrand,Tablet,TL3,FR,245946,PLANT_SOLIDS,Low,IBUP400TAB,TabletsCaps
BATCH09906,Medium,Yes,OwnBrand,Injectable,INJ2,FR,7358,PLANT_PARENTERAL,Low,HEP5000SC,Units
BATCH08987,Medium,Yes,Contract,Hormonal,HORM2,ES,9523,PLANT_SPECIAL,Medium,LEVOHORMIMPL,Units
BATCH01150,Low,No,Contract,Device,DEV1,UK,29083,PLANT_SPECIAL,High,INHALER,Units
BATCH05326,Low,Yes,OwnBrand,Capsule,CL2,IT,429156,PLANT_SOLIDS,Medium,OMEP20CAP,TabletsCaps
BATCH09194,Medium,Yes,OwnBrand,Injectable,INJ2,FR,17723,PLANT_PARENTERAL,Medium,HEP5000SC,Units
BATCH02790,Low,Yes,OwnBrand,Hormonal,HORM1,PT,3689,PLANT_SPECIAL,High,EE30TAB,Units
BATCH04010,High,No,Contract,Injectable,INJ2,UK,17008,PLANT_PARENTERAL,Medium,CEF1GIV,Units
BATCH03433,Low,No,OwnBrand,Hormonal,HORM2,PT,34038,PLANT_SPECIAL,Medium,EE30TAB,Units
BATCH02147,High,No,Contract,Capsule,CL1,DE,235205,PLANT_SOLIDS,Medium,AMOX500CAP,TabletsCaps
BATCH09081,Low,No,Contract,Device,DEV1,UK,5901,PLANT_SPECIAL,Medium,INHALER,Units
BATCH01437,Low,Yes,OwnBrand,Tablet,TL1,ES,319029,PLANT_SOLIDS,Medium,PARA500TAB,TabletsCaps
BATCH00892,Medium,No,OwnBrand,Tablet,TL1,FR,385152,PLANT_SOLIDS,Low,IBUP400TAB,TabletsCaps
BATCH02122,High,No,Contract,Injectable,INJ1,UK,25046,PLANT_PARENTERAL,High,CEF1GIV,Units
BATCH03538,Medium,No,OwnBrand,Injectable,INJ2,FR,10142,PLANT_PARENTERAL,High,HEP5000SC,Units
BATCH09893,Low,No,Contract,Device,DEV1,UK,3288,PLANT_SPECIAL,High,INHALER,Units
BATCH06512,High,No,Contract,Capsule,CL2,DE,388931,PLANT_SOLIDS,Medium,AMOX500CAP,TabletsCaps
BATCH00679,Medium,Yes,OwnBrand,Tablet,TL2,FR,291784,PLANT_SOLIDS,Medium,IBUP400TAB,TabletsCaps
BATCH05495,Medium,Yes,OwnBrand,Injectable,INJ2,FR,22771,PLANT_PARENTERAL,High,HEP5000SC,Units
BATCH01980,Medium,Yes,OwnBrand,Injectable,INJ2,FR,42391,PLANT_PARENTERAL,Medium,HEP5000SC,Units
BATCH08198,High,No,Contract,Injectable,INJ2,UK,47615,PLANT_PARENTERAL,Medium,CEF1GIV,Units
BATCH06315,Low,Yes,OwnBrand,Tablet,TL1,ES,451305,PLANT_SOLIDS,High,PARA500TAB,TabletsCaps
BATCH07231,Medium,Yes,Contract,Hormonal,HORM1,ES,42847,PLANT_SPECIAL,High,LEVOHORMIMPL,Units
BATCH07808,Low,No,OwnBrand,Tablet,TL2,ES,332468,PLANT_SOLIDS,Medium,PARA500TAB,TabletsCaps
BATCH05397,Low,No,OwnBrand,Capsule,CL1,IT,153608,PLANT_SOLIDS,Medium,OMEP20CAP,TabletsCaps
BATCH05095,High,Yes,Contract,Capsule,CL2,DE,145874,PLANT_SOLIDS,Low,AMOX500CAP,TabletsCaps
BATCH00691,Low,No,OwnBrand,Hormonal,HORM2,PT,7433,PLANT_SPECIAL,Medium,EE30TAB,Units
BATCH05216,Medium,No,Contract,Hormonal,HORM2,ES,11789,PLANT_SPECIAL,Medium,LEVOHORMIMPL,Units
BATCH01478,High,No,Contract,Injectable,INJ2,UK,24155,PLANT_PARENTERAL,Medium,CEF1GIV,Units
BATCH04902,Medium,Yes,OwnBrand,Device,DEV2,DE,15968,PLANT_SPECIAL,Medium,INSUPEN,Units
BATCH00126,Low,No,OwnBrand,Tablet,TL3,ES,271064,PLANT_SOLIDS,High,PARA500TAB,TabletsCaps
BATCH02211,High,Yes,Contract,Capsule,CL1,DE,207003,PLANT_SOLIDS,Low,AMOX500CAP,TabletsCaps
BATCH08298,Medium,Yes,OwnBrand,Injectable,INJ2,FR,42733,PLANT_PARENTERAL,Medium,HEP5000SC,Units
BATCH06409,Medium,No,Contract,Hormonal,HORM2,ES,48030,PLANT_SPECIAL,High,LEVOHORMIMPL,Units
BATCH01334,Medium,No,OwnBrand,Device,DEV1,DE,4914,PLANT_SPECIAL,Low,INSUPEN,Units
BATCH03003,Medium,No,OwnBrand,Device,DEV2,DE,39538,PLANT_SPECIAL,Medium,INSUPEN,Units
BATCH08807,Medium,No,OwnBrand,Device,DEV2,DE,26295,PLANT_SPECIAL,Medium,INSUPEN,Units
BATCH04576,Medium,No,OwnBrand,Injectable,INJ1,FR,24529,PLANT_PARENTERAL,High,HEP5000SC,Units
BATCH06433,High,No,Contract,Injectable,INJ1,UK,32532,PLANT_PARENTERAL,Medium,CEF1GIV,Units
BATCH04349,Low,No,OwnBrand,Tablet,TL1,ES,295258,PLANT_SOLIDS,High,PARA500TAB,TabletsCaps
BATCH09366,High,Yes,Contract,Injectable,INJ1,UK,29469,PLANT_PARENTERAL,Low,CEF1GIV,Units
BATCH05344,Medium,No,OwnBrand,Injectable,INJ1,FR,1850,PLANT_PARENTERAL,Medium,HEP5000SC,Units
BATCH01698,High,No,Contract,Injectable,INJ1,UK,6561,PLANT_PARENTERAL,High,CEF1GIV,Units
BATCH09869,High,No,Contract,Capsule,CL1,DE,197214,PLANT_SOLIDS,High,AMOX500CAP,TabletsCaps
BATCH01242,Low,Yes,OwnBrand,Tablet,TL3,ES,275245,PLANT_SOLIDS,Medium,PARA500TAB,TabletsCaps
BATCH05674,Low,No,OwnBrand,Tablet,TL1,ES,266114,PLANT_SOLIDS,Medium,PARA500TAB,TabletsCaps
BATCH04624,Medium,No,OwnBrand,Injectable,INJ1,FR,32987,PLANT_PARENTERAL,High,HEP5000SC,Units
BATCH02251,Medium,No,OwnBrand,Device,DEV2,DE,35685,PLANT_SPECIAL,Low,INSUPEN,Units
BATCH08004,Medium,Yes,OwnBrand,Tablet,TL2,FR,170991,PLANT_SOLIDS,High,IBUP400TAB,TabletsCaps
BATCH09613,High,No,Contract,Injectable,INJ1,UK,26558,PLANT_PARENTERAL,Medium,CEF1GIV,Units
BATCH09711,Medium,Yes,OwnBrand,Tablet,TL1,FR,294273,PLANT_SOLIDS,High,IBUP400TAB,TabletsCaps
BATCH04995,Low,No,OwnBrand,Capsule,CL2,IT,242009,PLANT_SOLIDS,Low,OMEP20CAP,TabletsCaps
BATCH04776,Low,No,OwnBrand,Hormonal,HORM1,PT,19950,PLANT_SPECIAL,High,EE30TAB,Units
BATCH04509,High,No,Contract,Capsule,CL1,DE,101708,PLANT_SOLIDS,Medium,AMOX500CAP,TabletsCaps
BATCH04931,Medium,No,OwnBrand,Injectable,INJ2,FR,40613,PLANT_PARENTERAL,Medium,HEP5000SC,Units
BATCH03131,Low,Yes,OwnBrand,Hormonal,HORM1,PT,12394,PLANT_SPECIAL,High,EE30TAB,Units
BATCH08830,Medium,No,OwnBrand,Tablet,TL1,FR,266946,PLANT_SOLIDS,High,IBUP400TAB,TabletsCaps
BATCH03692,Medium,No,Contract,Hormonal,HORM1,ES,29209,PLANT_SPECIAL,Medium,LEVOHORMIMPL,Units
BATCH00263,Low,No,OwnBrand,Tablet,TL2,ES,480527,PLANT_SOLIDS,Medium,PARA500TAB,TabletsCaps
BATCH07874,Medium,No,OwnBrand,Injectable,INJ2,FR,9285,PLANT_PARENTERAL,Medium,HEP5000SC,Units
BATCH08393,High,No,Contract,Capsule,CL2,DE,247738,PLANT_SOLIDS,High,AMOX500CAP,TabletsCaps
BATCH07778,Medium,No,OwnBrand,Tablet,TL3,FR,443352,PLANT_SOLIDS,Medium,IBUP400TAB,TabletsCaps
BATCH02169,High,No,Contract,Injectable,INJ2,UK,15569,PLANT_PARENTERAL,Medium,CEF1GIV,Units
BATCH06967,Low,Yes,OwnBrand,Tablet,TL1,ES,327999,PLANT_SOLIDS,Medium,PARA500TAB,TabletsCaps
BATCH02096,Low,No,OwnBrand,Hormonal,HORM1,PT,6679,PLANT_SPECIAL,Medium,EE30TAB,Units
BATCH07770,Low,Yes,OwnBrand,Capsule,CL2,IT,124135,PLANT_SOLIDS,Medium,OMEP20CAP,TabletsCaps
BATCH01625,Low,No,OwnBrand,Hormonal,HORM1,PT,48965,PLANT_SPECIAL,Low,EE30TAB,Units
BATCH01418,High,No,Contract,Capsule,CL2,DE,217831,PLANT_SOLIDS,Low,AMOX500CAP,TabletsCaps
BATCH00960,High,No,Contract,Injectable,INJ2,UK,43910,PLANT_PARENTERAL,High,CEF1GIV,Units
BATCH05410,High,No,Contract,Capsule,CL1,DE,448297,PLANT_SOLIDS,Medium,AMOX500CAP,TabletsCaps
BATCH01627,Low,No,Contract,Device,DEV2,UK,38209,PLANT_SPECIAL,Medium,INHALER,Units
BATCH04430,Low,No,OwnBrand,Hormonal,HORM2,PT,13514,PLANT_SPECIAL,High,EE30TAB,Units
BATCH04462,Low,No,OwnBrand,Capsule,CL1,IT,371448,PLANT_SOLIDS,Medium,OMEP20CAP,TabletsCaps
BATCH05305,Low,No,OwnBrand,Hormonal,HORM1,PT,46054,PLANT_SPECIAL,Low,EE30TAB,Units
BATCH05154,High,No,Contract,Capsule,CL2,DE,187195,PLANT_SOLIDS,Low,AMOX500CAP,TabletsCaps
BATCH01735,High,No,Contract,Injectable,INJ1,UK,32008,PLANT_PARENTERAL,Medium,CEF1GIV,Units
BATCH02077,Low,No,OwnBrand,Tablet,TL2,ES,99623,PLANT_SOLIDS,Medium,PARA500TAB,TabletsCaps
BATCH05304,Medium,No,OwnBrand,Device,DEV2,DE,38474,PLANT_SPECIAL,Low,INSUPEN,Units
BATCH01367,Low,No,OwnBrand,Hormonal,HORM1,PT,7788,PLANT_SPECIAL,Medium,EE30TAB,Units
BATCH01343,Medium,No,OwnBrand,Device,DEV1,DE,36630,PLANT_SPECIAL,Low,INSUPEN,Units
BATCH07153,Low,No,OwnBrand,Hormonal,HORM1,PT,26625,PLANT_SPECIAL,High,EE30TAB,Units
BATCH06189,Low,No,OwnBrand,Hormonal,HORM2,PT,9142,PLANT_SPECIAL,Medium,EE30TAB,Units
BATCH01214,Low,No,OwnBrand,Tablet,TL3,ES,255440,PLANT_SOLIDS,High,PARA500TAB,TabletsCaps
BATCH03773,High,No,Contract,Capsule,CL2,DE,341776,PLANT_SOLIDS,Low,AMOX500CAP,TabletsCaps
BATCH01986,Medium,Yes,OwnBrand,Device,DEV2,DE,28384,PLANT_SPECIAL,High,INSUPEN,Units
BATCH01169,Medium,No,Contract,Hormonal,HORM2,ES,10363,PLANT_SPECIAL,Medium,LEVOHORMIMPL,Units
BATCH03887,Low,No,OwnBrand,Tablet,TL3,ES,397872,PLANT_SOLIDS,Medium,PARA500TAB,TabletsCaps
BATCH03782,Low,No,OwnBrand,Capsule,CL1,IT,98435,PLANT_SOLIDS,Medium,OMEP20CAP,TabletsCaps
BATCH09028,Low,Yes,Contract,Device,DEV1,UK,37212,PLANT_SPECIAL,Medium,INHALER,Units
BATCH06031,Low,No,OwnBrand,Tablet,TL3,ES,249316,PLANT_SOLIDS,Medium,PARA500TAB,TabletsCaps
BATCH03470,Low,No,OwnBrand,Tablet,TL2,ES,153360,PLANT_SOLIDS,Low,PARA500TAB,TabletsCaps
BATCH08104,Low,No,OwnBrand,Capsule,CL2,IT,288094,PLANT_SOLIDS,Medium,OMEP20CAP,TabletsCaps
BATCH09064,Low,No,OwnBrand,Capsule,CL1,IT,275345,PLANT_SOLIDS,Low,OMEP20CAP,TabletsCaps
BATCH09141,Medium,No,OwnBrand,Injectable,INJ2,FR,34290,PLANT_PARENTERAL,Low,HEP5000SC,Units
BATCH08159,Low,No,OwnBrand,Hormonal,HORM2,PT,17585,PLANT_SPECIAL,High,EE30TAB,Units
BATCH02756,Low,Yes,OwnBrand,Capsule,CL1,IT,295118,PLANT_SOLIDS,Low,OMEP20CAP,TabletsCaps
BATCH02437,Medium,Yes,OwnBrand,Device,DEV1,DE,35254,PLANT_SPECIAL,Low,INSUPEN,Units
BATCH02408,Low,No,Contract,Device,DEV1,UK,15366,PLANT_SPECIAL,Medium,INHALER,Units
BATCH03576,Medium,No,Contract,Hormonal,HORM1,ES,2922,PLANT_SPECIAL,Medium,LEVOHORMIMPL,Units
BATCH07986,Low,No,Contract,Device,DEV1,UK,34381,PLANT_SPECIAL,Medium,INHALER,Units
BATCH00239,Low,No,OwnBrand,Hormonal,HORM2,PT,7997,PLANT_SPECIAL,Low,EE30TAB,Units
BATCH00443,Low,No,Contract,Device,DEV2,UK,3199,PLANT_SPECIAL,High,INHALER,Units
BATCH02937,Medium,No,Contract,Hormonal,HORM2,ES,32854,PLANT_SPECIAL,Medium,LEVOHORMIMPL,Units
BATCH01664,High,No,Contract,Injectable,INJ2,UK,46727,PLANT_PARENTERAL,Low,CEF1GIV,Units
BATCH05051,Medium,No,OwnBrand,Tablet,TL3,FR,416245,PLANT_SOLIDS,Low,IBUP400TAB,TabletsCaps
BATCH00343,High,Yes,Contract,Capsule,CL2,DE,234498,PLANT_SOLIDS,Low,AMOX500CAP,TabletsCaps
BATCH08250,High,No,Contract,Capsule,CL1,DE,216036,PLANT_SOLIDS,Low,AMOX500CAP,TabletsCaps
BATCH06250,High,No,Contract,Injectable,INJ1,UK,4562,PLANT_PARENTERAL,Medium,CEF1GIV,Units
BATCH09087,Low,Yes,OwnBrand,Tablet,TL3,ES,372009,PLANT_SOLIDS,High,PARA500TAB,TabletsCaps
BATCH03451,Medium,No,OwnBrand,Tablet,TL1,FR,151601,PLANT_SOLIDS,Medium,IBUP400TAB,TabletsCaps
BATCH09795,High,No,Contract,Injectable,INJ2,UK,33089,PLANT_PARENTERAL,Medium,CEF1GIV,Units
BATCH07591,Medium,No,Contract,Hormonal,HORM2,ES,4658,PLANT_SPECIAL,Low,LEVOHORMIMPL,Units
BATCH08790,Medium,No,OwnBrand,Device,DEV1,DE,5640,PLANT_SPECIAL,Medium,INSUPEN,Units
BATCH07898,High,Yes,Contract,Capsule,CL2,DE,229224,PLANT_SOLIDS,Low,AMOX500CAP,TabletsCaps
BATCH06040,Medium,No,OwnBrand,Tablet,TL3,FR,234860,PLANT_SOLIDS,Medium,IBUP400TAB,TabletsCaps
BATCH01286,Medium,Yes,Contract,Hormonal,HORM1,ES,1349,PLANT_SPECIAL,Medium,LEVOHORMIMPL,Units
BATCH03824,Low,No,OwnBrand,Hormonal,HORM1,PT,17565,PLANT_SPECIAL,Medium,EE30TAB,Units
BATCH04879,High,Yes,Contract,Capsule,CL1,DE,256021,PLANT_SOLIDS,Low,AMOX500CAP,TabletsCaps
BATCH01089,Low,No,Contract,Device,DEV1,UK,33020,PLANT_SPECIAL,Low,INHALER,Units
BATCH09050,Low,No,OwnBrand,Capsule,CL2,IT,396256,PLANT_SOLIDS,High,OMEP20CAP,TabletsCaps
BATCH04621,Low,Yes,OwnBrand,Hormonal,HORM2,PT,34818,PLANT_SPECIAL,Medium,EE30TAB,Units
BATCH08696,Low,Yes,OwnBrand,Capsule,CL2,IT,334425,PLANT_SOLIDS,Low,OMEP20CAP,TabletsCaps
BATCH00452,Low,Yes,OwnBrand,Hormonal,HORM2,PT,40461,PLANT_SPECIAL,High,EE30TAB,Units
BATCH00225,Low,No,OwnBrand,Hormonal,HORM1,PT,2773,PLANT_SPECIAL,Medium,EE30TAB,Units
BATCH05933,Low,No,OwnBrand,Capsule,CL2,IT,437156,PLANT_SOLIDS,Low,OMEP20CAP,TabletsCaps
BATCH05043,Low,No,Contract,Device,DEV1,UK,11590,PLANT_SPECIAL,High,INHALER,Units
BATCH02644,Low,No,OwnBrand,Capsule,CL2,IT,261884,PLANT_SOLIDS,Medium,OMEP20CAP,TabletsCaps
BATCH03195,Medium,No,OwnBrand,Tablet,TL1,FR,202785,PLANT_SOLIDS,High,IBUP400TAB,TabletsCaps
BATCH04804,Low,No,Contract,Device,DEV2,UK,16781,PLANT_SPECIAL,Medium,INHALER,Units
BATCH09867,Low,No,OwnBrand,Capsule,CL2,IT,335340,PLANT_SOLIDS,Medium,OMEP20CAP,TabletsCaps
BATCH06648,Medium,No,OwnBrand,Tablet,TL3,FR,58594,PLANT_SOLIDS,Low,IBUP400TAB,TabletsCaps
BATCH05656,Medium,No,OwnBrand,Injectable,INJ2,FR,44829,PLANT_PARENTERAL,Medium,HEP5000SC,Units
BATCH00959,High,No,Contract,Injectable,INJ1,UK,12646,PLANT_PARENTERAL,High,CEF1GIV,Units
BATCH07286,Low,Yes,OwnBrand,Hormonal,HORM1,PT,1402,PLANT_SPECIAL,Medium,EE30TAB,Units
BATCH01827,Low,No,Contract,Device,DEV2,UK,35662,PLANT_SPECIAL,Medium,INHALER,Units
BATCH01458,Low,No,OwnBrand,Capsule,CL1,IT,300325,PLANT_SOLIDS,Medium,OMEP20CAP,TabletsCaps
BATCH06422,High,No,Contract,Capsule,CL2,DE,169087,PLANT_SOLIDS,Medium,AMOX500CAP,TabletsCaps
BATCH07038,High,No,Contract,Injectable,INJ2,UK,48984,PLANT_PARENTERAL,Medium,CEF1GIV,Units
BATCH08189,Low,Yes,Contract,Device,DEV1,UK,7569,PLANT_SPECIAL,Medium,INHALER,Units
BATCH01835,Low,Yes,Contract,Device,DEV1,UK,29860,PLANT_SPECIAL,Medium,INHALER,Units
BATCH05858,Medium,No,OwnBrand,Tablet,TL3,FR,262814,PLANT_SOLIDS,Medium,IBUP400TAB,TabletsCaps
BATCH08966,Medium,No,OwnBrand,Device,DEV1,DE,17708,PLANT_SPECIAL,Medium,INSUPEN,Units
BATCH06884,Low,No,OwnBrand,Tablet,TL1,ES,420161,PLANT_SOLIDS,Medium,PARA500TAB,TabletsCaps
BATCH03507,Medium,No,OwnBrand,Tablet,TL2,FR,52323,PLANT_SOLIDS,High,IBUP400TAB,TabletsCaps
BATCH06043,High,No,Contract,Injectable,INJ2,UK,35573,PLANT_PARENTERAL,Medium,CEF1GIV,Units
BATCH06256,Medium,No,Contract,Hormonal,HORM1,ES,44981,PLANT_SPECIAL,Medium,LEVOHORMIMPL,Units
BATCH05046,Low,Yes,OwnBrand,Hormonal,HORM2,PT,48356,PLANT_SPECIAL,Low,EE30TAB,Units
BATCH01159,High,No,Contract,Capsule,CL2,DE,392533,PLANT_SOLIDS,Low,AMOX500CAP,TabletsCaps
BATCH03954,Low,Yes,OwnBrand,Capsule,CL2,IT,211484,PLANT_SOLIDS,High,OMEP20CAP,TabletsCaps
BATCH02417,Medium,Yes,OwnBrand,Tablet,TL2,FR,338545,PLANT_SOLIDS,Low,IBUP400TAB,TabletsCaps
BATCH05225,Medium,No,Contract,Hormonal,HORM2,ES,38865,PLANT_SPECIAL,Medium,LEVOHORMIMPL,Units
BATCH04012,Medium,No,Contract,Hormonal,HORM1,ES,25957,PLANT_SPECIAL,Medium,LEVOHORMIMPL,Units
BATCH04766,Medium,No,OwnBrand,Injectable,INJ1,FR,12303,PLANT_PARENTERAL,Medium,HEP5000SC,Units
BATCH07272,Medium,No,OwnBrand,Tablet,TL1,FR,297177,PLANT_SOLIDS,Low,IBUP400TAB,TabletsCaps
BATCH03998,Medium,Yes,OwnBrand,Device,DEV2,DE,19502,PLANT_SPECIAL,Medium,INSUPEN,Units
BATCH03274,High,No,Contract,Injectable,INJ2,UK,4119,PLANT_PARENTERAL,Low,CEF1GIV,Units
BATCH08061,Low,No,OwnBrand,Tablet,TL1,ES,229187,PLANT_SOLIDS,High,PARA500TAB,TabletsCaps
BATCH05175,Medium,No,OwnBrand,Tablet,TL2,FR,54143,PLANT_SOLIDS,Medium,IBUP400TAB,TabletsCaps
BATCH05381,High,No,Contract,Capsule,CL2,DE,177663,PLANT_SOLIDS,Low,AMOX500CAP,TabletsCaps
BATCH00444,Low,Yes,OwnBrand,Capsule,CL1,IT,342515,PLANT_SOLIDS,Medium,OMEP20CAP,TabletsCaps
BATCH02042,High,No,Contract,Injectable,INJ1,UK,31756,PLANT_PARENTERAL,Medium,CEF1GIV,Units
BATCH03071,Low,No,OwnBrand,Tablet,TL1,ES,253015,PLANT_SOLIDS,Medium,PARA500TAB,TabletsCaps
BATCH03441,Medium,No,Contract,Hormonal,HORM2,ES,29557,PLANT_SPECIAL,Medium,LEVOHORMIMPL,Units
BATCH05462,Medium,Yes,OwnBrand,Device,DEV1,DE,17166,PLANT_SPECIAL,High,INSUPEN,Units
BATCH08944,Medium,No,OwnBrand,Injectable,INJ1,FR,47713,PLANT_PARENTERAL,Medium,HEP5000SC,Units
BATCH01424,Medium,Yes,Contract,Hormonal,HORM1,ES,12079,PLANT_SPECIAL,Medium,LEVOHORMIMPL,Units
BATCH02460,Medium,No,OwnBrand,Device,DEV2,DE,16349,PLANT_SPECIAL,Medium,INSUPEN,Units
BATCH00490,Medium,Yes,OwnBrand,Injectable,INJ2,FR,26724,PLANT_PARENTERAL,Medium,HEP5000SC,Units
BATCH05696,Low,No,OwnBrand,Tablet,TL1,ES,283061,PLANT_SOLIDS,Medium,PARA500TAB,TabletsCaps
BATCH00669,Medium,No,OwnBrand,Device,DEV2,DE,25465,PLANT_SPECIAL,Low,INSUPEN,Units
BATCH00480,High,No,Contract,Injectable,INJ2,UK,9870,PLANT_PARENTERAL,Medium,CEF1GIV,Units
BATCH04206,Low,No,Contract,Device,DEV1,UK,15363,PLANT_SPECIAL,High,INHALER,Units
BATCH03402,Medium,Yes,OwnBrand,Tablet,TL2,FR,69748,PLANT_SOLIDS,High,IBUP400TAB,TabletsCaps
BATCH05490,Medium,Yes,OwnBrand,Injectable,INJ1,FR,19131,PLANT_PARENTERAL,High,HEP5000SC,Units
BATCH00541,Low,Yes,Contract,Device,DEV2,UK,1756,PLANT_SPECIAL,Low,INHALER,Units
BATCH03032,Medium,No,OwnBrand,Device,DEV2,DE,37062,PLANT_SPECIAL,High,INSUPEN,Units
BATCH08709,Low,Yes,OwnBrand,Capsule,CL1,IT,237494,PLANT_SOLIDS,High,OMEP20CAP,TabletsCaps
BATCH00163,Low,No,Contract,Device,DEV2,UK,20120,PLANT_SPECIAL,Low,INHALER,Units
BATCH08333,High,Yes,Contract,Injectable,INJ2,UK,40711,PLANT_PARENTERAL,High,CEF1GIV,Units
BATCH06976,High,No,Contract,Injectable,INJ2,UK,19551,PLANT_PARENTERAL,Medium,CEF1GIV,Units
BATCH06749,Medium,No,OwnBrand,Device,DEV2,DE,47945,PLANT_SPECIAL,Low,INSUPEN,Units
BATCH06194,Medium,No,Contract,Hormonal,HORM2,ES,36699,PLANT_SPECIAL,High,LEVOHORMIMPL,Units
BATCH03031,High,No,Contract,Capsule,CL2,DE,482470,PLANT_SOLIDS,Medium,AMOX500CAP,TabletsCaps
BATCH05249,Low,No,OwnBrand,Hormonal,HORM1,PT,35712,PLANT_SPECIAL,High,EE30TAB,Units
BATCH09401,Medium,No,OwnBrand,Injectable,INJ2,FR,34905,PLANT_PARENTERAL,High,HEP5000SC,Units
BATCH04867,Medium,Yes,OwnBrand,Injectable,INJ2,FR,13517,PLANT_PARENTERAL,High,HEP5000SC,Units
BATCH04540,Low,No,OwnBrand,Tablet,TL3,ES,471355,PLANT_SOLIDS,High,PARA500TAB,TabletsCaps
BATCH08349,High,No,Contract,Injectable,INJ2,UK,10480,PLANT_PARENTERAL,Medium,CEF1GIV,Units
BATCH00264,Medium,No,OwnBrand,Device,DEV2,DE,15274,PLANT_SPECIAL,Medium,INSUPEN,Units
BATCH04966,Low,No,OwnBrand,Hormonal,HORM2,PT,12700,PLANT_SPECIAL,Medium,EE30TAB,Units
BATCH07462,Medium,No,OwnBrand,Injectable,INJ2,FR,10538,PLANT_PARENTERAL,Medium,HEP5000SC,Units
BATCH03667,Low,No,OwnBrand,Hormonal,HORM1,PT,32048,PLANT_SPECIAL,Medium,EE30TAB,Units
BATCH04655,Low,No,OwnBrand,Tablet,TL2,ES,403255,PLANT_SOLIDS,High,PARA500TAB,TabletsCaps
BATCH09970,Low,Yes,Contract,Device,DEV2,UK,3020,PLANT_SPECIAL,Medium,INHALER,Units
BATCH03588,Low,No,OwnBrand,Tablet,TL2,ES,285841,PLANT_SOLIDS,Low,PARA500TAB,TabletsCaps
BATCH06251,Low,No,Contract,Device,DEV1,UK,3460,PLANT_SPECIAL,Medium,INHALER,Units
BATCH00533,Low,Yes,OwnBrand,Hormonal,HORM1,PT,44939,PLANT_SPECIAL,Medium,EE30TAB,Units
BATCH03843,High,No,Contract,Capsule,CL1,DE,311765,PLANT_SOLIDS,Medium,AMOX500CAP,TabletsCaps
BATCH08320,High,No,Contract,Injectable,INJ1,UK,15002,PLANT_PARENTERAL,High,CEF1GIV,Units
BATCH09345,Medium,No,OwnBrand,Device,DEV2,DE,19399,PLANT_SPECIAL,High,INSUPEN,Units
BATCH01198,Medium,No,Contract,Hormonal,HORM1,ES,36279,PLANT_SPECIAL,Low,LEVOHORMIMPL,Units
BATCH00782,High,Yes,Contract,Injectable,INJ1,UK,8487,PLANT_PARENTERAL,Low,CEF1GIV,Units
BATCH01566,Medium,No,OwnBrand,Injectable,INJ2,FR,20968,PLANT_PARENTERAL,Low,HEP5000SC,Units
BATCH01606,Medium,Yes,OwnBrand,Device,DEV1,DE,31917,PLANT_SPECIAL,High,INSUPEN,Units
BATCH03191,Low,No,OwnBrand,Tablet,TL1,ES,424150,PLANT_SOLIDS,Medium,PARA500TAB,TabletsCaps
BATCH04967,Low,No,OwnBrand,Tablet,TL2,ES,106433,PLANT_SOLIDS,Low,PARA500TAB,TabletsCaps
BATCH05763,Medium,No,OwnBrand,Tablet,TL3,FR,100784,PLANT_SOLIDS,High,IBUP400TAB,TabletsCaps
BATCH02117,High,No,Contract,Capsule,CL2,DE,175412,PLANT_SOLIDS,Medium,AMOX500CAP,TabletsCaps
BATCH04403,Low,No,OwnBrand,Hormonal,HORM1,PT,25950,PLANT_SPECIAL,Low,EE30TAB,Units
BATCH07285,Low,No,OwnBrand,Tablet,TL2,ES,363063,PLANT_SOLIDS,Medium,PARA500TAB,TabletsCaps
BATCH05538,Medium,No,OwnBrand,Device,DEV2,DE,25985,PLANT_SPECIAL,Medium,INSUPEN,Units
BATCH02178,Medium,Yes,OwnBrand,Tablet,TL2,FR,494027,PLANT_SOLIDS,Medium,IBUP400TAB,TabletsCaps
BATCH07289,Medium,No,OwnBrand,Injectable,INJ1,FR,48387,PLANT_PARENTERAL,Medium,HEP5000SC,Units
BATCH04872,Low,Yes,OwnBrand,Hormonal,HORM1,PT,31870,PLANT_SPECIAL,Medium,EE30TAB,Units
BATCH00047,Low,Yes,OwnBrand,Capsule,CL1,IT,351937,PLANT_SOLIDS,High,OMEP20CAP,TabletsCaps
BATCH05872,Medium,No,OwnBrand,Device,DEV1,DE,15941,PLANT_SPECIAL,High,INSUPEN,Units
BATCH04532,Low,No,Contract,Device,DEV1,UK,16535,PLANT_SPECIAL,Low,INHALER,Units
BATCH05779,Low,No,OwnBrand,Capsule,CL1,IT,407910,PLANT_SOLIDS,High,OMEP20CAP,TabletsCaps
BATCH03359,Medium,Yes,OwnBrand,Tablet,TL3,FR,278431,PLANT_SOLIDS,Medium,IBUP400TAB,TabletsCaps
BATCH03601,Low,No,OwnBrand,Tablet,TL3,ES,427501,PLANT_SOLIDS,High,PARA500TAB,TabletsCaps
BATCH02085,Low,Yes,Contract,Device,DEV1,UK,37797,PLANT_SPECIAL,Medium,INHALER,Units
BATCH06955,Low,No,OwnBrand,Capsule,CL2,IT,312574,PLANT_SOLIDS,Medium,OMEP20CAP,TabletsCaps
BATCH08604,Medium,No,Contract,Hormonal,HORM2,ES,6525,PLANT_SPECIAL,High,LEVOHORMIMPL,Units
BATCH05870,Low,Yes,OwnBrand,Tablet,TL2,ES,180958,PLANT_SOLIDS,Low,PARA500TAB,TabletsCaps
BATCH08516,Medium,No,OwnBrand,Tablet,TL1,FR,234616,PLANT_SOLIDS,Medium,IBUP400TAB,TabletsCaps
BATCH06580,Medium,Yes,OwnBrand,Injectable,INJ2,FR,37669,PLANT_PARENTERAL,Low,HEP5000SC,Units
BATCH02210,Medium,No,Contract,Hormonal,HORM2,ES,39431,PLANT_SPECIAL,High,LEVOHORMIMPL,Units
BATCH08853,Medium,No,OwnBrand,Tablet,TL1,FR,71653,PLANT_SOLIDS,Low,IBUP400TAB,TabletsCaps
BATCH08945,Medium,Yes,OwnBrand,Injectable,INJ1,FR,7043,PLANT_PARENTERAL,Medium,HEP5000SC,Units
BATCH07125,Low,No,OwnBrand,Hormonal,HORM1,PT,39103,PLANT_SPECIAL,Medium,EE30TAB,Units
BATCH01894,Medium,No,OwnBrand,Injectable,INJ1,FR,2290,PLANT_PARENTERAL,Medium,HEP5000SC,Units
BATCH09066,Low,No,Contract,Device,DEV1,UK,13775,PLANT_SPECIAL,Medium,INHALER,Units
BATCH08670,High,Yes,Contract,Capsule,CL1,DE,459600,PLANT_SOLIDS,Medium,AMOX500CAP,TabletsCaps
BATCH08706,Medium,No,OwnBrand,Device,DEV2,DE,6825,PLANT_SPECIAL,High,INSUPEN,Units
BATCH01068,Medium,Yes,OwnBrand,Tablet,TL3,FR,425331,PLANT_SOLIDS,Medium,IBUP400TAB,TabletsCaps
BATCH06404,High,Yes,Contract,Capsule,CL1,DE,73590,PLANT_SOLIDS,Low,AMOX500CAP,TabletsCaps
BATCH07790,Low,No,OwnBrand,Hormonal,HORM1,PT,9013,PLANT_SPECIAL,Low,EE30TAB,Units
BATCH00242,Low,No,OwnBrand,Hormonal,HORM2,PT,32582,PLANT_SPECIAL,High,EE30TAB,Units
BATCH02448,Medium,No,Contract,Hormonal,HORM2,ES,13923,PLANT_SPECIAL,Low,LEVOHORMIMPL,Units
BATCH08759,Medium,No,OwnBrand,Device,DEV1,DE,39789,PLANT_SPECIAL,High,INSUPEN,Units
BATCH08204,Medium,No,OwnBrand,Device,DEV1,DE,12308,PLANT_SPECIAL,Low,INSUPEN,Units
BATCH03278,Medium,No,OwnBrand,Injectable,INJ2,FR,46950,PLANT_PARENTERAL,Medium,HEP5000SC,Units
BATCH06408,Medium,No,OwnBrand,Tablet,TL3,FR,295133,PLANT_SOLIDS,Medium,IBUP400TAB,TabletsCaps
BATCH01018,High,No,Contract,Injectable,INJ2,UK,14052,PLANT_PARENTERAL,Medium,CEF1GIV,Units
BATCH00189,High,No,Contract,Injectable,INJ1,UK,6264,PLANT_PARENTERAL,Medium,CEF1GIV,Units
BATCH00142,Medium,Yes,OwnBrand,Tablet,TL3,FR,132069,PLANT_SOLIDS,High,IBUP400TAB,TabletsCaps
BATCH04865,Low,No,OwnBrand,Tablet,TL2,ES,103274,PLANT_SOLIDS,Medium,PARA500TAB,TabletsCaps
BATCH06101,Medium,No,OwnBrand,Device,DEV1,DE,25997,PLANT_SPECIAL,Low,INSUPEN,Units
BATCH02680,Low,No,Contract,Device,DEV1,UK,28619,PLANT_SPECIAL,Medium,INHALER,Units
BATCH03041,Low,No,OwnBrand,Capsule,CL1,IT,184626,PLANT_SOLIDS,Medium,OMEP20CAP,TabletsCaps
BATCH02675,High,No,Contract,Injectable,INJ2,UK,11876,PLANT_PARENTERAL,Low,CEF1GIV,Units
BATCH01235,Low,No,OwnBrand,Tablet,TL2,ES,212749,PLANT_SOLIDS,High,PARA500TAB,TabletsCaps
BATCH06892,Medium,No,OwnBrand,Tablet,TL1,FR,432334,PLANT_SOLIDS,Medium,IBUP400TAB,TabletsCaps
BATCH01325,High,Yes,Contract,Capsule,CL2,DE,497236,PLANT_SOLIDS,High,AMOX500CAP,TabletsCaps
BATCH06879,Medium,No,Contract,Hormonal,HORM2,ES,33072,PLANT_SPECIAL,Medium,LEVOHORMIMPL,Units
BATCH08408,High,No,Contract,Injectable,INJ1,UK,36722,PLANT_PARENTERAL,High,CEF1GIV,Units
BATCH05280,Low,No,Contract,Device,DEV1,UK,16916,PLANT_SPECIAL,Medium,INHALER,Units
BATCH08705,Low,No,Contract,Device,DEV1,UK,29719,PLANT_SPECIAL,Low,INHALER,Units
BATCH00307,High,Yes,Contract,Injectable,INJ2,UK,34536,PLANT_PARENTERAL,Low,CEF1GIV,Units
BATCH09080,High,No,Contract,Capsule,CL1,DE,194323,PLANT_SOLIDS,High,AMOX500CAP,TabletsCaps
BATCH05544,Low,No,OwnBrand,Tablet,TL2,ES,93094,PLANT_SOLIDS,Medium,PARA500TAB,TabletsCaps
BATCH05194,Low,Yes,OwnBrand,Capsule,CL1,IT,389165,PLANT_SOLIDS,Low,OMEP20CAP,TabletsCaps
BATCH06839,Low,No,Contract,Device,DEV2,UK,28911,PLANT_SPECIAL,High,INHALER,Units
BATCH02168,High,No,Contract,Injectable,INJ1,UK,48702,PLANT_PARENTERAL,High,CEF1GIV,Units
BATCH07589,Medium,Yes,OwnBrand,Injectable,INJ1,FR,23711,PLANT_PARENTERAL,High,HEP5000SC,Units
BATCH08889,Medium,No,OwnBrand,Device,DEV1,DE,1574,PLANT_SPECIAL,Medium,INSUPEN,Units
BATCH03742,Low,Yes,OwnBrand,Hormonal,HORM1,PT,23789,PLANT_SPECIAL,Medium,EE30TAB,Units
BATCH04669,High,No,Contract,Injectable,INJ1,UK,1615,PLANT_PARENTERAL,Medium,CEF1GIV,Units
BATCH07610,Medium,Yes,OwnBrand,Tablet,TL2,FR,289843,PLANT_SOLIDS,High,IBUP400TAB,TabletsCaps
BATCH07690,Low,No,OwnBrand,Capsule,CL1,IT,488872,PLANT_SOLIDS,Medium,OMEP20CAP,TabletsCaps
BATCH02872,Medium,No,OwnBrand,Tablet,TL3,FR,410687,PLANT_SOLIDS,High,IBUP400TAB,TabletsCaps
BATCH09580,Low,Yes,OwnBrand,Capsule,CL2,IT,403311,PLANT_SOLIDS,High,OMEP20CAP,TabletsCaps
BATCH02578,Medium,No,OwnBrand,Tablet,TL1,FR,278440,PLANT_SOLIDS,Medium,IBUP400TAB,TabletsCaps
BATCH09603,Low,Yes,OwnBrand,Capsule,CL1,IT,355168,PLANT_SOLIDS,High,OMEP20CAP,TabletsCaps
BATCH08657,Medium,Yes,OwnBrand,Injectable,INJ2,FR,4372,PLANT_PARENTERAL,High,HEP5000SC,Units
BATCH08681,Low,Yes,Contract,Device,DEV2,UK,43577,PLANT_SPECIAL,Low,INHALER,Units
BATCH04294,Low,No,OwnBrand,Tablet,TL2,ES,377379,PLANT_SOLIDS,Medium,PARA500TAB,TabletsCaps
BATCH07780,High,Yes,Contract,Capsule,CL2,DE,155395,PLANT_SOLIDS,Low,AMOX500CAP,TabletsCaps
BATCH06135,High,No,Contract,Capsule,CL2,DE,462854,PLANT_SOLIDS,High,AMOX500CAP,TabletsCaps
BATCH01442,Medium,Yes,Contract,Hormonal,HORM2,ES,28009,PLANT_SPECIAL,High,LEVOHORMIMPL,Units
BATCH01928,Medium,Yes,OwnBrand,Injectable,INJ1,FR,12792,PLANT_PARENTERAL,Low,HEP5000SC,Units
BATCH07516,High,No,Contract,Capsule,CL2,DE,129899,PLANT_SOLIDS,High,AMOX500CAP,TabletsCaps
BATCH00469,Medium,No,Contract,Hormonal,HORM2,ES,17945,PLANT_SPECIAL,High,LEVOHORMIMPL,Units
BATCH01203,Medium,Yes,OwnBrand,Device,DEV1,DE,14191,PLANT_SPECIAL,High,INSUPEN,Units
BATCH06420,Low,Yes,OwnBrand,Capsule,CL2,IT,401577,PLANT_SOLIDS,Medium,OMEP20CAP,TabletsCaps
BATCH00927,Medium,No,Contract,Hormonal,HORM2,ES,43715,PLANT_SPECIAL,Medium,LEVOHORMIMPL,Units
BATCH07348,Medium,No,OwnBrand,Tablet,TL3,FR,338499,PLANT_SOLIDS,Low,IBUP400TAB,TabletsCaps
BATCH08451,Low,No,OwnBrand,Tablet,TL2,ES,56595,PLANT_SOLIDS,Medium,PARA500TAB,TabletsCaps
BATCH08624,Medium,No,OwnBrand,Tablet,TL3,FR,319101,PLANT_SOLIDS,Medium,IBUP400TAB,TabletsCaps
BATCH04837,High,No,Contract,Capsule,CL2,DE,426224,PLANT_SOLIDS,Medium,AMOX500CAP,TabletsCaps
BATCH00457,High,No,Contract,Capsule,CL2,DE,486704,PLANT_SOLIDS,Medium,AMOX500CAP,TabletsCaps
BATCH08058,Low,No,OwnBrand,Capsule,CL1,IT,422038,PLANT_SOLIDS,Medium,OMEP20CAP,TabletsCaps
BATCH05119,High,No,Contract,Injectable,INJ2,UK,48975,PLANT_PARENTERAL,Low,CEF1GIV,Units
BATCH04694,Low,Yes,OwnBrand,Tablet,TL2,ES,385281,PLANT_SOLIDS,Low,PARA500TAB,TabletsCaps
BATCH00021,Medium,No,OwnBrand,Injectable,INJ1,FR,25904,PLANT_PARENTERAL,Medium,HEP5000SC,Units
BATCH05179,Medium,No,OwnBrand,Device,DEV1,DE,10729,PLANT_SPECIAL,Medium,INSUPEN,Units
BATCH05003,Medium,No,OwnBrand,Device,DEV2,DE,49180,PLANT_SPECIAL,Low,INSUPEN,Units
BATCH01539,Low,Yes,Contract,Device,DEV2,UK,2398,PLANT_SPECIAL,Low,INHALER,Units
BATCH00970,Low,Yes,OwnBrand,Capsule,CL1,IT,296264,PLANT_SOLIDS,Medium,OMEP20CAP,TabletsCaps
BATCH01091,Medium,Yes,OwnBrand,Tablet,TL3,FR,182958,PLANT_SOLIDS,Medium,IBUP400TAB,TabletsCaps
BATCH04444,Medium,No,OwnBrand,Device,DEV2,DE,26757,PLANT_SPECIAL,Low,INSUPEN,Units
BATCH02113,Medium,No,Contract,Hormonal,HORM1,ES,31250,PLANT_SPECIAL,High,LEVOHORMIMPL,Units
BATCH06080,Medium,No,OwnBrand,Injectable,INJ1,FR,15645,PLANT_PARENTERAL,Medium,HEP5000SC,Units
BATCH01570,Low,No,Contract,Device,DEV1,UK,37792,PLANT_SPECIAL,Medium,INHALER,Units
BATCH00354,Low,No,Contract,Device,DEV1,UK,46129,PLANT_SPECIAL,Medium,INHALER,Units
BATCH04595,Low,No,OwnBrand,Hormonal,HORM1,PT,26639,PLANT_SPECIAL,High,EE30TAB,Units
BATCH05555,Low,Yes,OwnBrand,Capsule,CL1,IT,151603,PLANT_SOLIDS,Medium,OMEP20CAP,TabletsCaps
BATCH08733,Low,Yes,OwnBrand,Tablet,TL1,ES,490027,PLANT_SOLIDS,Low,PARA500TAB,TabletsCaps
BATCH01485,Medium,No,OwnBrand,Device,DEV1,DE,26051,PLANT_SPECIAL,High,INSUPEN,Units
BATCH07493,Medium,No,OwnBrand,Injectable,INJ2,FR,37578,PLANT_PARENTERAL,Medium,HEP5000SC,Units
BATCH02848,High,No,Contract,Capsule,CL1,DE,387903,PLANT_SOLIDS,Medium,AMOX500CAP,TabletsCaps
BATCH00939,Low,Yes,OwnBrand,Hormonal,HORM1,PT,26790,PLANT_SPECIAL,Medium,EE30TAB,Units
BATCH06747,Medium,Yes,OwnBrand,Tablet,TL3,FR,422366,PLANT_SOLIDS,High,IBUP400TAB,TabletsCaps
BATCH00845,Low,Yes,Contract,Device,DEV2,UK,28333,PLANT_SPECIAL,High,INHALER,Units
BATCH07309,Medium,Yes,OwnBrand,Injectable,INJ2,FR,49121,PLANT_PARENTERAL,Medium,HEP5000SC,Units
BATCH02256,Low,No,OwnBrand,Hormonal,HORM2,PT,12807,PLANT_SPECIAL,Low,EE30TAB,Units
BATCH05827,High,Yes,Contract,Capsule,CL1,DE,193159,PLANT_SOLIDS,High,AMOX500CAP,TabletsCaps
BATCH04347,Low,Yes,OwnBrand,Tablet,TL1,ES,97941,PLANT_SOLIDS,Medium,PARA500TAB,TabletsCaps
BATCH03702,Low,No,OwnBrand,Capsule,CL1,IT,408485,PLANT_SOLIDS,High,OMEP20CAP,TabletsCaps
BATCH05939,High,No,Contract,Capsule,CL1,DE,257243,PLANT_SOLIDS,High,AMOX500CAP,TabletsCaps
BATCH05352,Low,Yes,OwnBrand,Capsule,CL1,IT,487910,PLANT_SOLIDS,Medium,OMEP20CAP,TabletsCaps
BATCH04240,Medium,Yes,OwnBrand,Injectable,INJ1,FR,38745,PLANT_PARENTERAL,High,HEP5000SC,Units
BATCH08367,Low,Yes,Contract,Device,DEV1,UK,6383,PLANT_SPECIAL,Medium,INHALER,Units
BATCH03217,Low,No,Contract,Device,DEV1,UK,46841,PLANT_SPECIAL,Low,INHALER,Units
BATCH01373,Low,Yes,Contract,Device,DEV1,UK,38699,PLANT_SPECIAL,Medium,INHALER,Units
BATCH01069,Low,Yes,OwnBrand,Tablet,TL1,ES,107541,PLANT_SOLIDS,Low,PARA500TAB,TabletsCaps
BATCH04163,Medium,No,OwnBrand,Injectable,INJ1,FR,8864,PLANT_PARENTERAL,Low,HEP5000SC,Units
BATCH05770,Low,No,OwnBrand,Tablet,TL1,ES,363397,PLANT_SOLIDS,Medium,PARA500TAB,TabletsCaps
BATCH09564,Medium,Yes,OwnBrand,Device,DEV2,DE,47178,PLANT_SPECIAL,Low,INSUPEN,Units
BATCH03295,High,No,Contract,Injectable,INJ1,UK,32295,PLANT_PARENTERAL,Low,CEF1GIV,Units
BATCH07704,Low,Yes,OwnBrand,Tablet,TL3,ES,235076,PLANT_SOLIDS,Medium,PARA500TAB,TabletsCaps
BATCH06772,Low,No,OwnBrand,Hormonal,HORM2,PT,14885,PLANT_SPECIAL,Medium,EE30TAB,Units
BATCH09024,High,No,Contract,Capsule,CL1,DE,384445,PLANT_SOLIDS,Low,AMOX500CAP,TabletsCaps
BATCH01630,Medium,Yes,Contract,Hormonal,HORM1,ES,2586,PLANT_SPECIAL,Low,LEVOHORMIMPL,Units
BATCH06331,Low,No,OwnBrand,Hormonal,HORM2,PT,17745,PLANT_SPECIAL,High,EE30TAB,Units
BATCH04489,Medium,No,OwnBrand,Device,DEV2,DE,25794,PLANT_SPECIAL,High,INSUPEN,Units
BATCH02254,Medium,No,OwnBrand,Device,DEV2,DE,1255,PLANT_SPECIAL,High,INSUPEN,Units
BATCH01901,Low,Yes,OwnBrand,Hormonal,HORM1,PT,27624,PLANT_SPECIAL,Medium,EE30TAB,Units
BATCH00320,Low,No,Contract,Device,DEV1,UK,2464,PLANT_SPECIAL,Medium,INHALER,Units
BATCH06996,High,No,Contract,Injectable,INJ1,UK,38242,PLANT_PARENTERAL,Medium,CEF1GIV,Units
BATCH08755,Medium,No,OwnBrand,Device,DEV1,DE,17128,PLANT_SPECIAL,Medium,INSUPEN,Units
BATCH02054,Medium,No,OwnBrand,Injectable,INJ1,FR,35774,PLANT_PARENTERAL,Medium,HEP5000SC,Units
BATCH02957,Medium,No,OwnBrand,Tablet,TL3,FR,307626,PLANT_SOLIDS,High,IBUP400TAB,TabletsCaps
BATCH00799,Medium,Yes,OwnBrand,Device,DEV2,DE,39036,PLANT_SPECIAL,Low,INSUPEN,Units
BATCH07423,Medium,No,OwnBrand,Injectable,INJ2,FR,29385,PLANT_PARENTERAL,Medium,HEP5000SC,Units
BATCH02928,High,Yes,Contract,Injectable,INJ1,UK,46785,PLANT_PARENTERAL,Low,CEF1GIV,Units
BATCH08920,Medium,No,OwnBrand,Injectable,INJ1,FR,41859,PLANT_PARENTERAL,Medium,HEP5000SC,Units
BATCH04476,Low,No,OwnBrand,Capsule,CL2,IT,430259,PLANT_SOLIDS,High,OMEP20CAP,TabletsCaps
BATCH08269,High,Yes,Contract,Injectable,INJ1,UK,30656,PLANT_PARENTERAL,High,CEF1GIV,Units
BATCH08109,High,No,Contract,Capsule,CL2,DE,435964,PLANT_SOLIDS,High,AMOX500CAP,TabletsCaps
BATCH06748,Medium,Yes,OwnBrand,Device,DEV1,DE,34326,PLANT_SPECIAL,Medium,INSUPEN,Units
BATCH02780,Low,No,OwnBrand,Capsule,CL1,IT,197624,PLANT_SOLIDS,High,OMEP20CAP,TabletsCaps
BATCH09604,Medium,No,OwnBrand,Tablet,TL3,FR,495946,PLANT_SOLIDS,Medium,IBUP400TAB,TabletsCaps
BATCH08873,Low,No,OwnBrand,Tablet,TL1,ES,492284,PLANT_SOLIDS,Low,PARA500TAB,TabletsCaps
BATCH07350,Low,Yes,Contract,Device,DEV2,UK,13086,PLANT_SPECIAL,Medium,INHALER,Units
BATCH08257,Low,No,OwnBrand,Hormonal,HORM2,PT,24751,PLANT_SPECIAL,High,EE30TAB,Units
BATCH08402,Medium,No,OwnBrand,Device,DEV1,DE,37870,PLANT_SPECIAL,Low,INSUPEN,Units
BATCH02739,Low,No,OwnBrand,Tablet,TL3,ES,120721,PLANT_SOLIDS,Medium,PARA500TAB,TabletsCaps
BATCH01454,High,No,Contract,Capsule,CL2,DE,388272,PLANT_SOLIDS,Medium,AMOX500CAP,TabletsCaps
BATCH05645,Low,No,Contract,Device,DEV1,UK,26722,PLANT_SPECIAL,Medium,INHALER,Units
BATCH07193,Low,Yes,OwnBrand,Capsule,CL1,IT,213272,PLANT_SOLIDS,Low,OMEP20CAP,TabletsCaps
BATCH09365,High,No,Contract,Capsule,CL2,DE,224487,PLANT_SOLIDS,Medium,AMOX500CAP,TabletsCaps
BATCH02319,Low,No,Contract,Device,DEV2,UK,11710,PLANT_SPECIAL,Medium,INHALER,Units
BATCH06718,Low,No,OwnBrand,Capsule,CL2,IT,445183,PLANT_SOLIDS,Low,OMEP20CAP,TabletsCaps
BATCH06180,Low,No,OwnBrand,Tablet,TL1,ES,203190,PLANT_SOLIDS,High,PARA500TAB,TabletsCaps
BATCH06631,Medium,No,OwnBrand,Injectable,INJ1,FR,18250,PLANT_PARENTERAL,Medium,HEP5000SC,Units
BATCH05630,Medium,Yes,OwnBrand,Device,DEV2,DE,41006,PLANT_SPECIAL,Medium,INSUPEN,Units
BATCH06114,Low,No,OwnBrand,Hormonal,HORM1,PT,33797,PLANT_SPECIAL,Low,EE30TAB,Units
BATCH06617,Low,No,OwnBrand,Tablet,TL2,ES,199297,PLANT_SOLIDS,High,PARA500TAB,TabletsCaps
BATCH00862,Low,No,Contract,Device,DEV1,UK,41741,PLANT_SPECIAL,Low,INHALER,Units
BATCH06151,High,No,Contract,Capsule,CL2,DE,121149,PLANT_SOLIDS,Low,AMOX500CAP,TabletsCaps
BATCH06652,Low,No,OwnBrand,Hormonal,HORM2,PT,26657,PLANT_SPECIAL,Low,EE30TAB,Units
BATCH09054,High,Yes,Contract,Injectable,INJ2,UK,46507,PLANT_PARENTERAL,Low,CEF1GIV,Units
BATCH03556,Low,No,OwnBrand,Tablet,TL1,ES,486577,PLANT_SOLIDS,Medium,PARA500TAB,TabletsCaps
BATCH01613,Medium,No,Contract,Hormonal,HORM2,ES,42335,PLANT_SPECIAL,Medium,LEVOHORMIMPL,Units
BATCH00327,High,No,Contract,Capsule,CL1,DE,324200,PLANT_SOLIDS,Medium,AMOX500CAP,TabletsCaps
BATCH05990,Medium,No,OwnBrand,Injectable,INJ2,FR,40326,PLANT_PARENTERAL,Medium,HEP5000SC,Units
BATCH03700,Low,Yes,OwnBrand,Tablet,TL2,ES,457277,PLANT_SOLIDS,High,PARA500TAB,TabletsCaps
BATCH03446,Low,No,OwnBrand,Tablet,TL2,ES,228513,PLANT_SOLIDS,Low,PARA500TAB,TabletsCaps
BATCH04087,Medium,No,OwnBrand,Tablet,TL1,FR,490749,PLANT_SOLIDS,Medium,IBUP400TAB,TabletsCaps
BATCH06239,Medium,No,OwnBrand,Tablet,TL2,FR,305603,PLANT_SOLIDS,High,IBUP400TAB,TabletsCaps
BATCH09647,Low,No,Contract,Device,DEV1,UK,13646,PLANT_SPECIAL,Medium,INHALER,Units
BATCH02687,High,No,Contract,Capsule,CL2,DE,390068,PLANT_SOLIDS,High,AMOX500CAP,TabletsCaps
BATCH00205,Low,No,OwnBrand,Tablet,TL1,ES,281193,PLANT_SOLIDS,Medium,PARA500TAB,TabletsCaps
BATCH03623,Medium,No,OwnBrand,Device,DEV1,DE,24986,PLANT_SPECIAL,Medium,INSUPEN,Units
BATCH00176,Medium,No,OwnBrand,Device,DEV1,DE,48630,PLANT_SPECIAL,Medium,INSUPEN,Units
BATCH02081,Low,No,OwnBrand,Capsule,CL1,IT,168208,PLANT_SOLIDS,Medium,OMEP20CAP,TabletsCaps
BATCH00685,High,Yes,Contract,Capsule,CL2,DE,257844,PLANT_SOLIDS,Medium,AMOX500CAP,TabletsCaps
BATCH00612,High,No,Contract,Capsule,CL1,DE,206098,PLANT_SOLIDS,Medium,AMOX500CAP,TabletsCaps
BATCH00524,Medium,No,OwnBrand,Injectable,INJ1,FR,45970,PLANT_PARENTERAL,Low,HEP5000SC,Units
BATCH06000,Low,No,OwnBrand,Tablet,TL2,ES,444444,PLANT_SOLIDS,High,PARA500TAB,TabletsCaps
BATCH06208,Low,No,OwnBrand,Hormonal,HORM2,PT,37930,PLANT_SPECIAL,Low,EE30TAB,Units
BATCH06169,High,No,Contract,Capsule,CL2,DE,166751,PLANT_SOLIDS,Medium,AMOX500CAP,TabletsCaps
BATCH08770,High,No,Contract,Injectable,INJ2,UK,37672,PLANT_PARENTERAL,High,CEF1GIV,Units
BATCH03102,Medium,No,OwnBrand,Injectable,INJ2,FR,49213,PLANT_PARENTERAL,Low,HEP5000SC,Units
BATCH01022,Low,Yes,OwnBrand,Tablet,TL3,ES,474555,PLANT_SOLIDS,Low,PARA500TAB,TabletsCaps
BATCH01712,Medium,No,Contract,Hormonal,HORM2,ES,28681,PLANT_SPECIAL,Low,LEVOHORMIMPL,Units
BATCH08953,Medium,No,OwnBrand,Injectable,INJ1,FR,5463,PLANT_PARENTERAL,High,HEP5000SC,Units
BATCH09350,Medium,No,OwnBrand,Tablet,TL2,FR,344622,PLANT_SOLIDS,Medium,IBUP400TAB,TabletsCaps
BATCH04534,Low,No,OwnBrand,Hormonal,HORM1,PT,3275,PLANT_SPECIAL,High,EE30TAB,Units
BATCH07012,Medium,No,OwnBrand,Tablet,TL1,FR,141101,PLANT_SOLIDS,Medium,IBUP400TAB,TabletsCaps
BATCH00979,High,Yes,Contract,Injectable,INJ2,UK,3159,PLANT_PARENTERAL,Medium,CEF1GIV,Units
BATCH03911,Medium,No,OwnBrand,Injectable,INJ2,FR,13580,PLANT_PARENTERAL,Medium,HEP5000SC,Units
BATCH03971,Medium,No,Contract,Hormonal,HORM1,ES,39731,PLANT_SPECIAL,High,LEVOHORMIMPL,Units
BATCH05871,Medium,No,Contract,Hormonal,HORM1,ES,6770,PLANT_SPECIAL,Medium,LEVOHORMIMPL,Units
BATCH09112,Medium,No,OwnBrand,Injectable,INJ1,FR,25914,PLANT_PARENTERAL,Medium,HEP5000SC,Units
BATCH04953,High,No,Contract,Capsule,CL1,DE,137136,PLANT_SOLIDS,Low,AMOX500CAP,TabletsCaps
BATCH02323,Medium,No,Contract,Hormonal,HORM1,ES,26530,PLANT_SPECIAL,Medium,LEVOHORMIMPL,Units
BATCH02919,High,No,Contract,Injectable,INJ1,UK,33490,PLANT_PARENTERAL,Medium,CEF1GIV,Units
BATCH05267,Low,Yes,Contract,Device,DEV2,UK,49204,PLANT_SPECIAL,Medium,INHALER,Units
BATCH00110,Medium,Yes,OwnBrand,Injectable,INJ1,FR,33468,PLANT_PARENTERAL,High,HEP5000SC,Units
BATCH03188,Medium,No,OwnBrand,Tablet,TL2,FR,243203,PLANT_SOLIDS,Medium,IBUP400TAB,TabletsCaps
BATCH06548,Medium,No,OwnBrand,Device,DEV1,DE,30093,PLANT_SPECIAL,High,INSUPEN,Units
BATCH08750,Medium,No,OwnBrand,Injectable,INJ2,FR,38296,PLANT_PARENTERAL,Medium,HEP5000SC,Units
BATCH09498,Low,No,Contract,Device,DEV2,UK,25459,PLANT_SPECIAL,High,INHALER,Units
BATCH04327,Low,Yes,Contract,Device,DEV1,UK,38248,PLANT_SPECIAL,Medium,INHALER,Units
BATCH09085,High,No,Contract,Capsule,CL1,DE,333437,PLANT_SOLIDS,Medium,AMOX500CAP,TabletsCaps
BATCH06036,Low,No,Contract,Device,DEV1,UK,13287,PLANT_SPECIAL,High,INHALER,Units
BATCH02753,Medium,No,OwnBrand,Injectable,INJ2,FR,29732,PLANT_PARENTERAL,Medium,HEP5000SC,Units
BATCH02722,Medium,No,OwnBrand,Injectable,INJ1,FR,42282,PLANT_PARENTERAL,Medium,HEP5000SC,Units
BATCH01853,Low,No,OwnBrand,Hormonal,HORM2,PT,14271,PLANT_SPECIAL,Medium,EE30TAB,Units
BATCH01003,Medium,No,Contract,Hormonal,HORM2,ES,44550,PLANT_SPECIAL,Medium,LEVOHORMIMPL,Units
BATCH08022,High,No,Contract,Capsule,CL2,DE,297069,PLANT_SOLIDS,Medium,AMOX500CAP,TabletsCaps
BATCH02123,Medium,No,OwnBrand,Tablet,TL1,FR,240274,PLANT_SOLIDS,Medium,IBUP400TAB,TabletsCaps
BATCH04076,Low,No,OwnBrand,Capsule,CL1,IT,397309,PLANT_SOLIDS,Medium,OMEP20CAP,TabletsCaps
BATCH05011,Low,No,Contract,Device,DEV1,UK,20001,PLANT_SPECIAL,Medium,INHALER,Units
BATCH09907,Medium,No,OwnBrand,Device,DEV2,DE,23293,PLANT_SPECIAL,Medium,INSUPEN,Units
BATCH05768,Medium,No,OwnBrand,Device,DEV2,DE,30541,PLANT_SPECIAL,High,INSUPEN,Units
BATCH09590,Low,No,OwnBrand,Capsule,CL2,IT,199511,PLANT_SOLIDS,Medium,OMEP20CAP,TabletsCaps
BATCH01787,Medium,Yes,OwnBrand,Tablet,TL3,FR,202561,PLANT_SOLIDS,Low,IBUP400TAB,TabletsCaps
BATCH07064,Medium,No,OwnBrand,Device,DEV1,DE,13292,PLANT_SPECIAL,Low,INSUPEN,Units
BATCH09736,High,Yes,Contract,Injectable,INJ1,UK,27485,PLANT_PARENTERAL,Medium,CEF1GIV,Units
BATCH09136,Low,Yes,OwnBrand,Tablet,TL3,ES,73055,PLANT_SOLIDS,Medium,PARA500TAB,TabletsCaps
BATCH06783,Medium,No,OwnBrand,Device,DEV2,DE,38299,PLANT_SPECIAL,Low,INSUPEN,Units
BATCH09858,High,No,Contract,Injectable,INJ2,UK,38973,PLANT_PARENTERAL,High,CEF1GIV,Units
BATCH05982,Low,No,OwnBrand,Capsule,CL1,IT,204197,PLANT_SOLIDS,Medium,OMEP20CAP,TabletsCaps
BATCH03292,Low,No,OwnBrand,Capsule,CL2,IT,232742,PLANT_SOLIDS,Low,OMEP20CAP,TabletsCaps
BATCH08384,Low,Yes,OwnBrand,Capsule,CL2,IT,140415,PLANT_SOLIDS,High,OMEP20CAP,TabletsCaps
BATCH06947,Low,No,Contract,Device,DEV2,UK,47628,PLANT_SPECIAL,Medium,INHALER,Units
BATCH06190,Low,No,OwnBrand,Hormonal,HORM1,PT,15939,PLANT_SPECIAL,Medium,EE30TAB,Units
BATCH04786,High,No,Contract,Capsule,CL1,DE,467358,PLANT_SOLIDS,High,AMOX500CAP,TabletsCaps
BATCH09600,Medium,Yes,OwnBrand,Tablet,TL2,FR,309319,PLANT_SOLIDS,Medium,IBUP400TAB,TabletsCaps
BATCH09776,Medium,No,OwnBrand,Tablet,TL1,FR,390996,PLANT_SOLIDS,High,IBUP400TAB,TabletsCaps
BATCH08936,Medium,No,OwnBrand,Injectable,INJ2,FR,32196,PLANT_PARENTERAL,Low,HEP5000SC,Units
BATCH05395,High,No,Contract,Capsule,CL1,DE,429677,PLANT_SOLIDS,Medium,AMOX500CAP,TabletsCaps
BATCH00006,Low,Yes,Contract,Device,DEV2,UK,45238,PLANT_SPECIAL,Medium,INHALER,Units
BATCH01651,Medium,Yes,Contract,Hormonal,HORM1,ES,33475,PLANT_SPECIAL,High,LEVOHORMIMPL,Units
BATCH06155,Low,No,OwnBrand,Tablet,TL1,ES,420857,PLANT_SOLIDS,Medium,PARA500TAB,TabletsCaps
BATCH08376,High,Yes,Contract,Capsule,CL2,DE,439450,PLANT_SOLIDS,Medium,AMOX500CAP,TabletsCaps
BATCH04072,Medium,No,OwnBrand,Injectable,INJ2,FR,38696,PLANT_PARENTERAL,Low,HEP5000SC,Units
BATCH04626,High,No,Contract,Injectable,INJ2,UK,25017,PLANT_PARENTERAL,Low,CEF1GIV,Units
BATCH07119,High,No,Contract,Injectable,INJ1,UK,23338,PLANT_PARENTERAL,High,CEF1GIV,Units
BATCH06820,Low,No,OwnBrand,Hormonal,HORM2,PT,7669,PLANT_SPECIAL,Low,EE30TAB,Units
BATCH05907,Medium,Yes,OwnBrand,Injectable,INJ1,FR,14475,PLANT_PARENTERAL,Medium,HEP5000SC,Units
BATCH01282,Low,No,OwnBrand,Hormonal,HORM1,PT,24074,PLANT_SPECIAL,High,EE30TAB,Units
BATCH01267,Medium,No,OwnBrand,Tablet,TL1,FR,210430,PLANT_SOLIDS,Low,IBUP400TAB,TabletsCaps
BATCH02033,Medium,Yes,OwnBrand,Tablet,TL1,FR,321079,PLANT_SOLIDS,Low,IBUP400TAB,TabletsCaps
BATCH02955,Low,No,Contract,Device,DEV1,UK,38660,PLANT_SPECIAL,Low,INHALER,Units
BATCH08371,Medium,No,OwnBrand,Injectable,INJ2,FR,9888,PLANT_PARENTERAL,Medium,HEP5000SC,Units
BATCH06688,Medium,No,OwnBrand,Tablet,TL3,FR,207244,PLANT_SOLIDS,High,IBUP400TAB,TabletsCaps
BATCH07750,Low,No,Contract,Device,DEV1,UK,49265,PLANT_SPECIAL,Low,INHALER,Units
BATCH00282,Medium,No,Contract,Hormonal,HORM2,ES,4873,PLANT_SPECIAL,High,LEVOHORMIMPL,Units
BATCH09077,High,Yes,Contract,Injectable,INJ1,UK,13032,PLANT_PARENTERAL,Low,CEF1GIV,Units
BATCH06841,Low,Yes,OwnBrand,Tablet,TL3,ES,288707,PLANT_SOLIDS,High,PARA500TAB,TabletsCaps
BATCH04332,Low,No,Contract,Device,DEV1,UK,1873,PLANT_SPECIAL,Low,INHALER,Units
BATCH06204,Low,No,OwnBrand,Tablet,TL3,ES,438806,PLANT_SOLIDS,Low,PARA500TAB,TabletsCaps
BATCH04011,Low,No,Contract,Device,DEV1,UK,16195,PLANT_SPECIAL,High,INHALER,Units
BATCH04448,Low,No,OwnBrand,Capsule,CL1,IT,230122,PLANT_SOLIDS,Medium,OMEP20CAP,TabletsCaps
BATCH08524,Medium,Yes,OwnBrand,Tablet,TL1,FR,401732,PLANT_SOLIDS,Medium,IBUP400TAB,TabletsCaps
BATCH01269,Medium,Yes,OwnBrand,Tablet,TL1,FR,137421,PLANT_SOLIDS,Medium,IBUP400TAB,TabletsCaps
BATCH03437,Low,Yes,OwnBrand,Tablet,TL2,ES,217015,PLANT_SOLIDS,Low,PARA500TAB,TabletsCaps
BATCH09358,High,Yes,Contract,Injectable,INJ2,UK,25940,PLANT_PARENTERAL,Medium,CEF1GIV,Units
BATCH01552,Medium,No,Contract,Hormonal,HORM2,ES,1304,PLANT_SPECIAL,Medium,LEVOHORMIMPL,Units
BATCH00118,High,Yes,Contract,Capsule,CL1,DE,347336,PLANT_SOLIDS,Medium,AMOX500CAP,TabletsCaps
BATCH03288,Medium,No,OwnBrand,Device,DEV2,DE,2814,PLANT_SPECIAL,Low,INSUPEN,Units
BATCH05330,Medium,No,OwnBrand,Tablet,TL1,FR,485578,PLANT_SOLIDS,High,IBUP400TAB,TabletsCaps
BATCH01065,Low,No,OwnBrand,Capsule,CL2,IT,188406,PLANT_SOLIDS,Low,OMEP20CAP,TabletsCaps
BATCH06297,Medium,No,OwnBrand,Device,DEV1,DE,38918,PLANT_SPECIAL,Low,INSUPEN,Units
BATCH00418,High,No,Contract,Injectable,INJ1,UK,15415,PLANT_PARENTERAL,Medium,CEF1GIV,Units
BATCH04523,Low,Yes,Contract,Device,DEV1,UK,22586,PLANT_SPECIAL,Low,INHALER,Units
BATCH00389,Medium,Yes,Contract,Hormonal,HORM2,ES,7413,PLANT_SPECIAL,Medium,LEVOHORMIMPL,Units
BATCH09014,Low,No,OwnBrand,Capsule,CL2,IT,128707,PLANT_SOLIDS,Medium,OMEP20CAP,TabletsCaps
BATCH06471,Medium,Yes,OwnBrand,Injectable,INJ2,FR,29621,PLANT_PARENTERAL,Low,HEP5000SC,Units
BATCH00536,Medium,No,OwnBrand,Device,DEV2,DE,34605,PLANT_SPECIAL,Medium,INSUPEN,Units
BATCH01407,Medium,No,Contract,Hormonal,HORM2,ES,21865,PLANT_SPECIAL,Medium,LEVOHORMIMPL,Units
BATCH02234,Medium,Yes,Contract,Hormonal,HORM1,ES,39600,PLANT_SPECIAL,Low,LEVOHORMIMPL,Units
BATCH09532,High,Yes,Contract,Injectable,INJ1,UK,33912,PLANT_PARENTERAL,High,CEF1GIV,Units
BATCH02715,Low,Yes,OwnBrand,Hormonal,HORM2,PT,32210,PLANT_SPECIAL,High,EE30TAB,Units
BATCH09253,Medium,No,OwnBrand,Injectable,INJ2,FR,3719,PLANT_PARENTERAL,High,HEP5000SC,Units
BATCH09213,Low,Yes,OwnBrand,Tablet,TL3,ES,141539,PLANT_SOLIDS,High,PARA500TAB,TabletsCaps
BATCH09640,Medium,No,OwnBrand,Injectable,INJ2,FR,15286,PLANT_PARENTERAL,Medium,HEP5000SC,Units
BATCH05878,Medium,Yes,OwnBrand,Injectable,INJ2,FR,3178,PLANT_PARENTERAL,Low,HEP5000SC,Units
BATCH08508,High,Yes,Contract,Capsule,CL2,DE,195544,PLANT_SOLIDS,High,AMOX500CAP,TabletsCaps
BATCH06079,High,No,Contract,Injectable,INJ2,UK,3450,PLANT_PARENTERAL,Medium,CEF1GIV,Units
BATCH09342,Medium,No,OwnBrand,Device,DEV1,DE,9923,PLANT_SPECIAL,Medium,INSUPEN,Units
BATCH00376,Low,No,OwnBrand,Hormonal,HORM2,PT,42867,PLANT_SPECIAL,Medium,EE30TAB,Units
BATCH01044,Medium,No,OwnBrand,Tablet,TL1,FR,499068,PLANT_SOLIDS,High,IBUP400TAB,TabletsCaps
BATCH02482,Medium,No,Contract,Hormonal,HORM2,ES,6762,PLANT_SPECIAL,High,LEVOHORMIMPL,Units
BATCH01086,Medium,No,OwnBrand,Device,DEV2,DE,41718,PLANT_SPECIAL,Medium,INSUPEN,Units
BATCH05712,Low,No,OwnBrand,Tablet,TL3,ES,100356,PLANT_SOLIDS,High,PARA500TAB,TabletsCaps
BATCH07903,Low,No,OwnBrand,Capsule,CL1,IT,381571,PLANT_SOLIDS,High,OMEP20CAP,TabletsCaps
BATCH03663,Low,No,OwnBrand,Hormonal,HORM2,PT,6641,PLANT_SPECIAL,High,EE30TAB,Units
BATCH06904,Low,No,OwnBrand,Capsule,CL2,IT,250160,PLANT_SOLIDS,Medium,OMEP20CAP,TabletsCaps
BATCH02280,High,No,Contract,Injectable,INJ2,UK,34481,PLANT_PARENTERAL,Medium,CEF1GIV,Units
BATCH00144,Medium,Yes,OwnBrand,Tablet,TL1,FR,437270,PLANT_SOLIDS,Low,IBUP400TAB,TabletsCaps
BATCH09195,Medium,No,OwnBrand,Device,DEV1,DE,20633,PLANT_SPECIAL,Low,INSUPEN,Units
BATCH08620,Medium,No,OwnBrand,Device,DEV2,DE,43451,PLANT_SPECIAL,Low,INSUPEN,Units
BATCH00622,Low,Yes,Contract,Device,DEV1,UK,28947,PLANT_SPECIAL,Medium,INHALER,Units
BATCH05220,Medium,Yes,Contract,Hormonal,HORM1,ES,30690,PLANT_SPECIAL,High,LEVOHORMIMPL,Units
BATCH00788,Medium,No,OwnBrand,Injectable,INJ1,FR,18351,PLANT_PARENTERAL,Medium,HEP5000SC,Units
BATCH06729,High,Yes,Contract,Capsule,CL1,DE,295377,PLANT_SOLIDS,Low,AMOX500CAP,TabletsCaps
BATCH02891,Medium,Yes,Contract,Hormonal,HORM2,ES,6076,PLANT_SPECIAL,Medium,LEVOHORMIMPL,Units
BATCH07830,Medium,No,OwnBrand,Injectable,INJ2,FR,12589,PLANT_PARENTERAL,Low,HEP5000SC,Units
BATCH08614,Medium,No,OwnBrand,Tablet,TL1,FR,123617,PLANT_SOLIDS,High,IBUP400TAB,TabletsCaps
BATCH07833,High,Yes,Contract,Injectable,INJ2,UK,46299,PLANT_PARENTERAL,Medium,CEF1GIV,Units
BATCH01892,Low,Yes,OwnBrand,Capsule,CL1,IT,365418,PLANT_SOLIDS,Medium,OMEP20CAP,TabletsCaps
BATCH00664,Low,No,OwnBrand,Capsule,CL1,IT,359243,PLANT_SOLIDS,Medium,OMEP20CAP,TabletsCaps
BATCH00364,Low,No,Contract,Device,DEV1,UK,10137,PLANT_SPECIAL,Medium,INHALER,Units
BATCH06365,Low,No,OwnBrand,Tablet,TL3,ES,431912,PLANT_SOLIDS,Medium,PARA500TAB,TabletsCaps
BATCH01416,Low,Yes,Contract,Device,DEV1,UK,41560,PLANT_SPECIAL,Medium,INHALER,Units
BATCH03927,Low,No,Contract,Device,DEV2,UK,3278,PLANT_SPECIAL,Medium,INHALER,Units
BATCH08240,Medium,Yes,OwnBrand,Tablet,TL3,FR,231044,PLANT_SOLIDS,Low,IBUP400TAB,TabletsCaps
BATCH06599,High,No,Contract,Injectable,INJ1,UK,5731,PLANT_PARENTERAL,High,CEF1GIV,Units
BATCH09517,High,No,Contract,Capsule,CL2,DE,185327,PLANT_SOLIDS,Low,AMOX500CAP,TabletsCaps
BATCH05074,Low,No,OwnBrand,Hormonal,HORM1,PT,48807,PLANT_SPECIAL,Low,EE30TAB,Units
BATCH06066,High,Yes,Contract,Capsule,CL1,DE,79754,PLANT_SOLIDS,Medium,AMOX500CAP,TabletsCaps
BATCH03434,Low,No,OwnBrand,Hormonal,HORM1,PT,22606,PLANT_SPECIAL,Medium,EE30TAB,Units
BATCH01731,Low,Yes,OwnBrand,Capsule,CL2,IT,288477,PLANT_SOLIDS,Medium,OMEP20CAP,TabletsCaps
BATCH02464,Low,Yes,OwnBrand,Capsule,CL1,IT,52708,PLANT_SOLIDS,Medium,OMEP20CAP,TabletsCaps
BATCH06277,Low,No,Contract,Device,DEV1,UK,31004,PLANT_SPECIAL,Medium,INHALER,Units
BATCH07091,High,Yes,Contract,Injectable,INJ2,UK,36308,PLANT_PARENTERAL,High,CEF1GIV,Units
BATCH03528,Medium,Yes,Contract,Hormonal,HORM1,ES,48215,PLANT_SPECIAL,High,LEVOHORMIMPL,Units
BATCH04484,High,No,Contract,Injectable,INJ1,UK,48077,PLANT_PARENTERAL,Low,CEF1GIV,Units
BATCH00924,Low,Yes,Contract,Device,DEV1,UK,3394,PLANT_SPECIAL,High,INHALER,Units
BATCH08116,High,Yes,Contract,Capsule,CL1,DE,186874,PLANT_SOLIDS,Medium,AMOX500CAP,TabletsCaps
BATCH09275,High,No,Contract,Capsule,CL1,DE,465707,PLANT_SOLIDS,Low,AMOX500CAP,TabletsCaps
BATCH09101,Low,No,OwnBrand,Tablet,TL1,ES,172446,PLANT_SOLIDS,Medium,PARA500TAB,TabletsCaps
BATCH00895,Medium,Yes,OwnBrand,Tablet,TL3,FR,171594,PLANT_SOLIDS,Low,IBUP400TAB,TabletsCaps
BATCH00534,Low,No,OwnBrand,Capsule,CL1,IT,90537,PLANT_SOLIDS,Medium,OMEP20CAP,TabletsCaps
BATCH04472,Medium,No,OwnBrand,Device,DEV1,DE,22270,PLANT_SPECIAL,Low,INSUPEN,Units
BATCH06803,Medium,No,Contract,Hormonal,HORM1,ES,38118,PLANT_SPECIAL,Low,LEVOHORMIMPL,Units
BATCH07025,Low,No,OwnBrand,Tablet,TL3,ES,306952,PLANT_SOLIDS,Low,PARA500TAB,TabletsCaps
BATCH06923,Low,No,OwnBrand,Capsule,CL1,IT,399749,PLANT_SOLIDS,High,OMEP20CAP,TabletsCaps
BATCH01636,Medium,No,Contract,Hormonal,HORM1,ES,6908,PLANT_SPECIAL,Medium,LEVOHORMIMPL,Units
BATCH01851,Low,No,Contract,Device,DEV2,UK,22248,PLANT_SPECIAL,Medium,INHALER,Units
BATCH07737,Low,No,Contract,Device,DEV1,UK,13382,PLANT_SPECIAL,Medium,INHALER,Units
BATCH07160,Low,No,OwnBrand,Hormonal,HORM1,PT,44840,PLANT_SPECIAL,High,EE30TAB,Units
BATCH07261,Medium,Yes,Contract,Hormonal,HORM1,ES,25290,PLANT_SPECIAL,Medium,LEVOHORMIMPL,Units
BATCH06221,High,No,Contract,Injectable,INJ2,UK,19482,PLANT_PARENTERAL,Medium,CEF1GIV,Units
BATCH01500,Medium,No,OwnBrand,Injectable,INJ1,FR,6422,PLANT_PARENTERAL,Low,HEP5000SC,Units
BATCH05019,Low,No,OwnBrand,Tablet,TL1,ES,281539,PLANT_SOLIDS,Medium,PARA500TAB,TabletsCaps
BATCH03888,Low,No,OwnBrand,Capsule,CL1,IT,419908,PLANT_SOLIDS,High,OMEP20CAP,TabletsCaps
BATCH08242,Medium,No,OwnBrand,Tablet,TL2,FR,440629,PLANT_SOLIDS,Medium,IBUP400TAB,TabletsCaps
BATCH03422,High,No,Contract,Injectable,INJ1,UK,33999,PLANT_PARENTERAL,Medium,CEF1GIV,Units
BATCH09570,High,No,Contract,Injectable,INJ2,UK,9190,PLANT_PARENTERAL,Medium,CEF1GIV,Units
BATCH03536,Low,No,OwnBrand,Capsule,CL2,IT,186030,PLANT_SOLIDS,High,OMEP20CAP,TabletsCaps
BATCH09712,High,No,Contract,Capsule,CL1,DE,68311,PLANT_SOLIDS,Medium,AMOX500CAP,TabletsCaps
BATCH03920,Medium,No,Contract,Hormonal,HORM1,ES,30011,PLANT_SPECIAL,Medium,LEVOHORMIMPL,Units
BATCH01759,Low,No,OwnBrand,Hormonal,HORM2,PT,10911,PLANT_SPECIAL,Low,EE30TAB,Units
BATCH09397,Low,No,OwnBrand,Tablet,TL1,ES,345329,PLANT_SOLIDS,Medium,PARA500TAB,TabletsCaps
BATCH03328,Low,No,OwnBrand,Hormonal,HORM2,PT,47394,PLANT_SPECIAL,High,EE30TAB,Units
BATCH01555,Low,No,OwnBrand,Hormonal,HORM1,PT,46830,PLANT_SPECIAL,Low,EE30TAB,Units
BATCH03413,Low,No,OwnBrand,Hormonal,HORM2,PT,1224,PLANT_SPECIAL,Medium,EE30TAB,Units
BATCH05662,Medium,No,Contract,Hormonal,HORM2,ES,41253,PLANT_SPECIAL,Medium,LEVOHORMIMPL,Units
BATCH06761,Medium,No,OwnBrand,Tablet,TL1,FR,136953,PLANT_SOLIDS,Medium,IBUP400TAB,TabletsCaps
BATCH00968,Low,No,OwnBrand,Capsule,CL2,IT,471376,PLANT_SOLIDS,High,OMEP20CAP,TabletsCaps
BATCH03850,Medium,No,OwnBrand,Device,DEV2,DE,26074,PLANT_SPECIAL,Low,INSUPEN,Units
BATCH01323,Low,Yes,OwnBrand,Hormonal,HORM2,PT,36683,PLANT_SPECIAL,Medium,EE30TAB,Units
BATCH05083,Medium,No,OwnBrand,Device,DEV2,DE,41988,PLANT_SPECIAL,Low,INSUPEN,Units
BATCH09983,Low,Yes,OwnBrand,Tablet,TL1,ES,80117,PLANT_SOLIDS,Medium,PARA500TAB,TabletsCaps
BATCH05995,Medium,No,OwnBrand,Injectable,INJ1,FR,46536,PLANT_PARENTERAL,Low,HEP5000SC,Units
BATCH04056,High,No,Contract,Capsule,CL1,DE,410431,PLANT_SOLIDS,Medium,AMOX500CAP,TabletsCaps
BATCH03272,Low,No,OwnBrand,Tablet,TL3,ES,264623,PLANT_SOLIDS,Medium,PARA500TAB,TabletsCaps
BATCH07409,Low,No,OwnBrand,Hormonal,HORM2,PT,2381,PLANT_SPECIAL,High,EE30TAB,Units
BATCH07561,Low,No,OwnBrand,Hormonal,HORM1,PT,42558,PLANT_SPECIAL,Medium,EE30TAB,Units
BATCH06872,High,No,Contract,Injectable,INJ1,UK,26854,PLANT_PARENTERAL,Low,CEF1GIV,Units
BATCH07112,High,No,Contract,Injectable,INJ1,UK,24072,PLANT_PARENTERAL,Low,CEF1GIV,Units
BATCH07321,Low,No,OwnBrand,Tablet,TL3,ES,174660,PLANT_SOLIDS,High,PARA500TAB,TabletsCaps
BATCH04977,Low,Yes,OwnBrand,Hormonal,HORM2,PT,25692,PLANT_SPECIAL,Medium,EE30TAB,Units
BATCH05228,Medium,No,OwnBrand,Device,DEV2,DE,21598,PLANT_SPECIAL,Medium,INSUPEN,Units
BATCH02192,Medium,Yes,Contract,Hormonal,HORM2,ES,22427,PLANT_SPECIAL,Medium,LEVOHORMIMPL,Units
BATCH03472,Medium,No,Contract,Hormonal,HORM1,ES,32956,PLANT_SPECIAL,Medium,LEVOHORMIMPL,Units
BATCH07444,Medium,No,OwnBrand,Device,DEV1,DE,21554,PLANT_SPECIAL,High,INSUPEN,Units
BATCH00400,Medium,No,Contract,Hormonal,HORM1,ES,19620,PLANT_SPECIAL,Medium,LEVOHORMIMPL,Units
BATCH02333,Low,No,OwnBrand,Tablet,TL1,ES,175608,PLANT_SOLIDS,Low,PARA500TAB,TabletsCaps
BATCH02588,Low,No,OwnBrand,Capsule,CL2,IT,453481,PLANT_SOLIDS,Medium,OMEP20CAP,TabletsCaps
BATCH00375,Low,No,Contract,Device,DEV2,UK,22656,PLANT_SPECIAL,High,INHALER,Units
BATCH00512,High,No,Contract,Capsule,CL2,DE,158547,PLANT_SOLIDS,Medium,AMOX500CAP,TabletsCaps
BATCH06343,Low,No,OwnBrand,Tablet,TL3,ES,340776,PLANT_SOLIDS,Low,PARA500TAB,TabletsCaps
BATCH07190,Medium,No,OwnBrand,Tablet,TL1,FR,479367,PLANT_SOLIDS,High,IBUP400TAB,TabletsCaps
BATCH02112,Low,No,OwnBrand,Capsule,CL2,IT,80705,PLANT_SOLIDS,High,OMEP20CAP,TabletsCaps
BATCH02389,Low,Yes,Contract,Device,DEV1,UK,1498,PLANT_SPECIAL,Low,INHALER,Units
BATCH01896,Medium,No,OwnBrand,Injectable,INJ2,FR,27970,PLANT_PARENTERAL,High,HEP5000SC,Units
BATCH04324,Medium,No,Contract,Hormonal,HORM2,ES,10074,PLANT_SPECIAL,Low,LEVOHORMIMPL,Units
BATCH01727,High,Yes,Contract,Injectable,INJ2,UK,19611,PLANT_PARENTERAL,Low,CEF1GIV,Units
BATCH01401,Medium,No,OwnBrand,Injectable,INJ1,FR,25973,PLANT_PARENTERAL,Low,HEP5000SC,Units
BATCH00820,Medium,Yes,Contract,Hormonal,HORM2,ES,17989,PLANT_SPECIAL,Medium,LEVOHORMIMPL,Units
BATCH00706,Medium,No,Contract,Hormonal,HORM1,ES,33100,PLANT_SPECIAL,Low,LEVOHORMIMPL,Units
BATCH09201,Medium,No,OwnBrand,Device,DEV2,DE,11448,PLANT_SPECIAL,High,INSUPEN,Units
BATCH00672,High,No,Contract,Capsule,CL2,DE,395696,PLANT_SOLIDS,High,AMOX500CAP,TabletsCaps
BATCH09533,High,Yes,Contract,Capsule,CL1,DE,389979,PLANT_SOLIDS,Medium,AMOX500CAP,TabletsCaps
BATCH08911,Medium,Yes,Contract,Hormonal,HORM1,ES,26529,PLANT_SPECIAL,High,LEVOHORMIMPL,Units
BATCH05056,Low,No,OwnBrand,Hormonal,HORM1,PT,19833,PLANT_SPECIAL,Low,EE30TAB,Units
BATCH09316,Low,No,OwnBrand,Capsule,CL2,IT,318220,PLANT_SOLIDS,High,OMEP20CAP,TabletsCaps
BATCH07554,Medium,No,Contract,Hormonal,HORM1,ES,24900,PLANT_SPECIAL,Medium,LEVOHORMIMPL,Units
BATCH07220,High,No,Contract,Capsule,CL2,DE,467986,PLANT_SOLIDS,High,AMOX500CAP,TabletsCaps
BATCH03754,Medium,No,OwnBrand,Injectable,INJ2,FR,10640,PLANT_PARENTERAL,Medium,HEP5000SC,Units
BATCH09228,Medium,No,OwnBrand,Injectable,INJ2,FR,48840,PLANT_PARENTERAL,High,HEP5000SC,Units
BATCH00643,Medium,No,OwnBrand,Device,DEV1,DE,26823,PLANT_SPECIAL,Medium,INSUPEN,Units
BATCH09089,High,No,Contract,Injectable,INJ1,UK,39331,PLANT_PARENTERAL,Medium,CEF1GIV,Units
BATCH03248,Low,Yes,Contract,Device,DEV2,UK,18634,PLANT_SPECIAL,Medium,INHALER,Units
BATCH09804,High,Yes,Contract,Capsule,CL1,DE,95127,PLANT_SOLIDS,Medium,AMOX500CAP,TabletsCaps
BATCH06253,High,No,Contract,Injectable,INJ1,UK,22779,PLANT_PARENTERAL,Medium,CEF1GIV,Units
BATCH09507,Medium,Yes,Contract,Hormonal,HORM2,ES,46757,PLANT_SPECIAL,Medium,LEVOHORMIMPL,Units
BATCH09293,Low,No,OwnBrand,Tablet,TL2,ES,327369,PLANT_SOLIDS,Medium,PARA500TAB,TabletsCaps
BATCH08622,Low,No,OwnBrand,Capsule,CL1,IT,379034,PLANT_SOLIDS,Low,OMEP20CAP,TabletsCaps
BATCH03715,Medium,No,OwnBrand,Device,DEV2,DE,9590,PLANT_SPECIAL,Medium,INSUPEN,Units
BATCH05377,Medium,No,OwnBrand,Device,DEV2,DE,9999,PLANT_SPECIAL,High,INSUPEN,Units
BATCH07192,Low,No,Contract,Device,DEV2,UK,25641,PLANT_SPECIAL,Medium,INHALER,Units
BATCH03678,Medium,No,OwnBrand,Device,DEV2,DE,25735,PLANT_SPECIAL,High,INSUPEN,Units
BATCH00075,Low,No,Contract,Device,DEV2,UK,17453,PLANT_SPECIAL,Medium,INHALER,Units
BATCH06621,Medium,No,Contract,Hormonal,HORM1,ES,31801,PLANT_SPECIAL,Medium,LEVOHORMIMPL,Units
BATCH05615,Medium,No,OwnBrand,Device,DEV2,DE,15564,PLANT_SPECIAL,Medium,INSUPEN,Units
BATCH02221,High,No,Contract,Capsule,CL2,DE,157308,PLANT_SOLIDS,Medium,AMOX500CAP,TabletsCaps
BATCH09027,High,Yes,Contract,Injectable,INJ2,UK,44514,PLANT_PARENTERAL,Medium,CEF1GIV,Units
BATCH02501,Low,Yes,OwnBrand,Capsule,CL2,IT,295771,PLANT_SOLIDS,Medium,OMEP20CAP,TabletsCaps
BATCH07266,Medium,No,OwnBrand,Injectable,INJ1,FR,14107,PLANT_PARENTERAL,High,HEP5000SC,Units
BATCH03371,Low,Yes,OwnBrand,Tablet,TL1,ES,223895,PLANT_SOLIDS,Medium,PARA500TAB,TabletsCaps
BATCH05739,Low,No,OwnBrand,Tablet,TL1,ES,354388,PLANT_SOLIDS,High,PARA500TAB,TabletsCaps
BATCH04262,Medium,No,Contract,Hormonal,HORM1,ES,23293,PLANT_SPECIAL,Medium,LEVOHORMIMPL,Units
BATCH03991,Low,Yes,OwnBrand,Capsule,CL2,IT,461683,PLANT_SOLIDS,Medium,OMEP20CAP,TabletsCaps
BATCH05790,Medium,Yes,OwnBrand,Device,DEV1,DE,41160,PLANT_SPECIAL,Medium,INSUPEN,Units
BATCH04469,Low,No,Contract,Device,DEV2,UK,39818,PLANT_SPECIAL,Medium,INHALER,Units
BATCH07537,Low,No,OwnBrand,Hormonal,HORM1,PT,14596,PLANT_SPECIAL,High,EE30TAB,Units
BATCH03664,High,No,Contract,Injectable,INJ1,UK,32234,PLANT_PARENTERAL,Medium,CEF1GIV,Units
BATCH01173,Low,No,Contract,Device,DEV2,UK,27899,PLANT_SPECIAL,High,INHALER,Units
BATCH01098,High,No,Contract,Capsule,CL1,DE,303128,PLANT_SOLIDS,Low,AMOX500CAP,TabletsCaps
BATCH08775,Low,No,Contract,Device,DEV1,UK,32533,PLANT_SPECIAL,High,INHALER,Units
BATCH07096,Medium,Yes,OwnBrand,Injectable,INJ1,FR,43140,PLANT_PARENTERAL,High,HEP5000SC,Units
BATCH04363,High,No,Contract,Injectable,INJ2,UK,14065,PLANT_PARENTERAL,Medium,CEF1GIV,Units
BATCH09007,Low,No,OwnBrand,Capsule,CL2,IT,87337,PLANT_SOLIDS,Low,OMEP20CAP,TabletsCaps
BATCH08540,High,Yes,Contract,Capsule,CL1,DE,481886,PLANT_SOLIDS,High,AMOX500CAP,TabletsCaps
BATCH01529,High,No,Contract,Capsule,CL2,DE,50394,PLANT_SOLIDS,Medium,AMOX500CAP,TabletsCaps
BATCH02162,High,No,Contract,Injectable,INJ2,UK,3282,PLANT_PARENTERAL,Low,CEF1GIV,Units
BATCH06720,Low,No,Contract,Device,DEV1,UK,37226,PLANT_SPECIAL,Medium,INHALER,Units
BATCH05568,Low,No,Contract,Device,DEV1,UK,31497,PLANT_SPECIAL,Low,INHALER,Units
BATCH07183,Low,Yes,OwnBrand,Capsule,CL2,IT,110377,PLANT_SOLIDS,High,OMEP20CAP,TabletsCaps
BATCH07023,Low,No,OwnBrand,Hormonal,HORM1,PT,29494,PLANT_SPECIAL,Low,EE30TAB,Units
BATCH09285,Medium,Yes,OwnBrand,Injectable,INJ1,FR,22609,PLANT_PARENTERAL,High,HEP5000SC,Units
BATCH02801,Medium,No,OwnBrand,Injectable,INJ1,FR,36726,PLANT_PARENTERAL,High,HEP5000SC,Units
BATCH00399,High,No,Contract,Capsule,CL1,DE,266017,PLANT_SOLIDS,Low,AMOX500CAP,TabletsCaps
BATCH00477,Low,Yes,OwnBrand,Capsule,CL1,IT,472580,PLANT_SOLIDS,High,OMEP20CAP,TabletsCaps
BATCH04871,Medium,No,Contract,Hormonal,HORM1,ES,16264,PLANT_SPECIAL,Medium,LEVOHORMIMPL,Units
BATCH03975,Low,Yes,OwnBrand,Tablet,TL2,ES,305327,PLANT_SOLIDS,Medium,PARA500TAB,TabletsCaps
BATCH08893,Medium,Yes,OwnBrand,Injectable,INJ2,FR,23657,PLANT_PARENTERAL,Low,HEP5000SC,Units
BATCH06048,Medium,Yes,OwnBrand,Injectable,INJ2,FR,1218,PLANT_PARENTERAL,High,HEP5000SC,Units
BATCH08517,Low,No,OwnBrand,Tablet,TL3,ES,494721,PLANT_SOLIDS,High,PARA500TAB,TabletsCaps
BATCH04956,Low,No,OwnBrand,Tablet,TL2,ES,353591,PLANT_SOLIDS,Low,PARA500TAB,TabletsCaps
BATCH03707,High,Yes,Contract,Injectable,INJ2,UK,41562,PLANT_PARENTERAL,Medium,CEF1GIV,Units
BATCH06563,Medium,Yes,OwnBrand,Tablet,TL3,FR,166143,PLANT_SOLIDS,Medium,IBUP400TAB,TabletsCaps
BATCH07349,High,No,Contract,Injectable,INJ1,UK,27437,PLANT_PARENTERAL,High,CEF1GIV,Units
BATCH02115,Low,No,OwnBrand,Hormonal,HORM2,PT,19407,PLANT_SPECIAL,Medium,EE30TAB,Units
BATCH02977,Medium,Yes,OwnBrand,Tablet,TL3,FR,165280,PLANT_SOLIDS,Medium,IBUP400TAB,TabletsCaps
BATCH06754,Low,Yes,OwnBrand,Tablet,TL2,ES,454769,PLANT_SOLIDS,High,PARA500TAB,TabletsCaps
BATCH03336,Low,Yes,OwnBrand,Capsule,CL2,IT,266506,PLANT_SOLIDS,High,OMEP20CAP,TabletsCaps
BATCH07411,Medium,No,Contract,Hormonal,HORM2,ES,15750,PLANT_SPECIAL,Medium,LEVOHORMIMPL,Units
BATCH06948,Low,No,OwnBrand,Capsule,CL1,IT,454809,PLANT_SOLIDS,High,OMEP20CAP,TabletsCaps
BATCH01990,High,No,Contract,Capsule,CL1,DE,467404,PLANT_SOLIDS,Medium,AMOX500CAP,TabletsCaps
BATCH09699,Medium,Yes,Contract,Hormonal,HORM1,ES,14693,PLANT_SPECIAL,Medium,LEVOHORMIMPL,Units
BATCH06962,Low,No,OwnBrand,Hormonal,HORM1,PT,36004,PLANT_SPECIAL,High,EE30TAB,Units
BATCH09927,Medium,No,OwnBrand,Device,DEV1,DE,2959,PLANT_SPECIAL,Medium,INSUPEN,Units
BATCH09856,High,No,Contract,Capsule,CL2,DE,103491,PLANT_SOLIDS,Medium,AMOX500CAP,TabletsCaps
BATCH09243,High,No,Contract,Capsule,CL1,DE,226320,PLANT_SOLIDS,Medium,AMOX500CAP,TabletsCaps
BATCH07276,Low,No,OwnBrand,Tablet,TL3,ES,60056,PLANT_SOLIDS,Medium,PARA500TAB,TabletsCaps
BATCH03449,Medium,No,OwnBrand,Tablet,TL3,FR,442074,PLANT_SOLIDS,Medium,IBUP400TAB,TabletsCaps
BATCH08730,High,Yes,Contract,Injectable,INJ2,UK,19972,PLANT_PARENTERAL,Low,CEF1GIV,Units
BATCH07466,Low,Yes,OwnBrand,Hormonal,HORM2,PT,33106,PLANT_SPECIAL,Medium,EE30TAB,Units
BATCH03916,Medium,No,OwnBrand,Tablet,TL1,FR,222557,PLANT_SOLIDS,Low,IBUP400TAB,TabletsCaps
BATCH00687,Medium,No,OwnBrand,Injectable,INJ1,FR,23027,PLANT_PARENTERAL,High,HEP5000SC,Units
BATCH00387,Low,Yes,OwnBrand,Capsule,CL1,IT,317552,PLANT_SOLIDS,Medium,OMEP20CAP,TabletsCaps
BATCH05206,Medium,No,OwnBrand,Injectable,INJ2,FR,30399,PLANT_PARENTERAL,Low,HEP5000SC,Units
BATCH09605,High,No,Contract,Capsule,CL1,DE,449374,PLANT_SOLIDS,Low,AMOX500CAP,TabletsCaps
BATCH02668,Low,No,OwnBrand,Hormonal,HORM2,PT,12592,PLANT_SPECIAL,High,EE30TAB,Units
BATCH02719,Medium,Yes,OwnBrand,Tablet,TL3,FR,106326,PLANT_SOLIDS,Low,IBUP400TAB,TabletsCaps
BATCH08350,High,Yes,Contract,Injectable,INJ1,UK,47822,PLANT_PARENTERAL,Medium,CEF1GIV,Units
BATCH02335,Low,Yes,OwnBrand,Tablet,TL1,ES,116424,PLANT_SOLIDS,Medium,PARA500TAB,TabletsCaps
BATCH08676,Medium,No,OwnBrand,Injectable,INJ2,FR,40608,PLANT_PARENTERAL,High,HEP5000SC,Units
BATCH09263,Low,No,OwnBrand,Hormonal,HORM1,PT,6098,PLANT_SPECIAL,Medium,EE30TAB,Units
BATCH00317,High,Yes,Contract,Injectable,INJ2,UK,12368,PLANT_PARENTERAL,Medium,CEF1GIV,Units
BATCH07346,Low,No,OwnBrand,Tablet,TL1,ES,344934,PLANT_SOLIDS,High,PARA500TAB,TabletsCaps
BATCH03163,Low,No,OwnBrand,Capsule,CL2,IT,410377,PLANT_SOLIDS,Low,OMEP20CAP,TabletsCaps
BATCH09002,Medium,No,OwnBrand,Device,DEV2,DE,11777,PLANT_SPECIAL,Low,INSUPEN,Units
BATCH04846,High,Yes,Contract,Injectable,INJ1,UK,39835,PLANT_PARENTERAL,Medium,CEF1GIV,Units
BATCH00647,Low,No,Contract,Device,DEV1,UK,28567,PLANT_SPECIAL,Low,INHALER,Units
BATCH00676,Low,Yes,OwnBrand,Hormonal,HORM1,PT,33328,PLANT_SPECIAL,Medium,EE30TAB,Units
BATCH06984,High,No,Contract,Capsule,CL2,DE,318721,PLANT_SOLIDS,Medium,AMOX500CAP,TabletsCaps
BATCH06878,Medium,No,OwnBrand,Injectable,INJ1,FR,2056,PLANT_PARENTERAL,Medium,HEP5000SC,Units
BATCH09221,High,No,Contract,Capsule,CL2,DE,461535,PLANT_SOLIDS,Medium,AMOX500CAP,TabletsCaps
BATCH09636,High,Yes,Contract,Injectable,INJ1,UK,8190,PLANT_PARENTERAL,High,CEF1GIV,Units
BATCH02427,Medium,No,Contract,Hormonal,HORM1,ES,17048,PLANT_SPECIAL,High,LEVOHORMIMPL,Units
BATCH05687,Low,No,OwnBrand,Capsule,CL2,IT,232102,PLANT_SOLIDS,Low,OMEP20CAP,TabletsCaps
BATCH08924,Low,Yes,OwnBrand,Tablet,TL1,ES,497180,PLANT_SOLIDS,High,PARA500TAB,TabletsCaps
BATCH07532,Low,No,Contract,Device,DEV2,UK,18301,PLANT_SPECIAL,Medium,INHALER,Units
BATCH00591,Medium,No,Contract,Hormonal,HORM2,ES,17030,PLANT_SPECIAL,Medium,LEVOHORMIMPL,Units
BATCH07469,High,No,Contract,Capsule,CL1,DE,215454,PLANT_SOLIDS,Low,AMOX500CAP,TabletsCaps
BATCH08052,Medium,No,Contract,Hormonal,HORM1,ES,37488,PLANT_SPECIAL,Medium,LEVOHORMIMPL,Units
BATCH04280,Medium,No,OwnBrand,Tablet,TL1,FR,203141,PLANT_SOLIDS,Low,IBUP400TAB,TabletsCaps
BATCH00689,Medium,No,Contract,Hormonal,HORM1,ES,27697,PLANT_SPECIAL,Medium,LEVOHORMIMPL,Units
BATCH02732,Low,Yes,OwnBrand,Tablet,TL1,ES,348680,PLANT_SOLIDS,High,PARA500TAB,TabletsCaps
BATCH07793,Low,Yes,Contract,Device,DEV2,UK,28406,PLANT_SPECIAL,Low,INHALER,Units
BATCH06903,Medium,Yes,OwnBrand,Device,DEV2,DE,22098,PLANT_SPECIAL,High,INSUPEN,Units
BATCH04770,Medium,Yes,OwnBrand,Injectable,INJ1,FR,48278,PLANT_PARENTERAL,Medium,HEP5000SC,Units
BATCH00190,Medium,Yes,OwnBrand,Injectable,INJ2,FR,25151,PLANT_PARENTERAL,High,HEP5000SC,Units
BATCH00578,High,No,Contract,Injectable,INJ2,UK,27601,PLANT_PARENTERAL,Medium,CEF1GIV,Units
BATCH04790,Low,No,OwnBrand,Hormonal,HORM2,PT,11885,PLANT_SPECIAL,Low,EE30TAB,Units
BATCH09657,Medium,No,OwnBrand,Tablet,TL3,FR,78372,PLANT_SOLIDS,High,IBUP400TAB,TabletsCaps
BATCH08043,Medium,Yes,OwnBrand,Tablet,TL2,FR,274037,PLANT_SOLIDS,Medium,IBUP400TAB,TabletsCaps
BATCH02354,Low,Yes,OwnBrand,Capsule,CL1,IT,422277,PLANT_SOLIDS,Low,OMEP20CAP,TabletsCaps
BATCH01888,Low,Yes,Contract,Device,DEV1,UK,6619,PLANT_SPECIAL,Low,INHALER,Units
BATCH07194,Low,Yes,Contract,Device,DEV2,UK,39204,PLANT_SPECIAL,Medium,INHALER,Units
BATCH07028,High,No,Contract,Injectable,INJ1,UK,20410,PLANT_PARENTERAL,Medium,CEF1GIV,Units
BATCH09969,High,No,Contract,Capsule,CL1,DE,433754,PLANT_SOLIDS,Medium,AMOX500CAP,TabletsCaps
BATCH06824,Medium,Yes,Contract,Hormonal,HORM2,ES,18170,PLANT_SPECIAL,Medium,LEVOHORMIMPL,Units
BATCH00582,Medium,No,OwnBrand,Tablet,TL3,FR,415925,PLANT_SOLIDS,High,IBUP400TAB,TabletsCaps
BATCH07303,Medium,No,OwnBrand,Tablet,TL2,FR,396443,PLANT_SOLIDS,Low,IBUP400TAB,TabletsCaps
BATCH02954,Low,No,OwnBrand,Capsule,CL1,IT,320621,PLANT_SOLIDS,High,OMEP20CAP,TabletsCaps
BATCH01025,High,No,Contract,Injectable,INJ1,UK,1300,PLANT_PARENTERAL,High,CEF1GIV,Units
BATCH02184,Medium,Yes,OwnBrand,Device,DEV2,DE,5670,PLANT_SPECIAL,Medium,INSUPEN,Units
BATCH08121,Medium,No,OwnBrand,Injectable,INJ2,FR,41117,PLANT_PARENTERAL,Medium,HEP5000SC,Units
BATCH00165,Low,Yes,Contract,Device,DEV1,UK,24487,PLANT_SPECIAL,High,INHALER,Units
BATCH06647,Medium,No,Contract,Hormonal,HORM2,ES,18540,PLANT_SPECIAL,High,LEVOHORMIMPL,Units
BATCH02246,Low,Yes,Contract,Device,DEV2,UK,40314,PLANT_SPECIAL,Low,INHALER,Units
BATCH07612,Low,No,Contract,Device,DEV1,UK,9080,PLANT_SPECIAL,High,INHALER,Units
BATCH04399,Low,No,OwnBrand,Hormonal,HORM2,PT,37012,PLANT_SPECIAL,Medium,EE30TAB,Units
BATCH02612,Medium,No,OwnBrand,Injectable,INJ2,FR,34785,PLANT_PARENTERAL,High,HEP5000SC,Units
BATCH08791,Medium,Yes,OwnBrand,Device,DEV1,DE,40228,PLANT_SPECIAL,Low,INSUPEN,Units
BATCH03706,Low,No,OwnBrand,Hormonal,HORM2,PT,9943,PLANT_SPECIAL,Low,EE30TAB,Units
BATCH06840,High,No,Contract,Injectable,INJ2,UK,18747,PLANT_PARENTERAL,Low,CEF1GIV,Units
BATCH07560,Medium,No,Contract,Hormonal,HORM2,ES,26944,PLANT_SPECIAL,High,LEVOHORMIMPL,Units
BATCH05752,Low,Yes,OwnBrand,Tablet,TL2,ES,265869,PLANT_SOLIDS,High,PARA500TAB,TabletsCaps
BATCH00406,Low,No,OwnBrand,Tablet,TL2,ES,377308,PLANT_SOLIDS,Medium,PARA500TAB,TabletsCaps
BATCH00577,Low,No,OwnBrand,Hormonal,HORM1,PT,7760,PLANT_SPECIAL,High,EE30TAB,Units
BATCH09003,Low,No,OwnBrand,Hormonal,HORM1,PT,10227,PLANT_SPECIAL,Low,EE30TAB,Units
BATCH00042,Medium,No,OwnBrand,Injectable,INJ2,FR,48152,PLANT_PARENTERAL,Low,HEP5000SC,Units
BATCH09390,Low,No,OwnBrand,Tablet,TL2,ES,262118,PLANT_SOLIDS,Medium,PARA500TAB,TabletsCaps
BATCH01460,High,No,Contract,Capsule,CL1,DE,112370,PLANT_SOLIDS,Medium,AMOX500CAP,TabletsCaps
BATCH08286,Low,No,OwnBrand,Capsule,CL2,IT,295604,PLANT_SOLIDS,Low,OMEP20CAP,TabletsCaps
BATCH01148,Low,No,Contract,Device,DEV2,UK,18983,PLANT_SPECIAL,Medium,INHALER,Units
BATCH09909,Medium,Yes,OwnBrand,Injectable,INJ1,FR,43674,PLANT_PARENTERAL,Medium,HEP5000SC,Units
BATCH06459,Low,No,OwnBrand,Hormonal,HORM1,PT,24225,PLANT_SPECIAL,Medium,EE30TAB,Units
BATCH06177,Medium,No,Contract,Hormonal,HORM2,ES,39351,PLANT_SPECIAL,Medium,LEVOHORMIMPL,Units
BATCH05594,Low,No,OwnBrand,Hormonal,HORM2,PT,7964,PLANT_SPECIAL,Low,EE30TAB,Units
BATCH08467,Medium,No,OwnBrand,Injectable,INJ1,FR,44357,PLANT_PARENTERAL,Low,HEP5000SC,Units
BATCH03710,Low,No,Contract,Device,DEV2,UK,44702,PLANT_SPECIAL,High,INHALER,Units
BATCH03077,Low,No,OwnBrand,Hormonal,HORM1,PT,46598,PLANT_SPECIAL,Medium,EE30TAB,Units
BATCH05554,Medium,No,OwnBrand,Injectable,INJ2,FR,12185,PLANT_PARENTERAL,Medium,HEP5000SC,Units
BATCH05981,Medium,No,Contract,Hormonal,HORM2,ES,34185,PLANT_SPECIAL,High,LEVOHORMIMPL,Units
BATCH08442,High,No,Contract,Capsule,CL1,DE,91543,PLANT_SOLIDS,Medium,AMOX500CAP,TabletsCaps
BATCH07571,High,No,Contract,Capsule,CL1,DE,378073,PLANT_SOLIDS,High,AMOX500CAP,TabletsCaps
BATCH02560,Medium,No,OwnBrand,Tablet,TL1,FR,64701,PLANT_SOLIDS,Medium,IBUP400TAB,TabletsCaps
BATCH06372,Medium,No,OwnBrand,Tablet,TL1,FR,50439,PLANT_SOLIDS,Medium,IBUP400TAB,TabletsCaps
BATCH00290,High,No,Contract,Injectable,INJ1,UK,27852,PLANT_PARENTERAL,Low,CEF1GIV,Units
BATCH04211,Medium,No,OwnBrand,Tablet,TL3,FR,307450,PLANT_SOLIDS,High,IBUP400TAB,TabletsCaps
BATCH08561,Medium,No,Contract,Hormonal,HORM2,ES,37916,PLANT_SPECIAL,Medium,LEVOHORMIMPL,Units
BATCH08752,Low,No,OwnBrand,Tablet,TL1,ES,436909,PLANT_SOLIDS,Low,PARA500TAB,TabletsCaps
BATCH05346,High,No,Contract,Injectable,INJ1,UK,46004,PLANT_PARENTERAL,High,CEF1GIV,Units
BATCH08337,Medium,No,OwnBrand,Tablet,TL2,FR,113257,PLANT_SOLIDS,High,IBUP400TAB,TabletsCaps
BATCH05913,Medium,No,OwnBrand,Tablet,TL1,FR,255532,PLANT_SOLIDS,Low,IBUP400TAB,TabletsCaps
BATCH03567,Medium,No,OwnBrand,Tablet,TL2,FR,371082,PLANT_SOLIDS,High,IBUP400TAB,TabletsCaps
BATCH02863,Low,No,OwnBrand,Capsule,CL1,IT,368307,PLANT_SOLIDS,Medium,OMEP20CAP,TabletsCaps
BATCH08096,Medium,No,OwnBrand,Tablet,TL1,FR,249243,PLANT_SOLIDS,Medium,IBUP400TAB,TabletsCaps
BATCH04592,Low,No,OwnBrand,Tablet,TL2,ES,315239,PLANT_SOLIDS,Medium,PARA500TAB,TabletsCaps
BATCH09303,Medium,No,Contract,Hormonal,HORM1,ES,18997,PLANT_SPECIAL,Medium,LEVOHORMIMPL,Units
BATCH08577,Medium,No,OwnBrand,Tablet,TL3,FR,404584,PLANT_SOLIDS,High,IBUP400TAB,TabletsCaps
BATCH07491,Low,No,OwnBrand,Capsule,CL1,IT,53209,PLANT_SOLIDS,Medium,OMEP20CAP,TabletsCaps
BATCH08851,Low,No,OwnBrand,Hormonal,HORM2,PT,46450,PLANT_SPECIAL,Medium,EE30TAB,Units
BATCH01174,Medium,Yes,Contract,Hormonal,HORM1,ES,9371,PLANT_SPECIAL,Medium,LEVOHORMIMPL,Units
BATCH07151,Medium,No,OwnBrand,Tablet,TL3,FR,264003,PLANT_SOLIDS,High,IBUP400TAB,TabletsCaps
BATCH08735,Medium,No,OwnBrand,Device,DEV1,DE,6336,PLANT_SPECIAL,Low,INSUPEN,Units
BATCH02114,High,Yes,Contract,Capsule,CL2,DE,126903,PLANT_SOLIDS,Medium,AMOX500CAP,TabletsCaps
BATCH05806,Medium,No,OwnBrand,Injectable,INJ2,FR,23198,PLANT_PARENTERAL,Medium,HEP5000SC,Units
BATCH08102,Low,No,OwnBrand,Hormonal,HORM2,PT,7153,PLANT_SPECIAL,Medium,EE30TAB,Units
BATCH00947,Medium,Yes,OwnBrand,Injectable,INJ1,FR,5084,PLANT_PARENTERAL,Medium,HEP5000SC,Units
BATCH07361,Medium,Yes,Contract,Hormonal,HORM2,ES,41669,PLANT_SPECIAL,High,LEVOHORMIMPL,Units
BATCH01162,Medium,Yes,OwnBrand,Tablet,TL1,FR,417246,PLANT_SOLIDS,Medium,IBUP400TAB,TabletsCaps
BATCH04348,High,No,Contract,Capsule,CL1,DE,285540,PLANT_SOLIDS,Medium,AMOX500CAP,TabletsCaps
BATCH05100,Medium,No,OwnBrand,Injectable,INJ1,FR,22061,PLANT_PARENTERAL,Medium,HEP5000SC,Units
BATCH07009,High,Yes,Contract,Capsule,CL2,DE,65871,PLANT_SOLIDS,Medium,AMOX500CAP,TabletsCaps
BATCH02106,Low,Yes,OwnBrand,Hormonal,HORM2,PT,30742,PLANT_SPECIAL,Medium,EE30TAB,Units
BATCH09381,Low,No,OwnBrand,Tablet,TL1,ES,286333,PLANT_SOLIDS,Medium,PARA500TAB,TabletsCaps
BATCH00923,Low,No,Contract,Device,DEV1,UK,31838,PLANT_SPECIAL,Medium,INHALER,Units
BATCH02435,High,Yes,Contract,Injectable,INJ2,UK,17153,PLANT_PARENTERAL,Medium,CEF1GIV,Units
BATCH02538,Medium,No,OwnBrand,Device,DEV2,DE,48971,PLANT_SPECIAL,Medium,INSUPEN,Units
BATCH04731,High,Yes,Contract,Injectable,INJ2,UK,15860,PLANT_PARENTERAL,Medium,CEF1GIV,Units
BATCH09531,Medium,No,Contract,Hormonal,HORM2,ES,21583,PLANT_SPECIAL,Low,LEVOHORMIMPL,Units
BATCH06299,High,No,Contract,Injectable,INJ2,UK,47724,PLANT_PARENTERAL,Medium,CEF1GIV,Units
BATCH05532,Medium,No,OwnBrand,Tablet,TL3,FR,415562,PLANT_SOLIDS,Medium,IBUP400TAB,TabletsCaps
BATCH04551,High,No,Contract,Capsule,CL2,DE,187337,PLANT_SOLIDS,Medium,AMOX500CAP,TabletsCaps
BATCH02201,High,No,Contract,Injectable,INJ1,UK,2518,PLANT_PARENTERAL,High,CEF1GIV,Units
BATCH02316,Low,No,Contract,Device,DEV2,UK,15136,PLANT_SPECIAL,Medium,INHALER,Units
BATCH05130,High,No,Contract,Injectable,INJ1,UK,34526,PLANT_PARENTERAL,Medium,CEF1GIV,Units
BATCH03934,High,Yes,Contract,Capsule,CL2,DE,369278,PLANT_SOLIDS,Medium,AMOX500CAP,TabletsCaps
BATCH03518,Low,No,OwnBrand,Hormonal,HORM2,PT,43425,PLANT_SPECIAL,Medium,EE30TAB,Units
BATCH00830,Medium,No,Contract,Hormonal,HORM2,ES,45239,PLANT_SPECIAL,High,LEVOHORMIMPL,Units
BATCH03056,Low,No,Contract,Device,DEV2,UK,3322,PLANT_SPECIAL,High,INHALER,Units
BATCH06311,Medium,Yes,OwnBrand,Device,DEV2,DE,27134,PLANT_SPECIAL,Low,INSUPEN,Units
BATCH04204,Low,Yes,OwnBrand,Tablet,TL2,ES,325664,PLANT_SOLIDS,Medium,PARA500TAB,TabletsCaps
BATCH02153,High,No,Contract,Injectable,INJ2,UK,24452,PLANT_PARENTERAL,High,CEF1GIV,Units
BATCH07157,High,No,Contract,Injectable,INJ2,UK,47581,PLANT_PARENTERAL,Medium,CEF1GIV,Units
BATCH00346,Low,No,OwnBrand,Hormonal,HORM1,PT,10601,PLANT_SPECIAL,Medium,EE30TAB,Units
BATCH05332,Low,No,Contract,Device,DEV1,UK,10086,PLANT_SPECIAL,Medium,INHALER,Units
BATCH05508,Medium,No,Contract,Hormonal,HORM2,ES,23833,PLANT_SPECIAL,Medium,LEVOHORMIMPL,Units
BATCH02925,High,No,Contract,Capsule,CL2,DE,193193,PLANT_SOLIDS,Medium,AMOX500CAP,TabletsCaps
BATCH09849,High,No,Contract,Injectable,INJ1,UK,33059,PLANT_PARENTERAL,Low,CEF1GIV,Units
BATCH05203,Medium,Yes,OwnBrand,Device,DEV1,DE,47607,PLANT_SPECIAL,High,INSUPEN,Units
BATCH04537,Medium,No,OwnBrand,Injectable,INJ2,FR,19019,PLANT_PARENTERAL,Medium,HEP5000SC,Units
BATCH02655,Medium,No,OwnBrand,Tablet,TL2,FR,435075,PLANT_SOLIDS,High,IBUP400TAB,TabletsCaps
BATCH03177,Low,No,OwnBrand,Capsule,CL1,IT,435260,PLANT_SOLIDS,Medium,OMEP20CAP,TabletsCaps
BATCH07916,Low,Yes,OwnBrand,Tablet,TL2,ES,374730,PLANT_SOLIDS,Medium,PARA500TAB,TabletsCaps
BATCH09289,Medium,No,OwnBrand,Injectable,INJ2,FR,49378,PLANT_PARENTERAL,Low,HEP5000SC,Units
BATCH05558,Medium,No,OwnBrand,Tablet,TL1,FR,264288,PLANT_SOLIDS,Low,IBUP400TAB,TabletsCaps
BATCH01080,Medium,Yes,Contract,Hormonal,HORM1,ES,1962,PLANT_SPECIAL,Low,LEVOHORMIMPL,Units
BATCH00030,Low,No,Contract,Device,DEV1,UK,3084,PLANT_SPECIAL,Medium,INHALER,Units
BATCH07413,Medium,No,OwnBrand,Tablet,TL2,FR,190000,PLANT_SOLIDS,Medium,IBUP400TAB,TabletsCaps
BATCH08069,Medium,No,OwnBrand,Tablet,TL3,FR,115762,PLANT_SOLIDS,Medium,IBUP400TAB,TabletsCaps
BATCH04365,Medium,Yes,OwnBrand,Tablet,TL2,FR,239113,PLANT_SOLIDS,Medium,IBUP400TAB,TabletsCaps
BATCH01811,Medium,No,Contract,Hormonal,HORM2,ES,21730,PLANT_SPECIAL,Low,LEVOHORMIMPL,Units
BATCH02265,Medium,No,OwnBrand,Injectable,INJ1,FR,21992,PLANT_PARENTERAL,High,HEP5000SC,Units
BATCH02045,Low,Yes,OwnBrand,Tablet,TL3,ES,84223,PLANT_SOLIDS,Low,PARA500TAB,TabletsCaps
BATCH04563,Low,No,OwnBrand,Hormonal,HORM2,PT,47583,PLANT_SPECIAL,High,EE30TAB,Units
BATCH02998,Low,No,OwnBrand,Tablet,TL1,ES,138672,PLANT_SOLIDS,Low,PARA500TAB,TabletsCaps
BATCH05247,Medium,No,OwnBrand,Tablet,TL2,FR,338748,PLANT_SOLIDS,High,IBUP400TAB,TabletsCaps
BATCH02798,Low,Yes,OwnBrand,Hormonal,HORM1,PT,40863,PLANT_SPECIAL,Medium,EE30TAB,Units
BATCH04272,Medium,Yes,OwnBrand,Injectable,INJ1,FR,8626,PLANT_PARENTERAL,Medium,HEP5000SC,Units
BATCH08910,Low,No,OwnBrand,Tablet,TL1,ES,55455,PLANT_SOLIDS,Medium,PARA500TAB,TabletsCaps
BATCH07050,Low,No,OwnBrand,Capsule,CL2,IT,471476,PLANT_SOLIDS,High,OMEP20CAP,TabletsCaps
BATCH01465,High,No,Contract,Capsule,CL2,DE,120926,PLANT_SOLIDS,Low,AMOX500CAP,TabletsCaps
BATCH04088,Medium,No,OwnBrand,Tablet,TL2,FR,258186,PLANT_SOLIDS,High,IBUP400TAB,TabletsCaps
BATCH03557,Medium,Yes,OwnBrand,Injectable,INJ1,FR,32898,PLANT_PARENTERAL,High,HEP5000SC,Units
BATCH08372,Medium,No,OwnBrand,Tablet,TL3,FR,474108,PLANT_SOLIDS,Low,IBUP400TAB,TabletsCaps
BATCH06883,Medium,No,Contract,Hormonal,HORM1,ES,37682,PLANT_SPECIAL,Medium,LEVOHORMIMPL,Units
BATCH08088,High,No,Contract,Injectable,INJ2,UK,27392,PLANT_PARENTERAL,Medium,CEF1GIV,Units
BATCH06929,Medium,No,OwnBrand,Injectable,INJ2,FR,35594,PLANT_PARENTERAL,Medium,HEP5000SC,Units
BATCH02791,Medium,No,OwnBrand,Tablet,TL3,FR,463483,PLANT_SOLIDS,High,IBUP400TAB,TabletsCaps
BATCH02345,Low,No,OwnBrand,Hormonal,HORM2,PT,22382,PLANT_SPECIAL,Medium,EE30TAB,Units
BATCH06133,Medium,No,OwnBrand,Device,DEV2,DE,36487,PLANT_SPECIAL,Medium,INSUPEN,Units
BATCH04729,Medium,Yes,OwnBrand,Tablet,TL2,FR,417148,PLANT_SOLIDS,Medium,IBUP400TAB,TabletsCaps
BATCH04504,Medium,Yes,OwnBrand,Device,DEV1,DE,35721,PLANT_SPECIAL,Medium,INSUPEN,Units
BATCH09656,Low,No,OwnBrand,Hormonal,HORM1,PT,21426,PLANT_SPECIAL,High,EE30TAB,Units
BATCH02853,Medium,No,OwnBrand,Injectable,INJ2,FR,44853,PLANT_PARENTERAL,Medium,HEP5000SC,Units
BATCH02984,Low,No,OwnBrand,Tablet,TL2,ES,221820,PLANT_SOLIDS,Medium,PARA500TAB,TabletsCaps
BATCH07681,Low,Yes,OwnBrand,Capsule,CL1,IT,469337,PLANT_SOLIDS,Medium,OMEP20CAP,TabletsCaps
BATCH00762,Low,No,OwnBrand,Hormonal,HORM2,PT,34762,PLANT_SPECIAL,Low,EE30TAB,Units
BATCH09982,Medium,No,OwnBrand,Device,DEV2,DE,2089,PLANT_SPECIAL,Medium,INSUPEN,Units
BATCH06714,Medium,Yes,Contract,Hormonal,HORM2,ES,34418,PLANT_SPECIAL,Medium,LEVOHORMIMPL,Units
BATCH00620,Medium,No,OwnBrand,Injectable,INJ2,FR,33013,PLANT_PARENTERAL,Medium,HEP5000SC,Units
BATCH03502,High,Yes,Contract,Injectable,INJ2,UK,48988,PLANT_PARENTERAL,Low,CEF1GIV,Units
BATCH01440,High,Yes,Contract,Capsule,CL1,DE,484415,PLANT_SOLIDS,High,AMOX500CAP,TabletsCaps
BATCH04218,Medium,No,OwnBrand,Device,DEV2,DE,11652,PLANT_SPECIAL,Low,INSUPEN,Units
BATCH06249,High,No,Contract,Injectable,INJ2,UK,38575,PLANT_PARENTERAL,Medium,CEF1GIV,Units
BATCH04091,Medium,No,OwnBrand,Device,DEV1,DE,20819,PLANT_SPECIAL,Medium,INSUPEN,Units
BATCH04677,Medium,No,OwnBrand,Tablet,TL1,FR,183087,PLANT_SOLIDS,Medium,IBUP400TAB,TabletsCaps
BATCH05890,High,No,Contract,Capsule,CL1,DE,262830,PLANT_SOLIDS,High,AMOX500CAP,TabletsCaps
BATCH07333,Medium,No,Contract,Hormonal,HORM2,ES,31297,PLANT_SPECIAL,Low,LEVOHORMIMPL,Units
BATCH01375,High,Yes,Contract,Injectable,INJ1,UK,17209,PLANT_PARENTERAL,Medium,CEF1GIV,Units
BATCH00133,Low,No,OwnBrand,Hormonal,HORM2,PT,15239,PLANT_SPECIAL,Medium,EE30TAB,Units
BATCH04968,Low,Yes,OwnBrand,Hormonal,HORM2,PT,13453,PLANT_SPECIAL,Low,EE30TAB,Units
BATCH05929,Low,No,OwnBrand,Capsule,CL1,IT,486057,PLANT_SOLIDS,Medium,OMEP20CAP,TabletsCaps
BATCH08703,Low,No,OwnBrand,Capsule,CL2,IT,101081,PLANT_SOLIDS,Medium,OMEP20CAP,TabletsCaps
BATCH09527,Low,Yes,Contract,Device,DEV2,UK,22380,PLANT_SPECIAL,Medium,INHALER,Units
BATCH03752,Low,No,OwnBrand,Hormonal,HORM1,PT,7276,PLANT_SPECIAL,Medium,EE30TAB,Units
BATCH09217,Medium,No,OwnBrand,Injectable,INJ2,FR,28358,PLANT_PARENTERAL,Low,HEP5000SC,Units
BATCH01603,Medium,Yes,OwnBrand,Tablet,TL2,FR,77813,PLANT_SOLIDS,High,IBUP400TAB,TabletsCaps
BATCH07217,Low,No,OwnBrand,Tablet,TL3,ES,238022,PLANT_SOLIDS,High,PARA500TAB,TabletsCaps
BATCH08438,Medium,No,OwnBrand,Device,DEV1,DE,29584,PLANT_SPECIAL,High,INSUPEN,Units
BATCH02571,Medium,No,Contract,Hormonal,HORM1,ES,3827,PLANT_SPECIAL,Medium,LEVOHORMIMPL,Units
BATCH04972,High,No,Contract,Injectable,INJ1,UK,47486,PLANT_PARENTERAL,Medium,CEF1GIV,Units
BATCH02355,High,No,Contract,Injectable,INJ1,UK,49169,PLANT_PARENTERAL,Low,CEF1GIV,Units
BATCH00396,Medium,No,Contract,Hormonal,HORM1,ES,26953,PLANT_SPECIAL,Medium,LEVOHORMIMPL,Units
BATCH09965,Low,Yes,OwnBrand,Hormonal,HORM1,PT,43515,PLANT_SPECIAL,Low,EE30TAB,Units
BATCH04054,Low,No,OwnBrand,Hormonal,HORM1,PT,1628,PLANT_SPECIAL,Low,EE30TAB,Units
BATCH08244,Low,No,OwnBrand,Capsule,CL1,IT,464842,PLANT_SOLIDS,High,OMEP20CAP,TabletsCaps
BATCH03947,Medium,No,OwnBrand,Injectable,INJ2,FR,27728,PLANT_PARENTERAL,Low,HEP5000SC,Units
BATCH09529,Medium,No,OwnBrand,Tablet,TL1,FR,274007,PLANT_SOLIDS,Medium,IBUP400TAB,TabletsCaps
BATCH00849,Medium,No,OwnBrand,Device,DEV1,DE,35361,PLANT_SPECIAL,Medium,INSUPEN,Units
BATCH06545,High,No,Contract,Capsule,CL1,DE,192928,PLANT_SOLIDS,Low,AMOX500CAP,TabletsCaps
BATCH06267,Medium,No,OwnBrand,Tablet,TL3,FR,167716,PLANT_SOLIDS,Low,IBUP400TAB,TabletsCaps
BATCH03758,Medium,No,Contract,Hormonal,HORM1,ES,24505,PLANT_SPECIAL,Medium,LEVOHORMIMPL,Units
BATCH06223,High,Yes,Contract,Injectable,INJ1,UK,8598,PLANT_PARENTERAL,Low,CEF1GIV,Units
BATCH08848,Medium,No,OwnBrand,Injectable,INJ1,FR,8447,PLANT_PARENTERAL,Medium,HEP5000SC,Units
BATCH02381,Low,No,Contract,Device,DEV2,UK,27549,PLANT_SPECIAL,Medium,INHALER,Units
BATCH04997,Low,No,OwnBrand,Hormonal,HORM2,PT,49010,PLANT_SPECIAL,Low,EE30TAB,Units
BATCH08663,High,No,Contract,Injectable,INJ2,UK,43876,PLANT_PARENTERAL,Medium,CEF1GIV,Units
BATCH05661,High,No,Contract,Capsule,CL2,DE,142667,PLANT_SOLIDS,Low,AMOX500CAP,TabletsCaps
BATCH09662,Medium,No,OwnBrand,Device,DEV2,DE,10161,PLANT_SPECIAL,High,INSUPEN,Units
BATCH09148,High,No,Contract,Injectable,INJ2,UK,31478,PLANT_PARENTERAL,Medium,CEF1GIV,Units
BATCH04402,Low,No,OwnBrand,Hormonal,HORM2,PT,5501,PLANT_SPECIAL,Low,EE30TAB,Units
BATCH06559,High,No,Contract,Capsule,CL1,DE,483822,PLANT_SOLIDS,High,AMOX500CAP,TabletsCaps
BATCH05771,Medium,No,Contract,Hormonal,HORM2,ES,45607,PLANT_SPECIAL,Medium,LEVOHORMIMPL,Units
BATCH06610,Low,No,Contract,Device,DEV2,UK,37556,PLANT_SPECIAL,Medium,INHALER,Units
BATCH07674,Low,No,OwnBrand,Tablet,TL2,ES,356387,PLANT_SOLIDS,Low,PARA500TAB,TabletsCaps
BATCH05991,Low,No,OwnBrand,Capsule,CL1,IT,218101,PLANT_SOLIDS,High,OMEP20CAP,TabletsCaps
BATCH07445,Medium,No,OwnBrand,Tablet,TL3,FR,274803,PLANT_SOLIDS,Medium,IBUP400TAB,TabletsCaps
BATCH03049,Low,No,Contract,Device,DEV1,UK,9598,PLANT_SPECIAL,Low,INHALER,Units
BATCH01412,Low,Yes,OwnBrand,Tablet,TL2,ES,476937,PLANT_SOLIDS,Medium,PARA500TAB,TabletsCaps
BATCH03028,High,No,Contract,Capsule,CL2,DE,443012,PLANT_SOLIDS,High,AMOX500CAP,TabletsCaps
BATCH00302,Low,Yes,Contract,Device,DEV2,UK,42765,PLANT_SPECIAL,Medium,INHALER,Units
BATCH01045,Medium,No,OwnBrand,Tablet,TL3,FR,247648,PLANT_SOLIDS,High,IBUP400TAB,TabletsCaps
BATCH06187,Medium,Yes,OwnBrand,Tablet,TL2,FR,327899,PLANT_SOLIDS,High,IBUP400TAB,TabletsCaps
BATCH00999,Medium,Yes,OwnBrand,Injectable,INJ2,FR,42344,PLANT_PARENTERAL,Medium,HEP5000SC,Units
BATCH07100,Medium,No,OwnBrand,Injectable,INJ1,FR,33895,PLANT_PARENTERAL,Medium,HEP5000SC,Units
BATCH04352,Medium,No,OwnBrand,Tablet,TL2,FR,151282,PLANT_SOLIDS,Medium,IBUP400TAB,TabletsCaps
BATCH08395,Low,Yes,OwnBrand,Tablet,TL3,ES,495573,PLANT_SOLIDS,Medium,PARA500TAB,TabletsCaps
BATCH04936,Medium,No,OwnBrand,Device,DEV1,DE,49218,PLANT_SPECIAL,High,INSUPEN,Units
BATCH05393,Medium,Yes,OwnBrand,Tablet,TL1,FR,347729,PLANT_SOLIDS,Medium,IBUP400TAB,TabletsCaps
BATCH06517,Medium,No,Contract,Hormonal,HORM2,ES,22627,PLANT_SPECIAL,Low,LEVOHORMIMPL,Units
BATCH03286,Medium,Yes,Contract,Hormonal,HORM1,ES,25895,PLANT_SPECIAL,Medium,LEVOHORMIMPL,Units
BATCH07587,Medium,Yes,Contract,Hormonal,HORM2,ES,48998,PLANT_SPECIAL,Medium,LEVOHORMIMPL,Units
BATCH00543,Low,No,OwnBrand,Hormonal,HORM1,PT,23904,PLANT_SPECIAL,Medium,EE30TAB,Units
BATCH03721,High,No,Contract,Injectable,INJ1,UK,4845,PLANT_PARENTERAL,Medium,CEF1GIV,Units
BATCH08550,Medium,No,Contract,Hormonal,HORM2,ES,39553,PLANT_SPECIAL,High,LEVOHORMIMPL,Units
BATCH01085,Low,No,Contract,Device,DEV1,UK,34057,PLANT_SPECIAL,Medium,INHALER,Units
BATCH05611,Medium,Yes,OwnBrand,Injectable,INJ2,FR,2694,PLANT_PARENTERAL,Low,HEP5000SC,Units
BATCH00766,Medium,No,OwnBrand,Injectable,INJ2,FR,33119,PLANT_PARENTERAL,High,HEP5000SC,Units
BATCH09952,High,No,Contract,Capsule,CL2,DE,252500,PLANT_SOLIDS,Medium,AMOX500CAP,TabletsCaps
BATCH05371,High,Yes,Contract,Capsule,CL1,DE,420299,PLANT_SOLIDS,Medium,AMOX500CAP,TabletsCaps
BATCH02082,Low,No,OwnBrand,Tablet,TL3,ES,54943,PLANT_SOLIDS,Medium,PARA500TAB,TabletsCaps
BATCH04848,Medium,Yes,Contract,Hormonal,HORM1,ES,39353,PLANT_SPECIAL,High,LEVOHORMIMPL,Units
BATCH03051,Medium,No,OwnBrand,Injectable,INJ2,FR,49547,PLANT_PARENTERAL,Medium,HEP5000SC,Units
BATCH04032,Low,No,OwnBrand,Capsule,CL1,IT,196350,PLANT_SOLIDS,High,OMEP20CAP,TabletsCaps
BATCH06995,Low,No,OwnBrand,Hormonal,HORM2,PT,38354,PLANT_SPECIAL,Medium,EE30TAB,Units
BATCH05644,Low,No,Contract,Device,DEV2,UK,29937,PLANT_SPECIAL,Medium,INHALER,Units
BATCH09628,Medium,Yes,Contract,Hormonal,HORM1,ES,6492,PLANT_SPECIAL,Low,LEVOHORMIMPL,Units
BATCH03375,Medium,No,OwnBrand,Tablet,TL2,FR,240437,PLANT_SOLIDS,Medium,IBUP400TAB,TabletsCaps
BATCH04008,High,No,Contract,Injectable,INJ1,UK,34625,PLANT_PARENTERAL,Low,CEF1GIV,Units
BATCH00332,Low,No,OwnBrand,Hormonal,HORM1,PT,40430,PLANT_SPECIAL,High,EE30TAB,Units
BATCH04322,Low,No,OwnBrand,Tablet,TL1,ES,168441,PLANT_SOLIDS,Medium,PARA500TAB,TabletsCaps
BATCH05242,Low,No,Contract,Device,DEV2,UK,25445,PLANT_SPECIAL,Medium,INHALER,Units
BATCH03310,Low,No,OwnBrand,Capsule,CL2,IT,309601,PLANT_SOLIDS,High,OMEP20CAP,TabletsCaps
BATCH09405,Medium,Yes,OwnBrand,Tablet,TL3,FR,319432,PLANT_SOLIDS,Medium,IBUP400TAB,TabletsCaps
BATCH08062,Medium,No,OwnBrand,Device,DEV2,DE,47099,PLANT_SPECIAL,Medium,INSUPEN,Units
BATCH01093,Medium,No,OwnBrand,Device,DEV1,DE,27568,PLANT_SPECIAL,High,INSUPEN,Units
BATCH09920,Medium,No,OwnBrand,Tablet,TL1,FR,54087,PLANT_SOLIDS,Medium,IBUP400TAB,TabletsCaps
BATCH08263,Medium,No,OwnBrand,Tablet,TL2,FR,284962,PLANT_SOLIDS,Medium,IBUP400TAB,TabletsCaps
BATCH05112,Medium,Yes,OwnBrand,Injectable,INJ2,FR,6775,PLANT_PARENTERAL,Medium,HEP5000SC,Units
BATCH08458,Low,No,OwnBrand,Tablet,TL2,ES,180684,PLANT_SOLIDS,High,PARA500TAB,TabletsCaps
BATCH09314,Medium,No,OwnBrand,Device,DEV1,DE,28773,PLANT_SPECIAL,High,INSUPEN,Units
BATCH01563,Low,Yes,OwnBrand,Capsule,CL2,IT,258113,PLANT_SOLIDS,Low,OMEP20CAP,TabletsCaps
BATCH05170,High,No,Contract,Capsule,CL1,DE,473249,PLANT_SOLIDS,Medium,AMOX500CAP,TabletsCaps
BATCH01717,High,No,Contract,Capsule,CL1,DE,439547,PLANT_SOLIDS,Low,AMOX500CAP,TabletsCaps
BATCH00662,Medium,No,OwnBrand,Device,DEV1,DE,1433,PLANT_SPECIAL,Low,INSUPEN,Units
BATCH09022,Medium,No,OwnBrand,Injectable,INJ2,FR,35543,PLANT_PARENTERAL,Medium,HEP5000SC,Units
BATCH02302,High,Yes,Contract,Capsule,CL1,DE,90460,PLANT_SOLIDS,Medium,AMOX500CAP,TabletsCaps
BATCH01420,Low,Yes,Contract,Device,DEV1,UK,41186,PLANT_SPECIAL,Medium,INHALER,Units
BATCH05414,Low,Yes,Contract,Device,DEV2,UK,23265,PLANT_SPECIAL,Medium,INHALER,Units
BATCH02696,Medium,No,OwnBrand,Injectable,INJ1,FR,26827,PLANT_PARENTERAL,Low,HEP5000SC,Units
BATCH02104,Medium,No,OwnBrand,Injectable,INJ2,FR,5206,PLANT_PARENTERAL,Medium,HEP5000SC,Units
BATCH09151,Low,Yes,OwnBrand,Tablet,TL1,ES,224896,PLANT_SOLIDS,Medium,PARA500TAB,TabletsCaps
BATCH01496,Medium,No,Contract,Hormonal,HORM1,ES,46255,PLANT_SPECIAL,High,LEVOHORMIMPL,Units
BATCH01397,High,No,Contract,Capsule,CL2,DE,68508,PLANT_SOLIDS,Low,AMOX500CAP,TabletsCaps
BATCH04123,Low,Yes,Contract,Device,DEV1,UK,25001,PLANT_SPECIAL,High,INHALER,Units
BATCH09761,Medium,No,OwnBrand,Device,DEV1,DE,31585,PLANT_SPECIAL,Low,INSUPEN,Units
BATCH04375,Low,No,Contract,Device,DEV1,UK,29938,PLANT_SPECIAL,Low,INHALER,Units
BATCH04188,Low,No,Contract,Device,DEV2,UK,11232,PLANT_SPECIAL,High,INHALER,Units
BATCH02000,Low,No,OwnBrand,Capsule,CL2,IT,304933,PLANT_SOLIDS,Low,OMEP20CAP,TabletsCaps
BATCH02794,Medium,Yes,OwnBrand,Tablet,TL1,FR,384359,PLANT_SOLIDS,Medium,IBUP400TAB,TabletsCaps
BATCH05324,Low,No,OwnBrand,Tablet,TL1,ES,335727,PLANT_SOLIDS,Medium,PARA500TAB,TabletsCaps
BATCH01341,Medium,No,OwnBrand,Injectable,INJ2,FR,3703,PLANT_PARENTERAL,High,HEP5000SC,Units
BATCH05561,Low,No,OwnBrand,Tablet,TL3,ES,221841,PLANT_SOLIDS,Medium,PARA500TAB,TabletsCaps
BATCH09794,Medium,No,OwnBrand,Tablet,TL1,FR,347328,PLANT_SOLIDS,High,IBUP400TAB,TabletsCaps
BATCH00790,Medium,Yes,Contract,Hormonal,HORM1,ES,32792,PLANT_SPECIAL,Low,LEVOHORMIMPL,Units
BATCH04414,Medium,No,OwnBrand,Tablet,TL3,FR,58737,PLANT_SOLIDS,High,IBUP400TAB,TabletsCaps
BATCH00130,High,No,Contract,Injectable,INJ1,UK,21540,PLANT_PARENTERAL,High,CEF1GIV,Units
BATCH03836,High,No,Contract,Capsule,CL1,DE,79389,PLANT_SOLIDS,Medium,AMOX500CAP,TabletsCaps
BATCH09841,Medium,Yes,Contract,Hormonal,HORM2,ES,42045,PLANT_SPECIAL,Low,LEVOHORMIMPL,Units
BATCH00158,High,No,Contract,Injectable,INJ2,UK,6249,PLANT_PARENTERAL,Low,CEF1GIV,Units
BATCH02576,Medium,No,OwnBrand,Tablet,TL3,FR,272822,PLANT_SOLIDS,Low,IBUP400TAB,TabletsCaps
BATCH05106,High,No,Contract,Capsule,CL1,DE,97264,PLANT_SOLIDS,High,AMOX500CAP,TabletsCaps
BATCH07214,Medium,Yes,OwnBrand,Device,DEV1,DE,43188,PLANT_SPECIAL,Medium,INSUPEN,Units
BATCH03005,High,No,Contract,Injectable,INJ1,UK,29495,PLANT_PARENTERAL,Low,CEF1GIV,Units
BATCH07633,Medium,No,OwnBrand,Tablet,TL1,FR,298796,PLANT_SOLIDS,Medium,IBUP400TAB,TabletsCaps
BATCH02513,Medium,Yes,Contract,Hormonal,HORM1,ES,20801,PLANT_SPECIAL,Medium,LEVOHORMIMPL,Units
BATCH03253,High,Yes,Contract,Injectable,INJ1,UK,42689,PLANT_PARENTERAL,Medium,CEF1GIV,Units
BATCH05505,Low,No,OwnBrand,Hormonal,HORM2,PT,6495,PLANT_SPECIAL,High,EE30TAB,Units
BATCH08129,Medium,No,OwnBrand,Tablet,TL3,FR,282726,PLANT_SOLIDS,High,IBUP400TAB,TabletsCaps
BATCH00018,High,No,Contract,Capsule,CL2,DE,492342,PLANT_SOLIDS,Low,AMOX500CAP,TabletsCaps
BATCH07185,Low,No,OwnBrand,Hormonal,HORM1,PT,32071,PLANT_SPECIAL,Low,EE30TAB,Units
BATCH03792,Medium,Yes,OwnBrand,Device,DEV1,DE,43884,PLANT_SPECIAL,Medium,INSUPEN,Units
BATCH05898,Medium,Yes,OwnBrand,Device,DEV1,DE,40601,PLANT_SPECIAL,Medium,INSUPEN,Units
BATCH06634,Medium,Yes,OwnBrand,Device,DEV1,DE,26452,PLANT_SPECIAL,High,INSUPEN,Units
BATCH02867,High,Yes,Contract,Capsule,CL2,DE,263570,PLANT_SOLIDS,High,AMOX500CAP,TabletsCaps
BATCH07420,Low,No,OwnBrand,Hormonal,HORM1,PT,44674,PLANT_SPECIAL,Medium,EE30TAB,Units
BATCH01381,Low,Yes,OwnBrand,Tablet,TL1,ES,351635,PLANT_SOLIDS,Medium,PARA500TAB,TabletsCaps
BATCH00435,Medium,No,OwnBrand,Tablet,TL3,FR,73674,PLANT_SOLIDS,Medium,IBUP400TAB,TabletsCaps
BATCH07490,Medium,Yes,OwnBrand,Tablet,TL1,FR,352307,PLANT_SOLIDS,Medium,IBUP400TAB,TabletsCaps
BATCH05620,High,No,Contract,Capsule,CL1,DE,488237,PLANT_SOLIDS,Medium,AMOX500CAP,TabletsCaps
BATCH05309,High,No,Contract,Capsule,CL2,DE,84864,PLANT_SOLIDS,Medium,AMOX500CAP,TabletsCaps
BATCH08145,Low,Yes,OwnBrand,Hormonal,HORM1,PT,12016,PLANT_SPECIAL,Medium,EE30TAB,Units
BATCH00372,Low,No,OwnBrand,Tablet,TL3,ES,115075,PLANT_SOLIDS,Low,PARA500TAB,TabletsCaps
BATCH04579,High,No,Contract,Injectable,INJ2,UK,45764,PLANT_PARENTERAL,Medium,CEF1GIV,Units
BATCH03929,High,Yes,Contract,Capsule,CL1,DE,167161,PLANT_SOLIDS,Medium,AMOX500CAP,TabletsCaps
BATCH07242,High,No,Contract,Injectable,INJ1,UK,42737,PLANT_PARENTERAL,Medium,CEF1GIV,Units
BATCH02047,Low,Yes,Contract,Device,DEV2,UK,45855,PLANT_SPECIAL,Medium,INHALER,Units
BATCH02152,Low,No,OwnBrand,Tablet,TL2,ES,415001,PLANT_SOLIDS,High,PARA500TAB,TabletsCaps
BATCH05386,Low,No,Contract,Device,DEV2,UK,1638,PLANT_SPECIAL,Medium,INHALER,Units
BATCH02539,Medium,No,OwnBrand,Device,DEV1,DE,4409,PLANT_SPECIAL,High,INSUPEN,Units
BATCH08426,Low,No,OwnBrand,Hormonal,HORM2,PT,39611,PLANT_SPECIAL,High,EE30TAB,Units
BATCH01280,Low,No,Contract,Device,DEV1,UK,12253,PLANT_SPECIAL,Low,INHALER,Units
BATCH01222,Low,No,OwnBrand,Tablet,TL2,ES,352077,PLANT_SOLIDS,High,PARA500TAB,TabletsCaps
BATCH03189,Low,Yes,Contract,Device,DEV2,UK,12718,PLANT_SPECIAL,Low,INHALER,Units
BATCH03701,High,No,Contract,Capsule,CL1,DE,53973,PLANT_SOLIDS,High,AMOX500CAP,TabletsCaps
BATCH01957,Medium,No,OwnBrand,Tablet,TL3,FR,488184,PLANT_SOLIDS,High,IBUP400TAB,TabletsCaps
BATCH07472,Low,No,OwnBrand,Hormonal,HORM1,PT,10881,PLANT_SPECIAL,High,EE30TAB,Units
BATCH08047,Medium,No,OwnBrand,Device,DEV2,DE,28173,PLANT_SPECIAL,Medium,INSUPEN,Units
BATCH07141,Medium,No,Contract,Hormonal,HORM1,ES,43165,PLANT_SPECIAL,Low,LEVOHORMIMPL,Units
BATCH01564,Low,Yes,OwnBrand,Tablet,TL2,ES,468851,PLANT_SOLIDS,High,PARA500TAB,TabletsCaps
BATCH01582,High,No,Contract,Capsule,CL1,DE,195869,PLANT_SOLIDS,High,AMOX500CAP,TabletsCaps
BATCH05730,Medium,No,OwnBrand,Device,DEV1,DE,19692,PLANT_SPECIAL,High,INSUPEN,Units
BATCH00319,Medium,No,OwnBrand,Device,DEV1,DE,9510,PLANT_SPECIAL,Medium,INSUPEN,Units
BATCH08903,High,Yes,Contract,Injectable,INJ2,UK,28262,PLANT_PARENTERAL,High,CEF1GIV,Units
BATCH04700,Low,No,OwnBrand,Tablet,TL3,ES,61169,PLANT_SOLIDS,Medium,PARA500TAB,TabletsCaps
BATCH07133,Medium,No,OwnBrand,Injectable,INJ2,FR,16238,PLANT_PARENTERAL,Medium,HEP5000SC,Units
BATCH04887,Medium,No,OwnBrand,Tablet,TL1,FR,455829,PLANT_SOLIDS,Medium,IBUP400TAB,TabletsCaps
BATCH08338,High,No,Contract,Injectable,INJ1,UK,45583,PLANT_PARENTERAL,Low,CEF1GIV,Units
BATCH09183,Medium,No,OwnBrand,Injectable,INJ2,FR,46992,PLANT_PARENTERAL,Low,HEP5000SC,Units
BATCH04028,High,No,Contract,Capsule,CL1,DE,488789,PLANT_SOLIDS,Medium,AMOX500CAP,TabletsCaps
BATCH09360,Medium,Yes,OwnBrand,Injectable,INJ2,FR,22664,PLANT_PARENTERAL,High,HEP5000SC,Units
BATCH09100,Medium,Yes,Contract,Hormonal,HORM1,ES,41476,PLANT_SPECIAL,High,LEVOHORMIMPL,Units
BATCH07959,High,No,Contract,Injectable,INJ2,UK,34602,PLANT_PARENTERAL,Medium,CEF1GIV,Units
BATCH03598,High,No,Contract,Injectable,INJ1,UK,31955,PLANT_PARENTERAL,Medium,CEF1GIV,Units
BATCH08274,Low,No,OwnBrand,Tablet,TL2,ES,408930,PLANT_SOLIDS,Medium,PARA500TAB,TabletsCaps
BATCH02079,Low,No,OwnBrand,Tablet,TL3,ES,498102,PLANT_SOLIDS,Low,PARA500TAB,TabletsCaps
BATCH03839,Low,No,OwnBrand,Tablet,TL3,ES,124845,PLANT_SOLIDS,Medium,PARA500TAB,TabletsCaps
BATCH01277,Medium,No,OwnBrand,Device,DEV2,DE,15957,PLANT_SPECIAL,Low,INSUPEN,Units
BATCH07583,Medium,Yes,OwnBrand,Injectable,INJ2,FR,13094,PLANT_PARENTERAL,Low,HEP5000SC,Units
BATCH08974,Low,No,OwnBrand,Tablet,TL1,ES,468136,PLANT_SOLIDS,Medium,PARA500TAB,TabletsCaps
BATCH05908,Medium,No,OwnBrand,Device,DEV2,DE,16694,PLANT_SPECIAL,Medium,INSUPEN,Units
BATCH08872,High,No,Contract,Injectable,INJ2,UK,35516,PLANT_PARENTERAL,Medium,CEF1GIV,Units
BATCH08632,Medium,No,Contract,Hormonal,HORM2,ES,21626,PLANT_SPECIAL,High,LEVOHORMIMPL,Units
BATCH04337,High,No,Contract,Injectable,INJ1,UK,39031,PLANT_PARENTERAL,Low,CEF1GIV,Units
BATCH09756,Medium,No,OwnBrand,Injectable,INJ1,FR,44656,PLANT_PARENTERAL,Low,HEP5000SC,Units
BATCH03636,Low,No,OwnBrand,Tablet,TL3,ES,274658,PLANT_SOLIDS,Medium,PARA500TAB,TabletsCaps
BATCH05033,Low,No,OwnBrand,Tablet,TL2,ES,171211,PLANT_SOLIDS,Medium,PARA500TAB,TabletsCaps
BATCH06557,Medium,No,OwnBrand,Tablet,TL3,FR,135455,PLANT_SOLIDS,Low,IBUP400TAB,TabletsCaps
BATCH00146,Medium,No,Contract,Hormonal,HORM1,ES,12862,PLANT_SPECIAL,Low,LEVOHORMIMPL,Units
BATCH02709,High,Yes,Contract,Capsule,CL1,DE,90365,PLANT_SOLIDS,Medium,AMOX500CAP,TabletsCaps
BATCH02648,Low,No,OwnBrand,Hormonal,HORM2,PT,11288,PLANT_SPECIAL,Medium,EE30TAB,Units
BATCH06592,Medium,No,Contract,Hormonal,HORM1,ES,3248,PLANT_SPECIAL,Medium,LEVOHORMIMPL,Units
BATCH05584,Medium,Yes,OwnBrand,Tablet,TL3,FR,128720,PLANT_SOLIDS,Medium,IBUP400TAB,TabletsCaps
BATCH00851,Medium,No,OwnBrand,Tablet,TL2,FR,357545,PLANT_SOLIDS,High,IBUP400TAB,TabletsCaps
BATCH02450,Medium,No,OwnBrand,Tablet,TL1,FR,97646,PLANT_SOLIDS,High,IBUP400TAB,TabletsCaps
BATCH07325,Low,No,OwnBrand,Capsule,CL1,IT,138792,PLANT_SOLIDS,Low,OMEP20CAP,TabletsCaps
BATCH08266,Low,Yes,OwnBrand,Tablet,TL3,ES,351937,PLANT_SOLIDS,High,PARA500TAB,TabletsCaps
BATCH05198,High,No,Contract,Injectable,INJ1,UK,42127,PLANT_PARENTERAL,Medium,CEF1GIV,Units
BATCH08857,Low,No,OwnBrand,Hormonal,HORM1,PT,1334,PLANT_SPECIAL,Medium,EE30TAB,Units
BATCH01265,Low,No,OwnBrand,Hormonal,HORM2,PT,4136,PLANT_SPECIAL,High,EE30TAB,Units
BATCH08553,Low,Yes,OwnBrand,Hormonal,HORM2,PT,24262,PLANT_SPECIAL,Medium,EE30TAB,Units
BATCH02378,Low,Yes,OwnBrand,Hormonal,HORM2,PT,45852,PLANT_SPECIAL,Medium,EE30TAB,Units
BATCH09330,Low,No,OwnBrand,Tablet,TL1,ES,377981,PLANT_SOLIDS,Low,PARA500TAB,TabletsCaps
BATCH09610,Medium,Yes,Contract,Hormonal,HORM1,ES,48680,PLANT_SPECIAL,Medium,LEVOHORMIMPL,Units
BATCH07230,High,No,Contract,Capsule,CL1,DE,221176,PLANT_SOLIDS,Low,AMOX500CAP,TabletsCaps
BATCH05186,Medium,Yes,OwnBrand,Device,DEV2,DE,41329,PLANT_SPECIAL,Medium,INSUPEN,Units
BATCH00994,Medium,No,OwnBrand,Injectable,INJ1,FR,33739,PLANT_PARENTERAL,Medium,HEP5000SC,Units
BATCH08497,Low,No,OwnBrand,Hormonal,HORM1,PT,17010,PLANT_SPECIAL,Medium,EE30TAB,Units
BATCH02771,Low,No,Contract,Device,DEV1,UK,17549,PLANT_SPECIAL,Low,INHALER,Units
BATCH03882,Medium,No,OwnBrand,Tablet,TL1,FR,441061,PLANT_SOLIDS,Medium,IBUP400TAB,TabletsCaps
BATCH01847,Medium,No,Contract,Hormonal,HORM2,ES,19339,PLANT_SPECIAL,High,LEVOHORMIMPL,Units
BATCH00353,Medium,No,OwnBrand,Device,DEV1,DE,16416,PLANT_SPECIAL,Medium,INSUPEN,Units
BATCH03535,Low,Yes,OwnBrand,Capsule,CL1,IT,65741,PLANT_SOLIDS,High,OMEP20CAP,TabletsCaps
BATCH04891,Low,Yes,OwnBrand,Tablet,TL2,ES,85770,PLANT_SOLIDS,Low,PARA500TAB,TabletsCaps
BATCH00680,Medium,No,OwnBrand,Injectable,INJ2,FR,7016,PLANT_PARENTERAL,High,HEP5000SC,Units
BATCH08901,Low,No,Contract,Device,DEV2,UK,31330,PLANT_SPECIAL,Medium,INHALER,Units
BATCH00856,Low,No,OwnBrand,Capsule,CL2,IT,129181,PLANT_SOLIDS,Low,OMEP20CAP,TabletsCaps
BATCH04645,Low,No,OwnBrand,Capsule,CL2,IT,174880,PLANT_SOLIDS,Low,OMEP20CAP,TabletsCaps
BATCH05172,Low,No,OwnBrand,Tablet,TL2,ES,73387,PLANT_SOLIDS,Low,PARA500TAB,TabletsCaps
BATCH02633,Medium,No,OwnBrand,Injectable,INJ1,FR,19146,PLANT_PARENTERAL,Medium,HEP5000SC,Units
BATCH05504,Low,No,OwnBrand,Capsule,CL1,IT,111300,PLANT_SOLIDS,Medium,OMEP20CAP,TabletsCaps
BATCH02481,Medium,No,OwnBrand,Device,DEV2,DE,2486,PLANT_SPECIAL,High,INSUPEN,Units
BATCH00187,Low,No,Contract,Device,DEV1,UK,16472,PLANT_SPECIAL,Medium,INHALER,Units
BATCH06302,Medium,No,OwnBrand,Tablet,TL1,FR,247094,PLANT_SOLIDS,Low,IBUP400TAB,TabletsCaps
BATCH03578,Low,No,Contract,Device,DEV2,UK,40553,PLANT_SPECIAL,Low,INHALER,Units
BATCH07887,High,No,Contract,Capsule,CL2,DE,106436,PLANT_SOLIDS,High,AMOX500CAP,TabletsCaps
BATCH07879,Medium,No,OwnBrand,Injectable,INJ2,FR,7912,PLANT_PARENTERAL,Medium,HEP5000SC,Units
BATCH09204,Medium,Yes,OwnBrand,Injectable,INJ2,FR,24606,PLANT_PARENTERAL,Medium,HEP5000SC,Units
BATCH07274,High,Yes,Contract,Injectable,INJ2,UK,47257,PLANT_PARENTERAL,Low,CEF1GIV,Units
BATCH00276,High,No,Contract,Capsule,CL2,DE,449635,PLANT_SOLIDS,Medium,AMOX500CAP,TabletsCaps
BATCH02462,Medium,Yes,OwnBrand,Tablet,TL1,FR,233233,PLANT_SOLIDS,Medium,IBUP400TAB,TabletsCaps
BATCH01387,Low,Yes,OwnBrand,Hormonal,HORM1,PT,11281,PLANT_SPECIAL,Low,EE30TAB,Units
BATCH09152,Low,No,OwnBrand,Tablet,TL2,ES,476949,PLANT_SOLIDS,Low,PARA500TAB,TabletsCaps
BATCH08205,Medium,No,OwnBrand,Injectable,INJ1,FR,17940,PLANT_PARENTERAL,Medium,HEP5000SC,Units
BATCH00776,High,No,Contract,Injectable,INJ2,UK,20940,PLANT_PARENTERAL,Low,CEF1GIV,Units
BATCH01330,Low,Yes,OwnBrand,Capsule,CL2,IT,128182,PLANT_SOLIDS,High,OMEP20CAP,TabletsCaps
BATCH08722,High,No,Contract,Injectable,INJ2,UK,17520,PLANT_PARENTERAL,High,CEF1GIV,Units
BATCH02932,High,No,Contract,Injectable,INJ1,UK,44209,PLANT_PARENTERAL,Medium,CEF1GIV,Units
BATCH05715,Medium,No,OwnBrand,Device,DEV2,DE,22722,PLANT_SPECIAL,Medium,INSUPEN,Units
BATCH00732,Medium,No,Contract,Hormonal,HORM1,ES,37246,PLANT_SPECIAL,Medium,LEVOHORMIMPL,Units
BATCH05766,Medium,No,OwnBrand,Tablet,TL2,FR,145364,PLANT_SOLIDS,Low,IBUP400TAB,TabletsCaps
BATCH02906,High,No,Contract,Injectable,INJ1,UK,9095,PLANT_PARENTERAL,High,CEF1GIV,Units
BATCH07359,Medium,No,OwnBrand,Device,DEV1,DE,27936,PLANT_SPECIAL,Medium,INSUPEN,Units
BATCH00913,Medium,No,OwnBrand,Injectable,INJ1,FR,24764,PLANT_PARENTERAL,Low,HEP5000SC,Units
BATCH00016,Low,No,OwnBrand,Hormonal,HORM1,PT,19009,PLANT_SPECIAL,High,EE30TAB,Units
BATCH06310,Low,No,OwnBrand,Hormonal,HORM1,PT,21270,PLANT_SPECIAL,Low,EE30TAB,Units
BATCH06247,Medium,No,Contract,Hormonal,HORM1,ES,41432,PLANT_SPECIAL,High,LEVOHORMIMPL,Units
BATCH06387,Low,No,OwnBrand,Capsule,CL1,IT,291141,PLANT_SOLIDS,Medium,OMEP20CAP,TabletsCaps
BATCH00600,High,No,Contract,Capsule,CL1,DE,149048,PLANT_SOLIDS,Medium,AMOX500CAP,TabletsCaps
BATCH00688,Medium,No,OwnBrand,Device,DEV2,DE,48736,PLANT_SPECIAL,High,INSUPEN,Units
BATCH02582,Medium,No,OwnBrand,Device,DEV1,DE,37069,PLANT_SPECIAL,Medium,INSUPEN,Units
BATCH02252,High,No,Contract,Injectable,INJ2,UK,12988,PLANT_PARENTERAL,High,CEF1GIV,Units
BATCH02601,Low,No,OwnBrand,Tablet,TL1,ES,110910,PLANT_SOLIDS,Medium,PARA500TAB,TabletsCaps
BATCH02002,Low,No,Contract,Device,DEV1,UK,29931,PLANT_SPECIAL,Medium,INHALER,Units
BATCH08832,High,No,Contract,Injectable,INJ1,UK,9875,PLANT_PARENTERAL,Medium,CEF1GIV,Units
BATCH05265,High,No,Contract,Injectable,INJ1,UK,27446,PLANT_PARENTERAL,High,CEF1GIV,Units
BATCH09279,Low,No,OwnBrand,Hormonal,HORM2,PT,17102,PLANT_SPECIAL,Medium,EE30TAB,Units
BATCH04924,Low,Yes,OwnBrand,Capsule,CL1,IT,448982,PLANT_SOLIDS,Medium,OMEP20CAP,TabletsCaps
BATCH02372,Medium,No,OwnBrand,Injectable,INJ1,FR,11440,PLANT_PARENTERAL,Medium,HEP5000SC,Units
BATCH09185,Low,No,OwnBrand,Tablet,TL2,ES,367285,PLANT_SOLIDS,High,PARA500TAB,TabletsCaps
BATCH08847,Low,No,Contract,Device,DEV1,UK,39924,PLANT_SPECIAL,Medium,INHALER,Units
BATCH03155,Low,No,OwnBrand,Capsule,CL2,IT,103920,PLANT_SOLIDS,High,OMEP20CAP,TabletsCaps
BATCH02148,Medium,No,OwnBrand,Tablet,TL2,FR,67342,PLANT_SOLIDS,High,IBUP400TAB,TabletsCaps
BATCH03126,Low,No,Contract,Device,DEV1,UK,15893,PLANT_SPECIAL,High,INHALER,Units
BATCH08284,Medium,No,Contract,Hormonal,HORM1,ES,2055,PLANT_SPECIAL,High,LEVOHORMIMPL,Units
BATCH01728,Medium,No,OwnBrand,Device,DEV2,DE,35430,PLANT_SPECIAL,Medium,INSUPEN,Units
BATCH01944,Low,No,OwnBrand,Hormonal,HORM1,PT,33453,PLANT_SPECIAL,Medium,EE30TAB,Units
BATCH00174,Medium,Yes,OwnBrand,Injectable,INJ2,FR,15028,PLANT_PARENTERAL,Low,HEP5000SC,Units
BATCH02968,Medium,Yes,OwnBrand,Tablet,TL1,FR,106768,PLANT_SOLIDS,Medium,IBUP400TAB,TabletsCaps
BATCH04724,Medium,Yes,Contract,Hormonal,HORM1,ES,6270,PLANT_SPECIAL,Medium,LEVOHORMIMPL,Units
BATCH07919,Medium,No,OwnBrand,Tablet,TL1,FR,453131,PLANT_SOLIDS,Medium,IBUP400TAB,TabletsCaps
BATCH05087,Low,No,OwnBrand,Hormonal,HORM2,PT,43780,PLANT_SPECIAL,Medium,EE30TAB,Units
BATCH09223,Low,Yes,OwnBrand,Tablet,TL2,ES,103176,PLANT_SOLIDS,High,PARA500TAB,TabletsCaps
BATCH04385,Medium,No,OwnBrand,Injectable,INJ2,FR,14646,PLANT_PARENTERAL,Medium,HEP5000SC,Units
BATCH03717,High,No,Contract,Injectable,INJ2,UK,30578,PLANT_PARENTERAL,Low,CEF1GIV,Units
BATCH07072,Medium,No,OwnBrand,Tablet,TL3,FR,183372,PLANT_SOLIDS,Medium,IBUP400TAB,TabletsCaps
BATCH02961,Low,No,OwnBrand,Capsule,CL1,IT,399722,PLANT_SOLIDS,Medium,OMEP20CAP,TabletsCaps
BATCH01656,Low,Yes,Contract,Device,DEV1,UK,29381,PLANT_SPECIAL,Medium,INHALER,Units
BATCH08465,Low,No,OwnBrand,Hormonal,HORM1,PT,29048,PLANT_SPECIAL,Medium,EE30TAB,Units
BATCH04392,Medium,No,OwnBrand,Tablet,TL3,FR,387133,PLANT_SOLIDS,Medium,IBUP400TAB,TabletsCaps
BATCH00770,Medium,No,OwnBrand,Tablet,TL2,FR,346239,PLANT_SOLIDS,Medium,IBUP400TAB,TabletsCaps
BATCH05974,Low,Yes,OwnBrand,Hormonal,HORM2,PT,3029,PLANT_SPECIAL,Medium,EE30TAB,Units
BATCH01292,Low,Yes,OwnBrand,Hormonal,HORM2,PT,7521,PLANT_SPECIAL,High,EE30TAB,Units
BATCH05405,Low,No,OwnBrand,Tablet,TL1,ES,438974,PLANT_SOLIDS,Low,PARA500TAB,TabletsCaps
BATCH03315,Low,No,OwnBrand,Capsule,CL1,IT,142135,PLANT_SOLIDS,Medium,OMEP20CAP,TabletsCaps
BATCH01103,Low,No,Contract,Device,DEV2,UK,44719,PLANT_SPECIAL,High,INHALER,Units
BATCH00921,Low,No,OwnBrand,Capsule,CL2,IT,217115,PLANT_SOLIDS,Medium,OMEP20CAP,TabletsCaps
BATCH03781,Medium,No,Contract,Hormonal,HORM2,ES,31914,PLANT_SPECIAL,High,LEVOHORMIMPL,Units
BATCH02126,Low,Yes,OwnBrand,Tablet,TL1,ES,75155,PLANT_SOLIDS,Low,PARA500TAB,TabletsCaps
BATCH00699,Low,No,Contract,Device,DEV1,UK,30222,PLANT_SPECIAL,Medium,INHALER,Units
BATCH04424,High,No,Contract,Injectable,INJ1,UK,13912,PLANT_PARENTERAL,Medium,CEF1GIV,Units
BATCH03713,Low,No,OwnBrand,Hormonal,HORM1,PT,3980,PLANT_SPECIAL,Medium,EE30TAB,Units
BATCH02991,High,No,Contract,Injectable,INJ1,UK,12512,PLANT_PARENTERAL,Medium,CEF1GIV,Units
BATCH00654,Low,No,OwnBrand,Tablet,TL2,ES,305109,PLANT_SOLIDS,Low,PARA500TAB,TabletsCaps
BATCH08917,Medium,No,OwnBrand,Tablet,TL3,FR,52639,PLANT_SOLIDS,Medium,IBUP400TAB,TabletsCaps
BATCH04151,Medium,No,OwnBrand,Injectable,INJ1,FR,13228,PLANT_PARENTERAL,Low,HEP5000SC,Units
BATCH05488,Low,Yes,OwnBrand,Hormonal,HORM2,PT,44818,PLANT_SPECIAL,Low,EE30TAB,Units
BATCH09382,Medium,No,OwnBrand,Injectable,INJ2,FR,23212,PLANT_PARENTERAL,Low,HEP5000SC,Units
BATCH09453,High,No,Contract,Injectable,INJ1,UK,42094,PLANT_PARENTERAL,High,CEF1GIV,Units
BATCH09691,Low,No,Contract,Device,DEV1,UK,3543,PLANT_SPECIAL,Medium,INHALER,Units
BATCH03210,Medium,No,Contract,Hormonal,HORM1,ES,4990,PLANT_SPECIAL,Low,LEVOHORMIMPL,Units
BATCH01565,Medium,No,OwnBrand,Tablet,TL2,FR,397215,PLANT_SOLIDS,Medium,IBUP400TAB,TabletsCaps
BATCH01515,Low,No,Contract,Device,DEV2,UK,19367,PLANT_SPECIAL,Low,INHALER,Units
BATCH00214,Medium,No,Contract,Hormonal,HORM1,ES,43163,PLANT_SPECIAL,High,LEVOHORMIMPL,Units
BATCH05947,Medium,Yes,OwnBrand,Tablet,TL3,FR,376999,PLANT_SOLIDS,High,IBUP400TAB,TabletsCaps
BATCH01991,Low,No,Contract,Device,DEV1,UK,20939,PLANT_SPECIAL,High,INHALER,Units
BATCH01345,High,Yes,Contract,Capsule,CL2,DE,419618,PLANT_SOLIDS,Medium,AMOX500CAP,TabletsCaps
BATCH07405,Medium,No,OwnBrand,Tablet,TL2,FR,160048,PLANT_SOLIDS,Medium,IBUP400TAB,TabletsCaps
BATCH07127,Medium,Yes,OwnBrand,Injectable,INJ1,FR,7698,PLANT_PARENTERAL,Medium,HEP5000SC,Units
BATCH02322,Medium,No,OwnBrand,Device,DEV1,DE,45803,PLANT_SPECIAL,Low,INSUPEN,Units
BATCH04456,Low,No,OwnBrand,Capsule,CL2,IT,355126,PLANT_SOLIDS,Medium,OMEP20CAP,TabletsCaps
BATCH04474,Low,No,OwnBrand,Hormonal,HORM1,PT,31123,PLANT_SPECIAL,High,EE30TAB,Units
BATCH08166,High,Yes,Contract,Injectable,INJ1,UK,7605,PLANT_PARENTERAL,Medium,CEF1GIV,Units
BATCH05889,Medium,No,OwnBrand,Device,DEV1,DE,40563,PLANT_SPECIAL,Low,INSUPEN,Units
BATCH04310,High,No,Contract,Injectable,INJ1,UK,46383,PLANT_PARENTERAL,Medium,CEF1GIV,Units
BATCH01704,Medium,No,OwnBrand,Injectable,INJ2,FR,29408,PLANT_PARENTERAL,Low,HEP5000SC,Units
BATCH01076,High,No,Contract,Injectable,INJ2,UK,38889,PLANT_PARENTERAL,Medium,CEF1GIV,Units
BATCH00333,Medium,No,Contract,Hormonal,HORM1,ES,31038,PLANT_SPECIAL,Low,LEVOHORMIMPL,Units
BATCH09591,Medium,No,Contract,Hormonal,HORM2,ES,33708,PLANT_SPECIAL,Low,LEVOHORMIMPL,Units
BATCH08111,Medium,No,OwnBrand,Device,DEV1,DE,1073,PLANT_SPECIAL,Medium,INSUPEN,Units
BATCH00759,Low,Yes,OwnBrand,Capsule,CL2,IT,226557,PLANT_SOLIDS,Medium,OMEP20CAP,TabletsCaps
BATCH06226,Medium,No,Contract,Hormonal,HORM2,ES,43516,PLANT_SPECIAL,High,LEVOHORMIMPL,Units
BATCH06484,Low,No,OwnBrand,Tablet,TL2,ES,252595,PLANT_SOLIDS,Medium,PARA500TAB,TabletsCaps
BATCH04874,Medium,No,OwnBrand,Device,DEV1,DE,35618,PLANT_SPECIAL,High,INSUPEN,Units
BATCH03884,Medium,Yes,OwnBrand,Device,DEV2,DE,21433,PLANT_SPECIAL,Low,INSUPEN,Units
BATCH01947,Medium,No,OwnBrand,Device,DEV2,DE,11548,PLANT_SPECIAL,Medium,INSUPEN,Units
BATCH05094,Low,No,OwnBrand,Capsule,CL1,IT,404777,PLANT_SOLIDS,Medium,OMEP20CAP,TabletsCaps
BATCH01876,Medium,No,OwnBrand,Tablet,TL2,FR,231131,PLANT_SOLIDS,Medium,IBUP400TAB,TabletsCaps
BATCH00642,Low,No,OwnBrand,Hormonal,HORM1,PT,15809,PLANT_SPECIAL,Medium,EE30TAB,Units
BATCH00430,Low,No,OwnBrand,Tablet,TL3,ES,50912,PLANT_SOLIDS,High,PARA500TAB,TabletsCaps
BATCH00995,Medium,No,OwnBrand,Injectable,INJ1,FR,49624,PLANT_PARENTERAL,High,HEP5000SC,Units
BATCH01384,Low,No,OwnBrand,Hormonal,HORM1,PT,26413,PLANT_SPECIAL,Medium,EE30TAB,Units
BATCH04013,Medium,No,OwnBrand,Device,DEV2,DE,2652,PLANT_SPECIAL,High,INSUPEN,Units
BATCH09899,Medium,No,Contract,Hormonal,HORM1,ES,23269,PLANT_SPECIAL,Low,LEVOHORMIMPL,Units
BATCH00492,Low,No,Contract,Device,DEV1,UK,23506,PLANT_SPECIAL,Low,INHALER,Units
BATCH08020,High,No,Contract,Injectable,INJ1,UK,31540,PLANT_PARENTERAL,High,CEF1GIV,Units
BATCH09934,Medium,No,OwnBrand,Injectable,INJ2,FR,30452,PLANT_PARENTERAL,Low,HEP5000SC,Units
BATCH01467,Low,Yes,OwnBrand,Hormonal,HORM2,PT,46221,PLANT_SPECIAL,Medium,EE30TAB,Units
BATCH04177,Medium,Yes,OwnBrand,Injectable,INJ2,FR,35255,PLANT_PARENTERAL,Medium,HEP5000SC,Units
BATCH01893,Low,Yes,OwnBrand,Capsule,CL2,IT,177605,PLANT_SOLIDS,Medium,OMEP20CAP,TabletsCaps
BATCH07860,Low,No,Contract,Device,DEV2,UK,32800,PLANT_SPECIAL,Low,INHALER,Units
BATCH06259,Medium,No,OwnBrand,Tablet,TL3,FR,303322,PLANT_SOLIDS,Medium,IBUP400TAB,TabletsCaps
BATCH01615,Medium,Yes,OwnBrand,Injectable,INJ2,FR,15683,PLANT_PARENTERAL,High,HEP5000SC,Units
BATCH07800,Medium,No,OwnBrand,Injectable,INJ1,FR,44547,PLANT_PARENTERAL,Low,HEP5000SC,Units
BATCH06865,High,Yes,Contract,Injectable,INJ1,UK,19294,PLANT_PARENTERAL,Medium,CEF1GIV,Units
BATCH07989,Low,Yes,OwnBrand,Capsule,CL2,IT,171384,PLANT_SOLIDS,Low,OMEP20CAP,TabletsCaps
BATCH06959,Medium,No,OwnBrand,Injectable,INJ2,FR,40420,PLANT_PARENTERAL,Medium,HEP5000SC,Units
BATCH09933,Medium,Yes,OwnBrand,Tablet,TL3,FR,419385,PLANT_SOLIDS,Medium,IBUP400TAB,TabletsCaps
BATCH08792,High,No,Contract,Capsule,CL2,DE,445063,PLANT_SOLIDS,Medium,AMOX500CAP,TabletsCaps
BATCH03493,Medium,No,OwnBrand,Tablet,TL1,FR,300572,PLANT_SOLIDS,Medium,IBUP400TAB,TabletsCaps
BATCH00199,Medium,Yes,OwnBrand,Injectable,INJ2,FR,8431,PLANT_PARENTERAL,Low,HEP5000SC,Units
BATCH04888,Low,Yes,OwnBrand,Hormonal,HORM1,PT,1173,PLANT_SPECIAL,Medium,EE30TAB,Units
BATCH06421,Low,Yes,OwnBrand,Tablet,TL2,ES,135852,PLANT_SOLIDS,Medium,PARA500TAB,TabletsCaps
BATCH07868,Medium,No,OwnBrand,Device,DEV2,DE,32455,PLANT_SPECIAL,Low,INSUPEN,Units
BATCH08220,Medium,Yes,Contract,Hormonal,HORM1,ES,38697,PLANT_SPECIAL,Medium,LEVOHORMIMPL,Units
BATCH07555,High,No,Contract,Injectable,INJ1,UK,14250,PLANT_PARENTERAL,High,CEF1GIV,Units
BATCH00427,Low,No,OwnBrand,Hormonal,HORM2,PT,9696,PLANT_SPECIAL,Medium,EE30TAB,Units
BATCH03486,High,No,Contract,Injectable,INJ1,UK,48936,PLANT_PARENTERAL,Medium,CEF1GIV,Units
BATCH03345,High,No,Contract,Capsule,CL1,DE,337564,PLANT_SOLIDS,Low,AMOX500CAP,TabletsCaps
BATCH08762,Low,Yes,OwnBrand,Capsule,CL1,IT,421762,PLANT_SOLIDS,Medium,OMEP20CAP,TabletsCaps
BATCH05937,Medium,No,OwnBrand,Tablet,TL2,FR,266154,PLANT_SOLIDS,Low,IBUP400TAB,TabletsCaps
BATCH00066,Medium,No,OwnBrand,Device,DEV2,DE,3799,PLANT_SPECIAL,Medium,INSUPEN,Units
BATCH07835,Medium,No,OwnBrand,Tablet,TL3,FR,71059,PLANT_SOLIDS,High,IBUP400TAB,TabletsCaps
BATCH01843,Low,Yes,OwnBrand,Hormonal,HORM1,PT,19999,PLANT_SPECIAL,Medium,EE30TAB,Units
BATCH05370,Low,Yes,OwnBrand,Tablet,TL3,ES,353950,PLANT_SOLIDS,Medium,PARA500TAB,TabletsCaps
BATCH08415,Medium,No,OwnBrand,Tablet,TL2,FR,92293,PLANT_SOLIDS,Low,IBUP400TAB,TabletsCaps
BATCH04779,Low,Yes,OwnBrand,Hormonal,HORM1,PT,28692,PLANT_SPECIAL,Medium,EE30TAB,Units
BATCH02443,Low,No,OwnBrand,Tablet,TL3,ES,283593,PLANT_SOLIDS,Low,PARA500TAB,TabletsCaps
BATCH02623,Low,No,OwnBrand,Capsule,CL2,IT,404461,PLANT_SOLIDS,High,OMEP20CAP,TabletsCaps
BATCH04336,Medium,No,OwnBrand,Injectable,INJ2,FR,7135,PLANT_PARENTERAL,Medium,HEP5000SC,Units
BATCH06907,Medium,No,Contract,Hormonal,HORM2,ES,22088,PLANT_SPECIAL,High,LEVOHORMIMPL,Units
BATCH08083,Low,Yes,OwnBrand,Capsule,CL1,IT,429777,PLANT_SOLIDS,High,OMEP20CAP,TabletsCaps
BATCH09211,Medium,Yes,OwnBrand,Device,DEV2,DE,10838,PLANT_SPECIAL,High,INSUPEN,Units
BATCH05474,Low,No,Contract,Device,DEV1,UK,9587,PLANT_SPECIAL,Medium,INHALER,Units
BATCH09155,High,No,Contract,Capsule,CL2,DE,408534,PLANT_SOLIDS,Medium,AMOX500CAP,TabletsCaps
BATCH09617,Medium,No,OwnBrand,Injectable,INJ1,FR,48356,PLANT_PARENTERAL,Low,HEP5000SC,Units
BATCH04380,High,No,Contract,Injectable,INJ2,UK,47154,PLANT_PARENTERAL,Medium,CEF1GIV,Units
BATCH07948,Low,No,OwnBrand,Hormonal,HORM1,PT,45836,PLANT_SPECIAL,Low,EE30TAB,Units
BATCH00883,Low,No,OwnBrand,Hormonal,HORM1,PT,10889,PLANT_SPECIAL,Low,EE30TAB,Units
BATCH09695,Medium,No,OwnBrand,Injectable,INJ2,FR,37491,PLANT_PARENTERAL,Medium,HEP5000SC,Units
BATCH02089,Low,No,OwnBrand,Tablet,TL2,ES,130031,PLANT_SOLIDS,Low,PARA500TAB,TabletsCaps
BATCH00890,High,No,Contract,Injectable,INJ2,UK,33311,PLANT_PARENTERAL,Medium,CEF1GIV,Units
BATCH08072,Medium,No,OwnBrand,Tablet,TL1,FR,459870,PLANT_SOLIDS,Low,IBUP400TAB,TabletsCaps
BATCH03362,Medium,No,OwnBrand,Tablet,TL2,FR,484272,PLANT_SOLIDS,Low,IBUP400TAB,TabletsCaps
BATCH01216,Medium,No,OwnBrand,Injectable,INJ1,FR,26440,PLANT_PARENTERAL,Medium,HEP5000SC,Units
BATCH05957,Medium,No,OwnBrand,Injectable,INJ2,FR,37734,PLANT_PARENTERAL,High,HEP5000SC,Units
BATCH00652,Low,No,OwnBrand,Capsule,CL1,IT,222209,PLANT_SOLIDS,Low,OMEP20CAP,TabletsCaps
BATCH04817,Low,No,OwnBrand,Tablet,TL2,ES,180696,PLANT_SOLIDS,Medium,PARA500TAB,TabletsCaps
BATCH02700,Low,No,Contract,Device,DEV2,UK,24809,PLANT_SPECIAL,Low,INHALER,Units
BATCH03620,Low,No,Contract,Device,DEV2,UK,21013,PLANT_SPECIAL,Medium,INHALER,Units
BATCH04895,Medium,Yes,OwnBrand,Tablet,TL3,FR,229521,PLANT_SOLIDS,Low,IBUP400TAB,TabletsCaps
BATCH04738,Medium,Yes,Contract,Hormonal,HORM2,ES,24086,PLANT_SPECIAL,Low,LEVOHORMIMPL,Units
BATCH04572,Low,No,OwnBrand,Capsule,CL2,IT,80228,PLANT_SOLIDS,Medium,OMEP20CAP,TabletsCaps
BATCH03798,Low,Yes,OwnBrand,Hormonal,HORM2,PT,38789,PLANT_SPECIAL,Medium,EE30TAB,Units
BATCH02430,Low,No,OwnBrand,Capsule,CL2,IT,417660,PLANT_SOLIDS,High,OMEP20CAP,TabletsCaps
BATCH05778,Low,No,OwnBrand,Tablet,TL1,ES,396886,PLANT_SOLIDS,Medium,PARA500TAB,TabletsCaps
BATCH07995,High,No,Contract,Injectable,INJ1,UK,31577,PLANT_PARENTERAL,Low,CEF1GIV,Units
BATCH03190,Medium,No,OwnBrand,Injectable,INJ1,FR,38609,PLANT_PARENTERAL,Medium,HEP5000SC,Units
BATCH02051,High,No,Contract,Injectable,INJ1,UK,11794,PLANT_PARENTERAL,High,CEF1GIV,Units
BATCH05180,Medium,No,OwnBrand,Injectable,INJ1,FR,9669,PLANT_PARENTERAL,Low,HEP5000SC,Units
BATCH05347,Low,Yes,Contract,Device,DEV1,UK,33874,PLANT_SPECIAL,Medium,INHALER,Units
BATCH02936,Low,No,OwnBrand,Hormonal,HORM2,PT,21824,PLANT_SPECIAL,Low,EE30TAB,Units
BATCH06271,Low,No,OwnBrand,Hormonal,HORM1,PT,28730,PLANT_SPECIAL,Medium,EE30TAB,Units
BATCH07652,Low,No,OwnBrand,Capsule,CL2,IT,439504,PLANT_SOLIDS,High,OMEP20CAP,TabletsCaps
BATCH02032,Medium,Yes,OwnBrand,Injectable,INJ2,FR,37250,PLANT_PARENTERAL,Low,HEP5000SC,Units
BATCH05446,Low,Yes,OwnBrand,Tablet,TL3,ES,413879,PLANT_SOLIDS,Low,PARA500TAB,TabletsCaps
BATCH09179,High,No,Contract,Capsule,CL1,DE,92173,PLANT_SOLIDS,Medium,AMOX500CAP,TabletsCaps
BATCH04754,Medium,No,OwnBrand,Device,DEV2,DE,17006,PLANT_SPECIAL,Low,INSUPEN,Units
BATCH09540,Low,No,Contract,Device,DEV1,UK,44404,PLANT_SPECIAL,Low,INHALER,Units
BATCH09473,High,No,Contract,Injectable,INJ2,UK,10423,PLANT_PARENTERAL,High,CEF1GIV,Units
BATCH08554,Low,No,OwnBrand,Capsule,CL2,IT,496884,PLANT_SOLIDS,High,OMEP20CAP,TabletsCaps
BATCH02765,Low,No,OwnBrand,Tablet,TL3,ES,296394,PLANT_SOLIDS,Medium,PARA500TAB,TabletsCaps
BATCH02491,Medium,Yes,OwnBrand,Device,DEV2,DE,44940,PLANT_SPECIAL,Medium,INSUPEN,Units
BATCH04229,Medium,No,OwnBrand,Tablet,TL2,FR,425567,PLANT_SOLIDS,High,IBUP400TAB,TabletsCaps
BATCH02543,Medium,No,Contract,Hormonal,HORM2,ES,47720,PLANT_SPECIAL,Low,LEVOHORMIMPL,Units
BATCH05955,Low,No,OwnBrand,Capsule,CL2,IT,187319,PLANT_SOLIDS,Medium,OMEP20CAP,TabletsCaps
BATCH07639,Low,No,Contract,Device,DEV2,UK,46428,PLANT_SPECIAL,Medium,INHALER,Units
BATCH02131,Low,Yes,OwnBrand,Hormonal,HORM2,PT,2710,PLANT_SPECIAL,Low,EE30TAB,Units
BATCH07623,Low,Yes,OwnBrand,Tablet,TL1,ES,287216,PLANT_SOLIDS,Medium,PARA500TAB,TabletsCaps
BATCH07301,Medium,No,OwnBrand,Injectable,INJ1,FR,29149,PLANT_PARENTERAL,High,HEP5000SC,Units
BATCH05613,Low,Yes,Contract,Device,DEV1,UK,10720,PLANT_SPECIAL,Medium,INHALER,Units
BATCH05088,High,No,Contract,Capsule,CL1,DE,371585,PLANT_SOLIDS,High,AMOX500CAP,TabletsCaps
BATCH09574,Medium,No,Contract,Hormonal,HORM1,ES,30142,PLANT_SPECIAL,Medium,LEVOHORMIMPL,Units
BATCH06112,High,No,Contract,Capsule,CL1,DE,176155,PLANT_SOLIDS,High,AMOX500CAP,TabletsCaps
BATCH00513,Low,No,OwnBrand,Capsule,CL1,IT,127213,PLANT_SOLIDS,Medium,OMEP20CAP,TabletsCaps
BATCH09940,Medium,No,OwnBrand,Device,DEV2,DE,10869,PLANT_SPECIAL,Medium,INSUPEN,Units
BATCH05677,Medium,No,OwnBrand,Tablet,TL1,FR,177163,PLANT_SOLIDS,Medium,IBUP400TAB,TabletsCaps
BATCH08053,Low,No,OwnBrand,Tablet,TL2,ES,240932,PLANT_SOLIDS,Medium,PARA500TAB,TabletsCaps
BATCH08563,Medium,No,OwnBrand,Device,DEV1,DE,27537,PLANT_SPECIAL,Medium,INSUPEN,Units
BATCH05432,Medium,No,OwnBrand,Device,DEV2,DE,31991,PLANT_SPECIAL,Medium,INSUPEN,Units
BATCH06951,Medium,No,OwnBrand,Tablet,TL3,FR,68748,PLANT_SOLIDS,Low,IBUP400TAB,TabletsCaps
BATCH03006,Low,Yes,OwnBrand,Tablet,TL3,ES,94991,PLANT_SOLIDS,High,PARA500TAB,TabletsCaps
BATCH03643,Low,No,OwnBrand,Hormonal,HORM2,PT,44764,PLANT_SPECIAL,Low,EE30TAB,Units
BATCH05279,High,No,Contract,Injectable,INJ2,UK,34862,PLANT_PARENTERAL,High,CEF1GIV,Units
BATCH03661,Low,No,OwnBrand,Tablet,TL1,ES,181664,PLANT_SOLIDS,High,PARA500TAB,TabletsCaps
BATCH01439,Medium,No,Contract,Hormonal,HORM1,ES,1105,PLANT_SPECIAL,Low,LEVOHORMIMPL,Units
BATCH07292,Low,No,OwnBrand,Capsule,CL2,IT,205433,PLANT_SOLIDS,Medium,OMEP20CAP,TabletsCaps
BATCH08118,Medium,No,OwnBrand,Injectable,INJ1,FR,2318,PLANT_PARENTERAL,High,HEP5000SC,Units
BATCH05618,High,No,Contract,Injectable,INJ1,UK,38241,PLANT_PARENTERAL,Medium,CEF1GIV,Units
BATCH02111,Medium,No,Contract,Hormonal,HORM2,ES,46824,PLANT_SPECIAL,High,LEVOHORMIMPL,Units
BATCH05539,Low,Yes,OwnBrand,Capsule,CL1,IT,430215,PLANT_SOLIDS,High,OMEP20CAP,TabletsCaps
BATCH09001,Low,No,Contract,Device,DEV1,UK,5072,PLANT_SPECIAL,High,INHALER,Units
BATCH01268,Medium,No,OwnBrand,Tablet,TL1,FR,348826,PLANT_SOLIDS,Medium,IBUP400TAB,TabletsCaps
BATCH03770,Low,No,OwnBrand,Hormonal,HORM2,PT,45148,PLANT_SPECIAL,High,EE30TAB,Units
BATCH00547,Low,No,OwnBrand,Hormonal,HORM2,PT,16260,PLANT_SPECIAL,Low,EE30TAB,Units
BATCH07503,High,No,Contract,Injectable,INJ1,UK,14653,PLANT_PARENTERAL,Medium,CEF1GIV,Units
BATCH00449,Medium,Yes,OwnBrand,Injectable,INJ2,FR,45724,PLANT_PARENTERAL,Medium,HEP5000SC,Units
BATCH07825,Low,Yes,OwnBrand,Tablet,TL3,ES,91266,PLANT_SOLIDS,Medium,PARA500TAB,TabletsCaps
BATCH06770,Low,Yes,OwnBrand,Capsule,CL2,IT,74115,PLANT_SOLIDS,Medium,OMEP20CAP,TabletsCaps
BATCH07219,Low,Yes,OwnBrand,Capsule,CL2,IT,498548,PLANT_SOLIDS,High,OMEP20CAP,TabletsCaps
BATCH07564,High,No,Contract,Capsule,CL2,DE,54208,PLANT_SOLIDS,High,AMOX500CAP,TabletsCaps
BATCH02274,Low,Yes,OwnBrand,Tablet,TL3,ES,399276,PLANT_SOLIDS,High,PARA500TAB,TabletsCaps
BATCH07922,Medium,No,OwnBrand,Injectable,INJ1,FR,44527,PLANT_PARENTERAL,Medium,HEP5000SC,Units
BATCH03137,Medium,Yes,OwnBrand,Tablet,TL3,FR,229159,PLANT_SOLIDS,Low,IBUP400TAB,TabletsCaps
BATCH08761,Low,No,OwnBrand,Tablet,TL2,ES,126054,PLANT_SOLIDS,High,PARA500TAB,TabletsCaps
BATCH05748,Medium,Yes,Contract,Hormonal,HORM1,ES,39971,PLANT_SPECIAL,High,LEVOHORMIMPL,Units
BATCH03736,High,No,Contract,Capsule,CL1,DE,258451,PLANT_SOLIDS,Low,AMOX500CAP,TabletsCaps
BATCH03365,High,Yes,Contract,Capsule,CL1,DE,273185,PLANT_SOLIDS,Medium,AMOX500CAP,TabletsCaps
BATCH05223,Medium,Yes,OwnBrand,Device,DEV1,DE,42190,PLANT_SPECIAL,Medium,INSUPEN,Units
BATCH06233,High,No,Contract,Capsule,CL1,DE,109251,PLANT_SOLIDS,Medium,AMOX500CAP,TabletsCaps
BATCH07076,Medium,No,Contract,Hormonal,HORM1,ES,38309,PLANT_SPECIAL,Medium,LEVOHORMIMPL,Units
BATCH04988,Low,Yes,OwnBrand,Hormonal,HORM2,PT,21463,PLANT_SPECIAL,Low,EE30TAB,Units
BATCH08852,High,No,Contract,Capsule,CL2,DE,490020,PLANT_SOLIDS,High,AMOX500CAP,TabletsCaps
BATCH02701,Medium,Yes,OwnBrand,Device,DEV1,DE,35484,PLANT_SPECIAL,Medium,INSUPEN,Units
BATCH06844,Low,No,OwnBrand,Capsule,CL2,IT,123253,PLANT_SOLIDS,Medium,OMEP20CAP,TabletsCaps
BATCH07288,Medium,No,OwnBrand,Tablet,TL2,FR,419027,PLANT_SOLIDS,Medium,IBUP400TAB,TabletsCaps
BATCH02050,Medium,No,Contract,Hormonal,HORM2,ES,10673,PLANT_SPECIAL,Medium,LEVOHORMIMPL,Units
BATCH01594,Medium,No,OwnBrand,Tablet,TL2,FR,50560,PLANT_SOLIDS,Medium,IBUP400TAB,TabletsCaps
BATCH03896,Low,Yes,Contract,Device,DEV2,UK,6078,PLANT_SPECIAL,Low,INHALER,Units
BATCH08027,Low,No,Contract,Device,DEV1,UK,36243,PLANT_SPECIAL,Medium,INHALER,Units
BATCH02716,High,No,Contract,Capsule,CL2,DE,459710,PLANT_SOLIDS,High,AMOX500CAP,TabletsCaps
BATCH04798,High,No,Contract,Capsule,CL2,DE,331598,PLANT_SOLIDS,Medium,AMOX500CAP,TabletsCaps
BATCH04904,Low,No,Contract,Device,DEV2,UK,36233,PLANT_SPECIAL,High,INHALER,Units
BATCH02388,Low,No,Contract,Device,DEV1,UK,23367,PLANT_SPECIAL,Medium,INHALER,Units
BATCH01701,High,Yes,Contract,Injectable,INJ2,UK,2671,PLANT_PARENTERAL,High,CEF1GIV,Units
BATCH09803,Medium,Yes,Contract,Hormonal,HORM2,ES,22102,PLANT_SPECIAL,High,LEVOHORMIMPL,Units
BATCH04172,Low,No,OwnBrand,Hormonal,HORM1,PT,47899,PLANT_SPECIAL,Medium,EE30TAB,Units
BATCH03378,Medium,No,OwnBrand,Tablet,TL3,FR,383772,PLANT_SOLIDS,Medium,IBUP400TAB,TabletsCaps
BATCH07282,Medium,No,OwnBrand,Device,DEV1,DE,4274,PLANT_SPECIAL,High,INSUPEN,Units
BATCH03113,Low,Yes,Contract,Device,DEV2,UK,42842,PLANT_SPECIAL,Low,INHALER,Units
BATCH06707,Medium,No,OwnBrand,Tablet,TL3,FR,441978,PLANT_SOLIDS,Low,IBUP400TAB,TabletsCaps
BATCH06186,Medium,No,OwnBrand,Device,DEV2,DE,29624,PLANT_SPECIAL,Medium,INSUPEN,Units
BATCH05329,High,Yes,Contract,Capsule,CL2,DE,414957,PLANT_SOLIDS,Medium,AMOX500CAP,TabletsCaps
BATCH04875,Low,No,OwnBrand,Capsule,CL2,IT,190133,PLANT_SOLIDS,High,OMEP20CAP,TabletsCaps
BATCH05351,Low,No,Contract,Device,DEV2,UK,4738,PLANT_SPECIAL,Medium,INHALER,Units
BATCH08346,High,Yes,Contract,Injectable,INJ2,UK,4590,PLANT_PARENTERAL,Medium,CEF1GIV,Units
BATCH08272,Low,Yes,Contract,Device,DEV2,UK,9917,PLANT_SPECIAL,Medium,INHALER,Units
BATCH06914,Low,No,OwnBrand,Capsule,CL2,IT,278543,PLANT_SOLIDS,Medium,OMEP20CAP,TabletsCaps
BATCH01218,Medium,No,OwnBrand,Tablet,TL3,FR,406246,PLANT_SOLIDS,Medium,IBUP400TAB,TabletsCaps
BATCH09084,High,No,Contract,Injectable,INJ1,UK,11594,PLANT_PARENTERAL,Low,CEF1GIV,Units
BATCH03199,Low,Yes,OwnBrand,Tablet,TL2,ES,426182,PLANT_SOLIDS,High,PARA500TAB,TabletsCaps
BATCH00154,Low,No,Contract,Device,DEV1,UK,37451,PLANT_SPECIAL,Medium,INHALER,Units
BATCH07171,Medium,No,OwnBrand,Tablet,TL1,FR,417139,PLANT_SOLIDS,Low,IBUP400TAB,TabletsCaps
BATCH04876,Low,No,Contract,Device,DEV1,UK,1462,PLANT_SPECIAL,Low,INHALER,Units
BATCH01941,Low,No,OwnBrand,Capsule,CL2,IT,80904,PLANT_SOLIDS,High,OMEP20CAP,TabletsCaps
BATCH03840,High,No,Contract,Capsule,CL1,DE,367276,PLANT_SOLIDS,High,AMOX500CAP,TabletsCaps
BATCH04498,High,No,Contract,Injectable,INJ2,UK,13225,PLANT_PARENTERAL,Low,CEF1GIV,Units
BATCH04074,Low,Yes,OwnBrand,Tablet,TL1,ES,102787,PLANT_SOLIDS,Low,PARA500TAB,TabletsCaps
BATCH02255,Medium,No,OwnBrand,Device,DEV1,DE,26126,PLANT_SPECIAL,Medium,INSUPEN,Units
BATCH07105,High,No,Contract,Capsule,CL1,DE,63776,PLANT_SOLIDS,Medium,AMOX500CAP,TabletsCaps
BATCH00431,Low,Yes,OwnBrand,Hormonal,HORM1,PT,7734,PLANT_SPECIAL,High,EE30TAB,Units
BATCH07526,Low,No,OwnBrand,Hormonal,HORM2,PT,26193,PLANT_SPECIAL,Medium,EE30TAB,Units
BATCH08186,Low,No,OwnBrand,Tablet,TL3,ES,439977,PLANT_SOLIDS,High,PARA500TAB,TabletsCaps
BATCH07329,Low,Yes,OwnBrand,Capsule,CL1,IT,120765,PLANT_SOLIDS,Medium,OMEP20CAP,TabletsCaps
BATCH01095,Low,No,OwnBrand,Tablet,TL1,ES,188315,PLANT_SOLIDS,Medium,PARA500TAB,TabletsCaps
BATCH02035,Low,No,OwnBrand,Hormonal,HORM2,PT,45557,PLANT_SPECIAL,Low,EE30TAB,Units
BATCH04228,Medium,No,OwnBrand,Tablet,TL1,FR,481804,PLANT_SOLIDS,High,IBUP400TAB,TabletsCaps
BATCH01484,High,Yes,Contract,Capsule,CL1,DE,59998,PLANT_SOLIDS,Medium,AMOX500CAP,TabletsCaps
BATCH02744,High,No,Contract,Injectable,INJ1,UK,4985,PLANT_PARENTERAL,Medium,CEF1GIV,Units
BATCH05647,Low,Yes,OwnBrand,Capsule,CL2,IT,254526,PLANT_SOLIDS,Medium,OMEP20CAP,TabletsCaps
BATCH09686,Medium,No,Contract,Hormonal,HORM2,ES,27567,PLANT_SPECIAL,High,LEVOHORMIMPL,Units
BATCH09739,Low,No,OwnBrand,Hormonal,HORM2,PT,24819,PLANT_SPECIAL,Low,EE30TAB,Units
BATCH09708,Medium,Yes,OwnBrand,Injectable,INJ1,FR,45807,PLANT_PARENTERAL,High,HEP5000SC,Units
BATCH00860,High,No,Contract,Injectable,INJ2,UK,11315,PLANT_PARENTERAL,Medium,CEF1GIV,Units
BATCH09626,High,No,Contract,Capsule,CL1,DE,180199,PLANT_SOLIDS,Low,AMOX500CAP,TabletsCaps
BATCH06065,High,No,Contract,Injectable,INJ2,UK,36650,PLANT_PARENTERAL,Medium,CEF1GIV,Units
BATCH09229,Low,Yes,OwnBrand,Hormonal,HORM2,PT,35005,PLANT_SPECIAL,Low,EE30TAB,Units
BATCH04276,Low,Yes,OwnBrand,Hormonal,HORM2,PT,34824,PLANT_SPECIAL,Medium,EE30TAB,Units
BATCH06619,Low,No,Contract,Device,DEV2,UK,37780,PLANT_SPECIAL,High,INHALER,Units
BATCH07521,Low,No,OwnBrand,Tablet,TL1,ES,436366,PLANT_SOLIDS,Low,PARA500TAB,TabletsCaps
BATCH05007,Low,No,Contract,Device,DEV1,UK,6110,PLANT_SPECIAL,Medium,INHALER,Units
BATCH04162,Low,Yes,OwnBrand,Hormonal,HORM1,PT,49408,PLANT_SPECIAL,Medium,EE30TAB,Units
BATCH08745,Medium,No,OwnBrand,Device,DEV1,DE,14932,PLANT_SPECIAL,Medium,INSUPEN,Units
BATCH05481,Low,No,OwnBrand,Capsule,CL2,IT,96364,PLANT_SOLIDS,Medium,OMEP20CAP,TabletsCaps
BATCH00049,Medium,No,Contract,Hormonal,HORM2,ES,1487,PLANT_SPECIAL,Low,LEVOHORMIMPL,Units
BATCH08880,Medium,No,OwnBrand,Injectable,INJ2,FR,28984,PLANT_PARENTERAL,Low,HEP5000SC,Units
BATCH09788,High,No,Contract,Injectable,INJ1,UK,2976,PLANT_PARENTERAL,Low,CEF1GIV,Units
BATCH03508,Medium,No,OwnBrand,Injectable,INJ1,FR,26660,PLANT_PARENTERAL,Medium,HEP5000SC,Units
BATCH00117,Medium,Yes,OwnBrand,Tablet,TL2,FR,265442,PLANT_SOLIDS,High,IBUP400TAB,TabletsCaps
BATCH07684,High,No,Contract,Capsule,CL1,DE,495953,PLANT_SOLIDS,Medium,AMOX500CAP,TabletsCaps
BATCH09516,Low,No,OwnBrand,Capsule,CL1,IT,95651,PLANT_SOLIDS,Medium,OMEP20CAP,TabletsCaps
BATCH00486,Low,No,OwnBrand,Capsule,CL1,IT,476609,PLANT_SOLIDS,Low,OMEP20CAP,TabletsCaps
BATCH03403,Low,Yes,OwnBrand,Tablet,TL3,ES,471847,PLANT_SOLIDS,High,PARA500TAB,TabletsCaps
BATCH09157,Low,No,OwnBrand,Capsule,CL1,IT,60763,PLANT_SOLIDS,Medium,OMEP20CAP,TabletsCaps
BATCH02894,Medium,Yes,OwnBrand,Injectable,INJ2,FR,7254,PLANT_PARENTERAL,Medium,HEP5000SC,Units
BATCH00653,High,No,Contract,Capsule,CL1,DE,331589,PLANT_SOLIDS,Low,AMOX500CAP,TabletsCaps
BATCH01363,Medium,Yes,OwnBrand,Device,DEV2,DE,34947,PLANT_SPECIAL,Medium,INSUPEN,Units
BATCH06467,High,No,Contract,Injectable,INJ2,UK,24821,PLANT_PARENTERAL,High,CEF1GIV,Units
BATCH06727,Low,No,Contract,Device,DEV2,UK,32008,PLANT_SPECIAL,Medium,INHALER,Units
BATCH00855,Medium,Yes,Contract,Hormonal,HORM2,ES,44137,PLANT_SPECIAL,Low,LEVOHORMIMPL,Units
BATCH04742,Medium,No,OwnBrand,Device,DEV2,DE,40012,PLANT_SPECIAL,Medium,INSUPEN,Units
BATCH09305,High,No,Contract,Capsule,CL1,DE,341069,PLANT_SOLIDS,High,AMOX500CAP,TabletsCaps
BATCH02909,Medium,No,OwnBrand,Injectable,INJ1,FR,33842,PLANT_PARENTERAL,Low,HEP5000SC,Units
BATCH09477,Low,No,OwnBrand,Tablet,TL3,ES,291550,PLANT_SOLIDS,Low,PARA500TAB,TabletsCaps
BATCH02469,Medium,No,OwnBrand,Injectable,INJ2,FR,43018,PLANT_PARENTERAL,Low,HEP5000SC,Units
BATCH01357,High,Yes,Contract,Capsule,CL2,DE,274115,PLANT_SOLIDS,Low,AMOX500CAP,TabletsCaps
BATCH07779,Low,No,Contract,Device,DEV2,UK,34307,PLANT_SPECIAL,High,INHALER,Units
BATCH03321,Medium,No,OwnBrand,Injectable,INJ1,FR,22467,PLANT_PARENTERAL,Medium,HEP5000SC,Units
BATCH09362,Medium,No,OwnBrand,Injectable,INJ2,FR,42395,PLANT_PARENTERAL,High,HEP5000SC,Units
BATCH04767,Low,No,OwnBrand,Tablet,TL3,ES,125996,PLANT_SOLIDS,Medium,PARA500TAB,TabletsCaps
BATCH00701,Low,No,OwnBrand,Tablet,TL1,ES,321407,PLANT_SOLIDS,High,PARA500TAB,TabletsCaps
BATCH00356,Medium,No,Contract,Hormonal,HORM2,ES,9506,PLANT_SPECIAL,Medium,LEVOHORMIMPL,Units
BATCH05021,Low,Yes,OwnBrand,Capsule,CL2,IT,302240,PLANT_SOLIDS,Medium,OMEP20CAP,TabletsCaps
BATCH05057,Medium,Yes,OwnBrand,Device,DEV2,DE,37768,PLANT_SPECIAL,Medium,INSUPEN,Units
BATCH06216,Medium,No,OwnBrand,Device,DEV1,DE,49259,PLANT_SPECIAL,Medium,INSUPEN,Units
BATCH07760,High,No,Contract,Injectable,INJ1,UK,28495,PLANT_PARENTERAL,Low,CEF1GIV,Units
BATCH03122,Medium,No,OwnBrand,Tablet,TL2,FR,230020,PLANT_SOLIDS,Low,IBUP400TAB,TabletsCaps
BATCH01635,Medium,No,OwnBrand,Device,DEV1,DE,3682,PLANT_SPECIAL,High,INSUPEN,Units
BATCH07364,Medium,No,OwnBrand,Device,DEV2,DE,41492,PLANT_SPECIAL,Low,INSUPEN,Units
BATCH09922,Low,Yes,OwnBrand,Hormonal,HORM2,PT,9038,PLANT_SPECIAL,High,EE30TAB,Units
BATCH07021,Medium,Yes,OwnBrand,Injectable,INJ1,FR,22994,PLANT_PARENTERAL,Medium,HEP5000SC,Units
BATCH07584,Low,Yes,OwnBrand,Tablet,TL3,ES,343937,PLANT_SOLIDS,Low,PARA500TAB,TabletsCaps
BATCH07930,Low,No,OwnBrand,Capsule,CL1,IT,149352,PLANT_SOLIDS,Medium,OMEP20CAP,TabletsCaps
BATCH00113,Low,No,OwnBrand,Hormonal,HORM1,PT,8492,PLANT_SPECIAL,Medium,EE30TAB,Units
BATCH09203,Medium,No,Contract,Hormonal,HORM1,ES,28304,PLANT_SPECIAL,High,LEVOHORMIMPL,Units
BATCH04761,Medium,No,Contract,Hormonal,HORM2,ES,12976,PLANT_SPECIAL,Low,LEVOHORMIMPL,Units
BATCH03097,Medium,No,OwnBrand,Injectable,INJ2,FR,26745,PLANT_PARENTERAL,High,HEP5000SC,Units
BATCH00204,High,No,Contract,Capsule,CL1,DE,452690,PLANT_SOLIDS,High,AMOX500CAP,TabletsCaps
BATCH09351,Low,No,OwnBrand,Capsule,CL2,IT,470772,PLANT_SOLIDS,Medium,OMEP20CAP,TabletsCaps
BATCH05169,Medium,No,OwnBrand,Injectable,INJ2,FR,43433,PLANT_PARENTERAL,Medium,HEP5000SC,Units
BATCH03208,Medium,Yes,OwnBrand,Tablet,TL1,FR,118736,PLANT_SOLIDS,High,IBUP400TAB,TabletsCaps
BATCH02514,Medium,Yes,Contract,Hormonal,HORM2,ES,46130,PLANT_SPECIAL,Medium,LEVOHORMIMPL,Units
BATCH06501,Medium,No,Contract,Hormonal,HORM2,ES,9559,PLANT_SPECIAL,Low,LEVOHORMIMPL,Units
BATCH07688,Low,Yes,Contract,Device,DEV1,UK,12712,PLANT_SPECIAL,Low,INHALER,Units
BATCH05910,High,No,Contract,Injectable,INJ1,UK,24966,PLANT_PARENTERAL,Medium,CEF1GIV,Units
BATCH05268,Medium,No,OwnBrand,Tablet,TL1,FR,490045,PLANT_SOLIDS,Low,IBUP400TAB,TabletsCaps
BATCH00925,Low,No,OwnBrand,Tablet,TL1,ES,140189,PLANT_SOLIDS,Medium,PARA500TAB,TabletsCaps
BATCH09046,High,No,Contract,Capsule,CL1,DE,130242,PLANT_SOLIDS,Medium,AMOX500CAP,TabletsCaps
BATCH08919,Low,No,OwnBrand,Hormonal,HORM1,PT,43856,PLANT_SPECIAL,Low,EE30TAB,Units
BATCH03514,Low,No,OwnBrand,Tablet,TL3,ES,57047,PLANT_SOLIDS,Low,PARA500TAB,TabletsCaps
BATCH05289,Low,No,OwnBrand,Tablet,TL1,ES,355505,PLANT_SOLIDS,Medium,PARA500TAB,TabletsCaps
BATCH09607,High,No,Contract,Injectable,INJ1,UK,35008,PLANT_PARENTERAL,Medium,CEF1GIV,Units
BATCH05526,Low,Yes,Contract,Device,DEV2,UK,30142,PLANT_SPECIAL,High,INHALER,Units
BATCH01922,Medium,Yes,OwnBrand,Device,DEV2,DE,2473,PLANT_SPECIAL,Medium,INSUPEN,Units
BATCH03262,High,No,Contract,Injectable,INJ2,UK,44429,PLANT_PARENTERAL,High,CEF1GIV,Units
BATCH01255,Medium,No,Contract,Hormonal,HORM2,ES,37258,PLANT_SPECIAL,High,LEVOHORMIMPL,Units
BATCH05931,Medium,No,OwnBrand,Tablet,TL3,FR,122265,PLANT_SOLIDS,Medium,IBUP400TAB,TabletsCaps
BATCH07775,Medium,Yes,OwnBrand,Tablet,TL1,FR,332585,PLANT_SOLIDS,Low,IBUP400TAB,TabletsCaps
BATCH03247,Medium,No,Contract,Hormonal,HORM2,ES,17357,PLANT_SPECIAL,Low,LEVOHORMIMPL,Units
BATCH05349,Medium,No,Contract,Hormonal,HORM1,ES,8146,PLANT_SPECIAL,High,LEVOHORMIMPL,Units
BATCH03859,Low,No,OwnBrand,Capsule,CL1,IT,311758,PLANT_SOLIDS,Medium,OMEP20CAP,TabletsCaps
BATCH00649,Low,Yes,OwnBrand,Capsule,CL2,IT,293962,PLANT_SOLIDS,Medium,OMEP20CAP,TabletsCaps
BATCH01210,Medium,No,OwnBrand,Device,DEV2,DE,15116,PLANT_SPECIAL,Medium,INSUPEN,Units
BATCH01815,Medium,No,Contract,Hormonal,HORM1,ES,34835,PLANT_SPECIAL,High,LEVOHORMIMPL,Units
BATCH07820,Low,No,OwnBrand,Capsule,CL2,IT,282739,PLANT_SOLIDS,Low,OMEP20CAP,TabletsCaps
BATCH00031,Low,Yes,OwnBrand,Capsule,CL1,IT,306110,PLANT_SOLIDS,Medium,OMEP20CAP,TabletsCaps
BATCH02702,High,No,Contract,Injectable,INJ2,UK,42186,PLANT_PARENTERAL,Medium,CEF1GIV,Units
BATCH04898,Medium,No,OwnBrand,Device,DEV1,DE,48098,PLANT_SPECIAL,Low,INSUPEN,Units
BATCH01822,Low,No,OwnBrand,Tablet,TL2,ES,300166,PLANT_SOLIDS,Medium,PARA500TAB,TabletsCaps
BATCH02338,High,No,Contract,Capsule,CL2,DE,458525,PLANT_SOLIDS,Low,AMOX500CAP,TabletsCaps
BATCH05868,High,No,Contract,Capsule,CL1,DE,195233,PLANT_SOLIDS,Medium,AMOX500CAP,TabletsCaps
BATCH02542,Low,No,OwnBrand,Hormonal,HORM2,PT,14446,PLANT_SPECIAL,Medium,EE30TAB,Units
BATCH01110,Low,Yes,OwnBrand,Tablet,TL2,ES,140743,PLANT_SOLIDS,Medium,PARA500TAB,TabletsCaps
BATCH05238,High,No,Contract,Capsule,CL1,DE,191794,PLANT_SOLIDS,Medium,AMOX500CAP,TabletsCaps
BATCH04882,Low,No,Contract,Device,DEV1,UK,7318,PLANT_SPECIAL,High,INHALER,Units
BATCH01002,Medium,No,OwnBrand,Injectable,INJ2,FR,26323,PLANT_PARENTERAL,Low,HEP5000SC,Units
BATCH00246,Medium,No,OwnBrand,Device,DEV1,DE,14363,PLANT_SPECIAL,Medium,INSUPEN,Units
BATCH05945,Medium,No,Contract,Hormonal,HORM1,ES,32489,PLANT_SPECIAL,Medium,LEVOHORMIMPL,Units
BATCH06034,Low,No,Contract,Device,DEV2,UK,15877,PLANT_SPECIAL,Medium,INHALER,Units
BATCH03711,Medium,No,OwnBrand,Device,DEV2,DE,27229,PLANT_SPECIAL,Low,INSUPEN,Units
BATCH05821,Medium,No,OwnBrand,Tablet,TL2,FR,124341,PLANT_SOLIDS,Low,IBUP400TAB,TabletsCaps
BATCH05761,Low,No,OwnBrand,Capsule,CL2,IT,367233,PLANT_SOLIDS,Medium,OMEP20CAP,TabletsCaps
BATCH09475,Low,No,OwnBrand,Capsule,CL2,IT,147281,PLANT_SOLIDS,Low,OMEP20CAP,TabletsCaps
BATCH06123,Medium,No,Contract,Hormonal,HORM1,ES,4421,PLANT_SPECIAL,Low,LEVOHORMIMPL,Units
BATCH09280,High,No,Contract,Capsule,CL1,DE,301832,PLANT_SOLIDS,Low,AMOX500CAP,TabletsCaps
BATCH04704,Medium,No,OwnBrand,Injectable,INJ2,FR,16064,PLANT_PARENTERAL,High,HEP5000SC,Units
BATCH06696,Low,No,OwnBrand,Tablet,TL3,ES,139649,PLANT_SOLIDS,High,PARA500TAB,TabletsCaps
BATCH04415,Medium,No,OwnBrand,Injectable,INJ1,FR,17325,PLANT_PARENTERAL,High,HEP5000SC,Units
BATCH00718,Medium,No,OwnBrand,Device,DEV2,DE,19672,PLANT_SPECIAL,Low,INSUPEN,Units
BATCH06148,Low,No,OwnBrand,Capsule,CL2,IT,210381,PLANT_SOLIDS,Medium,OMEP20CAP,TabletsCaps
BATCH00932,Low,Yes,OwnBrand,Tablet,TL1,ES,274364,PLANT_SOLIDS,High,PARA500TAB,TabletsCaps
BATCH08364,Medium,No,OwnBrand,Injectable,INJ1,FR,6189,PLANT_PARENTERAL,Medium,HEP5000SC,Units
BATCH09214,High,No,Contract,Injectable,INJ2,UK,45665,PLANT_PARENTERAL,Low,CEF1GIV,Units
BATCH03196,Low,Yes,OwnBrand,Capsule,CL2,IT,201260,PLANT_SOLIDS,High,OMEP20CAP,TabletsCaps
BATCH06373,Medium,No,OwnBrand,Injectable,INJ1,FR,25408,PLANT_PARENTERAL,Medium,HEP5000SC,Units
BATCH03250,Low,Yes,OwnBrand,Capsule,CL2,IT,73319,PLANT_SOLIDS,Medium,OMEP20CAP,TabletsCaps
BATCH06183,Medium,No,OwnBrand,Injectable,INJ2,FR,15612,PLANT_PARENTERAL,High,HEP5000SC,Units
BATCH08491,Medium,No,Contract,Hormonal,HORM2,ES,21488,PLANT_SPECIAL,Medium,LEVOHORMIMPL,Units
BATCH08113,High,No,Contract,Injectable,INJ2,UK,15764,PLANT_PARENTERAL,Medium,CEF1GIV,Units
BATCH06730,Low,No,Contract,Device,DEV1,UK,1678,PLANT_SPECIAL,Medium,INHALER,Units
BATCH00624,Low,No,OwnBrand,Capsule,CL2,IT,266495,PLANT_SOLIDS,Medium,OMEP20CAP,TabletsCaps
BATCH01820,High,No,Contract,Injectable,INJ2,UK,44325,PLANT_PARENTERAL,High,CEF1GIV,Units
BATCH08964,Low,No,OwnBrand,Tablet,TL2,ES,158918,PLANT_SOLIDS,Low,PARA500TAB,TabletsCaps
BATCH06818,Low,Yes,OwnBrand,Tablet,TL3,ES,53315,PLANT_SOLIDS,Low,PARA500TAB,TabletsCaps
BATCH03091,Low,No,OwnBrand,Hormonal,HORM2,PT,44437,PLANT_SPECIAL,Low,EE30TAB,Units
BATCH03427,Medium,No,OwnBrand,Device,DEV1,DE,29685,PLANT_SPECIAL,Medium,INSUPEN,Units
BATCH06236,Low,No,Contract,Device,DEV1,UK,43594,PLANT_SPECIAL,High,INHALER,Units
BATCH08304,Medium,No,OwnBrand,Tablet,TL3,FR,404221,PLANT_SOLIDS,High,IBUP400TAB,TabletsCaps
BATCH04536,Low,No,OwnBrand,Tablet,TL1,ES,68801,PLANT_SOLIDS,Medium,PARA500TAB,TabletsCaps
BATCH03175,High,No,Contract,Injectable,INJ2,UK,18323,PLANT_PARENTERAL,Low,CEF1GIV,Units
BATCH00510,Medium,No,OwnBrand,Tablet,TL3,FR,57304,PLANT_SOLIDS,High,IBUP400TAB,TabletsCaps
BATCH09991,Low,No,OwnBrand,Capsule,CL2,IT,165046,PLANT_SOLIDS,Low,OMEP20CAP,TabletsCaps
BATCH07263,Low,No,OwnBrand,Capsule,CL2,IT,389965,PLANT_SOLIDS,Medium,OMEP20CAP,TabletsCaps
BATCH00048,Medium,No,OwnBrand,Injectable,INJ1,FR,12231,PLANT_PARENTERAL,Medium,HEP5000SC,Units
BATCH06390,Low,No,OwnBrand,Capsule,CL1,IT,160828,PLANT_SOLIDS,Medium,OMEP20CAP,TabletsCaps
BATCH01773,Medium,No,OwnBrand,Injectable,INJ2,FR,38632,PLANT_PARENTERAL,Low,HEP5000SC,Units
BATCH09311,Medium,No,Contract,Hormonal,HORM2,ES,35835,PLANT_SPECIAL,High,LEVOHORMIMPL,Units
BATCH02658,Medium,No,Contract,Hormonal,HORM1,ES,33830,PLANT_SPECIAL,Low,LEVOHORMIMPL,Units
BATCH00403,Low,No,Contract,Device,DEV1,UK,20081,PLANT_SPECIAL,Medium,INHALER,Units
BATCH05984,Low,No,OwnBrand,Hormonal,HORM2,PT,46582,PLANT_SPECIAL,Medium,EE30TAB,Units
BATCH09124,Medium,Yes,OwnBrand,Tablet,TL1,FR,252773,PLANT_SOLIDS,Low,IBUP400TAB,TabletsCaps
BATCH07573,Low,No,OwnBrand,Tablet,TL3,ES,420853,PLANT_SOLIDS,High,PARA500TAB,TabletsCaps
BATCH00771,Low,No,OwnBrand,Tablet,TL2,ES,296593,PLANT_SOLIDS,Low,PARA500TAB,TabletsCaps
BATCH01212,Low,Yes,OwnBrand,Hormonal,HORM1,PT,16923,PLANT_SPECIAL,Medium,EE30TAB,Units
BATCH07302,High,No,Contract,Capsule,CL1,DE,97691,PLANT_SOLIDS,High,AMOX500CAP,TabletsCaps
BATCH05406,Low,No,Contract,Device,DEV1,UK,34678,PLANT_SPECIAL,Medium,INHALER,Units
BATCH02336,High,Yes,Contract,Injectable,INJ1,UK,48764,PLANT_PARENTERAL,Medium,CEF1GIV,Units
BATCH09866,Low,No,OwnBrand,Capsule,CL2,IT,107770,PLANT_SOLIDS,Low,OMEP20CAP,TabletsCaps
BATCH06165,Medium,No,Contract,Hormonal,HORM2,ES,28779,PLANT_SPECIAL,Medium,LEVOHORMIMPL,Units
BATCH09060,Low,Yes,OwnBrand,Capsule,CL2,IT,78208,PLANT_SOLIDS,Medium,OMEP20CAP,TabletsCaps
BATCH02503,Low,Yes,OwnBrand,Tablet,TL1,ES,470329,PLANT_SOLIDS,High,PARA500TAB,TabletsCaps
BATCH08404,Medium,No,OwnBrand,Device,DEV1,DE,10044,PLANT_SPECIAL,High,INSUPEN,Units
BATCH03905,Medium,No,Contract,Hormonal,HORM2,ES,3714,PLANT_SPECIAL,Low,LEVOHORMIMPL,Units
BATCH07540,Low,No,OwnBrand,Capsule,CL2,IT,261811,PLANT_SOLIDS,Medium,OMEP20CAP,TabletsCaps
BATCH00036,Low,No,OwnBrand,Hormonal,HORM1,PT,3014,PLANT_SPECIAL,Medium,EE30TAB,Units
BATCH02405,High,No,Contract,Injectable,INJ1,UK,27555,PLANT_PARENTERAL,Low,CEF1GIV,Units
BATCH03064,High,Yes,Contract,Injectable,INJ2,UK,49355,PLANT_PARENTERAL,Medium,CEF1GIV,Units
BATCH03722,High,No,Contract,Injectable,INJ1,UK,2470,PLANT_PARENTERAL,Medium,CEF1GIV,Units
BATCH06728,Medium,No,OwnBrand,Device,DEV1,DE,2651,PLANT_SPECIAL,Medium,INSUPEN,Units
BATCH01413,Medium,Yes,OwnBrand,Device,DEV1,DE,5674,PLANT_SPECIAL,Low,INSUPEN,Units
BATCH04881,Low,Yes,OwnBrand,Capsule,CL2,IT,181599,PLANT_SOLIDS,Low,OMEP20CAP,TabletsCaps
BATCH07113,Medium,No,OwnBrand,Injectable,INJ2,FR,46473,PLANT_PARENTERAL,Medium,HEP5000SC,Units
BATCH01614,High,No,Contract,Injectable,INJ2,UK,38590,PLANT_PARENTERAL,Medium,CEF1GIV,Units
BATCH09813,Low,No,OwnBrand,Hormonal,HORM1,PT,46989,PLANT_SPECIAL,Medium,EE30TAB,Units
BATCH03103,Medium,Yes,OwnBrand,Device,DEV1,DE,21906,PLANT_SPECIAL,High,INSUPEN,Units
BATCH01209,Low,No,Contract,Device,DEV2,UK,43513,PLANT_SPECIAL,High,INHALER,Units
BATCH01844,High,No,Contract,Capsule,CL2,DE,401737,PLANT_SOLIDS,High,AMOX500CAP,TabletsCaps
BATCH08310,High,No,Contract,Capsule,CL1,DE,425361,PLANT_SOLIDS,Medium,AMOX500CAP,TabletsCaps
BATCH00867,Low,Yes,OwnBrand,Hormonal,HORM1,PT,26810,PLANT_SPECIAL,Medium,EE30TAB,Units
BATCH05953,High,No,Contract,Injectable,INJ2,UK,38141,PLANT_PARENTERAL,Low,CEF1GIV,Units
BATCH05606,High,No,Contract,Injectable,INJ2,UK,25518,PLANT_PARENTERAL,High,CEF1GIV,Units
BATCH04161,Low,No,Contract,Device,DEV1,UK,27410,PLANT_SPECIAL,High,INHALER,Units
BATCH00884,Low,Yes,Contract,Device,DEV2,UK,27437,PLANT_SPECIAL,Medium,INHALER,Units
BATCH02509,Medium,No,OwnBrand,Device,DEV2,DE,37460,PLANT_SPECIAL,High,INSUPEN,Units
BATCH04650,High,No,Contract,Injectable,INJ1,UK,41936,PLANT_PARENTERAL,High,CEF1GIV,Units
BATCH05212,Low,Yes,Contract,Device,DEV1,UK,3673,PLANT_SPECIAL,Low,INHALER,Units
BATCH01785,Medium,No,OwnBrand,Device,DEV2,DE,41014,PLANT_SPECIAL,Low,INSUPEN,Units
BATCH03766,Medium,Yes,OwnBrand,Device,DEV2,DE,32846,PLANT_SPECIAL,High,INSUPEN,Units
BATCH07255,Low,No,OwnBrand,Hormonal,HORM1,PT,26811,PLANT_SPECIAL,Medium,EE30TAB,Units
BATCH03621,Medium,No,OwnBrand,Device,DEV1,DE,19453,PLANT_SPECIAL,Low,INSUPEN,Units
BATCH07433,Medium,Yes,OwnBrand,Device,DEV1,DE,16582,PLANT_SPECIAL,Low,INSUPEN,Units
BATCH07855,Low,No,OwnBrand,Capsule,CL1,IT,73020,PLANT_SOLIDS,Medium,OMEP20CAP,TabletsCaps
BATCH09036,Low,No,Contract,Device,DEV2,UK,17209,PLANT_SPECIAL,Low,INHALER,Units
BATCH08999,Medium,No,OwnBrand,Device,DEV2,DE,32398,PLANT_SPECIAL,Low,INSUPEN,Units
BATCH00608,Low,No,Contract,Device,DEV1,UK,37028,PLANT_SPECIAL,Low,INHALER,Units
BATCH04470,Medium,No,Contract,Hormonal,HORM1,ES,22591,PLANT_SPECIAL,Low,LEVOHORMIMPL,Units
BATCH08345,Low,No,OwnBrand,Hormonal,HORM1,PT,33502,PLANT_SPECIAL,High,EE30TAB,Units
BATCH08579,Medium,No,OwnBrand,Injectable,INJ1,FR,13645,PLANT_PARENTERAL,Low,HEP5000SC,Units
BATCH03222,Medium,Yes,Contract,Hormonal,HORM1,ES,8610,PLANT_SPECIAL,Medium,LEVOHORMIMPL,Units
BATCH08572,Medium,No,OwnBrand,Device,DEV1,DE,31046,PLANT_SPECIAL,High,INSUPEN,Units
BATCH07369,High,No,Contract,Injectable,INJ1,UK,29988,PLANT_PARENTERAL,High,CEF1GIV,Units
BATCH04680,High,Yes,Contract,Capsule,CL2,DE,344145,PLANT_SOLIDS,Medium,AMOX500CAP,TabletsCaps
BATCH07518,High,Yes,Contract,Capsule,CL2,DE,481206,PLANT_SOLIDS,Medium,AMOX500CAP,TabletsCaps
BATCH02772,High,Yes,Contract,Capsule,CL2,DE,334308,PLANT_SOLIDS,Medium,AMOX500CAP,TabletsCaps
BATCH09534,Medium,No,OwnBrand,Tablet,TL1,FR,494940,PLANT_SOLIDS,Low,IBUP400TAB,TabletsCaps
BATCH01208,High,Yes,Contract,Capsule,CL1,DE,284923,PLANT_SOLIDS,Medium,AMOX500CAP,TabletsCaps
BATCH04175,Low,Yes,OwnBrand,Capsule,CL1,IT,388710,PLANT_SOLIDS,Medium,OMEP20CAP,TabletsCaps
BATCH05040,Medium,No,OwnBrand,Tablet,TL3,FR,148021,PLANT_SOLIDS,Low,IBUP400TAB,TabletsCaps
BATCH03844,Medium,No,OwnBrand,Tablet,TL2,FR,151891,PLANT_SOLIDS,Medium,IBUP400TAB,TabletsCaps
BATCH03827,High,Yes,Contract,Capsule,CL2,DE,138487,PLANT_SOLIDS,High,AMOX500CAP,TabletsCaps
BATCH06695,Medium,No,Contract,Hormonal,HORM1,ES,32662,PLANT_SPECIAL,Medium,LEVOHORMIMPL,Units
BATCH05621,High,Yes,Contract,Injectable,INJ2,UK,10957,PLANT_PARENTERAL,High,CEF1GIV,Units
BATCH06027,Medium,No,Contract,Hormonal,HORM1,ES,10813,PLANT_SPECIAL,Medium,LEVOHORMIMPL,Units
BATCH07620,Medium,No,OwnBrand,Device,DEV1,DE,33559,PLANT_SPECIAL,Low,INSUPEN,Units
BATCH03698,High,Yes,Contract,Injectable,INJ2,UK,30757,PLANT_PARENTERAL,Medium,CEF1GIV,Units
BATCH02943,High,No,Contract,Capsule,CL2,DE,306244,PLANT_SOLIDS,Low,AMOX500CAP,TabletsCaps
BATCH00191,High,No,Contract,Injectable,INJ2,UK,27838,PLANT_PARENTERAL,Medium,CEF1GIV,Units
BATCH03705,Low,Yes,OwnBrand,Hormonal,HORM2,PT,19969,PLANT_SPECIAL,Medium,EE30TAB,Units
BATCH03285,Medium,Yes,OwnBrand,Device,DEV1,DE,8323,PLANT_SPECIAL,Low,INSUPEN,Units
BATCH07145,Low,No,OwnBrand,Tablet,TL3,ES,95614,PLANT_SOLIDS,Medium,PARA500TAB,TabletsCaps
BATCH00240,Low,Yes,OwnBrand,Tablet,TL1,ES,337195,PLANT_SOLIDS,High,PARA500TAB,TabletsCaps
BATCH03283,Medium,No,OwnBrand,Device,DEV1,DE,28156,PLANT_SPECIAL,Low,INSUPEN,Units
BATCH09702,Low,No,OwnBrand,Tablet,TL2,ES,263986,PLANT_SOLIDS,Medium,PARA500TAB,TabletsCaps
BATCH06056,High,Yes,Contract,Injectable,INJ1,UK,22766,PLANT_PARENTERAL,Medium,CEF1GIV,Units
BATCH09679,Medium,No,OwnBrand,Injectable,INJ1,FR,4986,PLANT_PARENTERAL,Medium,HEP5000SC,Units
BATCH09939,Low,No,Contract,Device,DEV1,UK,6134,PLANT_SPECIAL,High,INHALER,Units
BATCH07079,Medium,No,OwnBrand,Injectable,INJ1,FR,21108,PLANT_PARENTERAL,Low,HEP5000SC,Units
BATCH08455,High,No,Contract,Capsule,CL1,DE,351439,PLANT_SOLIDS,Medium,AMOX500CAP,TabletsCaps
BATCH07468,Low,No,OwnBrand,Tablet,TL3,ES,434668,PLANT_SOLIDS,Low,PARA500TAB,TabletsCaps
BATCH08422,Low,No,OwnBrand,Capsule,CL1,IT,193283,PLANT_SOLIDS,Medium,OMEP20CAP,TabletsCaps
BATCH09393,Medium,No,OwnBrand,Device,DEV1,DE,30118,PLANT_SPECIAL,High,INSUPEN,Units
BATCH03024,Medium,No,OwnBrand,Tablet,TL1,FR,244008,PLANT_SOLIDS,Low,IBUP400TAB,TabletsCaps
BATCH06447,Low,Yes,OwnBrand,Hormonal,HORM1,PT,49047,PLANT_SPECIAL,Medium,EE30TAB,Units
BATCH01930,Low,Yes,OwnBrand,Hormonal,HORM2,PT,4194,PLANT_SPECIAL,Medium,EE30TAB,Units
BATCH01524,Medium,No,OwnBrand,Injectable,INJ1,FR,42401,PLANT_PARENTERAL,Medium,HEP5000SC,Units
BATCH04295,Low,No,OwnBrand,Capsule,CL1,IT,378235,PLANT_SOLIDS,Medium,OMEP20CAP,TabletsCaps
BATCH02275,Low,Yes,OwnBrand,Tablet,TL1,ES,368765,PLANT_SOLIDS,Low,PARA500TAB,TabletsCaps
BATCH01937,Low,Yes,OwnBrand,Capsule,CL1,IT,378826,PLANT_SOLIDS,High,OMEP20CAP,TabletsCaps
BATCH09469,High,No,Contract,Injectable,INJ1,UK,45646,PLANT_PARENTERAL,Low,CEF1GIV,Units
BATCH09168,Medium,No,OwnBrand,Device,DEV2,DE,15800,PLANT_SPECIAL,Medium,INSUPEN,Units
BATCH05896,Low,Yes,OwnBrand,Capsule,CL1,IT,487877,PLANT_SOLIDS,Medium,OMEP20CAP,TabletsCaps
BATCH08548,Low,No,OwnBrand,Capsule,CL2,IT,456257,PLANT_SOLIDS,High,OMEP20CAP,TabletsCaps
BATCH00029,Medium,No,OwnBrand,Tablet,TL2,FR,187078,PLANT_SOLIDS,Medium,IBUP400TAB,TabletsCaps
BATCH02699,Low,No,OwnBrand,Hormonal,HORM2,PT,2186,PLANT_SPECIAL,Medium,EE30TAB,Units
BATCH09609,Medium,No,OwnBrand,Device,DEV1,DE,37604,PLANT_SPECIAL,Low,INSUPEN,Units
BATCH02624,Low,No,OwnBrand,Capsule,CL1,IT,423572,PLANT_SOLIDS,High,OMEP20CAP,TabletsCaps
BATCH02269,High,No,Contract,Capsule,CL2,DE,217735,PLANT_SOLIDS,Low,AMOX500CAP,TabletsCaps
BATCH03832,Medium,No,OwnBrand,Device,DEV1,DE,43753,PLANT_SPECIAL,High,INSUPEN,Units
BATCH09896,Medium,No,OwnBrand,Device,DEV1,DE,22224,PLANT_SPECIAL,High,INSUPEN,Units
BATCH04306,Low,No,OwnBrand,Tablet,TL3,ES,429374,PLANT_SOLIDS,Medium,PARA500TAB,TabletsCaps
BATCH03622,Medium,Yes,OwnBrand,Device,DEV1,DE,33979,PLANT_SPECIAL,Medium,INSUPEN,Units
BATCH08690,Low,No,Contract,Device,DEV1,UK,48757,PLANT_SPECIAL,Medium,INHALER,Units
BATCH05651,Low,No,Contract,Device,DEV1,UK,25469,PLANT_SPECIAL,Medium,INHALER,Units
BATCH09379,Medium,No,OwnBrand,Device,DEV1,DE,32170,PLANT_SPECIAL,Low,INSUPEN,Units
BATCH09460,Low,No,Contract,Device,DEV2,UK,17696,PLANT_SPECIAL,Medium,INHALER,Units
BATCH05407,Low,No,OwnBrand,Hormonal,HORM2,PT,3053,PLANT_SPECIAL,Medium,EE30TAB,Units
BATCH02068,Low,No,OwnBrand,Tablet,TL3,ES,89158,PLANT_SOLIDS,Medium,PARA500TAB,TabletsCaps
BATCH03009,High,No,Contract,Injectable,INJ2,UK,14867,PLANT_PARENTERAL,Medium,CEF1GIV,Units
BATCH01685,Low,Yes,OwnBrand,Tablet,TL1,ES,461426,PLANT_SOLIDS,Low,PARA500TAB,TabletsCaps
BATCH05755,High,No,Contract,Capsule,CL1,DE,255442,PLANT_SOLIDS,Medium,AMOX500CAP,TabletsCaps
BATCH06073,Low,No,Contract,Device,DEV2,UK,1404,PLANT_SPECIAL,High,INHALER,Units
BATCH09104,Medium,No,OwnBrand,Device,DEV1,DE,22745,PLANT_SPECIAL,Medium,INSUPEN,Units
BATCH00360,Medium,Yes,OwnBrand,Tablet,TL2,FR,432922,PLANT_SOLIDS,Medium,IBUP400TAB,TabletsCaps
BATCH01473,Medium,No,Contract,Hormonal,HORM2,ES,35066,PLANT_SPECIAL,Medium,LEVOHORMIMPL,Units
BATCH07957,Low,No,OwnBrand,Hormonal,HORM2,PT,45505,PLANT_SPECIAL,Medium,EE30TAB,Units
BATCH03653,Medium,Yes,OwnBrand,Device,DEV1,DE,17247,PLANT_SPECIAL,Medium,INSUPEN,Units
BATCH05000,Medium,Yes,OwnBrand,Injectable,INJ1,FR,25191,PLANT_PARENTERAL,High,HEP5000SC,Units
BATCH04744,High,No,Contract,Injectable,INJ1,UK,19082,PLANT_PARENTERAL,Low,CEF1GIV,Units
BATCH07109,High,No,Contract,Injectable,INJ2,UK,29472,PLANT_PARENTERAL,Medium,CEF1GIV,Units
BATCH07535,High,Yes,Contract,Capsule,CL1,DE,315737,PLANT_SOLIDS,Medium,AMOX500CAP,TabletsCaps
BATCH07711,Medium,Yes,Contract,Hormonal,HORM1,ES,34896,PLANT_SPECIAL,Medium,LEVOHORMIMPL,Units
BATCH00258,Medium,Yes,OwnBrand,Tablet,TL2,FR,217183,PLANT_SOLIDS,Low,IBUP400TAB,TabletsCaps
BATCH08433,Medium,No,Contract,Hormonal,HORM2,ES,49519,PLANT_SPECIAL,Medium,LEVOHORMIMPL,Units
BATCH09904,Medium,Yes,OwnBrand,Injectable,INJ1,FR,48360,PLANT_PARENTERAL,Medium,HEP5000SC,Units
BATCH07792,Medium,No,OwnBrand,Device,DEV1,DE,30457,PLANT_SPECIAL,Medium,INSUPEN,Units
BATCH05116,Low,Yes,Contract,Device,DEV2,UK,27390,PLANT_SPECIAL,Medium,INHALER,Units
BATCH03397,Low,No,Contract,Device,DEV1,UK,18498,PLANT_SPECIAL,Low,INHALER,Units
BATCH06952,Medium,Yes,OwnBrand,Device,DEV1,DE,48605,PLANT_SPECIAL,Medium,INSUPEN,Units
BATCH08815,Medium,No,OwnBrand,Tablet,TL1,FR,89246,PLANT_SOLIDS,Medium,IBUP400TAB,TabletsCaps
BATCH02108,Low,No,Contract,Device,DEV2,UK,27297,PLANT_SPECIAL,High,INHALER,Units
BATCH02528,Low,Yes,OwnBrand,Tablet,TL1,ES,223774,PLANT_SOLIDS,Medium,PARA500TAB,TabletsCaps
BATCH06488,High,No,Contract,Capsule,CL2,DE,486707,PLANT_SOLIDS,Medium,AMOX500CAP,TabletsCaps
BATCH05163,Medium,No,OwnBrand,Tablet,TL2,FR,222504,PLANT_SOLIDS,Low,IBUP400TAB,TabletsCaps
BATCH08916,Low,No,Contract,Device,DEV1,UK,46442,PLANT_SPECIAL,Medium,INHALER,Units
BATCH07888,Low,No,OwnBrand,Hormonal,HORM1,PT,18438,PLANT_SPECIAL,Medium,EE30TAB,Units
BATCH06582,Low,No,OwnBrand,Hormonal,HORM1,PT,35663,PLANT_SPECIAL,Low,EE30TAB,Units
BATCH09398,Medium,No,OwnBrand,Injectable,INJ2,FR,36741,PLANT_PARENTERAL,Low,HEP5000SC,Units
BATCH07766,Low,No,Contract,Device,DEV1,UK,23046,PLANT_SPECIAL,High,INHALER,Units
BATCH05408,High,No,Contract,Injectable,INJ2,UK,31063,PLANT_PARENTERAL,High,CEF1GIV,Units
BATCH01258,Low,No,OwnBrand,Tablet,TL1,ES,379599,PLANT_SOLIDS,Medium,PARA500TAB,TabletsCaps
BATCH01186,High,No,Contract,Injectable,INJ1,UK,16989,PLANT_PARENTERAL,Medium,CEF1GIV,Units
BATCH05932,Low,No,Contract,Device,DEV1,UK,49805,PLANT_SPECIAL,Low,INHALER,Units
BATCH07434,Low,Yes,OwnBrand,Hormonal,HORM1,PT,47526,PLANT_SPECIAL,Medium,EE30TAB,Units
BATCH06998,Medium,No,Contract,Hormonal,HORM2,ES,36141,PLANT_SPECIAL,Medium,LEVOHORMIMPL,Units
BATCH01319,Medium,No,OwnBrand,Tablet,TL1,FR,327625,PLANT_SOLIDS,Medium,IBUP400TAB,TabletsCaps
BATCH07245,Medium,No,Contract,Hormonal,HORM2,ES,39297,PLANT_SPECIAL,Medium,LEVOHORMIMPL,Units
BATCH00447,Low,No,OwnBrand,Capsule,CL2,IT,130582,PLANT_SOLIDS,High,OMEP20CAP,TabletsCaps
BATCH07461,Low,No,Contract,Device,DEV1,UK,20730,PLANT_SPECIAL,High,INHALER,Units
BATCH07629,Medium,No,OwnBrand,Device,DEV2,DE,46154,PLANT_SPECIAL,Medium,INSUPEN,Units
BATCH05975,Medium,Yes,OwnBrand,Injectable,INJ2,FR,22604,PLANT_PARENTERAL,High,HEP5000SC,Units
BATCH01809,High,Yes,Contract,Capsule,CL1,DE,246597,PLANT_SOLIDS,Medium,AMOX500CAP,TabletsCaps
BATCH01155,Medium,No,Contract,Hormonal,HORM2,ES,24685,PLANT_SPECIAL,Medium,LEVOHORMIMPL,Units
BATCH05417,High,No,Contract,Injectable,INJ1,UK,34279,PLANT_PARENTERAL,Medium,CEF1GIV,Units
BATCH00485,Medium,No,OwnBrand,Injectable,INJ2,FR,33203,PLANT_PARENTERAL,Low,HEP5000SC,Units
BATCH05353,Low,No,OwnBrand,Hormonal,HORM2,PT,39823,PLANT_SPECIAL,Low,EE30TAB,Units
BATCH05222,Medium,Yes,OwnBrand,Tablet,TL3,FR,51556,PLANT_SOLIDS,Medium,IBUP400TAB,TabletsCaps
BATCH01472,Low,No,OwnBrand,Capsule,CL2,IT,498212,PLANT_SOLIDS,Medium,OMEP20CAP,TabletsCaps
BATCH00451,Low,Yes,OwnBrand,Tablet,TL1,ES,215049,PLANT_SOLIDS,Medium,PARA500TAB,TabletsCaps
BATCH03459,Medium,No,OwnBrand,Tablet,TL3,FR,85062,PLANT_SOLIDS,High,IBUP400TAB,TabletsCaps
BATCH04389,Low,No,OwnBrand,Capsule,CL2,IT,414003,PLANT_SOLIDS,Medium,OMEP20CAP,TabletsCaps
BATCH05339,Medium,Yes,Contract,Hormonal,HORM1,ES,26885,PLANT_SPECIAL,High,LEVOHORMIMPL,Units
BATCH07935,Low,No,OwnBrand,Tablet,TL2,ES,69448,PLANT_SOLIDS,Medium,PARA500TAB,TabletsCaps
BATCH06439,Medium,No,OwnBrand,Injectable,INJ1,FR,41159,PLANT_PARENTERAL,Medium,HEP5000SC,Units
BATCH07689,Low,No,OwnBrand,Tablet,TL2,ES,236714,PLANT_SOLIDS,Medium,PARA500TAB,TabletsCaps
BATCH04239,Low,No,Contract,Device,DEV1,UK,20746,PLANT_SPECIAL,Medium,INHALER,Units
BATCH06675,Low,No,OwnBrand,Hormonal,HORM2,PT,48210,PLANT_SPECIAL,High,EE30TAB,Units
BATCH03609,Low,No,OwnBrand,Hormonal,HORM1,PT,22358,PLANT_SPECIAL,Low,EE30TAB,Units
BATCH00696,Medium,No,OwnBrand,Tablet,TL1,FR,239142,PLANT_SOLIDS,Medium,IBUP400TAB,TabletsCaps
BATCH05113,High,No,Contract,Injectable,INJ2,UK,25438,PLANT_PARENTERAL,Medium,CEF1GIV,Units
BATCH05052,Medium,No,OwnBrand,Injectable,INJ2,FR,10795,PLANT_PARENTERAL,Medium,HEP5000SC,Units
BATCH03183,Low,No,OwnBrand,Capsule,CL1,IT,451538,PLANT_SOLIDS,Medium,OMEP20CAP,TabletsCaps
BATCH01179,Low,No,OwnBrand,Hormonal,HORM1,PT,35907,PLANT_SPECIAL,Low,EE30TAB,Units
BATCH09291,Medium,No,OwnBrand,Tablet,TL1,FR,98119,PLANT_SOLIDS,Medium,IBUP400TAB,TabletsCaps
BATCH04709,High,No,Contract,Injectable,INJ1,UK,24963,PLANT_PARENTERAL,High,CEF1GIV,Units
BATCH05035,High,No,Contract,Capsule,CL1,DE,412888,PLANT_SOLIDS,High,AMOX500CAP,TabletsCaps
BATCH02590,Medium,No,Contract,Hormonal,HORM1,ES,39242,PLANT_SPECIAL,Medium,LEVOHORMIMPL,Units
BATCH04007,Medium,No,OwnBrand,Injectable,INJ2,FR,28084,PLANT_PARENTERAL,Low,HEP5000SC,Units
BATCH08386,Medium,No,OwnBrand,Injectable,INJ2,FR,36815,PLANT_PARENTERAL,Low,HEP5000SC,Units
BATCH01833,Low,No,OwnBrand,Tablet,TL2,ES,328444,PLANT_SOLIDS,High,PARA500TAB,TabletsCaps
BATCH01094,Medium,No,OwnBrand,Device,DEV1,DE,9134,PLANT_SPECIAL,Medium,INSUPEN,Units
BATCH05137,Low,No,Contract,Device,DEV2,UK,3141,PLANT_SPECIAL,Medium,INHALER,Units
BATCH04244,Medium,Yes,OwnBrand,Injectable,INJ2,FR,13213,PLANT_PARENTERAL,Medium,HEP5000SC,Units
BATCH06609,Medium,No,OwnBrand,Tablet,TL1,FR,58485,PLANT_SOLIDS,Medium,IBUP400TAB,TabletsCaps
BATCH03011,Low,No,OwnBrand,Capsule,CL2,IT,273307,PLANT_SOLIDS,High,OMEP20CAP,TabletsCaps
BATCH05164,Medium,Yes,OwnBrand,Tablet,TL2,FR,227168,PLANT_SOLIDS,Medium,IBUP400TAB,TabletsCaps
BATCH09639,High,No,Contract,Injectable,INJ1,UK,17238,PLANT_PARENTERAL,Medium,CEF1GIV,Units
BATCH00439,Medium,No,OwnBrand,Device,DEV2,DE,36044,PLANT_SPECIAL,Medium,INSUPEN,Units
BATCH08784,Medium,No,Contract,Hormonal,HORM2,ES,31833,PLANT_SPECIAL,Medium,LEVOHORMIMPL,Units
BATCH09122,Medium,No,Contract,Hormonal,HORM1,ES,8640,PLANT_SPECIAL,Medium,LEVOHORMIMPL,Units
BATCH02751,Medium,No,OwnBrand,Tablet,TL2,FR,86965,PLANT_SOLIDS,High,IBUP400TAB,TabletsCaps
BATCH03450,Low,No,OwnBrand,Tablet,TL2,ES,420292,PLANT_SOLIDS,Medium,PARA500TAB,TabletsCaps
BATCH09296,Medium,No,OwnBrand,Device,DEV1,DE,2841,PLANT_SPECIAL,Medium,INSUPEN,Units
BATCH06168,Medium,No,Contract,Hormonal,HORM1,ES,4300,PLANT_SPECIAL,Low,LEVOHORMIMPL,Units
BATCH03647,Low,No,OwnBrand,Capsule,CL1,IT,224772,PLANT_SOLIDS,Medium,OMEP20CAP,TabletsCaps
BATCH04939,Medium,No,Contract,Hormonal,HORM2,ES,47231,PLANT_SPECIAL,Medium,LEVOHORMIMPL,Units
BATCH07293,Medium,No,Contract,Hormonal,HORM2,ES,5837,PLANT_SPECIAL,High,LEVOHORMIMPL,Units
BATCH05609,Low,Yes,OwnBrand,Capsule,CL1,IT,176137,PLANT_SOLIDS,Low,OMEP20CAP,TabletsCaps
BATCH01318,High,Yes,Contract,Capsule,CL1,DE,164933,PLANT_SOLIDS,High,AMOX500CAP,TabletsCaps
BATCH00181,Low,No,OwnBrand,Hormonal,HORM2,PT,26643,PLANT_SPECIAL,High,EE30TAB,Units
BATCH06062,Low,Yes,OwnBrand,Hormonal,HORM2,PT,20477,PLANT_SPECIAL,Medium,EE30TAB,Units
BATCH07344,Low,Yes,OwnBrand,Tablet,TL3,ES,462529,PLANT_SOLIDS,Medium,PARA500TAB,TabletsCaps
BATCH09854,Low,No,OwnBrand,Tablet,TL2,ES,56467,PLANT_SOLIDS,Medium,PARA500TAB,TabletsCaps
BATCH07813,Medium,No,OwnBrand,Tablet,TL1,FR,232106,PLANT_SOLIDS,High,IBUP400TAB,TabletsCaps
BATCH04449,High,No,Contract,Injectable,INJ1,UK,40121,PLANT_PARENTERAL,Low,CEF1GIV,Units
BATCH06797,Low,No,OwnBrand,Capsule,CL2,IT,118336,PLANT_SOLIDS,Medium,OMEP20CAP,TabletsCaps
BATCH04014,High,No,Contract,Capsule,CL2,DE,241992,PLANT_SOLIDS,High,AMOX500CAP,TabletsCaps
BATCH08631,Low,No,OwnBrand,Capsule,CL2,IT,459952,PLANT_SOLIDS,Medium,OMEP20CAP,TabletsCaps
BATCH06556,High,No,Contract,Capsule,CL2,DE,93690,PLANT_SOLIDS,Medium,AMOX500CAP,TabletsCaps
BATCH03575,Medium,Yes,OwnBrand,Device,DEV2,DE,21056,PLANT_SPECIAL,Medium,INSUPEN,Units
BATCH09369,High,No,Contract,Capsule,CL2,DE,241505,PLANT_SOLIDS,High,AMOX500CAP,TabletsCaps
BATCH09511,Low,No,OwnBrand,Hormonal,HORM1,PT,40059,PLANT_SPECIAL,High,EE30TAB,Units
BATCH09260,Medium,No,Contract,Hormonal,HORM1,ES,26105,PLANT_SPECIAL,Medium,LEVOHORMIMPL,Units
BATCH04195,Low,Yes,OwnBrand,Tablet,TL3,ES,299709,PLANT_SOLIDS,High,PARA500TAB,TabletsCaps
BATCH03118,High,No,Contract,Injectable,INJ2,UK,46620,PLANT_PARENTERAL,Medium,CEF1GIV,Units
BATCH06877,Medium,No,Contract,Hormonal,HORM2,ES,26278,PLANT_SPECIAL,Low,LEVOHORMIMPL,Units
BATCH02390,Medium,No,OwnBrand,Injectable,INJ2,FR,20953,PLANT_PARENTERAL,Medium,HEP5000SC,Units
BATCH04659,Low,Yes,OwnBrand,Capsule,CL2,IT,415186,PLANT_SOLIDS,Medium,OMEP20CAP,TabletsCaps
BATCH08732,High,Yes,Contract,Injectable,INJ1,UK,3417,PLANT_PARENTERAL,Low,CEF1GIV,Units
BATCH09239,Medium,No,OwnBrand,Injectable,INJ1,FR,41600,PLANT_PARENTERAL,Medium,HEP5000SC,Units
BATCH09395,Low,No,OwnBrand,Hormonal,HORM1,PT,19832,PLANT_SPECIAL,Low,EE30TAB,Units
BATCH07246,Medium,No,OwnBrand,Device,DEV1,DE,29276,PLANT_SPECIAL,Low,INSUPEN,Units
BATCH02385,Medium,No,Contract,Hormonal,HORM1,ES,18910,PLANT_SPECIAL,Low,LEVOHORMIMPL,Units
BATCH09703,Low,No,OwnBrand,Tablet,TL3,ES,199062,PLANT_SOLIDS,High,PARA500TAB,TabletsCaps
BATCH05800,Medium,No,OwnBrand,Tablet,TL1,FR,132982,PLANT_SOLIDS,Medium,IBUP400TAB,TabletsCaps
BATCH02383,Medium,No,Contract,Hormonal,HORM2,ES,23998,PLANT_SPECIAL,Low,LEVOHORMIMPL,Units
BATCH05679,Low,No,OwnBrand,Capsule,CL1,IT,111851,PLANT_SOLIDS,Medium,OMEP20CAP,TabletsCaps
BATCH08840,Medium,No,OwnBrand,Device,DEV2,DE,21264,PLANT_SPECIAL,Low,INSUPEN,Units
BATCH01100,High,Yes,Contract,Capsule,CL2,DE,94400,PLANT_SOLIDS,Medium,AMOX500CAP,TabletsCaps
BATCH02843,Low,No,Contract,Device,DEV2,UK,32853,PLANT_SPECIAL,High,INHALER,Units
BATCH05275,Low,No,Contract,Device,DEV2,UK,11442,PLANT_SPECIAL,Medium,INHALER,Units
BATCH02615,Low,Yes,Contract,Device,DEV1,UK,5834,PLANT_SPECIAL,Medium,INHALER,Units
BATCH09895,Low,No,OwnBrand,Capsule,CL1,IT,486664,PLANT_SOLIDS,Medium,OMEP20CAP,TabletsCaps
BATCH01572,Medium,Yes,OwnBrand,Tablet,TL1,FR,204250,PLANT_SOLIDS,Low,IBUP400TAB,TabletsCaps
BATCH03249,High,No,Contract,Injectable,INJ2,UK,9307,PLANT_PARENTERAL,High,CEF1GIV,Units
BATCH04819,High,No,Contract,Injectable,INJ2,UK,30720,PLANT_PARENTERAL,Low,CEF1GIV,Units
BATCH05013,Medium,No,Contract,Hormonal,HORM2,ES,47121,PLANT_SPECIAL,Medium,LEVOHORMIMPL,Units
BATCH04638,Low,No,Contract,Device,DEV2,UK,20343,PLANT_SPECIAL,Medium,INHALER,Units
BATCH03587,Medium,No,OwnBrand,Tablet,TL3,FR,100024,PLANT_SOLIDS,Medium,IBUP400TAB,TabletsCaps
BATCH08311,High,No,Contract,Capsule,CL2,DE,57731,PLANT_SOLIDS,Medium,AMOX500CAP,TabletsCaps
BATCH01917,High,No,Contract,Injectable,INJ1,UK,15434,PLANT_PARENTERAL,Medium,CEF1GIV,Units
BATCH06412,Low,No,Contract,Device,DEV1,UK,48122,PLANT_SPECIAL,Medium,INHALER,Units
BATCH01652,High,Yes,Contract,Capsule,CL1,DE,181375,PLANT_SOLIDS,High,AMOX500CAP,TabletsCaps
BATCH07209,Low,No,OwnBrand,Tablet,TL2,ES,267563,PLANT_SOLIDS,Medium,PARA500TAB,TabletsCaps
BATCH00323,Medium,No,OwnBrand,Injectable,INJ2,FR,43237,PLANT_PARENTERAL,Medium,HEP5000SC,Units
BATCH04266,Low,No,OwnBrand,Tablet,TL1,ES,329727,PLANT_SOLIDS,Medium,PARA500TAB,TabletsCaps
BATCH06584,Medium,Yes,Contract,Hormonal,HORM1,ES,28537,PLANT_SPECIAL,Medium,LEVOHORMIMPL,Units
BATCH05261,Medium,No,Contract,Hormonal,HORM2,ES,9686,PLANT_SPECIAL,Medium,LEVOHORMIMPL,Units
BATCH07068,Low,No,OwnBrand,Tablet,TL1,ES,253164,PLANT_SOLIDS,Low,PARA500TAB,TabletsCaps
BATCH04396,Medium,Yes,OwnBrand,Injectable,INJ2,FR,11048,PLANT_PARENTERAL,Medium,HEP5000SC,Units
BATCH08470,Low,No,OwnBrand,Tablet,TL3,ES,126568,PLANT_SOLIDS,Medium,PARA500TAB,TabletsCaps
BATCH02179,Low,Yes,Contract,Device,DEV2,UK,16368,PLANT_SPECIAL,Low,INHALER,Units
BATCH08494,High,No,Contract,Injectable,INJ2,UK,26806,PLANT_PARENTERAL,Medium,CEF1GIV,Units
BATCH02558,High,No,Contract,Capsule,CL1,DE,462187,PLANT_SOLIDS,Low,AMOX500CAP,TabletsCaps
BATCH09926,Medium,No,OwnBrand,Injectable,INJ2,FR,26804,PLANT_PARENTERAL,High,HEP5000SC,Units
BATCH00197,Low,Yes,OwnBrand,Hormonal,HORM2,PT,24908,PLANT_SPECIAL,Medium,EE30TAB,Units
BATCH08148,Low,Yes,Contract,Device,DEV2,UK,29748,PLANT_SPECIAL,Medium,INHALER,Units
BATCH08339,High,No,Contract,Injectable,INJ1,UK,31310,PLANT_PARENTERAL,Medium,CEF1GIV,Units
BATCH02577,Medium,No,OwnBrand,Tablet,TL2,FR,316614,PLANT_SOLIDS,Low,IBUP400TAB,TabletsCaps
BATCH01852,Low,No,OwnBrand,Tablet,TL1,ES,262551,PLANT_SOLIDS,Medium,PARA500TAB,TabletsCaps
BATCH06571,High,Yes,Contract,Capsule,CL2,DE,346626,PLANT_SOLIDS,Medium,AMOX500CAP,TabletsCaps
BATCH07262,High,No,Contract,Capsule,CL2,DE,463605,PLANT_SOLIDS,High,AMOX500CAP,TabletsCaps
BATCH02187,Low,Yes,Contract,Device,DEV1,UK,30768,PLANT_SPECIAL,Low,INHALER,Units
BATCH00887,Medium,Yes,OwnBrand,Tablet,TL2,FR,161324,PLANT_SOLIDS,Medium,IBUP400TAB,TabletsCaps
BATCH01441,Medium,No,OwnBrand,Device,DEV2,DE,16281,PLANT_SPECIAL,Medium,INSUPEN,Units
BATCH00869,Medium,Yes,OwnBrand,Injectable,INJ1,FR,13302,PLANT_PARENTERAL,High,HEP5000SC,Units
BATCH07728,Medium,No,Contract,Hormonal,HORM1,ES,2650,PLANT_SPECIAL,Low,LEVOHORMIMPL,Units
BATCH02398,Medium,No,OwnBrand,Tablet,TL1,FR,176853,PLANT_SOLIDS,High,IBUP400TAB,TabletsCaps
BATCH00442,Medium,Yes,OwnBrand,Injectable,INJ1,FR,20356,PLANT_PARENTERAL,Low,HEP5000SC,Units
BATCH03273,Medium,No,OwnBrand,Device,DEV1,DE,36783,PLANT_SPECIAL,Medium,INSUPEN,Units
BATCH07004,Medium,No,OwnBrand,Device,DEV2,DE,44739,PLANT_SPECIAL,Medium,INSUPEN,Units
BATCH09468,High,No,Contract,Injectable,INJ2,UK,31381,PLANT_PARENTERAL,Medium,CEF1GIV,Units
BATCH09729,Low,No,Contract,Device,DEV2,UK,26121,PLANT_SPECIAL,Low,INHALER,Units
BATCH08016,High,No,Contract,Injectable,INJ2,UK,44267,PLANT_PARENTERAL,Low,CEF1GIV,Units
BATCH02885,Low,No,OwnBrand,Capsule,CL2,IT,405810,PLANT_SOLIDS,High,OMEP20CAP,TabletsCaps
BATCH01224,Low,No,Contract,Device,DEV2,UK,31940,PLANT_SPECIAL,Low,INHALER,Units
BATCH01655,Low,No,OwnBrand,Tablet,TL3,ES,307682,PLANT_SOLIDS,Medium,PARA500TAB,TabletsCaps
BATCH06482,High,Yes,Contract,Injectable,INJ2,UK,10934,PLANT_PARENTERAL,Medium,CEF1GIV,Units
BATCH05622,Low,Yes,Contract,Device,DEV1,UK,48845,PLANT_SPECIAL,Medium,INHALER,Units
BATCH06758,Medium,Yes,Contract,Hormonal,HORM2,ES,14444,PLANT_SPECIAL,Low,LEVOHORMIMPL,Units
BATCH07317,Low,Yes,OwnBrand,Tablet,TL2,ES,128505,PLANT_SOLIDS,High,PARA500TAB,TabletsCaps
BATCH05152,High,Yes,Contract,Capsule,CL1,DE,362592,PLANT_SOLIDS,Medium,AMOX500CAP,TabletsCaps
BATCH00143,Medium,No,OwnBrand,Tablet,TL2,FR,380519,PLANT_SOLIDS,High,IBUP400TAB,TabletsCaps
BATCH00899,High,No,Contract,Injectable,INJ1,UK,14767,PLANT_PARENTERAL,Low,CEF1GIV,Units
BATCH01526,High,Yes,Contract,Capsule,CL1,DE,406518,PLANT_SOLIDS,Medium,AMOX500CAP,TabletsCaps
BATCH08254,Low,Yes,Contract,Device,DEV1,UK,42709,PLANT_SPECIAL,Medium,INHALER,Units
BATCH07338,High,Yes,Contract,Capsule,CL2,DE,92248,PLANT_SOLIDS,Medium,AMOX500CAP,TabletsCaps
BATCH02639,Low,No,Contract,Device,DEV2,UK,45493,PLANT_SPECIAL,Medium,INHALER,Units
BATCH07942,Medium,No,OwnBrand,Device,DEV2,DE,35352,PLANT_SPECIAL,Low,INSUPEN,Units
BATCH08040,Medium,No,OwnBrand,Injectable,INJ1,FR,26742,PLANT_PARENTERAL,Medium,HEP5000SC,Units
BATCH04554,Low,No,OwnBrand,Tablet,TL2,ES,166095,PLANT_SOLIDS,Medium,PARA500TAB,TabletsCaps
BATCH04293,Medium,No,OwnBrand,Tablet,TL3,FR,148072,PLANT_SOLIDS,Medium,IBUP400TAB,TabletsCaps
BATCH09323,Low,No,Contract,Device,DEV2,UK,22356,PLANT_SPECIAL,Medium,INHALER,Units
BATCH02447,High,Yes,Contract,Injectable,INJ2,UK,28917,PLANT_PARENTERAL,High,CEF1GIV,Units
BATCH07435,Low,Yes,OwnBrand,Tablet,TL3,ES,110390,PLANT_SOLIDS,Low,PARA500TAB,TabletsCaps
BATCH02411,Medium,No,Contract,Hormonal,HORM1,ES,18954,PLANT_SPECIAL,Medium,LEVOHORMIMPL,Units
BATCH08484,Medium,No,OwnBrand,Injectable,INJ1,FR,24238,PLANT_PARENTERAL,Medium,HEP5000SC,Units
BATCH05283,Low,No,OwnBrand,Tablet,TL3,ES,146884,PLANT_SOLIDS,Medium,PARA500TAB,TabletsCaps
BATCH08282,High,No,Contract,Injectable,INJ1,UK,15367,PLANT_PARENTERAL,High,CEF1GIV,Units
BATCH04106,Medium,Yes,Contract,Hormonal,HORM1,ES,15335,PLANT_SPECIAL,High,LEVOHORMIMPL,Units
BATCH09911,Medium,No,OwnBrand,Device,DEV2,DE,4404,PLANT_SPECIAL,Medium,INSUPEN,Units
BATCH07476,Medium,No,Contract,Hormonal,HORM2,ES,32105,PLANT_SPECIAL,Medium,LEVOHORMIMPL,Units
BATCH08684,Low,Yes,OwnBrand,Hormonal,HORM1,PT,48190,PLANT_SPECIAL,Low,EE30TAB,Units
BATCH00336,Medium,No,OwnBrand,Tablet,TL2,FR,330443,PLANT_SOLIDS,High,IBUP400TAB,TabletsCaps
BATCH06514,Medium,No,Contract,Hormonal,HORM2,ES,44723,PLANT_SPECIAL,Medium,LEVOHORMIMPL,Units
BATCH06497,Low,No,Contract,Device,DEV2,UK,18928,PLANT_SPECIAL,Low,INHALER,Units
BATCH07617,Medium,No,Contract,Hormonal,HORM1,ES,13819,PLANT_SPECIAL,High,LEVOHORMIMPL,Units
BATCH05308,Medium,No,OwnBrand,Tablet,TL2,FR,88835,PLANT_SOLIDS,Low,IBUP400TAB,TabletsCaps
BATCH00091,Low,No,OwnBrand,Capsule,CL2,IT,99072,PLANT_SOLIDS,Medium,OMEP20CAP,TabletsCaps
BATCH08158,High,Yes,Contract,Capsule,CL2,DE,308865,PLANT_SOLIDS,High,AMOX500CAP,TabletsCaps
BATCH06596,High,No,Contract,Injectable,INJ2,UK,30567,PLANT_PARENTERAL,Medium,CEF1GIV,Units
BATCH00198,Medium,No,OwnBrand,Tablet,TL3,FR,71310,PLANT_SOLIDS,Medium,IBUP400TAB,TabletsCaps
BATCH02329,Medium,No,OwnBrand,Tablet,TL1,FR,207574,PLANT_SOLIDS,High,IBUP400TAB,TabletsCaps
BATCH06314,High,No,Contract,Injectable,INJ1,UK,9443,PLANT_PARENTERAL,High,CEF1GIV,Units
BATCH04179,Low,No,OwnBrand,Capsule,CL1,IT,134610,PLANT_SOLIDS,Low,OMEP20CAP,TabletsCaps
BATCH06174,Low,Yes,OwnBrand,Capsule,CL1,IT,239037,PLANT_SOLIDS,High,OMEP20CAP,TabletsCaps
BATCH00147,Medium,No,Contract,Hormonal,HORM1,ES,15524,PLANT_SPECIAL,Medium,LEVOHORMIMPL,Units
BATCH06059,High,No,Contract,Capsule,CL2,DE,191533,PLANT_SOLIDS,Low,AMOX500CAP,TabletsCaps
BATCH01272,Low,No,Contract,Device,DEV1,UK,18540,PLANT_SPECIAL,Low,INHALER,Units
BATCH06848,Medium,No,OwnBrand,Tablet,TL2,FR,491585,PLANT_SOLIDS,Medium,IBUP400TAB,TabletsCaps
BATCH00224,Medium,Yes,OwnBrand,Tablet,TL2,FR,342087,PLANT_SOLIDS,Medium,IBUP400TAB,TabletsCaps
BATCH04806,Low,Yes,OwnBrand,Tablet,TL3,ES,483028,PLANT_SOLIDS,Low,PARA500TAB,TabletsCaps
BATCH04309,High,No,Contract,Capsule,CL2,DE,299156,PLANT_SOLIDS,Medium,AMOX500CAP,TabletsCaps
BATCH02233,High,No,Contract,Injectable,INJ2,UK,11927,PLANT_PARENTERAL,Medium,CEF1GIV,Units
BATCH00159,High,No,Contract,Capsule,CL2,DE,91036,PLANT_SOLIDS,Medium,AMOX500CAP,TabletsCaps
BATCH02896,Medium,No,OwnBrand,Injectable,INJ1,FR,18644,PLANT_PARENTERAL,Medium,HEP5000SC,Units
BATCH09850,Low,Yes,Contract,Device,DEV2,UK,37679,PLANT_SPECIAL,Low,INHALER,Units
BATCH07784,Low,No,OwnBrand,Capsule,CL2,IT,135402,PLANT_SOLIDS,High,OMEP20CAP,TabletsCaps
BATCH06335,Medium,No,OwnBrand,Injectable,INJ1,FR,21170,PLANT_PARENTERAL,Medium,HEP5000SC,Units
BATCH01869,Low,No,Contract,Device,DEV1,UK,30031,PLANT_SPECIAL,Medium,INHALER,Units
BATCH01838,Low,No,OwnBrand,Capsule,CL2,IT,264595,PLANT_SOLIDS,High,OMEP20CAP,TabletsCaps
BATCH06033,Medium,Yes,OwnBrand,Tablet,TL1,FR,448066,PLANT_SOLIDS,Medium,IBUP400TAB,TabletsCaps
BATCH04552,Medium,No,OwnBrand,Injectable,INJ2,FR,3694,PLANT_PARENTERAL,High,HEP5000SC,Units
BATCH08778,Medium,Yes,Contract,Hormonal,HORM1,ES,28307,PLANT_SPECIAL,Medium,LEVOHORMIMPL,Units
BATCH01354,High,Yes,Contract,Injectable,INJ1,UK,26072,PLANT_PARENTERAL,Low,CEF1GIV,Units
BATCH07483,Medium,No,OwnBrand,Device,DEV2,DE,23054,PLANT_SPECIAL,High,INSUPEN,Units
BATCH09265,Medium,No,OwnBrand,Device,DEV1,DE,29458,PLANT_SPECIAL,High,INSUPEN,Units
BATCH04878,Low,No,Contract,Device,DEV1,UK,6672,PLANT_SPECIAL,Medium,INHALER,Units
BATCH09632,Low,No,OwnBrand,Tablet,TL2,ES,323276,PLANT_SOLIDS,Medium,PARA500TAB,TabletsCaps
BATCH06502,High,Yes,Contract,Capsule,CL1,DE,287948,PLANT_SOLIDS,Medium,AMOX500CAP,TabletsCaps
BATCH04057,Low,No,OwnBrand,Tablet,TL2,ES,364704,PLANT_SOLIDS,Low,PARA500TAB,TabletsCaps
BATCH02121,High,No,Contract,Capsule,CL1,DE,482867,PLANT_SOLIDS,Medium,AMOX500CAP,TabletsCaps
BATCH09550,Medium,Yes,OwnBrand,Injectable,INJ1,FR,20732,PLANT_PARENTERAL,Medium,HEP5000SC,Units
BATCH08144,Medium,No,Contract,Hormonal,HORM1,ES,8530,PLANT_SPECIAL,Low,LEVOHORMIMPL,Units
BATCH06961,Medium,Yes,OwnBrand,Device,DEV1,DE,21628,PLANT_SPECIAL,Medium,INSUPEN,Units
BATCH03192,Low,No,Contract,Device,DEV1,UK,45825,PLANT_SPECIAL,Medium,INHALER,Units
BATCH06941,Medium,No,OwnBrand,Device,DEV1,DE,25574,PLANT_SPECIAL,Medium,INSUPEN,Units
BATCH06095,Medium,No,OwnBrand,Device,DEV1,DE,45573,PLANT_SPECIAL,Low,INSUPEN,Units
BATCH07039,Low,Yes,OwnBrand,Tablet,TL3,ES,447044,PLANT_SOLIDS,High,PARA500TAB,TabletsCaps
BATCH05257,High,No,Contract,Injectable,INJ1,UK,45127,PLANT_PARENTERAL,Medium,CEF1GIV,Units
BATCH05684,Low,No,OwnBrand,Capsule,CL1,IT,164247,PLANT_SOLIDS,High,OMEP20CAP,TabletsCaps
BATCH01021,Medium,Yes,OwnBrand,Device,DEV1,DE,19899,PLANT_SPECIAL,Medium,INSUPEN,Units
BATCH00889,Medium,Yes,OwnBrand,Device,DEV1,DE,46548,PLANT_SPECIAL,Medium,INSUPEN,Units
BATCH06899,Low,No,OwnBrand,Capsule,CL2,IT,305827,PLANT_SOLIDS,Medium,OMEP20CAP,TabletsCaps
BATCH03349,Low,Yes,OwnBrand,Tablet,TL1,ES,475578,PLANT_SOLIDS,Medium,PARA500TAB,TabletsCaps
BATCH01167,Medium,No,OwnBrand,Device,DEV2,DE,13363,PLANT_SPECIAL,High,INSUPEN,Units
BATCH04147,Medium,No,OwnBrand,Device,DEV2,DE,15260,PLANT_SPECIAL,Medium,INSUPEN,Units
BATCH06893,Medium,No,OwnBrand,Tablet,TL2,FR,85890,PLANT_SOLIDS,Medium,IBUP400TAB,TabletsCaps
BATCH04588,Medium,No,OwnBrand,Injectable,INJ1,FR,36091,PLANT_PARENTERAL,High,HEP5000SC,Units
BATCH02194,Medium,No,OwnBrand,Device,DEV1,DE,19877,PLANT_SPECIAL,Medium,INSUPEN,Units
BATCH01556,Medium,Yes,OwnBrand,Device,DEV1,DE,46651,PLANT_SPECIAL,Medium,INSUPEN,Units
BATCH06257,Low,No,Contract,Device,DEV2,UK,11891,PLANT_SPECIAL,Low,INHALER,Units
BATCH00750,Low,No,OwnBrand,Hormonal,HORM2,PT,26754,PLANT_SPECIAL,Medium,EE30TAB,Units
BATCH05964,High,No,Contract,Capsule,CL1,DE,178278,PLANT_SOLIDS,Low,AMOX500CAP,TabletsCaps
BATCH07917,Low,No,OwnBrand,Tablet,TL1,ES,492144,PLANT_SOLIDS,Medium,PARA500TAB,TabletsCaps
BATCH08692,Medium,No,OwnBrand,Tablet,TL1,FR,315369,PLANT_SOLIDS,High,IBUP400TAB,TabletsCaps
BATCH00556,Medium,Yes,Contract,Hormonal,HORM1,ES,26605,PLANT_SPECIAL,High,LEVOHORMIMPL,Units
BATCH03983,High,No,Contract,Capsule,CL2,DE,302688,PLANT_SOLIDS,Medium,AMOX500CAP,TabletsCaps
BATCH09623,High,No,Contract,Injectable,INJ2,UK,34235,PLANT_PARENTERAL,Medium,CEF1GIV,Units
BATCH04823,Medium,Yes,Contract,Hormonal,HORM2,ES,15024,PLANT_SPECIAL,Low,LEVOHORMIMPL,Units
BATCH07829,Low,No,OwnBrand,Hormonal,HORM2,PT,28238,PLANT_SPECIAL,Medium,EE30TAB,Units
BATCH08160,Low,No,OwnBrand,Capsule,CL2,IT,303726,PLANT_SOLIDS,Medium,OMEP20CAP,TabletsCaps
BATCH00422,Medium,Yes,OwnBrand,Device,DEV1,DE,35062,PLANT_SPECIAL,Medium,INSUPEN,Units
BATCH08849,Low,No,OwnBrand,Capsule,CL1,IT,90290,PLANT_SOLIDS,Low,OMEP20CAP,TabletsCaps
BATCH06671,Low,Yes,OwnBrand,Tablet,TL1,ES,344354,PLANT_SOLIDS,Medium,PARA500TAB,TabletsCaps
BATCH07517,Medium,Yes,Contract,Hormonal,HORM1,ES,24049,PLANT_SPECIAL,Medium,LEVOHORMIMPL,Units
BATCH05723,Medium,Yes,OwnBrand,Device,DEV1,DE,6448,PLANT_SPECIAL,High,INSUPEN,Units
BATCH08749,Medium,No,Contract,Hormonal,HORM1,ES,43910,PLANT_SPECIAL,Medium,LEVOHORMIMPL,Units
BATCH07665,Medium,No,Contract,Hormonal,HORM1,ES,34530,PLANT_SPECIAL,High,LEVOHORMIMPL,Units
BATCH02009,Low,Yes,OwnBrand,Hormonal,HORM2,PT,33678,PLANT_SPECIAL,Medium,EE30TAB,Units
BATCH07758,Low,No,Contract,Device,DEV1,UK,4278,PLANT_SPECIAL,High,INHALER,Units
BATCH07103,Medium,Yes,Contract,Hormonal,HORM1,ES,12419,PLANT_SPECIAL,Medium,LEVOHORMIMPL,Units
BATCH08093,Low,No,Contract,Device,DEV2,UK,12364,PLANT_SPECIAL,Medium,INHALER,Units
BATCH05484,Low,No,OwnBrand,Tablet,TL1,ES,106468,PLANT_SOLIDS,High,PARA500TAB,TabletsCaps
BATCH09384,Low,Yes,Contract,Device,DEV1,UK,30688,PLANT_SPECIAL,Medium,INHALER,Units
BATCH07926,Medium,No,OwnBrand,Device,DEV1,DE,13446,PLANT_SPECIAL,Medium,INSUPEN,Units
BATCH02678,Medium,No,Contract,Hormonal,HORM2,ES,19346,PLANT_SPECIAL,High,LEVOHORMIMPL,Units
BATCH04863,Low,No,OwnBrand,Hormonal,HORM1,PT,23199,PLANT_SPECIAL,Medium,EE30TAB,Units
BATCH05884,Low,No,OwnBrand,Capsule,CL1,IT,482597,PLANT_SOLIDS,High,OMEP20CAP,TabletsCaps
BATCH07283,Medium,Yes,OwnBrand,Tablet,TL3,FR,371274,PLANT_SOLIDS,Medium,IBUP400TAB,TabletsCaps
BATCH04305,High,No,Contract,Capsule,CL2,DE,168591,PLANT_SOLIDS,Medium,AMOX500CAP,TabletsCaps
BATCH08191,Medium,Yes,OwnBrand,Device,DEV2,DE,37047,PLANT_SPECIAL,Medium,INSUPEN,Units
BATCH00545,Low,Yes,OwnBrand,Capsule,CL2,IT,169785,PLANT_SOLIDS,Medium,OMEP20CAP,TabletsCaps
BATCH09521,Low,No,OwnBrand,Tablet,TL3,ES,374294,PLANT_SOLIDS,Medium,PARA500TAB,TabletsCaps
BATCH03737,Medium,No,Contract,Hormonal,HORM2,ES,47786,PLANT_SPECIAL,Medium,LEVOHORMIMPL,Units
BATCH06245,Low,No,Contract,Device,DEV1,UK,39789,PLANT_SPECIAL,Medium,INHALER,Units
BATCH02996,Medium,No,OwnBrand,Device,DEV2,DE,5410,PLANT_SPECIAL,Medium,INSUPEN,Units
BATCH02663,Medium,No,Contract,Hormonal,HORM2,ES,16289,PLANT_SPECIAL,Medium,LEVOHORMIMPL,Units
BATCH08278,High,No,Contract,Injectable,INJ2,UK,47700,PLANT_PARENTERAL,Low,CEF1GIV,Units
BATCH09437,Low,No,Contract,Device,DEV1,UK,27291,PLANT_SPECIAL,Medium,INHALER,Units
BATCH04140,Low,No,OwnBrand,Tablet,TL1,ES,479392,PLANT_SOLIDS,Low,PARA500TAB,TabletsCaps
BATCH01244,Low,Yes,OwnBrand,Capsule,CL2,IT,398178,PLANT_SOLIDS,Medium,OMEP20CAP,TabletsCaps
BATCH08496,High,No,Contract,Injectable,INJ1,UK,29740,PLANT_PARENTERAL,Medium,CEF1GIV,Units
BATCH00574,Low,Yes,OwnBrand,Tablet,TL3,ES,366576,PLANT_SOLIDS,Medium,PARA500TAB,TabletsCaps
BATCH04944,High,No,Contract,Capsule,CL2,DE,113182,PLANT_SOLIDS,Medium,AMOX500CAP,TabletsCaps
BATCH03236,High,Yes,Contract,Capsule,CL2,DE,114141,PLANT_SOLIDS,Medium,AMOX500CAP,TabletsCaps
BATCH00984,Medium,No,OwnBrand,Device,DEV2,DE,1110,PLANT_SPECIAL,High,INSUPEN,Units
BATCH09547,Medium,No,OwnBrand,Device,DEV1,DE,1880,PLANT_SPECIAL,Medium,INSUPEN,Units
BATCH09324,Medium,No,OwnBrand,Device,DEV1,DE,19480,PLANT_SPECIAL,High,INSUPEN,Units
BATCH05848,Medium,No,OwnBrand,Device,DEV1,DE,10706,PLANT_SPECIAL,High,INSUPEN,Units
BATCH00100,Low,No,OwnBrand,Tablet,TL1,ES,451806,PLANT_SOLIDS,Medium,PARA500TAB,TabletsCaps
BATCH06790,Low,No,OwnBrand,Capsule,CL2,IT,132341,PLANT_SOLIDS,High,OMEP20CAP,TabletsCaps
BATCH07960,Low,No,OwnBrand,Hormonal,HORM1,PT,12799,PLANT_SPECIAL,Low,EE30TAB,Units
BATCH07527,Medium,Yes,OwnBrand,Injectable,INJ2,FR,11810,PLANT_PARENTERAL,High,HEP5000SC,Units
BATCH00864,Medium,No,OwnBrand,Tablet,TL2,FR,170680,PLANT_SOLIDS,Medium,IBUP400TAB,TabletsCaps
BATCH02613,Low,No,OwnBrand,Hormonal,HORM1,PT,17560,PLANT_SPECIAL,Medium,EE30TAB,Units
BATCH01008,Low,No,Contract,Device,DEV2,UK,38003,PLANT_SPECIAL,Medium,INHALER,Units
BATCH03997,Low,No,OwnBrand,Capsule,CL2,IT,353820,PLANT_SOLIDS,Low,OMEP20CAP,TabletsCaps
BATCH00412,Low,No,OwnBrand,Capsule,CL1,IT,70600,PLANT_SOLIDS,Medium,OMEP20CAP,TabletsCaps
BATCH00508,Medium,No,Contract,Hormonal,HORM2,ES,9898,PLANT_SPECIAL,Medium,LEVOHORMIMPL,Units
BATCH07135,Medium,Yes,OwnBrand,Injectable,INJ1,FR,44306,PLANT_PARENTERAL,Medium,HEP5000SC,Units
BATCH07663,Low,No,OwnBrand,Tablet,TL1,ES,159810,PLANT_SOLIDS,Medium,PARA500TAB,TabletsCaps
BATCH02327,High,No,Contract,Capsule,CL1,DE,340235,PLANT_SOLIDS,Low,AMOX500CAP,TabletsCaps
BATCH05672,Low,No,OwnBrand,Capsule,CL1,IT,276277,PLANT_SOLIDS,High,OMEP20CAP,TabletsCaps
BATCH00127,Low,No,OwnBrand,Tablet,TL1,ES,320526,PLANT_SOLIDS,Low,PARA500TAB,TabletsCaps
BATCH04221,Low,Yes,OwnBrand,Hormonal,HORM1,PT,43640,PLANT_SPECIAL,Medium,EE30TAB,Units
BATCH00413,High,Yes,Contract,Injectable,INJ2,UK,43300,PLANT_PARENTERAL,High,CEF1GIV,Units
BATCH03398,Medium,No,OwnBrand,Device,DEV1,DE,41084,PLANT_SPECIAL,Medium,INSUPEN,Units
BATCH07563,Low,No,OwnBrand,Tablet,TL3,ES,495895,PLANT_SOLIDS,Low,PARA500TAB,TabletsCaps
BATCH01808,Medium,No,Contract,Hormonal,HORM1,ES,42385,PLANT_SPECIAL,Low,LEVOHORMIMPL,Units
BATCH02596,Low,No,Contract,Device,DEV1,UK,4480,PLANT_SPECIAL,High,INHALER,Units
BATCH03683,Medium,No,Contract,Hormonal,HORM1,ES,16559,PLANT_SPECIAL,Medium,LEVOHORMIMPL,Units
BATCH02809,Medium,No,Contract,Hormonal,HORM1,ES,24638,PLANT_SPECIAL,Medium,LEVOHORMIMPL,Units
BATCH05209,High,No,Contract,Capsule,CL2,DE,324004,PLANT_SOLIDS,Low,AMOX500CAP,TabletsCaps
BATCH05129,Low,Yes,OwnBrand,Tablet,TL3,ES,293229,PLANT_SOLIDS,High,PARA500TAB,TabletsCaps
BATCH09792,High,Yes,Contract,Injectable,INJ2,UK,32719,PLANT_PARENTERAL,High,CEF1GIV,Units
BATCH06357,High,No,Contract,Capsule,CL2,DE,175627,PLANT_SOLIDS,High,AMOX500CAP,TabletsCaps
BATCH00103,Low,No,OwnBrand,Capsule,CL1,IT,226963,PLANT_SOLIDS,High,OMEP20CAP,TabletsCaps
BATCH04858,Low,No,OwnBrand,Capsule,CL1,IT,420129,PLANT_SOLIDS,High,OMEP20CAP,TabletsCaps
BATCH02170,Medium,Yes,OwnBrand,Tablet,TL3,FR,325821,PLANT_SOLIDS,High,IBUP400TAB,TabletsCaps
BATCH05818,High,Yes,Contract,Capsule,CL1,DE,283181,PLANT_SOLIDS,Medium,AMOX500CAP,TabletsCaps
BATCH07005,High,No,Contract,Capsule,CL1,DE,200771,PLANT_SOLIDS,Low,AMOX500CAP,TabletsCaps
BATCH03311,Medium,No,OwnBrand,Injectable,INJ1,FR,33598,PLANT_PARENTERAL,Medium,HEP5000SC,Units
BATCH02592,Medium,No,OwnBrand,Tablet,TL3,FR,148972,PLANT_SOLIDS,High,IBUP400TAB,TabletsCaps
BATCH05918,Low,No,OwnBrand,Tablet,TL2,ES,66928,PLANT_SOLIDS,Medium,PARA500TAB,TabletsCaps
BATCH01229,Medium,Yes,OwnBrand,Injectable,INJ1,FR,44804,PLANT_PARENTERAL,Medium,HEP5000SC,Units
BATCH03309,Medium,No,OwnBrand,Device,DEV1,DE,2990,PLANT_SPECIAL,Medium,INSUPEN,Units
BATCH03230,Medium,No,OwnBrand,Tablet,TL3,FR,235251,PLANT_SOLIDS,Medium,IBUP400TAB,TabletsCaps
BATCH01054,Low,No,OwnBrand,Tablet,TL2,ES,110079,PLANT_SOLIDS,Medium,PARA500TAB,TabletsCaps
BATCH09254,Low,No,OwnBrand,Tablet,TL2,ES,392507,PLANT_SOLIDS,High,PARA500TAB,TabletsCaps
BATCH01710,Medium,No,Contract,Hormonal,HORM1,ES,19770,PLANT_SPECIAL,Low,LEVOHORMIMPL,Units
BATCH08971,Low,No,OwnBrand,Tablet,TL2,ES,407663,PLANT_SOLIDS,High,PARA500TAB,TabletsCaps
BATCH01084,High,No,Contract,Injectable,INJ1,UK,14945,PLANT_PARENTERAL,Low,CEF1GIV,Units
BATCH00058,High,No,Contract,Injectable,INJ1,UK,35823,PLANT_PARENTERAL,Medium,CEF1GIV,Units
BATCH06215,High,No,Contract,Capsule,CL2,DE,327202,PLANT_SOLIDS,Medium,AMOX500CAP,TabletsCaps
BATCH05039,Low,No,OwnBrand,Hormonal,HORM2,PT,28441,PLANT_SPECIAL,Low,EE30TAB,Units
BATCH05807,Medium,Yes,OwnBrand,Injectable,INJ1,FR,28842,PLANT_PARENTERAL,Medium,HEP5000SC,Units
BATCH04651,Medium,Yes,Contract,Hormonal,HORM2,ES,17885,PLANT_SPECIAL,Low,LEVOHORMIMPL,Units
BATCH01251,Medium,No,Contract,Hormonal,HORM2,ES,46243,PLANT_SPECIAL,Medium,LEVOHORMIMPL,Units
BATCH00365,High,No,Contract,Injectable,INJ2,UK,12274,PLANT_PARENTERAL,High,CEF1GIV,Units
BATCH06333,Medium,No,OwnBrand,Device,DEV2,DE,10773,PLANT_SPECIAL,Medium,INSUPEN,Units
BATCH00298,Medium,No,Contract,Hormonal,HORM2,ES,33345,PLANT_SPECIAL,Medium,LEVOHORMIMPL,Units
BATCH06604,Medium,No,OwnBrand,Injectable,INJ1,FR,4495,PLANT_PARENTERAL,Low,HEP5000SC,Units
BATCH01206,High,No,Contract,Capsule,CL1,DE,402453,PLANT_SOLIDS,Medium,AMOX500CAP,TabletsCaps
BATCH03158,Low,No,OwnBrand,Hormonal,HORM2,PT,15810,PLANT_SPECIAL,Low,EE30TAB,Units
BATCH02004,Low,No,Contract,Device,DEV1,UK,26920,PLANT_SPECIAL,High,INHALER,Units
BATCH06231,High,No,Contract,Capsule,CL2,DE,145353,PLANT_SOLIDS,Low,AMOX500CAP,TabletsCaps
BATCH08171,Medium,No,OwnBrand,Tablet,TL1,FR,389531,PLANT_SOLIDS,Low,IBUP400TAB,TabletsCaps
BATCH06351,High,No,Contract,Injectable,INJ1,UK,4386,PLANT_PARENTERAL,Medium,CEF1GIV,Units
BATCH04839,Low,No,OwnBrand,Capsule,CL1,IT,478367,PLANT_SOLIDS,Medium,OMEP20CAP,TabletsCaps
BATCH05439,Medium,Yes,Contract,Hormonal,HORM2,ES,30317,PLANT_SPECIAL,Low,LEVOHORMIMPL,Units
BATCH06836,Low,No,OwnBrand,Tablet,TL3,ES,191051,PLANT_SOLIDS,High,PARA500TAB,TabletsCaps
BATCH01184,Medium,No,OwnBrand,Injectable,INJ2,FR,31076,PLANT_PARENTERAL,Medium,HEP5000SC,Units
BATCH09923,Low,No,OwnBrand,Tablet,TL3,ES,137371,PLANT_SOLIDS,Low,PARA500TAB,TabletsCaps
BATCH05675,Low,No,OwnBrand,Tablet,TL2,ES,436625,PLANT_SOLIDS,High,PARA500TAB,TabletsCaps
BATCH05185,Medium,No,Contract,Hormonal,HORM1,ES,15944,PLANT_SPECIAL,Medium,LEVOHORMIMPL,Units
BATCH08719,High,No,Contract,Injectable,INJ2,UK,24314,PLANT_PARENTERAL,High,CEF1GIV,Units
BATCH06569,Low,No,OwnBrand,Hormonal,HORM1,PT,9228,PLANT_SPECIAL,Medium,EE30TAB,Units
BATCH06606,Low,Yes,OwnBrand,Hormonal,HORM2,PT,32609,PLANT_SPECIAL,Medium,EE30TAB,Units
BATCH08967,Medium,No,OwnBrand,Device,DEV1,DE,18709,PLANT_SPECIAL,Medium,INSUPEN,Units
BATCH01362,Low,Yes,OwnBrand,Hormonal,HORM2,PT,42214,PLANT_SPECIAL,High,EE30TAB,Units
BATCH00559,High,No,Contract,Capsule,CL1,DE,65672,PLANT_SOLIDS,High,AMOX500CAP,TabletsCaps
BATCH03902,Low,Yes,Contract,Device,DEV1,UK,31181,PLANT_SPECIAL,High,INHALER,Units
BATCH06743,Medium,No,OwnBrand,Injectable,INJ1,FR,23282,PLANT_PARENTERAL,Medium,HEP5000SC,Units
BATCH09105,Medium,Yes,OwnBrand,Device,DEV1,DE,48982,PLANT_SPECIAL,Low,INSUPEN,Units
BATCH05511,High,Yes,Contract,Capsule,CL1,DE,135065,PLANT_SOLIDS,Medium,AMOX500CAP,TabletsCaps
BATCH08985,Medium,Yes,OwnBrand,Tablet,TL1,FR,207598,PLANT_SOLIDS,Medium,IBUP400TAB,TabletsCaps
BATCH07320,Medium,No,OwnBrand,Tablet,TL2,FR,275576,PLANT_SOLIDS,Medium,IBUP400TAB,TabletsCaps
BATCH04866,Medium,No,OwnBrand,Injectable,INJ2,FR,21827,PLANT_PARENTERAL,Medium,HEP5000SC,Units
BATCH03246,Medium,No,OwnBrand,Device,DEV1,DE,4816,PLANT_SPECIAL,Medium,INSUPEN,Units
BATCH04372,Medium,No,OwnBrand,Tablet,TL1,FR,455401,PLANT_SOLIDS,Medium,IBUP400TAB,TabletsCaps
BATCH08881,Medium,No,OwnBrand,Device,DEV2,DE,34654,PLANT_SPECIAL,Medium,INSUPEN,Units
BATCH06015,High,No,Contract,Injectable,INJ2,UK,43111,PLANT_PARENTERAL,High,CEF1GIV,Units
BATCH03225,Medium,No,OwnBrand,Injectable,INJ2,FR,13090,PLANT_PARENTERAL,Medium,HEP5000SC,Units
BATCH03968,Medium,No,Contract,Hormonal,HORM1,ES,43953,PLANT_SPECIAL,Medium,LEVOHORMIMPL,Units
BATCH03580,Medium,No,Contract,Hormonal,HORM2,ES,39497,PLANT_SPECIAL,High,LEVOHORMIMPL,Units
BATCH01410,Low,No,Contract,Device,DEV2,UK,18829,PLANT_SPECIAL,Medium,INHALER,Units
BATCH04640,Medium,No,OwnBrand,Device,DEV2,DE,34615,PLANT_SPECIAL,Low,INSUPEN,Units
BATCH01111,Low,Yes,OwnBrand,Hormonal,HORM2,PT,37731,PLANT_SPECIAL,High,EE30TAB,Units
BATCH03819,Medium,No,Contract,Hormonal,HORM2,ES,41290,PLANT_SPECIAL,High,LEVOHORMIMPL,Units
BATCH09043,High,No,Contract,Injectable,INJ1,UK,48731,PLANT_PARENTERAL,Medium,CEF1GIV,Units
BATCH05522,Low,No,OwnBrand,Tablet,TL2,ES,353870,PLANT_SOLIDS,Low,PARA500TAB,TabletsCaps
BATCH04044,Medium,Yes,OwnBrand,Tablet,TL1,FR,293443,PLANT_SOLIDS,High,IBUP400TAB,TabletsCaps
BATCH08036,Medium,No,OwnBrand,Device,DEV2,DE,42084,PLANT_SPECIAL,Medium,INSUPEN,Units
BATCH08221,Low,No,OwnBrand,Tablet,TL1,ES,159879,PLANT_SOLIDS,Medium,PARA500TAB,TabletsCaps
BATCH03642,Medium,No,OwnBrand,Tablet,TL3,FR,369547,PLANT_SOLIDS,High,IBUP400TAB,TabletsCaps
BATCH09226,High,No,Contract,Injectable,INJ2,UK,6495,PLANT_PARENTERAL,Medium,CEF1GIV,Units
BATCH00580,Medium,No,OwnBrand,Tablet,TL2,FR,378359,PLANT_SOLIDS,Medium,IBUP400TAB,TabletsCaps
BATCH06340,Medium,Yes,OwnBrand,Injectable,INJ1,FR,23614,PLANT_PARENTERAL,High,HEP5000SC,Units
BATCH00587,Medium,Yes,Contract,Hormonal,HORM2,ES,30869,PLANT_SPECIAL,Medium,LEVOHORMIMPL,Units
BATCH01666,Low,No,Contract,Device,DEV1,UK,41616,PLANT_SPECIAL,Medium,INHALER,Units
BATCH04896,Low,Yes,OwnBrand,Capsule,CL1,IT,311853,PLANT_SOLIDS,Medium,OMEP20CAP,TabletsCaps
BATCH09030,High,Yes,Contract,Injectable,INJ2,UK,18018,PLANT_PARENTERAL,Low,CEF1GIV,Units
BATCH01567,Low,Yes,OwnBrand,Capsule,CL2,IT,346440,PLANT_SOLIDS,High,OMEP20CAP,TabletsCaps
BATCH01447,High,No,Contract,Capsule,CL1,DE,329755,PLANT_SOLIDS,High,AMOX500CAP,TabletsCaps
BATCH04490,Medium,Yes,OwnBrand,Injectable,INJ1,FR,11527,PLANT_PARENTERAL,Medium,HEP5000SC,Units
BATCH07907,High,No,Contract,Injectable,INJ1,UK,28445,PLANT_PARENTERAL,Low,CEF1GIV,Units
BATCH09198,Low,No,Contract,Device,DEV2,UK,43648,PLANT_SPECIAL,Medium,INHALER,Units
BATCH01671,Low,No,OwnBrand,Capsule,CL1,IT,233736,PLANT_SOLIDS,High,OMEP20CAP,TabletsCaps
BATCH08267,Medium,No,OwnBrand,Injectable,INJ2,FR,14134,PLANT_PARENTERAL,Low,HEP5000SC,Units
BATCH04433,High,No,Contract,Capsule,CL2,DE,334795,PLANT_SOLIDS,High,AMOX500CAP,TabletsCaps
BATCH09627,Medium,No,OwnBrand,Tablet,TL3,FR,470496,PLANT_SOLIDS,Medium,IBUP400TAB,TabletsCaps
BATCH07599,Low,No,OwnBrand,Tablet,TL3,ES,410747,PLANT_SOLIDS,High,PARA500TAB,TabletsCaps
BATCH05416,Medium,Yes,OwnBrand,Injectable,INJ2,FR,37776,PLANT_PARENTERAL,High,HEP5000SC,Units
BATCH03313,Low,Yes,OwnBrand,Tablet,TL1,ES,169204,PLANT_SOLIDS,Low,PARA500TAB,TabletsCaps
BATCH00446,Medium,No,OwnBrand,Tablet,TL3,FR,127788,PLANT_SOLIDS,High,IBUP400TAB,TabletsCaps
BATCH08468,Medium,No,OwnBrand,Tablet,TL1,FR,99246,PLANT_SOLIDS,Low,IBUP400TAB,TabletsCaps
BATCH01386,Medium,No,OwnBrand,Tablet,TL1,FR,91842,PLANT_SOLIDS,Low,IBUP400TAB,TabletsCaps
BATCH06693,Low,No,OwnBrand,Capsule,CL1,IT,363128,PLANT_SOLIDS,Low,OMEP20CAP,TabletsCaps
BATCH06435,Low,No,Contract,Device,DEV2,UK,16109,PLANT_SPECIAL,Low,INHALER,Units
BATCH00315,Low,No,Contract,Device,DEV1,UK,34406,PLANT_SPECIAL,Low,INHALER,Units
BATCH06306,High,No,Contract,Capsule,CL2,DE,454949,PLANT_SOLIDS,Medium,AMOX500CAP,TabletsCaps
BATCH02705,Low,No,OwnBrand,Hormonal,HORM1,PT,12631,PLANT_SPECIAL,Medium,EE30TAB,Units
BATCH01474,Low,No,OwnBrand,Tablet,TL2,ES,493218,PLANT_SOLIDS,Low,PARA500TAB,TabletsCaps
BATCH09737,Medium,No,OwnBrand,Device,DEV2,DE,48040,PLANT_SPECIAL,High,INSUPEN,Units
BATCH07323,Medium,No,OwnBrand,Tablet,TL1,FR,186848,PLANT_SOLIDS,Medium,IBUP400TAB,TabletsCaps
BATCH09038,Low,Yes,OwnBrand,Capsule,CL2,IT,115871,PLANT_SOLIDS,Low,OMEP20CAP,TabletsCaps
BATCH06242,Medium,No,OwnBrand,Device,DEV2,DE,42418,PLANT_SPECIAL,High,INSUPEN,Units
BATCH01812,Low,No,Contract,Device,DEV2,UK,11544,PLANT_SPECIAL,Low,INHALER,Units
BATCH03107,Medium,No,OwnBrand,Tablet,TL2,FR,329703,PLANT_SOLIDS,High,IBUP400TAB,TabletsCaps
BATCH08879,Medium,Yes,OwnBrand,Injectable,INJ2,FR,13474,PLANT_PARENTERAL,High,HEP5000SC,Units
BATCH07878,Medium,No,Contract,Hormonal,HORM2,ES,47672,PLANT_SPECIAL,Medium,LEVOHORMIMPL,Units
BATCH07889,Medium,No,Contract,Hormonal,HORM1,ES,42812,PLANT_SPECIAL,Medium,LEVOHORMIMPL,Units
BATCH09058,High,No,Contract,Injectable,INJ1,UK,3083,PLANT_PARENTERAL,Medium,CEF1GIV,Units
BATCH08557,Low,No,OwnBrand,Capsule,CL2,IT,337332,PLANT_SOLIDS,Medium,OMEP20CAP,TabletsCaps
BATCH07899,Low,No,OwnBrand,Capsule,CL2,IT,311637,PLANT_SOLIDS,High,OMEP20CAP,TabletsCaps
BATCH08139,Low,Yes,OwnBrand,Hormonal,HORM1,PT,26806,PLANT_SPECIAL,Medium,EE30TAB,Units
BATCH08012,Low,No,OwnBrand,Hormonal,HORM2,PT,28465,PLANT_SPECIAL,Low,EE30TAB,Units
BATCH03053,High,Yes,Contract,Capsule,CL1,DE,427086,PLANT_SOLIDS,High,AMOX500CAP,TabletsCaps
BATCH05785,Medium,No,OwnBrand,Tablet,TL3,FR,480122,PLANT_SOLIDS,High,IBUP400TAB,TabletsCaps
BATCH04653,Low,No,OwnBrand,Hormonal,HORM1,PT,17436,PLANT_SPECIAL,Low,EE30TAB,Units
BATCH04635,Low,No,OwnBrand,Capsule,CL1,IT,58307,PLANT_SOLIDS,Low,OMEP20CAP,TabletsCaps
BATCH08373,Medium,No,OwnBrand,Injectable,INJ1,FR,15962,PLANT_PARENTERAL,Low,HEP5000SC,Units
BATCH00940,Low,Yes,Contract,Device,DEV1,UK,43649,PLANT_SPECIAL,Low,INHALER,Units
BATCH00424,High,No,Contract,Injectable,INJ2,UK,21157,PLANT_PARENTERAL,Low,CEF1GIV,Units
BATCH05940,High,No,Contract,Capsule,CL2,DE,163548,PLANT_SOLIDS,Medium,AMOX500CAP,TabletsCaps
BATCH03708,Medium,No,OwnBrand,Injectable,INJ2,FR,43998,PLANT_PARENTERAL,Low,HEP5000SC,Units
BATCH04328,Medium,No,OwnBrand,Device,DEV2,DE,6748,PLANT_SPECIAL,Medium,INSUPEN,Units
BATCH06815,Medium,No,Contract,Hormonal,HORM1,ES,26328,PLANT_SPECIAL,Medium,LEVOHORMIMPL,Units
BATCH01755,Medium,No,OwnBrand,Tablet,TL1,FR,431048,PLANT_SOLIDS,High,IBUP400TAB,TabletsCaps
BATCH05063,High,No,Contract,Injectable,INJ2,UK,23624,PLANT_PARENTERAL,Low,CEF1GIV,Units
BATCH08089,Medium,No,OwnBrand,Device,DEV1,DE,47713,PLANT_SPECIAL,Low,INSUPEN,Units
BATCH08625,High,No,Contract,Injectable,INJ1,UK,35804,PLANT_PARENTERAL,Medium,CEF1GIV,Units
BATCH09461,Medium,Yes,OwnBrand,Tablet,TL2,FR,486261,PLANT_SOLIDS,High,IBUP400TAB,TabletsCaps
BATCH05895,Low,No,OwnBrand,Capsule,CL2,IT,52725,PLANT_SOLIDS,Medium,OMEP20CAP,TabletsCaps
BATCH07824,Medium,No,OwnBrand,Device,DEV2,DE,43126,PLANT_SPECIAL,Medium,INSUPEN,Units
BATCH02963,High,No,Contract,Injectable,INJ2,UK,47909,PLANT_PARENTERAL,Low,CEF1GIV,Units
BATCH05573,Low,No,OwnBrand,Capsule,CL2,IT,256922,PLANT_SOLIDS,Low,OMEP20CAP,TabletsCaps
BATCH08786,Medium,No,Contract,Hormonal,HORM1,ES,21440,PLANT_SPECIAL,High,LEVOHORMIMPL,Units
BATCH01919,High,No,Contract,Capsule,CL1,DE,422500,PLANT_SOLIDS,High,AMOX500CAP,TabletsCaps
BATCH04991,Medium,Yes,Contract,Hormonal,HORM2,ES,40885,PLANT_SPECIAL,High,LEVOHORMIMPL,Units
BATCH05973,High,No,Contract,Injectable,INJ2,UK,17822,PLANT_PARENTERAL,High,CEF1GIV,Units
BATCH07818,Low,No,Contract,Device,DEV2,UK,33833,PLANT_SPECIAL,Medium,INHALER,Units
BATCH05050,Low,No,Contract,Device,DEV2,UK,3013,PLANT_SPECIAL,Low,INHALER,Units
BATCH04701,Medium,No,OwnBrand,Tablet,TL2,FR,53604,PLANT_SOLIDS,Low,IBUP400TAB,TabletsCaps
BATCH03603,Low,No,OwnBrand,Tablet,TL1,ES,348620,PLANT_SOLIDS,Low,PARA500TAB,TabletsCaps
BATCH06007,High,No,Contract,Injectable,INJ2,UK,26446,PLANT_PARENTERAL,Medium,CEF1GIV,Units
BATCH08268,Low,No,OwnBrand,Hormonal,HORM1,PT,32682,PLANT_SPECIAL,High,EE30TAB,Units
BATCH03289,Low,Yes,Contract,Device,DEV1,UK,44696,PLANT_SPECIAL,High,INHALER,Units
BATCH03886,Medium,No,OwnBrand,Device,DEV2,DE,47107,PLANT_SPECIAL,Low,INSUPEN,Units
BATCH06212,Low,No,OwnBrand,Capsule,CL2,IT,98640,PLANT_SOLIDS,Low,OMEP20CAP,TabletsCaps
BATCH07049,Low,No,OwnBrand,Tablet,TL3,ES,469707,PLANT_SOLIDS,Low,PARA500TAB,TabletsCaps
BATCH00537,High,Yes,Contract,Capsule,CL1,DE,497223,PLANT_SOLIDS,Medium,AMOX500CAP,TabletsCaps
BATCH03686,Low,No,Contract,Device,DEV1,UK,36873,PLANT_SPECIAL,Medium,INHALER,Units
BATCH02247,Low,No,OwnBrand,Hormonal,HORM1,PT,27800,PLANT_SPECIAL,Medium,EE30TAB,Units
BATCH06697,Medium,No,OwnBrand,Tablet,TL2,FR,270540,PLANT_SOLIDS,Medium,IBUP400TAB,TabletsCaps
BATCH06354,Low,No,OwnBrand,Hormonal,HORM1,PT,21578,PLANT_SPECIAL,High,EE30TAB,Units
BATCH08289,Medium,No,OwnBrand,Tablet,TL2,FR,398236,PLANT_SOLIDS,Low,IBUP400TAB,TabletsCaps
BATCH04230,Low,Yes,OwnBrand,Tablet,TL2,ES,301457,PLANT_SOLIDS,High,PARA500TAB,TabletsCaps
BATCH06377,Low,No,Contract,Device,DEV1,UK,37783,PLANT_SPECIAL,High,INHALER,Units
BATCH02502,High,No,Contract,Injectable,INJ1,UK,35830,PLANT_PARENTERAL,Low,CEF1GIV,Units
BATCH09299,Medium,No,OwnBrand,Device,DEV1,DE,42871,PLANT_SPECIAL,Low,INSUPEN,Units
BATCH01443,Low,Yes,OwnBrand,Tablet,TL1,ES,91101,PLANT_SOLIDS,Low,PARA500TAB,TabletsCaps
BATCH04315,Low,No,OwnBrand,Hormonal,HORM1,PT,24254,PLANT_SPECIAL,Medium,EE30TAB,Units
BATCH08979,High,Yes,Contract,Capsule,CL1,DE,164583,PLANT_SOLIDS,Medium,AMOX500CAP,TabletsCaps
BATCH02632,High,No,Contract,Capsule,CL2,DE,384862,PLANT_SOLIDS,Medium,AMOX500CAP,TabletsCaps
BATCH04446,Low,No,OwnBrand,Tablet,TL2,ES,179241,PLANT_SOLIDS,Medium,PARA500TAB,TabletsCaps
BATCH01703,Medium,No,OwnBrand,Tablet,TL2,FR,105875,PLANT_SOLIDS,Medium,IBUP400TAB,TabletsCaps
BATCH06014,High,No,Contract,Capsule,CL1,DE,362105,PLANT_SOLIDS,Low,AMOX500CAP,TabletsCaps
BATCH02459,High,No,Contract,Capsule,CL1,DE,497424,PLANT_SOLIDS,Medium,AMOX500CAP,TabletsCaps
BATCH03616,Medium,No,OwnBrand,Injectable,INJ1,FR,36472,PLANT_PARENTERAL,Medium,HEP5000SC,Units
BATCH09426,Low,Yes,OwnBrand,Hormonal,HORM1,PT,21378,PLANT_SPECIAL,Low,EE30TAB,Units
BATCH03040,Medium,No,OwnBrand,Device,DEV1,DE,49093,PLANT_SPECIAL,Medium,INSUPEN,Units
BATCH09646,Medium,No,OwnBrand,Device,DEV1,DE,27030,PLANT_SPECIAL,Medium,INSUPEN,Units
BATCH04210,Medium,No,OwnBrand,Injectable,INJ1,FR,10494,PLANT_PARENTERAL,High,HEP5000SC,Units
BATCH04003,Low,Yes,OwnBrand,Hormonal,HORM1,PT,2519,PLANT_SPECIAL,Low,EE30TAB,Units
BATCH08518,Low,No,OwnBrand,Hormonal,HORM2,PT,39234,PLANT_SPECIAL,Low,EE30TAB,Units
BATCH08977,Medium,No,OwnBrand,Injectable,INJ1,FR,9749,PLANT_PARENTERAL,High,HEP5000SC,Units
BATCH06667,Low,No,OwnBrand,Hormonal,HORM1,PT,37566,PLANT_SPECIAL,Medium,EE30TAB,Units
BATCH02249,Medium,Yes,Contract,Hormonal,HORM2,ES,47621,PLANT_SPECIAL,Medium,LEVOHORMIMPL,Units
BATCH07312,Low,No,OwnBrand,Capsule,CL2,IT,143767,PLANT_SOLIDS,Medium,OMEP20CAP,TabletsCaps
BATCH01678,Medium,No,OwnBrand,Tablet,TL1,FR,328812,PLANT_SOLIDS,High,IBUP400TAB,TabletsCaps
BATCH02877,Low,No,Contract,Device,DEV2,UK,27660,PLANT_SPECIAL,Medium,INHALER,Units
BATCH07943,Medium,No,Contract,Hormonal,HORM1,ES,38846,PLANT_SPECIAL,Medium,LEVOHORMIMPL,Units
BATCH09949,High,No,Contract,Injectable,INJ2,UK,46577,PLANT_PARENTERAL,High,CEF1GIV,Units
BATCH08522,Medium,Yes,OwnBrand,Injectable,INJ2,FR,16912,PLANT_PARENTERAL,Medium,HEP5000SC,Units
BATCH01810,Medium,No,Contract,Hormonal,HORM1,ES,47449,PLANT_SPECIAL,Medium,LEVOHORMIMPL,Units
BATCH07402,Medium,No,OwnBrand,Injectable,INJ1,FR,8994,PLANT_PARENTERAL,Low,HEP5000SC,Units
BATCH08783,Medium,Yes,OwnBrand,Device,DEV2,DE,31980,PLANT_SPECIAL,Low,INSUPEN,Units
BATCH01493,High,No,Contract,Capsule,CL2,DE,270994,PLANT_SOLIDS,High,AMOX500CAP,TabletsCaps
BATCH08010,Medium,Yes,Contract,Hormonal,HORM2,ES,43683,PLANT_SPECIAL,Medium,LEVOHORMIMPL,Units
BATCH04471,Low,No,OwnBrand,Capsule,CL1,IT,484582,PLANT_SOLIDS,Medium,OMEP20CAP,TabletsCaps
BATCH01889,Low,No,OwnBrand,Tablet,TL3,ES,185263,PLANT_SOLIDS,Medium,PARA500TAB,TabletsCaps
BATCH00888,Medium,No,OwnBrand,Tablet,TL3,FR,104105,PLANT_SOLIDS,High,IBUP400TAB,TabletsCaps
BATCH03139,High,No,Contract,Capsule,CL1,DE,75794,PLANT_SOLIDS,High,AMOX500CAP,TabletsCaps
BATCH08388,Low,No,OwnBrand,Capsule,CL2,IT,398181,PLANT_SOLIDS,Medium,OMEP20CAP,TabletsCaps
BATCH09082,Medium,No,Contract,Hormonal,HORM1,ES,8771,PLANT_SPECIAL,Low,LEVOHORMIMPL,Units
BATCH06723,Low,No,OwnBrand,Hormonal,HORM2,PT,8829,PLANT_SPECIAL,Medium,EE30TAB,Units
BATCH04004,Medium,Yes,Contract,Hormonal,HORM1,ES,18165,PLANT_SPECIAL,Medium,LEVOHORMIMPL,Units
BATCH04720,Low,No,OwnBrand,Capsule,CL1,IT,149442,PLANT_SOLIDS,High,OMEP20CAP,TabletsCaps
BATCH09391,High,No,Contract,Capsule,CL1,DE,349020,PLANT_SOLIDS,High,AMOX500CAP,TabletsCaps
BATCH01782,Medium,No,OwnBrand,Device,DEV1,DE,17419,PLANT_SPECIAL,Medium,INSUPEN,Units
BATCH00673,Low,No,OwnBrand,Capsule,CL2,IT,85631,PLANT_SOLIDS,Medium,OMEP20CAP,TabletsCaps
BATCH06360,Medium,Yes,Contract,Hormonal,HORM2,ES,2399,PLANT_SPECIAL,High,LEVOHORMIMPL,Units
BATCH09068,Medium,Yes,Contract,Hormonal,HORM1,ES,22825,PLANT_SPECIAL,Medium,LEVOHORMIMPL,Units
BATCH07178,Low,No,OwnBrand,Capsule,CL2,IT,265198,PLANT_SOLIDS,Medium,OMEP20CAP,TabletsCaps
BATCH02750,High,Yes,Contract,Injectable,INJ1,UK,39097,PLANT_PARENTERAL,Medium,CEF1GIV,Units
BATCH03271,Low,No,OwnBrand,Capsule,CL1,IT,469636,PLANT_SOLIDS,Medium,OMEP20CAP,TabletsCaps
BATCH04759,High,No,Contract,Capsule,CL1,DE,208432,PLANT_SOLIDS,Medium,AMOX500CAP,TabletsCaps
BATCH01398,Medium,No,OwnBrand,Injectable,INJ2,FR,44125,PLANT_PARENTERAL,Medium,HEP5000SC,Units
BATCH01964,High,No,Contract,Injectable,INJ2,UK,22808,PLANT_PARENTERAL,Medium,CEF1GIV,Units
BATCH09368,Medium,No,Contract,Hormonal,HORM2,ES,23511,PLANT_SPECIAL,Medium,LEVOHORMIMPL,Units
BATCH03545,High,Yes,Contract,Injectable,INJ1,UK,25078,PLANT_PARENTERAL,High,CEF1GIV,Units
BATCH00502,Low,No,OwnBrand,Capsule,CL1,IT,251385,PLANT_SOLIDS,Medium,OMEP20CAP,TabletsCaps
BATCH07768,Medium,No,OwnBrand,Injectable,INJ2,FR,28161,PLANT_PARENTERAL,High,HEP5000SC,Units
BATCH05184,Medium,No,OwnBrand,Injectable,INJ1,FR,7554,PLANT_PARENTERAL,High,HEP5000SC,Units
BATCH02782,Low,No,Contract,Device,DEV2,UK,49480,PLANT_SPECIAL,Low,INHALER,Units
BATCH09537,Low,No,Contract,Device,DEV2,UK,12497,PLANT_SPECIAL,Medium,INHALER,Units
BATCH07002,Medium,Yes,OwnBrand,Tablet,TL1,FR,57355,PLANT_SOLIDS,Medium,IBUP400TAB,TabletsCaps
BATCH09834,Medium,No,OwnBrand,Tablet,TL1,FR,410327,PLANT_SOLIDS,Low,IBUP400TAB,TabletsCaps
BATCH04144,Low,No,OwnBrand,Capsule,CL2,IT,254997,PLANT_SOLIDS,Low,OMEP20CAP,TabletsCaps
BATCH08687,Low,No,OwnBrand,Hormonal,HORM1,PT,31034,PLANT_SPECIAL,Medium,EE30TAB,Units
BATCH00668,Low,No,Contract,Device,DEV2,UK,27225,PLANT_SPECIAL,Medium,INHALER,Units
BATCH03331,High,No,Contract,Injectable,INJ1,UK,32926,PLANT_PARENTERAL,Medium,CEF1GIV,Units
BATCH06192,High,No,Contract,Injectable,INJ1,UK,18046,PLANT_PARENTERAL,Low,CEF1GIV,Units
BATCH01356,Medium,No,OwnBrand,Device,DEV1,DE,33602,PLANT_SPECIAL,Medium,INSUPEN,Units
BATCH08252,Low,No,OwnBrand,Tablet,TL2,ES,478561,PLANT_SOLIDS,Low,PARA500TAB,TabletsCaps
BATCH09418,Low,Yes,OwnBrand,Hormonal,HORM1,PT,20591,PLANT_SPECIAL,Low,EE30TAB,Units
BATCH02376,Low,Yes,Contract,Device,DEV1,UK,34481,PLANT_SPECIAL,Low,INHALER,Units
BATCH05258,Medium,No,OwnBrand,Tablet,TL1,FR,71491,PLANT_SOLIDS,Medium,IBUP400TAB,TabletsCaps
BATCH09898,High,No,Contract,Capsule,CL1,DE,279344,PLANT_SOLIDS,Low,AMOX500CAP,TabletsCaps
BATCH07366,High,Yes,Contract,Capsule,CL2,DE,121303,PLANT_SOLIDS,Medium,AMOX500CAP,TabletsCaps
BATCH08751,Low,No,OwnBrand,Hormonal,HORM2,PT,25144,PLANT_SPECIAL,Medium,EE30TAB,Units
BATCH03898,High,No,Contract,Injectable,INJ2,UK,49928,PLANT_PARENTERAL,Low,CEF1GIV,Units
BATCH02046,Low,No,OwnBrand,Hormonal,HORM1,PT,49149,PLANT_SPECIAL,Medium,EE30TAB,Units
BATCH06678,Low,No,Contract,Device,DEV2,UK,41116,PLANT_SPECIAL,Low,INHALER,Units
BATCH03522,High,No,Contract,Capsule,CL2,DE,166054,PLANT_SOLIDS,Medium,AMOX500CAP,TabletsCaps
BATCH03401,Medium,No,Contract,Hormonal,HORM1,ES,8194,PLANT_SPECIAL,High,LEVOHORMIMPL,Units
BATCH07429,Low,No,OwnBrand,Tablet,TL1,ES,308429,PLANT_SOLIDS,High,PARA500TAB,TabletsCaps
BATCH08425,Medium,No,OwnBrand,Injectable,INJ2,FR,7254,PLANT_PARENTERAL,Low,HEP5000SC,Units
BATCH03790,Low,No,OwnBrand,Tablet,TL3,ES,333384,PLANT_SOLIDS,High,PARA500TAB,TabletsCaps
BATCH08021,High,No,Contract,Injectable,INJ1,UK,6515,PLANT_PARENTERAL,Medium,CEF1GIV,Units
BATCH08461,Low,No,OwnBrand,Capsule,CL2,IT,452163,PLANT_SOLIDS,Medium,OMEP20CAP,TabletsCaps
BATCH03435,Low,No,OwnBrand,Capsule,CL1,IT,357352,PLANT_SOLIDS,Medium,OMEP20CAP,TabletsCaps
BATCH05882,Medium,Yes,Contract,Hormonal,HORM1,ES,3691,PLANT_SPECIAL,Medium,LEVOHORMIMPL,Units
BATCH06916,High,No,Contract,Capsule,CL2,DE,187337,PLANT_SOLIDS,High,AMOX500CAP,TabletsCaps
BATCH07932,High,No,Contract,Injectable,INJ1,UK,40469,PLANT_PARENTERAL,High,CEF1GIV,Units
BATCH03010,High,Yes,Contract,Capsule,CL2,DE,272986,PLANT_SOLIDS,Medium,AMOX500CAP,TabletsCaps
BATCH08224,Low,No,OwnBrand,Tablet,TL2,ES,255000,PLANT_SOLIDS,Low,PARA500TAB,TabletsCaps
BATCH00080,Low,Yes,OwnBrand,Tablet,TL2,ES,262011,PLANT_SOLIDS,Low,PARA500TAB,TabletsCaps
BATCH03755,Low,No,OwnBrand,Capsule,CL1,IT,301000,PLANT_SOLIDS,High,OMEP20CAP,TabletsCaps
BATCH04159,Medium,No,OwnBrand,Injectable,INJ2,FR,18707,PLANT_PARENTERAL,Medium,HEP5000SC,Units
BATCH08487,High,No,Contract,Capsule,CL2,DE,123915,PLANT_SOLIDS,Low,AMOX500CAP,TabletsCaps
BATCH06792,High,Yes,Contract,Capsule,CL2,DE,188351,PLANT_SOLIDS,Low,AMOX500CAP,TabletsCaps
BATCH01845,Medium,No,OwnBrand,Device,DEV2,DE,2254,PLANT_SPECIAL,High,INSUPEN,Units
BATCH01612,Medium,No,Contract,Hormonal,HORM1,ES,26704,PLANT_SPECIAL,Low,LEVOHORMIMPL,Units
BATCH07384,Medium,No,OwnBrand,Injectable,INJ2,FR,11854,PLANT_PARENTERAL,Low,HEP5000SC,Units
BATCH06530,Medium,No,Contract,Hormonal,HORM1,ES,5390,PLANT_SPECIAL,Medium,LEVOHORMIMPL,Units
BATCH00388,High,Yes,Contract,Injectable,INJ2,UK,22494,PLANT_PARENTERAL,Low,CEF1GIV,Units
BATCH01436,High,Yes,Contract,Capsule,CL1,DE,80794,PLANT_SOLIDS,Medium,AMOX500CAP,TabletsCaps
BATCH04658,Low,Yes,OwnBrand,Tablet,TL3,ES,216752,PLANT_SOLIDS,Low,PARA500TAB,TabletsCaps
BATCH08013,Low,No,Contract,Device,DEV1,UK,46802,PLANT_SPECIAL,Medium,INHALER,Units
BATCH07011,Medium,No,OwnBrand,Device,DEV2,DE,28136,PLANT_SPECIAL,Low,INSUPEN,Units
BATCH02485,Low,No,OwnBrand,Capsule,CL2,IT,196379,PLANT_SOLIDS,Medium,OMEP20CAP,TabletsCaps
BATCH07675,Low,No,Contract,Device,DEV1,UK,22609,PLANT_SPECIAL,Medium,INHALER,Units
BATCH07680,Medium,Yes,OwnBrand,Tablet,TL3,FR,341937,PLANT_SOLIDS,Medium,IBUP400TAB,TabletsCaps
BATCH01708,Low,No,Contract,Device,DEV2,UK,37777,PLANT_SPECIAL,Medium,INHALER,Units
BATCH06013,Low,No,OwnBrand,Hormonal,HORM2,PT,42861,PLANT_SPECIAL,Medium,EE30TAB,Units
BATCH09653,Low,No,OwnBrand,Hormonal,HORM2,PT,44891,PLANT_SPECIAL,Low,EE30TAB,Units
BATCH08355,Low,No,OwnBrand,Hormonal,HORM1,PT,13783,PLANT_SPECIAL,Medium,EE30TAB,Units
BATCH08723,High,No,Contract,Injectable,INJ1,UK,4077,PLANT_PARENTERAL,Medium,CEF1GIV,Units
BATCH05738,Medium,No,Contract,Hormonal,HORM1,ES,41772,PLANT_SPECIAL,Medium,LEVOHORMIMPL,Units
BATCH07473,Low,No,OwnBrand,Hormonal,HORM2,PT,20124,PLANT_SPECIAL,Medium,EE30TAB,Units
BATCH06981,Medium,No,OwnBrand,Injectable,INJ1,FR,33213,PLANT_PARENTERAL,Medium,HEP5000SC,Units
BATCH04046,Medium,No,OwnBrand,Device,DEV2,DE,40774,PLANT_SPECIAL,Low,INSUPEN,Units
BATCH08605,Medium,No,OwnBrand,Tablet,TL1,FR,474454,PLANT_SOLIDS,Medium,IBUP400TAB,TabletsCaps
BATCH03699,Medium,Yes,OwnBrand,Injectable,INJ1,FR,34960,PLANT_PARENTERAL,Medium,HEP5000SC,Units
BATCH07866,Medium,No,OwnBrand,Tablet,TL1,FR,157541,PLANT_SOLIDS,Medium,IBUP400TAB,TabletsCaps
BATCH00460,Medium,No,OwnBrand,Tablet,TL1,FR,402514,PLANT_SOLIDS,High,IBUP400TAB,TabletsCaps
BATCH07844,Medium,Yes,OwnBrand,Device,DEV1,DE,47911,PLANT_SPECIAL,High,INSUPEN,Units
BATCH02260,Low,Yes,OwnBrand,Capsule,CL2,IT,284475,PLANT_SOLIDS,High,OMEP20CAP,TabletsCaps
BATCH01165,Medium,Yes,OwnBrand,Device,DEV2,DE,2126,PLANT_SPECIAL,Low,INSUPEN,Units
BATCH07944,Medium,No,OwnBrand,Tablet,TL1,FR,401669,PLANT_SOLIDS,High,IBUP400TAB,TabletsCaps
BATCH05464,Medium,No,Contract,Hormonal,HORM1,ES,20355,PLANT_SPECIAL,Medium,LEVOHORMIMPL,Units
BATCH09021,Medium,No,OwnBrand,Device,DEV2,DE,47575,PLANT_SPECIAL,Low,INSUPEN,Units
BATCH03960,Low,No,OwnBrand,Tablet,TL2,ES,254621,PLANT_SOLIDS,Medium,PARA500TAB,TabletsCaps
BATCH01262,Medium,No,OwnBrand,Device,DEV1,DE,27170,PLANT_SPECIAL,Low,INSUPEN,Units
BATCH07400,Medium,No,OwnBrand,Injectable,INJ2,FR,49020,PLANT_PARENTERAL,Medium,HEP5000SC,Units
BATCH05887,Medium,Yes,Contract,Hormonal,HORM1,ES,20916,PLANT_SPECIAL,Medium,LEVOHORMIMPL,Units
BATCH06536,Low,No,Contract,Device,DEV2,UK,12967,PLANT_SPECIAL,High,INHALER,Units
BATCH07007,Medium,Yes,OwnBrand,Tablet,TL3,FR,318075,PLANT_SOLIDS,Medium,IBUP400TAB,TabletsCaps
BATCH04946,Medium,Yes,OwnBrand,Injectable,INJ1,FR,8749,PLANT_PARENTERAL,Medium,HEP5000SC,Units
BATCH01621,Low,No,Contract,Device,DEV2,UK,22551,PLANT_SPECIAL,Low,INHALER,Units
BATCH05390,Low,Yes,Contract,Device,DEV1,UK,30819,PLANT_SPECIAL,High,INHALER,Units
BATCH09169,Low,Yes,OwnBrand,Tablet,TL2,ES,193588,PLANT_SOLIDS,Medium,PARA500TAB,TabletsCaps
BATCH08060,Medium,No,Contract,Hormonal,HORM1,ES,43501,PLANT_SPECIAL,Medium,LEVOHORMIMPL,Units
BATCH01553,Medium,No,OwnBrand,Device,DEV1,DE,13269,PLANT_SPECIAL,Medium,INSUPEN,Units
BATCH09848,Medium,Yes,OwnBrand,Tablet,TL2,FR,207085,PLANT_SOLIDS,Low,IBUP400TAB,TabletsCaps
BATCH05437,Medium,Yes,OwnBrand,Injectable,INJ1,FR,46957,PLANT_PARENTERAL,Medium,HEP5000SC,Units
BATCH08638,Medium,Yes,Contract,Hormonal,HORM2,ES,4687,PLANT_SPECIAL,High,LEVOHORMIMPL,Units
BATCH05837,Medium,No,Contract,Hormonal,HORM1,ES,27119,PLANT_SPECIAL,Low,LEVOHORMIMPL,Units
BATCH07139,Low,No,Contract,Device,DEV1,UK,21608,PLANT_SPECIAL,High,INHALER,Units
BATCH05577,Low,No,OwnBrand,Tablet,TL3,ES,246315,PLANT_SOLIDS,High,PARA500TAB,TabletsCaps
BATCH01202,Low,Yes,OwnBrand,Tablet,TL3,ES,116073,PLANT_SOLIDS,Medium,PARA500TAB,TabletsCaps
BATCH07902,Medium,No,OwnBrand,Injectable,INJ2,FR,23465,PLANT_PARENTERAL,Medium,HEP5000SC,Units
BATCH03341,Low,Yes,Contract,Device,DEV2,UK,30246,PLANT_SPECIAL,Medium,INHALER,Units
BATCH00692,Medium,No,OwnBrand,Tablet,TL1,FR,83198,PLANT_SOLIDS,Medium,IBUP400TAB,TabletsCaps
BATCH00709,Medium,Yes,Contract,Hormonal,HORM2,ES,26918,PLANT_SPECIAL,Medium,LEVOHORMIMPL,Units
BATCH09704,Medium,Yes,OwnBrand,Tablet,TL3,FR,380746,PLANT_SOLIDS,Medium,IBUP400TAB,TabletsCaps
BATCH09599,Medium,No,OwnBrand,Device,DEV1,DE,24389,PLANT_SPECIAL,Low,INSUPEN,Units
BATCH07131,Low,No,OwnBrand,Hormonal,HORM1,PT,20298,PLANT_SPECIAL,High,EE30TAB,Units
BATCH03456,Medium,No,Contract,Hormonal,HORM2,ES,23642,PLANT_SPECIAL,Low,LEVOHORMIMPL,Units
BATCH01232,High,No,Contract,Injectable,INJ1,UK,18811,PLANT_PARENTERAL,High,CEF1GIV,Units
BATCH09790,Medium,Yes,Contract,Hormonal,HORM2,ES,27553,PLANT_SPECIAL,High,LEVOHORMIMPL,Units
BATCH09073,Medium,No,OwnBrand,Injectable,INJ1,FR,45215,PLANT_PARENTERAL,Low,HEP5000SC,Units
BATCH05132,Medium,No,OwnBrand,Injectable,INJ2,FR,21063,PLANT_PARENTERAL,High,HEP5000SC,Units
BATCH04796,Medium,No,OwnBrand,Device,DEV1,DE,29152,PLANT_SPECIAL,High,INSUPEN,Units
BATCH06624,High,No,Contract,Injectable,INJ2,UK,2947,PLANT_PARENTERAL,Medium,CEF1GIV,Units
BATCH09698,Low,No,Contract,Device,DEV1,UK,25513,PLANT_SPECIAL,Medium,INHALER,Units
BATCH01514,High,Yes,Contract,Capsule,CL2,DE,342276,PLANT_SOLIDS,Low,AMOX500CAP,TabletsCaps
BATCH03004,Medium,Yes,Contract,Hormonal,HORM2,ES,30552,PLANT_SPECIAL,High,LEVOHORMIMPL,Units
BATCH00503,Low,No,Contract,Device,DEV1,UK,29925,PLANT_SPECIAL,High,INHALER,Units
BATCH00558,Low,Yes,OwnBrand,Hormonal,HORM2,PT,5255,PLANT_SPECIAL,Medium,EE30TAB,Units
BATCH00434,Medium,No,Contract,Hormonal,HORM2,ES,18521,PLANT_SPECIAL,High,LEVOHORMIMPL,Units
BATCH00635,Medium,No,OwnBrand,Injectable,INJ2,FR,32553,PLANT_PARENTERAL,High,HEP5000SC,Units
BATCH06429,Medium,No,OwnBrand,Tablet,TL2,FR,470975,PLANT_SOLIDS,Medium,IBUP400TAB,TabletsCaps
BATCH01270,Medium,No,OwnBrand,Device,DEV2,DE,8724,PLANT_SPECIAL,Low,INSUPEN,Units
BATCH04654,Low,No,OwnBrand,Tablet,TL2,ES,61309,PLANT_SOLIDS,Medium,PARA500TAB,TabletsCaps
BATCH01390,Low,No,OwnBrand,Tablet,TL1,ES,186902,PLANT_SOLIDS,Medium,PARA500TAB,TabletsCaps
BATCH01006,Low,Yes,OwnBrand,Hormonal,HORM1,PT,35894,PLANT_SPECIAL,Medium,EE30TAB,Units
BATCH01639,Low,No,Contract,Device,DEV2,UK,26415,PLANT_SPECIAL,Low,INHALER,Units
BATCH00519,High,Yes,Contract,Capsule,CL1,DE,319635,PLANT_SOLIDS,Medium,AMOX500CAP,TabletsCaps
BATCH03534,Low,No,OwnBrand,Tablet,TL1,ES,105163,PLANT_SOLIDS,Medium,PARA500TAB,TabletsCaps
BATCH00741,Medium,Yes,OwnBrand,Injectable,INJ2,FR,15387,PLANT_PARENTERAL,Low,HEP5000SC,Units
BATCH02677,Medium,No,Contract,Hormonal,HORM2,ES,42913,PLANT_SPECIAL,Low,LEVOHORMIMPL,Units
BATCH08781,Low,No,OwnBrand,Tablet,TL2,ES,255889,PLANT_SOLIDS,Low,PARA500TAB,TabletsCaps
BATCH09945,Medium,No,OwnBrand,Device,DEV2,DE,35973,PLANT_SPECIAL,Medium,INSUPEN,Units
BATCH02138,Low,No,Contract,Device,DEV2,UK,36713,PLANT_SPECIAL,Medium,INHALER,Units
BATCH04164,Medium,No,OwnBrand,Injectable,INJ1,FR,30211,PLANT_PARENTERAL,Low,HEP5000SC,Units
BATCH05103,Medium,No,Contract,Hormonal,HORM2,ES,25929,PLANT_SPECIAL,Medium,LEVOHORMIMPL,Units
BATCH06301,High,No,Contract,Capsule,CL1,DE,274160,PLANT_SOLIDS,Medium,AMOX500CAP,TabletsCaps
BATCH01499,Low,Yes,OwnBrand,Hormonal,HORM1,PT,35179,PLANT_SPECIAL,Medium,EE30TAB,Units
BATCH06280,High,No,Contract,Injectable,INJ2,UK,15977,PLANT_PARENTERAL,Medium,CEF1GIV,Units
BATCH05226,Medium,No,OwnBrand,Tablet,TL1,FR,249858,PLANT_SOLIDS,Low,IBUP400TAB,TabletsCaps
BATCH09643,High,Yes,Contract,Capsule,CL1,DE,417705,PLANT_SOLIDS,High,AMOX500CAP,TabletsCaps
BATCH05310,High,No,Contract,Capsule,CL1,DE,115055,PLANT_SOLIDS,High,AMOX500CAP,TabletsCaps
BATCH00755,Low,No,OwnBrand,Hormonal,HORM1,PT,1793,PLANT_SPECIAL,Medium,EE30TAB,Units
BATCH00724,Low,No,OwnBrand,Capsule,CL2,IT,199365,PLANT_SOLIDS,High,OMEP20CAP,TabletsCaps
