case_id,activity,event_start,event_end,timestamp,line,area
BATCH00058,Plan Batch,2023-04-05T02:55:57,2023-04-05T04:45:13,2023-04-05T02:55:57,,Planning
BATCH00058,Release Batch,2023-04-05T09:42:50,2023-04-05T10:19:06,2023-04-05T09:42:50,,Planning
BATCH00058,Stage Components,2023-04-05T14:18:03,2023-04-05T17:09:21,2023-04-05T14:18:03,DEV2,Warehouse
BATCH00058,Start Component Assembly,2023-04-05T18:32:34,2023-04-05T18:37:34,2023-04-05T18:32:34,DEV2,Production
BATCH00058,End Component Assembly,2023-04-05T21:10:55,2023-04-05T21:15:55,2023-04-05T21:10:55,DEV2,Production
BATCH00058,Start Device Calibration,2023-04-05T22:26:44,2023-04-05T22:31:44,2023-04-05T22:26:44,DEV2,Production
BATCH00058,End Device Calibration,2023-04-06T00:40:20,2023-04-06T00:45:20,2023-04-06T00:40:20,DEV2,Production
BATCH00058,Final Assembly,2023-04-06T01:28:58,2023-04-06T03:14:13,2023-04-06T01:28:58,DEV2,Production
BATCH00058,Start Packaging,2023-04-06T04:46:37,2023-04-06T04:51:37,2023-04-06T04:46:37,DEV2,Packaging
BATCH00058,End Packaging,2023-04-06T08:52:38,2023-04-06T08:57:38,2023-04-06T08:52:38,DEV2,Packaging
BATCH00058,IFU Insertion Check,2023-04-06T09:27:38,2023-04-06T09:58:18,2023-04-06T09:27:38,DEV2,Packaging
BATCH00058,QC FP Sampling,2023-04-06T11:13:57,2023-04-06T13:03:16,2023-04-06T11:13:57,,QC_Lab
BATCH00058,QC Result (Conforming),2023-04-08T02:40:14,2023-04-08T04:25:31,2023-04-08T02:40:14,,QC_Lab
BATCH00058,QP Decision (Release),2023-04-09T00:57:30,2023-04-09T02:24:18,2023-04-09T00:57:30,,QA
BATCH00062,Plan Batch,2023-04-12T10:59:51,2023-04-12T12:18:57,2023-04-12T10:59:51,,Planning
BATCH00062,Release Batch,2023-04-12T19:13:22,2023-04-12T20:08:14,2023-04-12T19:13:22,,Planning
BATCH00062,Stage Components,2023-04-12T21:01:10,2023-04-13T00:09:23,2023-04-12T21:01:10,DEV1,Warehouse
BATCH00062,Start Component Assembly,2023-04-13T01:46:40,2023-04-13T01:51:40,2023-04-13T01:46:40,DEV1,Production
BATCH00062,End Component Assembly,2023-04-13T03:52:08,2023-04-13T03:57:08,2023-04-13T03:52:08,DEV1,Production
BATCH00062,Start Device Calibration,2023-04-13T04:59:47,2023-04-13T05:04:47,2023-04-13T04:59:47,DEV1,Production
BATCH00062,End Device Calibration,2023-04-13T10:42:03,2023-04-13T10:47:03,2023-04-13T10:42:03,DEV1,Production
BATCH00062,Final Assembly,2023-04-13T11:42:55,2023-04-13T13:35:48,2023-04-13T11:42:55,DEV1,Production
BATCH00062,Start Packaging,2023-04-13T15:19:40,2023-04-13T15:24:40,2023-04-13T15:19:40,DEV1,Packaging
BATCH00062,End Packaging,2023-04-13T18:55:31,2023-04-13T19:00:31,2023-04-13T18:55:31,DEV1,Packaging
BATCH00062,IFU Insertion Check,2023-04-13T19:30:31,2023-04-13T20:01:50,2023-04-13T19:30:31,DEV1,Packaging
BATCH00062,QC FP Sampling,2023-04-13T22:25:04,2023-04-13T23:48:29,2023-04-13T22:25:04,,QC_Lab
BATCH00062,QC Result (Conforming),2023-04-15T09:44:58,2023-04-15T10:15:56,2023-04-15T09:44:58,,QC_Lab
BATCH00062,QP Decision (Release),2023-04-15T22:23:40,2023-04-16T00:15:13,2023-04-15T22:23:40,,QA
BATCH00066,Plan Batch,2023-04-22T22:48:06,2023-04-23T00:13:02,2023-04-22T22:48:06,,Planning
BATCH00066,Release Batch,2023-04-23T05:25:04,2023-04-23T06:20:06,2023-04-23T05:25:04,,Planning
BATCH00066,Stage Materials,2023-04-23T07:11:02,2023-04-23T12:04:43,2023-04-23T07:11:02,INJ1,Warehouse
BATCH00066,Start Solution Preparation,2023-04-23T13:59:26,2023-04-23T14:04:26,2023-04-23T13:59:26,INJ1,Production
BATCH00066,End Solution Preparation,2023-04-23T16:17:11,2023-04-23T16:22:11,2023-04-23T16:17:11,INJ1,Production
BATCH00066,Sterile Filtration,2023-04-23T16:52:11,2023-04-23T19:50:32,2023-04-23T16:52:11,INJ1,Production
BATCH00066,Start Filling,2023-04-23T20:21:06,2023-04-23T20:26:06,2023-04-23T20:21:06,INJ1,Production
BATCH00066,End Filling,2023-04-24T00:54:40,2023-04-24T00:59:40,2023-04-24T00:54:40,INJ1,Production
BATCH00066,Capping,2023-04-24T01:29:40,2023-04-24T02:47:22,2023-04-24T01:29:40,INJ1,Production
BATCH00066,Lyophilization,2023-04-24T03:47:22,2023-04-25T03:05:55,2023-04-24T03:47:22,INJ1,Production
BATCH00066,Visual Inspection,2023-04-25T05:05:55,2023-04-25T08:27:45,2023-04-25T05:05:55,INJ1,Production
BATCH00066,Start Packaging,2023-04-25T09:02:36,2023-04-25T09:07:36,2023-04-25T09:02:36,INJ1,Packaging
BATCH00066,End Packaging,2023-04-25T15:28:25,2023-04-25T15:33:25,2023-04-25T15:28:25,INJ1,Packaging
BATCH00066,QC FP Sampling,2023-04-25T17:03:41,2023-04-25T18:10:14,2023-04-25T17:03:41,,QC_Lab
BATCH00066,QC Result (Conforming),2023-04-27T01:29:38,2023-04-27T05:12:42,2023-04-27T01:29:38,,QC_Lab
BATCH00066,QP Decision (Release),2023-04-27T13:27:35,2023-04-27T15:20:22,2023-04-27T13:27:35,,QA
BATCH00129,Plan Batch,2023-08-14T13:20:18,2023-08-14T14:54:07,2023-08-14T13:20:18,,Planning
BATCH00129,Release Batch,2023-08-14T19:36:21,2023-08-14T20:32:34,2023-08-14T19:36:21,,Planning
BATCH00129,Stage Components,2023-08-14T21:57:44,2023-08-15T02:56:10,2023-08-14T21:57:44,DEV1,Warehouse
BATCH00129,Start Component Assembly,2023-08-15T03:44:43,2023-08-15T03:49:43,2023-08-15T03:44:43,DEV1,Production
BATCH00129,End Component Assembly,2023-08-15T07:38:51,2023-08-15T07:43:51,2023-08-15T07:38:51,DEV1,Production
BATCH00129,Start Device Calibration,2023-08-15T09:32:29,2023-08-15T09:37:29,2023-08-15T09:32:29,DEV1,Production
BATCH00129,End Device Calibration,2023-08-15T13:33:02,2023-08-15T13:38:02,2023-08-15T13:33:02,DEV1,Production
BATCH00129,Final Assembly,2023-08-15T14:19:46,2023-08-15T16:22:34,2023-08-15T14:19:46,DEV1,Production
BATCH00129,Start Packaging,2023-08-15T17:00:02,2023-08-15T17:05:02,2023-08-15T17:00:02,DEV1,Packaging
BATCH00129,End Packaging,2023-08-15T23:32:52,2023-08-15T23:37:52,2023-08-15T23:32:52,DEV1,Packaging
BATCH00129,IFU Insertion Check,2023-08-16T00:07:52,2023-08-16T00:57:01,2023-08-16T00:07:52,DEV1,Packaging
BATCH00129,QC FP Sampling,2023-08-16T02:34:48,2023-08-16T03:35:34,2023-08-16T02:34:48,,QC_Lab
BATCH00129,QC Result (Conforming),2023-08-17T02:42:25,2023-08-17T05:05:04,2023-08-17T02:42:25,,QC_Lab
BATCH00129,QP Decision (Release),2023-08-17T23:55:03,2023-08-18T01:17:05,2023-08-17T23:55:03,,QA
BATCH00135,Plan Batch,2023-08-21T06:36:55,2023-08-21T07:43:01,2023-08-21T06:36:55,,Planning
BATCH00135,Release Batch,2023-08-21T10:10:36,2023-08-21T10:31:38,2023-08-21T10:10:36,,Planning
BATCH00135,Stage Components,2023-08-21T14:01:39,2023-08-21T16:19:24,2023-08-21T14:01:39,DEV1,Warehouse
BATCH00135,Start Component Assembly,2023-08-21T17:13:45,2023-08-21T17:18:45,2023-08-21T17:13:45,DEV1,Production
BATCH00135,End Component Assembly,2023-08-21T19:36:37,2023-08-21T19:41:37,2023-08-21T19:36:37,DEV1,Production
BATCH00135,Start Device Calibration,2023-08-21T21:19:34,2023-08-21T21:24:34,2023-08-21T21:19:34,DEV1,Production
BATCH00135,End Device Calibration,2023-08-22T00:09:44,2023-08-22T00:14:44,2023-08-22T00:09:44,DEV1,Production
BATCH00135,Final Assembly,2023-08-22T00:54:15,2023-08-22T02:19:37,2023-08-22T00:54:15,DEV1,Production
BATCH00135,Start Packaging,2023-08-22T02:51:34,2023-08-22T02:56:34,2023-08-22T02:51:34,DEV1,Packaging
BATCH00135,End Packaging,2023-08-22T07:50:05,2023-08-22T07:55:05,2023-08-22T07:50:05,DEV1,Packaging
BATCH00135,IFU Insertion Check,2023-08-22T08:25:05,2023-08-22T09:19:01,2023-08-22T08:25:05,DEV1,Packaging
BATCH00135,QC FP Sampling,2023-08-22T11:34:19,2023-08-22T12:27:44,2023-08-22T11:34:19,,QC_Lab
BATCH00135,QC Result (Conforming),2023-08-24T01:44:01,2023-08-24T05:26:41,2023-08-24T01:44:01,,QC_Lab
BATCH00135,QP Decision (Release),2023-08-25T02:13:51,2023-08-25T03:40:15,2023-08-25T02:13:51,,QA
BATCH00169,Plan Batch,2023-10-13T12:17:42,2023-10-13T12:41:09,2023-10-13T12:17:42,,Planning
BATCH00169,Release Batch,2023-10-13T20:09:10,2023-10-13T20:44:13,2023-10-13T20:09:10,,Planning
BATCH00169,Stage Materials,2023-10-13T23:57:42,2023-10-14T02:25:04,2023-10-13T23:57:42,TL2,Warehouse
BATCH00169,Start Compression,2023-10-14T03:12:55,2023-10-14T03:17:55,2023-10-14T03:12:55,TL2,Production
BATCH00169,End Compression,2023-10-14T07:03:20,2023-10-14T07:08:20,2023-10-14T07:03:20,TL2,Production
BATCH00169,Deviation Opened,2023-10-14T08:08:20,2023-10-14T09:08:20,2023-10-14T08:08:20,,QA
BATCH00169,Investigation,2023-10-14T16:08:59,2023-10-14T23:49:14,2023-10-14T16:08:59,,QA
BATCH00169,QC IPC Sampling,2023-10-15T00:49:14,2023-10-15T01:49:14,2023-10-15T00:49:14,,QC_Lab
BATCH00169,Start Rework,2023-10-15T06:04:52,2023-10-15T06:09:52,2023-10-15T06:04:52,TL2,Production
BATCH00169,End Rework,2023-10-15T08:53:35,2023-10-15T08:58:35,2023-10-15T08:53:35,TL2,Production
BATCH00169,Deviation Closed,2023-10-15T10:18:57,2023-10-15T11:18:57,2023-10-15T10:18:57,,QA
BATCH00169,Start Coating,2023-10-15T13:01:42,2023-10-15T13:06:42,2023-10-15T13:01:42,TL2,Production
BATCH00169,End Coating,2023-10-15T15:35:05,2023-10-15T15:40:05,2023-10-15T15:35:05,TL2,Production
BATCH00169,Start Packaging,2023-10-15T16:35:10,2023-10-15T16:40:10,2023-10-15T16:35:10,TL2,Packaging
BATCH00169,End Packaging,2023-10-15T22:36:28,2023-10-15T22:41:28,2023-10-15T22:36:28,TL2,Packaging
BATCH00169,QC FP Sampling,2023-10-16T02:37:40,2023-10-16T03:08:09,2023-10-16T02:37:40,,QC_Lab
BATCH00169,QC Result (Conforming),2023-10-16T16:55:00,2023-10-16T19:23:12,2023-10-16T16:55:00,,QC_Lab
BATCH00169,QP Decision (Release),2023-10-17T13:26:22,2023-10-17T15:04:26,2023-10-17T13:26:22,,QA
BATCH00170,Plan Batch,2023-10-14T19:48:03,2023-10-14T21:20:33,2023-10-14T19:48:03,,Planning
BATCH00170,Release Batch,2023-10-14T23:55:00,2023-10-15T00:30:47,2023-10-14T23:55:00,,Planning
BATCH00170,Stage Materials,2023-10-15T01:33:58,2023-10-15T07:02:25,2023-10-15T01:33:58,TL1,Warehouse
BATCH00170,Start Compression,2023-10-15T07:43:01,2023-10-15T07:48:01,2023-10-15T07:43:01,TL1,Production
BATCH00170,End Compression,2023-10-15T12:34:18,2023-10-15T12:39:18,2023-10-15T12:34:18,TL1,Production
BATCH00170,Deviation Opened,2023-10-15T13:39:18,2023-10-15T14:39:18,2023-10-15T13:39:18,,QA
BATCH00170,Investigation,2023-10-15T18:44:37,2023-10-15T23:41:55,2023-10-15T18:44:37,,QA
BATCH00170,QC IPC Sampling,2023-10-16T00:41:55,2023-10-16T01:41:55,2023-10-16T00:41:55,,QC_Lab
BATCH00170,Start Rework,2023-10-16T08:36:05,2023-10-16T08:41:05,2023-10-16T08:36:05,TL1,Production
BATCH00170,End Rework,2023-10-16T10:45:21,2023-10-16T10:50:21,2023-10-16T10:45:21,TL1,Production
BATCH00170,Deviation Closed,2023-10-16T14:19:50,2023-10-16T15:19:50,2023-10-16T14:19:50,,QA
BATCH00170,Start Coating,2023-10-16T16:54:30,2023-10-16T16:59:30,2023-10-16T16:54:30,TL1,Production
BATCH00170,End Coating,2023-10-16T20:38:07,2023-10-16T20:43:07,2023-10-16T20:38:07,TL1,Production
BATCH00170,Start Packaging,2023-10-16T22:11:15,2023-10-16T22:16:15,2023-10-16T22:11:15,TL1,Packaging
BATCH00170,End Packaging,2023-10-17T06:52:21,2023-10-17T06:57:21,2023-10-17T06:52:21,TL1,Packaging
BATCH00170,QC FP Sampling,2023-10-17T09:19:00,2023-10-17T10:38:46,2023-10-17T09:19:00,,QC_Lab
BATCH00170,QC Result (Conforming),2023-10-18T04:00:36,2023-10-18T07:55:49,2023-10-18T04:00:36,,QC_Lab
BATCH00170,QP Decision (Release),2023-10-18T22:27:25,2023-10-18T23:21:15,2023-10-18T22:27:25,,QA
BATCH00198,Plan Batch,2023-11-29T01:54:11,2023-11-29T02:51:11,2023-11-29T01:54:11,,Planning
BATCH00198,Release Batch,2023-11-29T04:55:08,2023-11-29T05:19:02,2023-11-29T04:55:08,,Planning
BATCH00198,Stage Components,2023-11-29T06:15:44,2023-11-29T10:17:02,2023-11-29T06:15:44,DEV2,Warehouse
BATCH00198,Start Component Assembly,2023-11-29T11:43:16,2023-11-29T11:48:16,2023-11-29T11:43:16,DEV2,Production
BATCH00198,End Component Assembly,2023-11-29T15:45:13,2023-11-29T15:50:13,2023-11-29T15:45:13,DEV2,Production
BATCH00198,Start Device Calibration,2023-11-29T16:45:45,2023-11-29T16:50:45,2023-11-29T16:45:45,DEV2,Production
BATCH00198,End Device Calibration,2023-11-29T18:58:26,2023-11-29T19:03:26,2023-11-29T18:58:26,DEV2,Production
BATCH00198,Final Assembly,2023-11-29T19:44:37,2023-11-29T21:21:52,2023-11-29T19:44:37,DEV2,Production
BATCH00198,Start Packaging,2023-11-29T23:05:22,2023-11-29T23:10:22,2023-11-29T23:05:22,DEV2,Packaging
BATCH00198,End Packaging,2023-11-30T06:50:42,2023-11-30T06:55:42,2023-11-30T06:50:42,DEV2,Packaging
BATCH00198,IFU Insertion Check,2023-11-30T07:25:42,2023-11-30T08:21:22,2023-11-30T07:25:42,DEV2,Packaging
BATCH00198,QC FP Sampling,2023-11-30T11:21:21,2023-11-30T12:03:29,2023-11-30T11:21:21,,QC_Lab
BATCH00198,QC Result (Conforming),2023-11-30T18:16:48,2023-11-30T19:40:41,2023-11-30T18:16:48,,QC_Lab
BATCH00198,QP Decision (Release),2023-12-01T10:35:21,2023-12-01T11:40:11,2023-12-01T10:35:21,,QA
BATCH00213,Plan Batch,2023-12-23T06:42:49,2023-12-23T07:08:35,2023-12-23T06:42:49,,Planning
BATCH00213,Release Batch,2023-12-23T11:04:59,2023-12-23T11:26:16,2023-12-23T11:04:59,,Planning
BATCH00213,Stage Materials,2023-12-23T13:50:02,2023-12-23T16:18:56,2023-12-23T13:50:02,TL2,Warehouse
BATCH00213,Start Granulation,2023-12-23T18:06:40,2023-12-23T18:11:40,2023-12-23T18:06:40,TL2,Production
BATCH00213,End Granulation,2023-12-23T20:38:41,2023-12-23T20:43:41,2023-12-23T20:38:41,TL2,Production
BATCH00213,Start Compression,2023-12-23T21:51:38,2023-12-23T21:56:38,2023-12-23T21:51:38,TL2,Production
BATCH00213,End Compression,2023-12-24T05:23:05,2023-12-24T05:28:05,2023-12-24T05:23:05,TL2,Production
BATCH00213,Start Coating,2023-12-24T05:59:32,2023-12-24T06:04:32,2023-12-24T05:59:32,TL2,Production
BATCH00213,End Coating,2023-12-24T08:41:45,2023-12-24T08:46:45,2023-12-24T08:41:45,TL2,Production
BATCH00213,Start Packaging,2023-12-24T10:28:44,2023-12-24T10:33:44,2023-12-24T10:28:44,TL2,Packaging
BATCH00213,End Packaging,2023-12-24T13:50:08,2023-12-24T13:55:08,2023-12-24T13:50:08,TL2,Packaging
BATCH00213,QC FP Sampling,2023-12-24T16:25:51,2023-12-24T17:02:15,2023-12-24T16:25:51,,QC_Lab
BATCH00213,QC Result (OOS),2023-12-26T15:03:10,2023-12-26T17:56:09,2023-12-26T15:03:10,,QC_Lab
BATCH00213,QP Decision (Reject),2023-12-26T20:29:47,2023-12-26T21:20:31,2023-12-26T20:29:47,,QA
BATCH00228,Plan Batch,2024-01-20T07:40:23,2024-01-20T08:21:44,2024-01-20T07:40:23,,Planning
BATCH00228,Release Batch,2024-01-20T10:23:32,2024-01-20T11:17:46,2024-01-20T10:23:32,,Planning
BATCH00228,Stage Components,2024-01-20T14:47:39,2024-01-20T20:21:03,2024-01-20T14:47:39,DEV1,Warehouse
BATCH00228,Start Component Assembly,2024-01-20T21:45:06,2024-01-20T21:50:06,2024-01-20T21:45:06,DEV1,Production
BATCH00228,End Component Assembly,2024-01-21T02:43:09,2024-01-21T02:48:09,2024-01-21T02:43:09,DEV1,Production
BATCH00228,Start Device Calibration,2024-01-21T03:48:02,2024-01-21T03:53:02,2024-01-21T03:48:02,DEV1,Production
BATCH00228,End Device Calibration,2024-01-21T06:50:20,2024-01-21T06:55:20,2024-01-21T06:50:20,DEV1,Production
BATCH00228,Final Assembly,2024-01-21T07:50:34,2024-01-21T08:52:41,2024-01-21T07:50:34,DEV1,Production
BATCH00228,Start Packaging,2024-01-21T09:39:53,2024-01-21T09:44:53,2024-01-21T09:39:53,DEV1,Packaging
BATCH00228,End Packaging,2024-01-21T14:08:33,2024-01-21T14:13:33,2024-01-21T14:08:33,DEV1,Packaging
BATCH00228,IFU Insertion Check,2024-01-21T14:43:33,2024-01-21T15:14:46,2024-01-21T14:43:33,DEV1,Packaging
BATCH00228,QC FP Sampling,2024-01-21T16:32:07,2024-01-21T17:41:43,2024-01-21T16:32:07,,QC_Lab
BATCH00228,QC Result (Conforming),2024-01-22T17:55:41,2024-01-22T19:25:41,2024-01-22T17:55:41,,QC_Lab
BATCH00228,QP Decision (Release),2024-01-23T06:28:27,2024-01-23T07:31:05,2024-01-23T06:28:27,,QA
BATCH00243,Plan Batch,2024-02-12T19:41:12,2024-02-12T21:14:13,2024-02-12T19:41:12,,Planning
BATCH00243,Release Batch,2024-02-13T00:34:43,2024-02-13T00:52:35,2024-02-13T00:34:43,,Planning
BATCH00243,Stage Components,2024-02-13T03:54:12,2024-02-13T09:44:46,2024-02-13T03:54:12,DEV1,Warehouse
BATCH00243,Start Component Assembly,2024-02-13T11:24:55,2024-02-13T11:29:55,2024-02-13T11:24:55,DEV1,Production
BATCH00243,End Component Assembly,2024-02-13T17:02:00,2024-02-13T17:07:00,2024-02-13T17:02:00,DEV1,Production
BATCH00243,Start Device Calibration,2024-02-13T18:00:02,2024-02-13T18:05:02,2024-02-13T18:00:02,DEV1,Production
BATCH00243,End Device Calibration,2024-02-13T22:06:52,2024-02-13T22:11:52,2024-02-13T22:06:52,DEV1,Production
BATCH00243,Final Assembly,2024-02-13T22:56:18,2024-02-14T00:17:58,2024-02-13T22:56:18,DEV1,Production
BATCH00243,Start Packaging,2024-02-14T02:09:55,2024-02-14T02:14:55,2024-02-14T02:09:55,DEV1,Packaging
BATCH00243,End Packaging,2024-02-14T06:13:32,2024-02-14T06:18:32,2024-02-14T06:13:32,DEV1,Packaging
BATCH00243,IFU Insertion Check,2024-02-14T06:48:32,2024-02-14T07:18:33,2024-02-14T06:48:32,DEV1,Packaging
BATCH00243,QC FP Sampling,2024-02-14T09:42:56,2024-02-14T11:39:03,2024-02-14T09:42:56,,QC_Lab
BATCH00243,QC Result (OOS),2024-02-14T18:33:34,2024-02-14T22:17:50,2024-02-14T18:33:34,,QC_Lab
BATCH00243,QP Decision (Reject),2024-02-15T05:38:43,2024-02-15T07:14:31,2024-02-15T05:38:43,,QA
BATCH00266,Plan Batch,2024-03-23T00:20:54,2024-03-23T01:04:39,2024-03-23T00:20:54,,Planning
BATCH00266,Release Batch,2024-03-23T05:15:29,2024-03-23T05:36:10,2024-03-23T05:15:29,,Planning
BATCH00266,Stage Materials,2024-03-23T06:29:23,2024-03-23T09:28:53,2024-03-23T06:29:23,INJ1,Warehouse
BATCH00266,Start Solution Preparation,2024-03-23T10:08:36,2024-03-23T10:13:36,2024-03-23T10:08:36,INJ1,Production
BATCH00266,End Solution Preparation,2024-03-23T14:11:54,2024-03-23T14:16:54,2024-03-23T14:11:54,INJ1,Production
BATCH00266,Sterile Filtration,2024-03-23T14:46:54,2024-03-23T16:24:45,2024-03-23T14:46:54,INJ1,Production
BATCH00266,Start Filling,2024-03-23T17:03:12,2024-03-23T17:08:12,2024-03-23T17:03:12,INJ1,Production
BATCH00266,End Filling,2024-03-24T00:45:12,2024-03-24T00:50:12,2024-03-24T00:45:12,INJ1,Production
BATCH00266,Capping,2024-03-24T01:20:12,2024-03-24T03:15:54,2024-03-24T01:20:12,INJ1,Production
BATCH00266,Lyophilization,2024-03-24T04:15:54,2024-03-24T20:52:30,2024-03-24T04:15:54,INJ1,Production
BATCH00266,Visual Inspection,2024-03-24T22:52:30,2024-03-25T02:32:35,2024-03-24T22:52:30,INJ1,Production
BATCH00266,Start Packaging,2024-03-25T03:53:16,2024-03-25T03:58:16,2024-03-25T03:53:16,INJ1,Packaging
BATCH00266,End Packaging,2024-03-25T08:41:55,2024-03-25T08:46:55,2024-03-25T08:41:55,INJ1,Packaging
BATCH00266,QC FP Sampling,2024-03-25T10:16:06,2024-03-25T11:19:18,2024-03-25T10:16:06,,QC_Lab
BATCH00266,QC Result (Conforming),2024-03-25T18:01:30,2024-03-25T22:00:49,2024-03-25T18:01:30,,QC_Lab
BATCH00266,QP Decision (Release),2024-03-26T03:54:36,2024-03-26T05:23:45,2024-03-26T03:54:36,,QA
BATCH00298,Plan Batch,2024-05-14T15:20:21,2024-05-14T17:16:16,2024-05-14T15:20:21,,Planning
BATCH00298,Release Batch,2024-05-14T20:50:36,2024-05-14T21:23:58,2024-05-14T20:50:36,,Planning
BATCH00298,Stage Materials,2024-05-15T00:37:08,2024-05-15T06:08:05,2024-05-15T00:37:08,TL3,Warehouse
BATCH00298,Start Granulation,2024-05-15T07:49:06,2024-05-15T07:54:06,2024-05-15T07:49:06,TL3,Production
BATCH00298,End Granulation,2024-05-15T11:10:57,2024-05-15T11:15:57,2024-05-15T11:10:57,TL3,Production
BATCH00298,Start Compression,2024-05-15T12:13:18,2024-05-15T12:18:18,2024-05-15T12:13:18,TL3,Production
BATCH00298,End Compression,2024-05-15T19:50:14,2024-05-15T19:55:14,2024-05-15T19:50:14,TL3,Production
BATCH00298,Start Coating,2024-05-15T20:44:56,2024-05-15T20:49:56,2024-05-15T20:44:56,TL3,Production
BATCH00298,End Coating,2024-05-15T23:59:12,2024-05-16T00:04:12,2024-05-15T23:59:12,TL3,Production
BATCH00298,Start Packaging,2024-05-16T00:40:06,2024-05-16T00:45:06,2024-05-16T00:40:06,TL3,Packaging
BATCH00298,End Packaging,2024-05-16T06:15:03,2024-05-16T06:20:03,2024-05-16T06:15:03,TL3,Packaging
BATCH00298,QC FP Sampling,2024-05-16T08:37:18,2024-05-16T10:35:04,2024-05-16T08:37:18,,QC_Lab
BATCH00298,QC Result (Conforming),2024-05-17T19:44:29,2024-05-17T21:42:26,2024-05-17T19:44:29,,QC_Lab
BATCH00298,QP Decision (Release),2024-05-18T20:02:21,2024-05-18T21:18:38,2024-05-18T20:02:21,,QA
BATCH00341,Plan Batch,2024-07-29T06:03:40,2024-07-29T07:46:48,2024-07-29T06:03:40,,Planning
BATCH00341,Release Batch,2024-07-29T15:35:28,2024-07-29T15:55:27,2024-07-29T15:35:28,,Planning
BATCH00341,Stage Materials,2024-07-29T18:02:12,2024-07-29T23:44:56,2024-07-29T18:02:12,TL1,Warehouse
BATCH00341,Start Compression,2024-07-30T00:23:40,2024-07-30T00:28:40,2024-07-30T00:23:40,TL1,Production
BATCH00341,Equipment Downtime,2024-07-30T01:50:07,2024-07-30T05:57:55,2024-07-30T01:50:07,TL1,Maintenance
BATCH00341,End Compression,2024-07-30T09:47:28,2024-07-30T09:52:28,2024-07-30T09:47:28,TL1,Production
BATCH00341,Start Coating,2024-07-30T10:30:43,2024-07-30T10:35:43,2024-07-30T10:30:43,TL1,Production
BATCH00341,End Coating,2024-07-30T15:59:41,2024-07-30T16:04:41,2024-07-30T15:59:41,TL1,Production
BATCH00341,Start Packaging,2024-07-30T17:43:34,2024-07-30T17:48:34,2024-07-30T17:43:34,TL1,Packaging
BATCH00341,End Packaging,2024-07-31T01:46:09,2024-07-31T01:51:09,2024-07-31T01:46:09,TL1,Packaging
BATCH00341,QC FP Sampling,2024-07-31T05:49:51,2024-07-31T06:25:42,2024-07-31T05:49:51,,QC_Lab
BATCH00341,QC Result (Conforming),2024-07-31T21:47:21,2024-07-31T23:38:15,2024-07-31T21:47:21,,QC_Lab
BATCH00341,QP Decision (Release),2024-08-01T06:35:49,2024-08-01T08:09:09,2024-08-01T06:35:49,,QA
BATCH00366,Plan Batch,2024-09-11T01:28:39,2024-09-11T02:10:58,2024-09-11T01:28:39,,Planning
BATCH00366,Release Batch,2024-09-11T07:52:41,2024-09-11T08:15:09,2024-09-11T07:52:41,,Planning
BATCH00366,Stage Materials,2024-09-11T12:03:50,2024-09-11T14:16:43,2024-09-11T12:03:50,HORM2,Warehouse
BATCH00366,Segregated Area Cleaning,2024-09-11T15:10:44,2024-09-11T17:17:54,2024-09-11T15:10:44,HORM2,Production
BATCH00366,Start Granulation,2024-09-11T18:17:54,2024-09-11T18:22:54,2024-09-11T18:17:54,HORM2,Production
BATCH00366,End Granulation,2024-09-11T20:36:17,2024-09-11T20:41:17,2024-09-11T20:36:17,HORM2,Production
BATCH00366,Start Compression,2024-09-11T21:27:54,2024-09-11T21:32:54,2024-09-11T21:27:54,HORM2,Production
BATCH00366,End Compression,2024-09-12T01:13:36,2024-09-12T01:18:36,2024-09-12T01:13:36,HORM2,Production
BATCH00366,Start Coating,2024-09-12T02:07:14,2024-09-12T02:12:14,2024-09-12T02:07:14,HORM2,Production
BATCH00366,End Coating,2024-09-12T05:35:38,2024-09-12T05:40:38,2024-09-12T05:35:38,HORM2,Production
BATCH00366,Start Packaging,2024-09-12T06:28:14,2024-09-12T06:33:14,2024-09-12T06:28:14,HORM2,Packaging
BATCH00366,End Packaging,2024-09-12T12:56:39,2024-09-12T13:01:39,2024-09-12T12:56:39,HORM2,Packaging
BATCH00366,Extended QA Review,2024-09-12T20:17:54,2024-09-13T08:11:46,2024-09-12T20:17:54,,QA
BATCH00366,QC FP Sampling,2024-09-13T10:04:10,2024-09-13T10:38:19,2024-09-13T10:04:10,,QC_Lab
BATCH00366,QC Result (OOS),2024-09-14T15:51:04,2024-09-14T19:49:16,2024-09-14T15:51:04,,QC_Lab
BATCH00366,QP Decision (Reject),2024-09-15T12:02:00,2024-09-15T13:15:29,2024-09-15T12:02:00,,QA
BATCH00370,Plan Batch,2024-09-18T22:03:18,2024-09-18T23:45:12,2024-09-18T22:03:18,,Planning
BATCH00370,Release Batch,2024-09-19T02:05:53,2024-09-19T02:58:39,2024-09-19T02:05:53,,Planning
BATCH00370,Stage Components,2024-09-19T05:42:48,2024-09-19T08:57:23,2024-09-19T05:42:48,DEV1,Warehouse
BATCH00370,Start Component Assembly,2024-09-19T10:47:04,2024-09-19T10:52:04,2024-09-19T10:47:04,DEV1,Production
BATCH00370,End Component Assembly,2024-09-19T14:00:23,2024-09-19T14:05:23,2024-09-19T14:00:23,DEV1,Production
BATCH00370,Start Device Calibration,2024-09-19T14:42:59,2024-09-19T14:47:59,2024-09-19T14:42:59,DEV1,Production
BATCH00370,End Device Calibration,2024-09-19T17:52:44,2024-09-19T17:57:44,2024-09-19T17:52:44,DEV1,Production
BATCH00370,Final Assembly,2024-09-19T18:55:17,2024-09-19T20:40:34,2024-09-19T18:55:17,DEV1,Production
BATCH00370,Start Packaging,2024-09-19T21:30:10,2024-09-19T21:35:10,2024-09-19T21:30:10,DEV1,Packaging
BATCH00370,End Packaging,2024-09-20T03:52:15,2024-09-20T03:57:15,2024-09-20T03:52:15,DEV1,Packaging
BATCH00370,IFU Insertion Check,2024-09-20T04:27:15,2024-09-20T05:07:36,2024-09-20T04:27:15,DEV1,Packaging
BATCH00370,QC FP Sampling,2024-09-20T06:12:17,2024-09-20T07:48:22,2024-09-20T06:12:17,,QC_Lab
BATCH00370,QC Result (Conforming),2024-09-21T01:11:37,2024-09-21T04:52:10,2024-09-21T01:11:37,,QC_Lab
BATCH00370,QP Decision (Release),2024-09-21T23:28:05,2024-09-22T00:11:37,2024-09-21T23:28:05,,QA
BATCH00398,Plan Batch,2024-11-02T13:30:12,2024-11-02T14:33:19,2024-11-02T13:30:12,,Planning
BATCH00398,Release Batch,2024-11-02T19:11:54,2024-11-02T19:48:25,2024-11-02T19:11:54,,Planning
BATCH00398,Stage Components,2024-11-02T21:23:29,2024-11-02T22:27:27,2024-11-02T21:23:29,DEV1,Warehouse
BATCH00398,Batch Cancelled (Material Issue),2024-11-03T17:49:09,2024-11-03T18:19:09,2024-11-03T17:49:09,,Planning
BATCH00438,Plan Batch,2025-01-09T03:53:40,2025-01-09T04:52:27,2025-01-09T03:53:40,,Planning
BATCH00438,Release Batch,2025-01-09T10:43:21,2025-01-09T10:59:13,2025-01-09T10:43:21,,Planning
BATCH00438,Stage Materials,2025-01-09T12:58:48,2025-01-09T15:15:56,2025-01-09T12:58:48,INJ2,Warehouse
BATCH00438,Start Solution Preparation,2025-01-09T16:59:25,2025-01-09T17:04:25,2025-01-09T16:59:25,INJ2,Production
BATCH00438,End Solution Preparation,2025-01-09T20:16:39,2025-01-09T20:21:39,2025-01-09T20:16:39,INJ2,Production
BATCH00438,Sterile Filtration,2025-01-09T20:51:39,2025-01-09T22:35:04,2025-01-09T20:51:39,INJ2,Production
BATCH00438,Start Filling,2025-01-09T23:11:36,2025-01-09T23:16:36,2025-01-09T23:11:36,INJ2,Production
BATCH00438,End Filling,2025-01-10T04:51:38,2025-01-10T04:56:38,2025-01-10T04:51:38,INJ2,Production
BATCH00438,Capping,2025-01-10T05:26:38,2025-01-10T07:08:19,2025-01-10T05:26:38,INJ2,Production
BATCH00438,Lyophilization,2025-01-10T08:08:19,2025-01-11T01:46:12,2025-01-10T08:08:19,INJ2,Production
BATCH00438,Visual Inspection,2025-01-11T03:46:12,2025-01-11T06:51:53,2025-01-11T03:46:12,INJ2,Production
BATCH00438,Start Packaging,2025-01-11T08:10:10,2025-01-11T08:15:10,2025-01-11T08:10:10,INJ2,Packaging
BATCH00438,End Packaging,2025-01-11T11:09:23,2025-01-11T11:14:23,2025-01-11T11:09:23,INJ2,Packaging
BATCH00438,QC FP Sampling,2025-01-11T12:15:02,2025-01-11T13:47:57,2025-01-11T12:15:02,,QC_Lab
BATCH00438,QC Result (Conforming),2025-01-12T05:47:35,2025-01-12T07:24:23,2025-01-12T05:47:35,,QC_Lab
BATCH00438,QP Decision (Release),2025-01-12T19:10:21,2025-01-12T20:50:09,2025-01-12T19:10:21,,QA
BATCH00447,Plan Batch,2025-01-26T14:30:19,2025-01-26T16:09:46,2025-01-26T14:30:19,,Planning
BATCH00447,Release Batch,2025-01-26T20:27:23,2025-01-26T21:13:07,2025-01-26T20:27:23,,Planning
BATCH00447,Stage Materials,2025-01-26T23:50:58,2025-01-27T02:19:23,2025-01-26T23:50:58,HORM1,Warehouse
BATCH00447,Segregated Area Cleaning,2025-01-27T03:41:56,2025-01-27T07:34:11,2025-01-27T03:41:56,HORM1,Production
BATCH00447,Start Granulation,2025-01-27T08:34:11,2025-01-27T08:39:11,2025-01-27T08:34:11,HORM1,Production
BATCH00447,End Granulation,2025-01-27T14:19:12,2025-01-27T14:24:12,2025-01-27T14:19:12,HORM1,Production
BATCH00447,Start Compression,2025-01-27T15:37:34,2025-01-27T15:42:34,2025-01-27T15:37:34,HORM1,Production
BATCH00447,End Compression,2025-01-27T21:16:51,2025-01-27T21:21:51,2025-01-27T21:16:51,HORM1,Production
BATCH00447,Start Coating,2025-01-27T22:14:33,2025-01-27T22:19:33,2025-01-27T22:14:33,HORM1,Production
BATCH00447,End Coating,2025-01-28T02:03:24,2025-01-28T02:08:24,2025-01-28T02:03:24,HORM1,Production
BATCH00447,Start Packaging,2025-01-28T03:49:54,2025-01-28T03:54:54,2025-01-28T03:49:54,HORM1,Packaging
BATCH00447,End Packaging,2025-01-28T08:00:36,2025-01-28T08:05:36,2025-01-28T08:00:36,HORM1,Packaging
BATCH00447,Extended QA Review,2025-01-28T11:40:01,2025-01-28T17:14:14,2025-01-28T11:40:01,,QA
BATCH00447,QC FP Sampling,2025-01-28T18:47:13,2025-01-28T20:05:23,2025-01-28T18:47:13,,QC_Lab
BATCH00447,QC Result (Conforming),2025-01-30T11:40:17,2025-01-30T13:22:33,2025-01-30T11:40:17,,QC_Lab
BATCH00447,QP Decision (Release),2025-01-30T17:41:21,2025-01-30T19:26:15,2025-01-30T17:41:21,,QA
BATCH00449,Plan Batch,2025-01-30T07:06:35,2025-01-30T08:17:01,2025-01-30T07:06:35,,Planning
BATCH00449,Release Batch,2025-01-30T14:47:50,2025-01-30T15:24:22,2025-01-30T14:47:50,,Planning
BATCH00449,Stage Components,2025-01-30T16:45:16,2025-01-30T18:06:14,2025-01-30T16:45:16,DEV1,Warehouse
BATCH00449,Start Component Assembly,2025-01-30T19:08:39,2025-01-30T19:13:39,2025-01-30T19:08:39,DEV1,Production
BATCH00449,End Component Assembly,2025-01-30T23:16:42,2025-01-30T23:21:42,2025-01-30T23:16:42,DEV1,Production
BATCH00449,Start Device Calibration,2025-01-31T00:27:53,2025-01-31T00:32:53,2025-01-31T00:27:53,DEV1,Production
BATCH00449,End Device Calibration,2025-01-31T05:12:09,2025-01-31T05:17:09,2025-01-31T05:12:09,DEV1,Production
BATCH00449,Final Assembly,2025-01-31T06:08:11,2025-01-31T07:36:59,2025-01-31T06:08:11,DEV1,Production
BATCH00449,Start Packaging,2025-01-31T09:27:39,2025-01-31T09:32:39,2025-01-31T09:27:39,DEV1,Packaging
BATCH00449,End Packaging,2025-01-31T17:12:28,2025-01-31T17:17:28,2025-01-31T17:12:28,DEV1,Packaging
BATCH00449,IFU Insertion Check,2025-01-31T17:47:28,2025-01-31T18:41:49,2025-01-31T17:47:28,DEV1,Packaging
BATCH00449,QC FP Sampling,2025-01-31T19:46:54,2025-01-31T20:47:04,2025-01-31T19:46:54,,QC_Lab
BATCH00449,QC Result (Conforming),2025-02-01T11:53:12,2025-02-01T12:29:33,2025-02-01T11:53:12,,QC_Lab
BATCH00449,QP Decision (Release),2025-02-01T20:45:44,2025-02-01T21:36:37,2025-02-01T20:45:44,,QA
BATCH00477,Plan Batch,2025-03-22T01:15:18,2025-03-22T03:00:13,2025-03-22T01:15:18,,Planning
BATCH00477,Release Batch,2025-03-22T05:41:29,2025-03-22T06:30:36,2025-03-22T05:41:29,,Planning
BATCH00477,Stage Materials,2025-03-22T08:36:40,2025-03-22T13:58:37,2025-03-22T08:36:40,INJ2,Warehouse
BATCH00477,Start Solution Preparation,2025-03-22T15:12:41,2025-03-22T15:17:41,2025-03-22T15:12:41,INJ2,Production
BATCH00477,End Solution Preparation,2025-03-22T20:57:59,2025-03-22T21:02:59,2025-03-22T20:57:59,INJ2,Production
BATCH00477,Sterile Filtration,2025-03-22T21:32:59,2025-03-23T00:10:35,2025-03-22T21:32:59,INJ2,Production
BATCH00477,Start Filling,2025-03-23T01:00:42,2025-03-23T01:05:42,2025-03-23T01:00:42,INJ2,Production
BATCH00477,End Filling,2025-03-23T08:30:52,2025-03-23T08:35:52,2025-03-23T08:30:52,INJ2,Production
BATCH00477,Capping,2025-03-23T09:05:52,2025-03-23T10:57:21,2025-03-23T09:05:52,INJ2,Production
BATCH00477,Lyophilization,2025-03-23T11:57:21,2025-03-24T09:08:26,2025-03-23T11:57:21,INJ2,Production
BATCH00477,Visual Inspection,2025-03-24T11:08:26,2025-03-24T15:04:51,2025-03-24T11:08:26,INJ2,Production
BATCH00477,Start Packaging,2025-03-24T15:51:28,2025-03-24T15:56:28,2025-03-24T15:51:28,INJ2,Packaging
BATCH00477,End Packaging,2025-03-24T21:15:35,2025-03-24T21:20:35,2025-03-24T21:15:35,INJ2,Packaging
BATCH00477,QC FP Sampling,2025-03-25T00:30:28,2025-03-25T02:27:49,2025-03-25T00:30:28,,QC_Lab
BATCH00477,QC Result (Conforming),2025-03-26T07:05:05,2025-03-26T10:31:13,2025-03-26T07:05:05,,QC_Lab
BATCH00477,QP Decision (Release),2025-03-27T04:15:52,2025-03-27T05:27:08,2025-03-27T04:15:52,,QA
BATCH00527,Plan Batch,2025-06-19T12:50:55,2025-06-19T14:32:31,2025-06-19T12:50:55,,Planning
BATCH00527,Release Batch,2025-06-19T16:37:25,2025-06-19T17:20:17,2025-06-19T16:37:25,,Planning
BATCH00527,Stage Materials,2025-06-19T20:34:21,2025-06-19T22:22:02,2025-06-19T20:34:21,CL1,Warehouse
BATCH00527,Start Compression,2025-06-20T00:07:03,2025-06-20T00:12:03,2025-06-20T00:07:03,CL1,Production
BATCH00527,End Compression,2025-06-20T06:16:44,2025-06-20T06:21:44,2025-06-20T06:16:44,CL1,Production
BATCH00527,Start Coating,2025-06-20T08:12:38,2025-06-20T08:17:38,2025-06-20T08:12:38,CL1,Production
BATCH00527,End Coating,2025-06-20T12:33:20,2025-06-20T12:38:20,2025-06-20T12:33:20,CL1,Production
BATCH00527,Start Packaging,2025-06-20T14:02:10,2025-06-20T14:07:10,2025-06-20T14:02:10,CL1,Packaging
BATCH00527,End Packaging,2025-06-20T18:49:12,2025-06-20T18:54:12,2025-06-20T18:49:12,CL1,Packaging
BATCH00527,Start Packaging,2025-06-20T21:02:48,2025-06-20T21:07:48,2025-06-20T21:02:48,CL1,Packaging
BATCH00527,End Packaging,2025-06-21T00:37:13,2025-06-21T00:42:13,2025-06-21T00:37:13,CL1,Packaging
BATCH00527,QC FP Sampling,2025-06-21T04:34:54,2025-06-21T06:26:49,2025-06-21T04:34:54,,QC_Lab
BATCH00527,QC Result (Conforming),2025-06-22T02:12:31,2025-06-22T06:05:01,2025-06-22T02:12:31,,QC_Lab
BATCH00527,QP Decision (Release),2025-06-22T15:11:39,2025-06-22T17:08:52,2025-06-22T15:11:39,,QA
BATCH00533,Plan Batch,2025-07-01T10:18:35,2025-07-01T11:11:49,2025-07-01T10:18:35,,Planning
BATCH00533,Release Batch,2025-07-01T13:44:38,2025-07-01T14:40:12,2025-07-01T13:44:38,,Planning
BATCH00533,Stage Materials,2025-07-01T18:25:32,2025-07-01T23:22:54,2025-07-01T18:25:32,CL2,Warehouse
BATCH00533,Start Granulation,2025-07-02T00:26:42,2025-07-02T00:31:42,2025-07-02T00:26:42,CL2,Production
BATCH00533,End Granulation,2025-07-02T02:51:27,2025-07-02T02:56:27,2025-07-02T02:51:27,CL2,Production
BATCH00533,Start Compression,2025-07-02T03:40:23,2025-07-02T03:45:23,2025-07-02T03:40:23,CL2,Production
BATCH00533,End Compression,2025-07-02T10:28:08,2025-07-02T10:33:08,2025-07-02T10:28:08,CL2,Production
BATCH00533,Start Coating,2025-07-02T11:16:54,2025-07-02T11:21:54,2025-07-02T11:16:54,CL2,Production
BATCH00533,End Coating,2025-07-02T13:47:18,2025-07-02T13:52:18,2025-07-02T13:47:18,CL2,Production
BATCH00533,Start Packaging,2025-07-02T15:05:45,2025-07-02T15:10:45,2025-07-02T15:05:45,CL2,Packaging
BATCH00533,End Packaging,2025-07-02T20:32:08,2025-07-02T20:37:08,2025-07-02T20:32:08,CL2,Packaging
BATCH00533,QC FP Sampling,2025-07-03T00:02:05,2025-07-03T01:45:37,2025-07-03T00:02:05,,QC_Lab
BATCH00533,QC Result (OOS),2025-07-04T23:29:29,2025-07-05T02:25:06,2025-07-04T23:29:29,,QC_Lab
BATCH00533,QP Decision (Reject),2025-07-05T08:03:49,2025-07-05T08:43:06,2025-07-05T08:03:49,,QA
BATCH00563,Plan Batch,2025-08-23T17:08:23,2025-08-23T18:53:59,2025-08-23T17:08:23,,Planning
BATCH00563,Release Batch,2025-08-24T00:24:06,2025-08-24T00:43:43,2025-08-24T00:24:06,,Planning
BATCH00563,Stage Materials,2025-08-24T02:13:10,2025-08-24T04:38:27,2025-08-24T02:13:10,INJ1,Warehouse
BATCH00563,Start Solution Preparation,2025-08-24T06:16:02,2025-08-24T06:21:02,2025-08-24T06:16:02,INJ1,Production
BATCH00563,End Solution Preparation,2025-08-24T09:02:59,2025-08-24T09:07:59,2025-08-24T09:02:59,INJ1,Production
BATCH00563,Sterile Filtration,2025-08-24T09:37:59,2025-08-24T11:39:34,2025-08-24T09:37:59,INJ1,Production
BATCH00563,Start Filling,2025-08-24T12:20:25,2025-08-24T12:25:25,2025-08-24T12:20:25,INJ1,Production
BATCH00563,End Filling,2025-08-24T18:46:24,2025-08-24T18:51:24,2025-08-24T18:46:24,INJ1,Production
BATCH00563,Capping,2025-08-24T19:21:24,2025-08-24T21:15:29,2025-08-24T19:21:24,INJ1,Production
BATCH00563,Lyophilization,2025-08-24T22:15:29,2025-08-25T17:13:51,2025-08-24T22:15:29,INJ1,Production
BATCH00563,Visual Inspection,2025-08-25T19:13:51,2025-08-25T22:23:31,2025-08-25T19:13:51,INJ1,Production
BATCH00563,Start Packaging,2025-08-25T23:19:07,2025-08-25T23:24:07,2025-08-25T23:19:07,INJ1,Packaging
BATCH00563,End Packaging,2025-08-26T03:04:39,2025-08-26T03:09:39,2025-08-26T03:04:39,INJ1,Packaging
BATCH00563,QC FP Sampling,2025-08-26T05:07:30,2025-08-26T06:59:01,2025-08-26T05:07:30,,QC_Lab
BATCH00563,QC Result (Conforming),2025-08-27T23:27:11,2025-08-28T02:49:33,2025-08-27T23:27:11,,QC_Lab
BATCH00563,QP Decision (Release),2025-08-28T04:31:41,2025-08-28T05:42:12,2025-08-28T04:31:41,,QA
BATCH00567,Plan Batch,2025-08-30T15:42:45,2025-08-30T16:36:38,2025-08-30T15:42:45,,Planning
BATCH00567,Release Batch,2025-08-30T18:07:19,2025-08-30T18:53:16,2025-08-30T18:07:19,,Planning
BATCH00567,Stage Materials,2025-08-30T22:14:17,2025-08-31T01:32:53,2025-08-30T22:14:17,TL1,Warehouse
BATCH00567,Start Granulation,2025-08-31T03:30:35,2025-08-31T03:35:35,2025-08-31T03:30:35,TL1,Production
BATCH00567,End Granulation,2025-08-31T06:48:19,2025-08-31T06:53:19,2025-08-31T06:48:19,TL1,Production
BATCH00567,Start Compression,2025-08-31T07:39:46,2025-08-31T07:44:46,2025-08-31T07:39:46,TL1,Production
BATCH00567,End Compression,2025-08-31T12:18:40,2025-08-31T12:23:40,2025-08-31T12:18:40,TL1,Production
BATCH00567,Start Coating,2025-08-31T14:13:21,2025-08-31T14:18:21,2025-08-31T14:13:21,TL1,Production
BATCH00567,End Coating,2025-08-31T17:53:12,2025-08-31T17:58:12,2025-08-31T17:53:12,TL1,Production
BATCH00567,Start Packaging,2025-08-31T19:41:11,2025-08-31T19:46:11,2025-08-31T19:41:11,TL1,Packaging
BATCH00567,End Packaging,2025-09-01T05:31:28,2025-09-01T05:36:28,2025-09-01T05:31:28,TL1,Packaging
BATCH00567,QC FP Sampling,2025-09-01T08:23:08,2025-09-01T09:46:33,2025-09-01T08:23:08,,QC_Lab
BATCH00567,QC Result (Conforming),2025-09-02T11:08:00,2025-09-02T14:35:15,2025-09-02T11:08:00,,QC_Lab
BATCH00567,QP Decision (Release),2025-09-03T08:53:38,2025-09-03T10:49:27,2025-09-03T08:53:38,,QA
BATCH00568,Plan Batch,2025-09-01T22:17:14,2025-09-01T23:56:45,2025-09-01T22:17:14,,Planning
BATCH00568,Release Batch,2025-09-02T02:07:50,2025-09-02T03:04:35,2025-09-02T02:07:50,,Planning
BATCH00568,Stage Materials,2025-09-02T05:35:40,2025-09-02T07:25:35,2025-09-02T05:35:40,CL2,Warehouse
BATCH00568,Start Compression,2025-09-02T09:10:40,2025-09-02T09:15:40,2025-09-02T09:10:40,CL2,Production
BATCH00568,End Compression,2025-09-02T14:50:27,2025-09-02T14:55:27,2025-09-02T14:50:27,CL2,Production
BATCH00568,Start Coating,2025-09-02T16:03:50,2025-09-02T16:08:50,2025-09-02T16:03:50,CL2,Production
BATCH00568,End Coating,2025-09-02T18:03:57,2025-09-02T18:08:57,2025-09-02T18:03:57,CL2,Production
BATCH00568,Start Packaging,2025-09-02T19:58:34,2025-09-02T20:03:34,2025-09-02T19:58:34,CL2,Packaging
BATCH00568,End Packaging,2025-09-03T01:06:21,2025-09-03T01:11:21,2025-09-03T01:06:21,CL2,Packaging
BATCH00568,Start Packaging,2025-09-03T02:18:30,2025-09-03T02:23:30,2025-09-03T02:18:30,CL2,Packaging
BATCH00568,End Packaging,2025-09-03T05:46:01,2025-09-03T05:51:01,2025-09-03T05:46:01,CL2,Packaging
BATCH00568,QC FP Sampling,2025-09-03T09:28:46,2025-09-03T11:20:06,2025-09-03T09:28:46,,QC_Lab
BATCH00568,QC Result (Conforming),2025-09-04T11:25:33,2025-09-04T14:12:08,2025-09-04T11:25:33,,QC_Lab
BATCH00568,QP Decision (Release),2025-09-04T17:01:16,2025-09-04T18:26:32,2025-09-04T17:01:16,,QA
BATCH00573,Plan Batch,2025-09-09T20:00:35,2025-09-09T20:25:37,2025-09-09T20:00:35,,Planning
BATCH00573,Release Batch,2025-09-10T03:02:06,2025-09-10T03:28:04,2025-09-10T03:02:06,,Planning
BATCH00573,Stage Materials,2025-09-10T05:25:44,2025-09-10T11:01:03,2025-09-10T05:25:44,INJ2,Warehouse
BATCH00573,Start Solution Preparation,2025-09-10T11:42:39,2025-09-10T11:47:39,2025-09-10T11:42:39,INJ2,Production
BATCH00573,End Solution Preparation,2025-09-10T15:37:51,2025-09-10T15:42:51,2025-09-10T15:37:51,INJ2,Production
BATCH00573,Sterile Filtration,2025-09-10T16:12:51,2025-09-10T17:49:23,2025-09-10T16:12:51,INJ2,Production
BATCH00573,Start Filling,2025-09-10T18:40:35,2025-09-10T18:45:35,2025-09-10T18:40:35,INJ2,Production
BATCH00573,End Filling,2025-09-10T21:42:42,2025-09-10T21:47:42,2025-09-10T21:42:42,INJ2,Production
BATCH00573,Capping,2025-09-10T22:17:42,2025-09-10T23:22:56,2025-09-10T22:17:42,INJ2,Production
BATCH00573,Lyophilization,2025-09-11T00:22:56,2025-09-11T12:55:44,2025-09-11T00:22:56,INJ2,Production
BATCH00573,Visual Inspection,2025-09-11T14:55:44,2025-09-11T17:57:52,2025-09-11T14:55:44,INJ2,Production
BATCH00573,Start Packaging,2025-09-11T19:55:23,2025-09-11T20:00:23,2025-09-11T19:55:23,INJ2,Packaging
BATCH00573,End Packaging,2025-09-11T23:09:12,2025-09-11T23:14:12,2025-09-11T23:09:12,INJ2,Packaging
BATCH00573,Deviation Opened,2025-09-12T02:08:23,2025-09-12T02:38:23,2025-09-12T02:08:23,,QA
BATCH00573,Investigation,2025-09-12T02:38:23,2025-09-12T07:27:48,2025-09-12T02:38:23,,QA
BATCH00573,Extended QA Review,2025-09-12T07:27:48,2025-09-12T15:01:42,2025-09-12T07:27:48,,QA
BATCH00573,Deviation Closed,2025-09-12T15:01:42,2025-09-12T16:01:42,2025-09-12T15:01:42,,QA
BATCH00573,QC FP Sampling,2025-09-12T19:24:21,2025-09-12T20:10:53,2025-09-12T19:24:21,,QC_Lab
BATCH00573,QC Result (Conforming),2025-09-13T03:00:27,2025-09-13T05:29:42,2025-09-13T03:00:27,,QC_Lab
BATCH00573,QP Decision (Release),2025-09-13T19:41:45,2025-09-13T21:29:19,2025-09-13T19:41:45,,QA
BATCH00612,Plan Batch,2025-11-17T10:46:53,2025-11-17T12:20:30,2025-11-17T10:46:53,,Planning
BATCH00612,Release Batch,2025-11-17T17:17:08,2025-11-17T18:07:53,2025-11-17T17:17:08,,Planning
BATCH00612,Stage Materials,2025-11-17T20:41:25,2025-11-18T02:35:36,2025-11-17T20:41:25,INJ1,Warehouse
BATCH00612,Start Solution Preparation,2025-11-18T04:09:16,2025-11-18T04:14:16,2025-11-18T04:09:16,INJ1,Production
BATCH00612,End Solution Preparation,2025-11-18T08:35:50,2025-11-18T08:40:50,2025-11-18T08:35:50,INJ1,Production
BATCH00612,Sterile Filtration,2025-11-18T09:10:50,2025-11-18T11:06:27,2025-11-18T09:10:50,INJ1,Production
BATCH00612,Start Filling,2025-11-18T11:40:57,2025-11-18T11:45:57,2025-11-18T11:40:57,INJ1,Production
BATCH00612,End Filling,2025-11-18T19:11:55,2025-11-18T19:16:55,2025-11-18T19:11:55,INJ1,Production
BATCH00612,Capping,2025-11-18T19:46:55,2025-11-18T21:44:22,2025-11-18T19:46:55,INJ1,Production
BATCH00612,Lyophilization,2025-11-18T22:44:22,2025-11-19T15:30:55,2025-11-18T22:44:22,INJ1,Production
BATCH00612,Visual Inspection,2025-11-19T17:30:55,2025-11-19T20:30:56,2025-11-19T17:30:55,INJ1,Production
BATCH00612,Start Packaging,2025-11-19T21:29:40,2025-11-19T21:34:40,2025-11-19T21:29:40,INJ1,Packaging
BATCH00612,End Packaging,2025-11-20T02:43:12,2025-11-20T02:48:12,2025-11-20T02:43:12,INJ1,Packaging
BATCH00612,QC FP Sampling,2025-11-20T03:56:39,2025-11-20T05:12:19,2025-11-20T03:56:39,,QC_Lab
BATCH00612,QC Result (Conforming),2025-11-22T00:02:07,2025-11-22T02:05:47,2025-11-22T00:02:07,,QC_Lab
BATCH00612,QP Decision (Release),2025-11-22T15:38:23,2025-11-22T17:08:34,2025-11-22T15:38:23,,QA
BATCH00640,Plan Batch,2026-01-08T05:39:42,2026-01-08T07:24:26,2026-01-08T05:39:42,,Planning
BATCH00640,Release Batch,2026-01-08T11:20:28,2026-01-08T11:51:32,2026-01-08T11:20:28,,Planning
BATCH00640,Stage Components,2026-01-08T14:43:37,2026-01-08T16:08:11,2026-01-08T14:43:37,DEV2,Warehouse
BATCH00640,Start Component Assembly,2026-01-08T16:53:36,2026-01-08T16:58:36,2026-01-08T16:53:36,DEV2,Production
BATCH00640,End Component Assembly,2026-01-08T19:02:16,2026-01-08T19:07:16,2026-01-08T19:02:16,DEV2,Production
BATCH00640,Start Device Calibration,2026-01-08T20:22:18,2026-01-08T20:27:18,2026-01-08T20:22:18,DEV2,Production
BATCH00640,End Device Calibration,2026-01-08T22:48:24,2026-01-08T22:53:24,2026-01-08T22:48:24,DEV2,Production
BATCH00640,Final Assembly,2026-01-08T23:28:21,2026-01-09T00:44:46,2026-01-08T23:28:21,DEV2,Production
BATCH00640,Start Packaging,2026-01-09T01:42:44,2026-01-09T01:47:44,2026-01-09T01:42:44,DEV2,Packaging
BATCH00640,End Packaging,2026-01-09T07:54:21,2026-01-09T07:59:21,2026-01-09T07:54:21,DEV2,Packaging
BATCH00640,IFU Insertion Check,2026-01-09T08:29:21,2026-01-09T09:26:48,2026-01-09T08:29:21,DEV2,Packaging
BATCH00640,QC FP Sampling,2026-01-09T12:01:33,2026-01-09T13:48:28,2026-01-09T12:01:33,,QC_Lab
BATCH00640,QC Result (OOS),2026-01-10T00:42:45,2026-01-10T02:14:21,2026-01-10T00:42:45,,QC_Lab
BATCH00640,Deviation Opened,2026-01-10T07:14:58,2026-01-10T08:14:58,2026-01-10T07:14:58,,QA
BATCH00640,Investigation,2026-01-10T08:14:58,2026-01-11T07:58:20,2026-01-10T08:14:58,,QA
BATCH00640,QC FP Sampling,2026-01-11T13:36:41,2026-01-11T14:35:38,2026-01-11T13:36:41,,QC_Lab
BATCH00640,QC Result (Conforming),2026-01-12T01:19:17,2026-01-12T04:37:31,2026-01-12T01:19:17,,QC_Lab
BATCH00640,Deviation Closed,2026-01-12T04:37:31,2026-01-12T06:37:31,2026-01-12T04:37:31,,QA
BATCH00640,QP Decision (Release),2026-01-12T22:21:58,2026-01-12T23:34:19,2026-01-12T22:21:58,,QA
BATCH00659,Plan Batch,2026-02-10T09:36:57,2026-02-10T10:38:12,2026-02-10T09:36:57,,Planning
BATCH00659,Release Batch,2026-02-10T17:30:38,2026-02-10T17:51:50,2026-02-10T17:30:38,,Planning
BATCH00659,Stage Components,2026-02-10T21:31:18,2026-02-11T02:02:14,2026-02-10T21:31:18,DEV1,Warehouse
BATCH00659,Start Component Assembly,2026-02-11T03:44:41,2026-02-11T03:49:41,2026-02-11T03:44:41,DEV1,Production
BATCH00659,End Component Assembly,2026-02-11T07:12:30,2026-02-11T07:17:30,2026-02-11T07:12:30,DEV1,Production
BATCH00659,Start Device Calibration,2026-02-11T09:03:04,2026-02-11T09:08:04,2026-02-11T09:03:04,DEV1,Production
BATCH00659,End Device Calibration,2026-02-11T13:35:24,2026-02-11T13:40:24,2026-02-11T13:35:24,DEV1,Production
BATCH00659,Final Assembly,2026-02-11T14:30:05,2026-02-11T16:55:06,2026-02-11T14:30:05,DEV1,Production
BATCH00659,Start Packaging,2026-02-11T18:15:49,2026-02-11T18:20:49,2026-02-11T18:15:49,DEV1,Packaging
BATCH00659,End Packaging,2026-02-12T01:15:12,2026-02-12T01:20:12,2026-02-12T01:15:12,DEV1,Packaging
BATCH00659,IFU Insertion Check,2026-02-12T01:50:12,2026-02-12T02:46:53,2026-02-12T01:50:12,DEV1,Packaging
BATCH00659,QC FP Sampling,2026-02-12T06:39:09,2026-02-12T07:36:35,2026-02-12T06:39:09,,QC_Lab
BATCH00659,QC Result (Conforming),2026-02-14T01:16:02,2026-02-14T03:47:55,2026-02-14T01:16:02,,QC_Lab
BATCH00659,QP Decision (Release),2026-02-14T11:37:05,2026-02-14T13:07:28,2026-02-14T11:37:05,,QA
BATCH00661,Plan Batch,2026-02-13T08:20:04,2026-02-13T09:53:16,2026-02-13T08:20:04,,Planning
BATCH00661,Release Batch,2026-02-13T14:29:48,2026-02-13T14:51:11,2026-02-13T14:29:48,,Planning
BATCH00661,Stage Components,2026-02-13T16:04:55,2026-02-13T20:51:54,2026-02-13T16:04:55,DEV1,Warehouse
BATCH00661,Start Component Assembly,2026-02-13T21:56:26,2026-02-13T22:01:26,2026-02-13T21:56:26,DEV1,Production
BATCH00661,End Component Assembly,2026-02-13T23:55:05,2026-02-14T00:00:05,2026-02-13T23:55:05,DEV1,Production
BATCH00661,Start Device Calibration,2026-02-14T00:40:37,2026-02-14T00:45:37,2026-02-14T00:40:37,DEV1,Production
BATCH00661,End Device Calibration,2026-02-14T05:42:52,2026-02-14T05:47:52,2026-02-14T05:42:52,DEV1,Production
BATCH00661,Final Assembly,2026-02-14T06:20:29,2026-02-14T08:36:56,2026-02-14T06:20:29,DEV1,Production
BATCH00661,Start Packaging,2026-02-14T09:09:42,2026-02-14T09:14:42,2026-02-14T09:09:42,DEV1,Packaging
BATCH00661,End Packaging,2026-02-14T13:59:33,2026-02-14T14:04:33,2026-02-14T13:59:33,DEV1,Packaging
BATCH00661,IFU Insertion Check,2026-02-14T14:34:33,2026-02-14T15:21:25,2026-02-14T14:34:33,DEV1,Packaging
BATCH00661,QC FP Sampling,2026-02-14T17:20:18,2026-02-14T18:27:11,2026-02-14T17:20:18,,QC_Lab
BATCH00661,QC Result (Conforming),2026-02-16T05:29:38,2026-02-16T07:43:06,2026-02-16T05:29:38,,QC_Lab
BATCH00661,QP Decision (Release),2026-02-16T09:40:30,2026-02-16T11:34:44,2026-02-16T09:40:30,,QA
BATCH00670,Plan Batch,2026-02-26T03:04:21,2026-02-26T03:50:33,2026-02-26T03:04:21,,Planning
BATCH00670,Release Batch,2026-02-26T10:31:07,2026-02-26T11:23:11,2026-02-26T10:31:07,,Planning
BATCH00670,Stage Materials,2026-02-26T13:44:52,2026-02-26T18:57:57,2026-02-26T13:44:52,INJ1,Warehouse
BATCH00670,Start Solution Preparation,2026-02-26T20:22:16,2026-02-26T20:27:16,2026-02-26T20:22:16,INJ1,Production
BATCH00670,End Solution Preparation,2026-02-27T02:09:23,2026-02-27T02:14:23,2026-02-27T02:09:23,INJ1,Production
BATCH00670,Sterile Filtration,2026-02-27T02:44:23,2026-02-27T05:09:15,2026-02-27T02:44:23,INJ1,Production
BATCH00670,Start Filling,2026-02-27T06:03:45,2026-02-27T06:08:45,2026-02-27T06:03:45,INJ1,Production
BATCH00670,End Filling,2026-02-27T10:48:20,2026-02-27T10:53:20,2026-02-27T10:48:20,INJ1,Production
BATCH00670,Capping,2026-02-27T11:23:20,2026-02-27T12:29:35,2026-02-27T11:23:20,INJ1,Production
BATCH00670,Lyophilization,2026-02-27T13:29:35,2026-02-28T12:35:56,2026-02-27T13:29:35,INJ1,Production
BATCH00670,Visual Inspection,2026-02-28T14:35:56,2026-02-28T18:14:13,2026-02-28T14:35:56,INJ1,Production
BATCH00670,Start Packaging,2026-02-28T19:12:32,2026-02-28T19:17:32,2026-02-28T19:12:32,INJ1,Packaging
BATCH00670,End Packaging,2026-03-01T00:17:22,2026-03-01T00:22:22,2026-03-01T00:17:22,INJ1,Packaging
BATCH00670,QC FP Sampling,2026-03-01T04:03:08,2026-03-01T05:22:03,2026-03-01T04:03:08,,QC_Lab
BATCH00670,QC Result (OOS),2026-03-01T16:15:14,2026-03-01T17:52:23,2026-03-01T16:15:14,,QC_Lab
BATCH00670,Deviation Opened,2026-03-01T22:26:24,2026-03-01T23:26:24,2026-03-01T22:26:24,,QA
BATCH00670,Investigation,2026-03-01T23:26:24,2026-03-02T19:12:59,2026-03-01T23:26:24,,QA
BATCH00670,QC FP Sampling,2026-03-03T00:10:59,2026-03-03T01:39:24,2026-03-03T00:10:59,,QC_Lab
BATCH00670,QC Result (Conforming),2026-03-03T13:55:51,2026-03-03T17:27:38,2026-03-03T13:55:51,,QC_Lab
BATCH00670,Deviation Closed,2026-03-03T17:27:38,2026-03-03T19:27:38,2026-03-03T17:27:38,,QA
BATCH00670,QP Decision (Release),2026-03-04T19:13:42,2026-03-04T19:44:32,2026-03-04T19:13:42,,QA
BATCH00687,Plan Batch,2026-03-28T11:14:25,2026-03-28T13:12:30,2026-03-28T11:14:25,,Planning
BATCH00687,Release Batch,2026-03-28T15:31:32,2026-03-28T16:13:33,2026-03-28T15:31:32,,Planning
BATCH00687,Stage Components,2026-03-28T18:40:54,2026-03-28T19:49:58,2026-03-28T18:40:54,DEV2,Warehouse
BATCH00687,Start Component Assembly,2026-03-28T20:27:32,2026-03-28T20:32:32,2026-03-28T20:27:32,DEV2,Production
BATCH00687,End Component Assembly,2026-03-29T00:51:11,2026-03-29T00:56:11,2026-03-29T00:51:11,DEV2,Production
BATCH00687,Start Device Calibration,2026-03-29T02:20:24,2026-03-29T02:25:24,2026-03-29T02:20:24,DEV2,Production
BATCH00687,End Device Calibration,2026-03-29T07:35:59,2026-03-29T07:40:59,2026-03-29T07:35:59,DEV2,Production
BATCH00687,Final Assembly,2026-03-29T08:20:08,2026-03-29T11:17:31,2026-03-29T08:20:08,DEV2,Production
BATCH00687,Start Packaging,2026-03-29T12:12:02,2026-03-29T12:17:02,2026-03-29T12:12:02,DEV2,Packaging
BATCH00687,End Packaging,2026-03-29T17:33:52,2026-03-29T17:38:52,2026-03-29T17:33:52,DEV2,Packaging
BATCH00687,IFU Insertion Check,2026-03-29T18:08:52,2026-03-29T18:59:01,2026-03-29T18:08:52,DEV2,Packaging
BATCH00687,QC FP Sampling,2026-03-29T21:56:47,2026-03-29T22:30:06,2026-03-29T21:56:47,,QC_Lab
BATCH00687,QC Result (Conforming),2026-03-31T11:58:45,2026-03-31T15:48:50,2026-03-31T11:58:45,,QC_Lab
BATCH00687,QP Decision (Release),2026-03-31T17:43:49,2026-03-31T19:42:17,2026-03-31T17:43:49,,QA
BATCH00691,Plan Batch,2026-04-03T21:40:03,2026-04-03T22:40:45,2026-04-03T21:40:03,,Planning
BATCH00691,Release Batch,2026-04-04T04:02:05,2026-04-04T04:28:35,2026-04-04T04:02:05,,Planning
BATCH00691,Stage Components,2026-04-04T06:53:33,2026-04-04T09:25:10,2026-04-04T06:53:33,DEV2,Warehouse
BATCH00691,Start Component Assembly,2026-04-04T09:55:36,2026-04-04T10:00:36,2026-04-04T09:55:36,DEV2,Production
BATCH00691,End Component Assembly,2026-04-04T14:49:44,2026-04-04T14:54:44,2026-04-04T14:49:44,DEV2,Production
BATCH00691,Start Device Calibration,2026-04-04T15:49:11,2026-04-04T15:54:11,2026-04-04T15:49:11,DEV2,Production
BATCH00691,End Device Calibration,2026-04-04T20:52:25,2026-04-04T20:57:25,2026-04-04T20:52:25,DEV2,Production
BATCH00691,Final Assembly,2026-04-04T21:38:31,2026-04-04T22:43:56,2026-04-04T21:38:31,DEV2,Production
BATCH00691,Start Packaging,2026-04-04T23:35:23,2026-04-04T23:40:23,2026-04-04T23:35:23,DEV2,Packaging
BATCH00691,End Packaging,2026-04-05T06:48:49,2026-04-05T06:53:49,2026-04-05T06:48:49,DEV2,Packaging
BATCH00691,IFU Insertion Check,2026-04-05T07:23:49,2026-04-05T07:57:31,2026-04-05T07:23:49,DEV2,Packaging
BATCH00691,QC FP Sampling,2026-04-05T11:08:18,2026-04-05T13:05:31,2026-04-05T11:08:18,,QC_Lab
BATCH00691,QC Result (Conforming),2026-04-05T18:52:02,2026-04-05T22:03:28,2026-04-05T18:52:02,,QC_Lab
BATCH00691,QP Decision (Release),2026-04-06T13:01:30,2026-04-06T13:45:48,2026-04-06T13:01:30,,QA
BATCH00697,Plan Batch,2026-04-15T14:18:52,2026-04-15T16:03:53,2026-04-15T14:18:52,,Planning
BATCH00697,Release Batch,2026-04-15T22:21:54,2026-04-15T23:17:58,2026-04-15T22:21:54,,Planning
BATCH00697,Stage Materials,2026-04-16T01:45:36,2026-04-16T03:25:37,2026-04-16T01:45:36,HORM1,Warehouse
BATCH00697,Segregated Area Cleaning,2026-04-16T04:05:32,2026-04-16T06:19:49,2026-04-16T04:05:32,HORM1,Production
BATCH00697,Start Granulation,2026-04-16T07:19:49,2026-04-16T07:24:49,2026-04-16T07:19:49,HORM1,Production
BATCH00697,End Granulation,2026-04-16T11:00:32,2026-04-16T11:05:32,2026-04-16T11:00:32,HORM1,Production
BATCH00697,Start Compression,2026-04-16T13:04:54,2026-04-16T13:09:54,2026-04-16T13:04:54,HORM1,Production
BATCH00697,End Compression,2026-04-16T17:44:14,2026-04-16T17:49:14,2026-04-16T17:44:14,HORM1,Production
BATCH00697,Start Coating,2026-04-16T18:52:07,2026-04-16T18:57:07,2026-04-16T18:52:07,HORM1,Production
BATCH00697,End Coating,2026-04-16T22:46:34,2026-04-16T22:51:34,2026-04-16T22:46:34,HORM1,Production
BATCH00697,Start Packaging,2026-04-16T23:54:21,2026-04-16T23:59:21,2026-04-16T23:54:21,HORM1,Packaging
BATCH00697,End Packaging,2026-04-17T09:31:16,2026-04-17T09:36:16,2026-04-17T09:31:16,HORM1,Packaging
BATCH00697,Extended QA Review,2026-04-17T15:20:30,2026-04-18T02:48:41,2026-04-17T15:20:30,,QA
BATCH00697,QC FP Sampling,2026-04-18T05:29:52,2026-04-18T06:44:13,2026-04-18T05:29:52,,QC_Lab
BATCH00697,QC Result (Conforming),2026-04-19T21:50:31,2026-04-19T23:21:16,2026-04-19T21:50:31,,QC_Lab
BATCH00697,QP Decision (Release),2026-04-20T03:16:07,2026-04-20T04:03:19,2026-04-20T03:16:07,,QA
BATCH00734,Plan Batch,2026-06-17T09:36:54,2026-06-17T10:34:33,2026-06-17T09:36:54,,Planning
BATCH00734,Release Batch,2026-06-17T17:49:07,2026-06-17T18:32:09,2026-06-17T17:49:07,,Planning
BATCH00734,Stage Materials,2026-06-17T19:09:57,2026-06-17T21:22:33,2026-06-17T19:09:57,TL3,Warehouse
BATCH00734,Start Compression,2026-06-17T22:31:53,2026-06-17T22:36:53,2026-06-17T22:31:53,TL3,Production
BATCH00734,End Compression,2026-06-18T03:11:22,2026-06-18T03:16:22,2026-06-18T03:11:22,TL3,Production
BATCH00734,Start Coating,2026-06-18T04:49:01,2026-06-18T04:54:01,2026-06-18T04:49:01,TL3,Production
BATCH00734,End Coating,2026-06-18T10:18:58,2026-06-18T10:23:58,2026-06-18T10:18:58,TL3,Production
BATCH00734,Start Packaging,2026-06-18T12:08:10,2026-06-18T12:13:10,2026-06-18T12:08:10,TL3,Packaging
BATCH00734,End Packaging,2026-06-18T17:53:20,2026-06-18T17:58:20,2026-06-18T17:53:20,TL3,Packaging
BATCH00734,Start Packaging,2026-06-18T21:44:00,2026-06-18T21:49:00,2026-06-18T21:44:00,TL3,Packaging
BATCH00734,End Packaging,2026-06-19T01:19:33,2026-06-19T01:24:33,2026-06-19T01:19:33,TL3,Packaging
BATCH00734,QC FP Sampling,2026-06-19T04:22:31,2026-06-19T05:43:08,2026-06-19T04:22:31,,QC_Lab
BATCH00734,QC Result (Conforming),2026-06-20T03:28:15,2026-06-20T05:40:34,2026-06-20T03:28:15,,QC_Lab
BATCH00734,QP Decision (Release),2026-06-21T02:42:19,2026-06-21T03:39:42,2026-06-21T02:42:19,,QA
BATCH00779,Plan Batch,2026-09-07T17:28:33,2026-09-07T19:05:59,2026-09-07T17:28:33,,Planning
BATCH00779,Release Batch,2026-09-07T23:26:31,2026-09-08T00:03:11,2026-09-07T23:26:31,,Planning
BATCH00779,Stage Materials,2026-09-08T03:26:24,2026-09-08T06:13:02,2026-09-08T03:26:24,CL2,Warehouse
BATCH00779,Start Compression,2026-09-08T07:23:34,2026-09-08T07:28:34,2026-09-08T07:23:34,CL2,Production
BATCH00779,Equipment Downtime,2026-09-08T09:14:25,2026-09-08T13:07:46,2026-09-08T09:14:25,CL2,Maintenance
BATCH00779,End Compression,2026-09-08T15:09:25,2026-09-08T15:14:25,2026-09-08T15:09:25,CL2,Production
BATCH00779,Deviation Opened,2026-09-08T16:14:25,2026-09-08T17:14:25,2026-09-08T16:14:25,,QA
BATCH00779,Investigation,2026-09-08T17:14:25,2026-09-09T16:44:55,2026-09-08T17:14:25,,QA
BATCH00779,Extended QA Review,2026-09-09T16:44:55,2026-09-11T16:36:19,2026-09-09T16:44:55,,QA
BATCH00779,Deviation Closed,2026-09-11T16:36:19,2026-09-11T18:36:19,2026-09-11T16:36:19,,QA
BATCH00779,Start Coating,2026-09-11T20:13:48,2026-09-11T20:18:48,2026-09-11T20:13:48,CL2,Production
BATCH00779,End Coating,2026-09-12T00:56:08,2026-09-12T01:01:08,2026-09-12T00:56:08,CL2,Production
BATCH00779,Start Packaging,2026-09-12T02:03:32,2026-09-12T02:08:32,2026-09-12T02:03:32,CL2,Packaging
BATCH00779,End Packaging,2026-09-12T11:42:52,2026-09-12T11:47:52,2026-09-12T11:42:52,CL2,Packaging
BATCH00779,QC FP Sampling,2026-09-12T13:33:58,2026-09-12T14:07:11,2026-09-12T13:33:58,,QC_Lab
BATCH00779,QC Result (Conforming),2026-09-14T06:40:18,2026-09-14T09:20:41,2026-09-14T06:40:18,,QC_Lab
BATCH00779,QP Decision (Release),2026-09-15T00:40:24,2026-09-15T01:58:51,2026-09-15T00:40:24,,QA
BATCH00786,Plan Batch,2026-09-19T01:58:45,2026-09-19T02:58:19,2026-09-19T01:58:45,,Planning
BATCH00786,Release Batch,2026-09-19T08:17:38,2026-09-19T08:39:11,2026-09-19T08:17:38,,Planning
BATCH00786,Stage Materials,2026-09-19T12:10:11,2026-09-19T16:41:04,2026-09-19T12:10:11,HORM1,Warehouse
BATCH00786,Segregated Area Cleaning,2026-09-19T17:33:13,2026-09-19T20:29:07,2026-09-19T17:33:13,HORM1,Production
BATCH00786,Start Granulation,2026-09-19T21:29:07,2026-09-19T21:34:07,2026-09-19T21:29:07,HORM1,Production
BATCH00786,End Granulation,2026-09-20T00:58:49,2026-09-20T01:03:49,2026-09-20T00:58:49,HORM1,Production
BATCH00786,Start Compression,2026-09-20T02:24:04,2026-09-20T02:29:04,2026-09-20T02:24:04,HORM1,Production
BATCH00786,End Compression,2026-09-20T07:37:29,2026-09-20T07:42:29,2026-09-20T07:37:29,HORM1,Production
BATCH00786,Start Coating,2026-09-20T09:16:09,2026-09-20T09:21:09,2026-09-20T09:16:09,HORM1,Production
BATCH00786,End Coating,2026-09-20T13:32:33,2026-09-20T13:37:33,2026-09-20T13:32:33,HORM1,Production
BATCH00786,Start Packaging,2026-09-20T14:29:12,2026-09-20T14:34:12,2026-09-20T14:29:12,HORM1,Packaging
BATCH00786,End Packaging,2026-09-20T20:58:29,2026-09-20T21:03:29,2026-09-20T20:58:29,HORM1,Packaging
BATCH00786,Extended QA Review,2026-09-21T03:03:15,2026-09-21T18:26:32,2026-09-21T03:03:15,,QA
BATCH00786,QC FP Sampling,2026-09-21T20:14:50,2026-09-21T20:51:58,2026-09-21T20:14:50,,QC_Lab
BATCH00786,QC Result (Conforming),2026-09-22T08:24:39,2026-09-22T10:45:13,2026-09-22T08:24:39,,QC_Lab
BATCH00786,QP Decision (Release),2026-09-22T21:47:11,2026-09-22T22:32:06,2026-09-22T21:47:11,,QA
BATCH00787,Plan Batch,2026-09-20T19:14:05,2026-09-20T20:15:37,2026-09-20T19:14:05,,Planning
BATCH00787,Release Batch,2026-09-21T02:11:42,2026-09-21T03:05:15,2026-09-21T02:11:42,,Planning
BATCH00787,Stage Materials,2026-09-21T04:09:59,2026-09-21T06:44:02,2026-09-21T04:09:59,INJ2,Warehouse
BATCH00787,Start Solution Preparation,2026-09-21T08:29:11,2026-09-21T08:34:11,2026-09-21T08:29:11,INJ2,Production
BATCH00787,End Solution Preparation,2026-09-21T11:31:47,2026-09-21T11:36:47,2026-09-21T11:31:47,INJ2,Production
BATCH00787,Sterile Filtration,2026-09-21T12:06:47,2026-09-21T14:36:01,2026-09-21T12:06:47,INJ2,Production
BATCH00787,Start Filling,2026-09-21T15:20:36,2026-09-21T15:25:36,2026-09-21T15:20:36,INJ2,Production
BATCH00787,End Filling,2026-09-21T18:37:54,2026-09-21T18:42:54,2026-09-21T18:37:54,INJ2,Production
BATCH00787,Capping,2026-09-21T19:12:54,2026-09-21T20:43:43,2026-09-21T19:12:54,INJ2,Production
BATCH00787,Lyophilization,2026-09-21T21:43:43,2026-09-22T11:25:03,2026-09-21T21:43:43,INJ2,Production
BATCH00787,Visual Inspection,2026-09-22T13:25:03,2026-09-22T15:59:20,2026-09-22T13:25:03,INJ2,Production
BATCH00787,Start Packaging,2026-09-22T16:53:04,2026-09-22T16:58:04,2026-09-22T16:53:04,INJ2,Packaging
BATCH00787,End Packaging,2026-09-22T23:19:23,2026-09-22T23:24:23,2026-09-22T23:19:23,INJ2,Packaging
BATCH00787,QC FP Sampling,2026-09-23T00:25:49,2026-09-23T01:46:50,2026-09-23T00:25:49,,QC_Lab
BATCH00787,QC Result (Conforming),2026-09-23T11:42:18,2026-09-23T14:55:11,2026-09-23T11:42:18,,QC_Lab
BATCH00787,QP Decision (Release),2026-09-23T22:21:21,2026-09-24T00:02:09,2026-09-23T22:21:21,,QA
BATCH00797,Plan Batch,2026-10-13T09:11:32,2026-10-13T10:50:16,2026-10-13T09:11:32,,Planning
BATCH00797,Release Batch,2026-10-13T12:15:49,2026-10-13T12:40:33,2026-10-13T12:15:49,,Planning
BATCH00797,Stage Components,2026-10-13T13:30:43,2026-10-13T17:12:38,2026-10-13T13:30:43,DEV1,Warehouse
BATCH00797,Start Component Assembly,2026-10-13T17:56:01,2026-10-13T18:01:01,2026-10-13T17:56:01,DEV1,Production
BATCH00797,End Component Assembly,2026-10-13T21:48:50,2026-10-13T21:53:50,2026-10-13T21:48:50,DEV1,Production
BATCH00797,Start Device Calibration,2026-10-13T23:23:04,2026-10-13T23:28:04,2026-10-13T23:23:04,DEV1,Production
BATCH00797,End Device Calibration,2026-10-14T04:28:11,2026-10-14T04:33:11,2026-10-14T04:28:11,DEV1,Production
BATCH00797,Final Assembly,2026-10-14T05:28:40,2026-10-14T08:13:40,2026-10-14T05:28:40,DEV1,Production
BATCH00797,Start Packaging,2026-10-14T08:58:50,2026-10-14T09:03:50,2026-10-14T08:58:50,DEV1,Packaging
BATCH00797,End Packaging,2026-10-14T12:08:01,2026-10-14T12:13:01,2026-10-14T12:08:01,DEV1,Packaging
BATCH00797,IFU Insertion Check,2026-10-14T12:43:01,2026-10-14T13:32:37,2026-10-14T12:43:01,DEV1,Packaging
BATCH00797,QC FP Sampling,2026-10-14T16:41:55,2026-10-14T17:17:31,2026-10-14T16:41:55,,QC_Lab
BATCH00797,QC Result (Conforming),2026-10-16T12:57:33,2026-10-16T16:42:14,2026-10-16T12:57:33,,QC_Lab
BATCH00797,QP Decision (Release),2026-10-17T07:56:32,2026-10-17T09:46:11,2026-10-17T07:56:32,,QA
BATCH00801,Plan Batch,2026-10-18T04:57:13,2026-10-18T06:35:42,2026-10-18T04:57:13,,Planning
BATCH00801,Release Batch,2026-10-18T13:52:29,2026-10-18T14:12:48,2026-10-18T13:52:29,,Planning
BATCH00801,Stage Materials,2026-10-18T16:53:40,2026-10-18T20:18:20,2026-10-18T16:53:40,CL1,Warehouse
BATCH00801,Start Compression,2026-10-18T22:09:35,2026-10-18T22:14:35,2026-10-18T22:09:35,CL1,Production
BATCH00801,Equipment Downtime,2026-10-19T00:10:32,2026-10-19T02:10:36,2026-10-19T00:10:32,CL1,Maintenance
BATCH00801,End Compression,2026-10-19T04:39:32,2026-10-19T04:44:32,2026-10-19T04:39:32,CL1,Production
BATCH00801,Start Coating,2026-10-19T05:58:09,2026-10-19T06:03:09,2026-10-19T05:58:09,CL1,Production
BATCH00801,End Coating,2026-10-19T07:59:00,2026-10-19T08:04:00,2026-10-19T07:59:00,CL1,Production
BATCH00801,Start Packaging,2026-10-19T08:48:23,2026-10-19T08:53:23,2026-10-19T08:48:23,CL1,Packaging
BATCH00801,End Packaging,2026-10-19T12:52:32,2026-10-19T12:57:32,2026-10-19T12:52:32,CL1,Packaging
BATCH00801,QC FP Sampling,2026-10-19T14:56:07,2026-10-19T16:06:07,2026-10-19T14:56:07,,QC_Lab
BATCH00801,QC Result (Conforming),2026-10-20T11:15:32,2026-10-20T12:32:30,2026-10-20T11:15:32,,QC_Lab
BATCH00801,QP Decision (Release),2026-10-20T13:50:39,2026-10-20T15:23:04,2026-10-20T13:50:39,,QA
BATCH00819,Plan Batch,2026-11-24T09:58:19,2026-11-24T11:12:56,2026-11-24T09:58:19,,Planning
BATCH00819,Release Batch,2026-11-24T14:44:50,2026-11-24T15:38:01,2026-11-24T14:44:50,,Planning
BATCH00819,Stage Components,2026-11-24T17:59:04,2026-11-24T23:55:27,2026-11-24T17:59:04,DEV1,Warehouse
BATCH00819,Start Component Assembly,2026-11-25T01:45:46,2026-11-25T01:50:46,2026-11-25T01:45:46,DEV1,Production
BATCH00819,End Component Assembly,2026-11-25T05:04:50,2026-11-25T05:09:50,2026-11-25T05:04:50,DEV1,Production
BATCH00819,Start Device Calibration,2026-11-25T05:50:21,2026-11-25T05:55:21,2026-11-25T05:50:21,DEV1,Production
BATCH00819,End Device Calibration,2026-11-25T08:20:44,2026-11-25T08:25:44,2026-11-25T08:20:44,DEV1,Production
BATCH00819,Final Assembly,2026-11-25T09:18:51,2026-11-25T10:53:16,2026-11-25T09:18:51,DEV1,Production
BATCH00819,Start Packaging,2026-11-25T12:45:59,2026-11-25T12:50:59,2026-11-25T12:45:59,DEV1,Packaging
BATCH00819,End Packaging,2026-11-25T17:03:33,2026-11-25T17:08:33,2026-11-25T17:03:33,DEV1,Packaging
BATCH00819,IFU Insertion Check,2026-11-25T17:38:33,2026-11-25T18:30:03,2026-11-25T17:38:33,DEV1,Packaging
BATCH00819,QC FP Sampling,2026-11-25T20:54:11,2026-11-25T22:10:27,2026-11-25T20:54:11,,QC_Lab
BATCH00819,QC Result (Conforming),2026-11-26T03:03:32,2026-11-26T06:32:44,2026-11-26T03:03:32,,QC_Lab
BATCH00819,QP Decision (Release),2026-11-26T12:31:27,2026-11-26T14:26:03,2026-11-26T12:31:27,,QA
BATCH00822,Plan Batch,2026-11-29T05:37:09,2026-11-29T06:55:50,2026-11-29T05:37:09,,Planning
BATCH00822,Release Batch,2026-11-29T08:17:55,2026-11-29T09:06:09,2026-11-29T08:17:55,,Planning
BATCH00822,Stage Materials,2026-11-29T09:44:34,2026-11-29T13:19:42,2026-11-29T09:44:34,CL1,Warehouse
BATCH00822,Start Granulation,2026-11-29T14:34:13,2026-11-29T14:39:13,2026-11-29T14:34:13,CL1,Production
BATCH00822,End Granulation,2026-11-29T17:48:08,2026-11-29T17:53:08,2026-11-29T17:48:08,CL1,Production
BATCH00822,Start Compression,2026-11-29T19:26:10,2026-11-29T19:31:10,2026-11-29T19:26:10,CL1,Production
BATCH00822,End Compression,2026-11-30T01:36:42,2026-11-30T01:41:42,2026-11-30T01:36:42,CL1,Production
BATCH00822,Start Coating,2026-11-30T03:07:32,2026-11-30T03:12:32,2026-11-30T03:07:32,CL1,Production
BATCH00822,End Coating,2026-11-30T07:31:44,2026-11-30T07:36:44,2026-11-30T07:31:44,CL1,Production
BATCH00822,Start Packaging,2026-11-30T09:21:58,2026-11-30T09:26:58,2026-11-30T09:21:58,CL1,Packaging
BATCH00822,End Packaging,2026-11-30T13:38:56,2026-11-30T13:43:56,2026-11-30T13:38:56,CL1,Packaging
BATCH00822,QC FP Sampling,2026-11-30T16:25:46,2026-11-30T18:08:44,2026-11-30T16:25:46,,QC_Lab
BATCH00822,QC Result (Conforming),2026-12-01T11:22:09,2026-12-01T12:50:21,2026-12-01T11:22:09,,QC_Lab
BATCH00822,QP Decision (Release),2026-12-01T16:18:53,2026-12-01T17:49:59,2026-12-01T16:18:53,,QA
BATCH00843,Plan Batch,2027-01-06T09:44:06,2027-01-06T10:46:06,2027-01-06T09:44:06,,Planning
BATCH00843,Release Batch,2027-01-06T15:40:53,2027-01-06T16:35:35,2027-01-06T15:40:53,,Planning
BATCH00843,Stage Materials,2027-01-06T18:24:34,2027-01-06T22:26:08,2027-01-06T18:24:34,INJ1,Warehouse
BATCH00843,Start Solution Preparation,2027-01-06T23:19:48,2027-01-06T23:24:48,2027-01-06T23:19:48,INJ1,Production
BATCH00843,End Solution Preparation,2027-01-07T01:32:37,2027-01-07T01:37:37,2027-01-07T01:32:37,INJ1,Production
BATCH00843,Sterile Filtration,2027-01-07T02:07:37,2027-01-07T05:01:45,2027-01-07T02:07:37,INJ1,Production
BATCH00843,Start Filling,2027-01-07T05:51:30,2027-01-07T05:56:30,2027-01-07T05:51:30,INJ1,Production
BATCH00843,End Filling,2027-01-07T11:25:17,2027-01-07T11:30:17,2027-01-07T11:25:17,INJ1,Production
BATCH00843,Capping,2027-01-07T12:00:17,2027-01-07T13:31:24,2027-01-07T12:00:17,INJ1,Production
BATCH00843,Lyophilization,2027-01-07T14:31:24,2027-01-08T04:20:49,2027-01-07T14:31:24,INJ1,Production
BATCH00843,Visual Inspection,2027-01-08T06:20:49,2027-01-08T08:37:43,2027-01-08T06:20:49,INJ1,Production
BATCH00843,Start Packaging,2027-01-08T09:42:02,2027-01-08T09:47:02,2027-01-08T09:42:02,INJ1,Packaging
BATCH00843,End Packaging,2027-01-08T17:29:20,2027-01-08T17:34:20,2027-01-08T17:29:20,INJ1,Packaging
BATCH00843,QC FP Sampling,2027-01-08T20:07:16,2027-01-08T21:11:16,2027-01-08T20:07:16,,QC_Lab
BATCH00843,QC Result (OOS),2027-01-09T07:18:37,2027-01-09T08:27:35,2027-01-09T07:18:37,,QC_Lab
BATCH00843,Deviation Opened,2027-01-09T13:30:03,2027-01-09T14:30:03,2027-01-09T13:30:03,,QA
BATCH00843,Investigation,2027-01-09T14:30:03,2027-01-10T09:43:06,2027-01-09T14:30:03,,QA
BATCH00843,QC FP Sampling,2027-01-10T16:29:18,2027-01-10T18:06:49,2027-01-10T16:29:18,,QC_Lab
BATCH00843,QC Result (Conforming),2027-01-11T11:07:56,2027-01-11T13:51:04,2027-01-11T11:07:56,,QC_Lab
BATCH00843,Deviation Closed,2027-01-11T13:51:04,2027-01-11T15:51:04,2027-01-11T13:51:04,,QA
BATCH00843,QP Decision (Release),2027-01-12T01:08:16,2027-01-12T02:32:08,2027-01-12T01:08:16,,QA
BATCH00849,Plan Batch,2027-01-14T09:28:19,2027-01-14T09:47:03,2027-01-14T09:28:19,,Planning
BATCH00849,Release Batch,2027-01-14T16:41:09,2027-01-14T17:22:05,2027-01-14T16:41:09,,Planning
BATCH00849,Stage Materials,2027-01-14T19:11:26,2027-01-14T20:22:05,2027-01-14T19:11:26,HORM1,Warehouse
BATCH00849,Segregated Area Cleaning,2027-01-14T22:12:34,2027-01-15T01:32:26,2027-01-14T22:12:34,HORM1,Production
BATCH00849,Start Granulation,2027-01-15T02:32:26,2027-01-15T02:37:26,2027-01-15T02:32:26,HORM1,Production
BATCH00849,End Granulation,2027-01-15T07:41:52,2027-01-15T07:46:52,2027-01-15T07:41:52,HORM1,Production
BATCH00849,Start Compression,2027-01-15T09:42:09,2027-01-15T09:47:09,2027-01-15T09:42:09,HORM1,Production
BATCH00849,End Compression,2027-01-15T13:07:18,2027-01-15T13:12:18,2027-01-15T13:07:18,HORM1,Production
BATCH00849,Start Coating,2027-01-15T14:02:13,2027-01-15T14:07:13,2027-01-15T14:02:13,HORM1,Production
BATCH00849,End Coating,2027-01-15T16:27:22,2027-01-15T16:32:22,2027-01-15T16:27:22,HORM1,Production
BATCH00849,Start Packaging,2027-01-15T17:55:37,2027-01-15T18:00:37,2027-01-15T17:55:37,HORM1,Packaging
BATCH00849,End Packaging,2027-01-15T23:56:44,2027-01-16T00:01:44,2027-01-15T23:56:44,HORM1,Packaging
BATCH00849,Extended QA Review,2027-01-16T02:21:34,2027-01-16T23:39:20,2027-01-16T02:21:34,,QA
BATCH00849,QC FP Sampling,2027-01-17T02:24:54,2027-01-17T03:21:18,2027-01-17T02:24:54,,QC_Lab
BATCH00849,QC Result (OOS),2027-01-17T07:21:27,2027-01-17T08:56:25,2027-01-17T07:21:27,,QC_Lab
BATCH00849,Deviation Opened,2027-01-17T14:46:00,2027-01-17T15:46:00,2027-01-17T14:46:00,,QA
BATCH00849,Investigation,2027-01-17T15:46:00,2027-01-18T02:59:29,2027-01-17T15:46:00,,QA
BATCH00849,QC FP Sampling,2027-01-18T08:23:37,2027-01-18T09:31:23,2027-01-18T08:23:37,,QC_Lab
BATCH00849,QC Result (Conforming),2027-01-18T18:15:11,2027-01-18T18:55:40,2027-01-18T18:15:11,,QC_Lab
BATCH00849,Deviation Closed,2027-01-18T18:55:40,2027-01-18T20:55:40,2027-01-18T18:55:40,,QA
BATCH00849,QP Decision (Release),2027-01-19T16:13:15,2027-01-19T17:03:32,2027-01-19T16:13:15,,QA
BATCH00859,Plan Batch,2027-02-02T02:33:30,2027-02-02T03:50:33,2027-02-02T02:33:30,,Planning
BATCH00859,Release Batch,2027-02-02T11:45:39,2027-02-02T12:05:54,2027-02-02T11:45:39,,Planning
BATCH00859,Stage Materials,2027-02-02T13:40:52,2027-02-02T17:53:55,2027-02-02T13:40:52,INJ2,Warehouse
BATCH00859,Start Solution Preparation,2027-02-02T18:46:02,2027-02-02T18:51:02,2027-02-02T18:46:02,INJ2,Production
BATCH00859,End Solution Preparation,2027-02-02T23:46:15,2027-02-02T23:51:15,2027-02-02T23:46:15,INJ2,Production
BATCH00859,Sterile Filtration,2027-02-03T00:21:15,2027-02-03T03:12:20,2027-02-03T00:21:15,INJ2,Production
BATCH00859,Start Filling,2027-02-03T03:51:52,2027-02-03T03:56:52,2027-02-03T03:51:52,INJ2,Production
BATCH00859,End Filling,2027-02-03T10:47:09,2027-02-03T10:52:09,2027-02-03T10:47:09,INJ2,Production
BATCH00859,Capping,2027-02-03T11:22:09,2027-02-03T12:46:57,2027-02-03T11:22:09,INJ2,Production
BATCH00859,Lyophilization,2027-02-03T13:46:57,2027-02-04T06:52:40,2027-02-03T13:46:57,INJ2,Production
BATCH00859,Visual Inspection,2027-02-04T08:52:40,2027-02-04T11:30:24,2027-02-04T08:52:40,INJ2,Production
BATCH00859,Start Packaging,2027-02-04T13:22:43,2027-02-04T13:27:43,2027-02-04T13:22:43,INJ2,Packaging
BATCH00859,End Packaging,2027-02-04T19:25:12,2027-02-04T19:30:12,2027-02-04T19:25:12,INJ2,Packaging
BATCH00859,QC FP Sampling,2027-02-04T22:11:35,2027-02-04T23:47:54,2027-02-04T22:11:35,,QC_Lab
BATCH00859,QC Result (Conforming),2027-02-05T13:46:04,2027-02-05T16:46:26,2027-02-05T13:46:04,,QC_Lab
BATCH00859,QP Decision (Release),2027-02-05T22:47:52,2027-02-06T00:44:34,2027-02-05T22:47:52,,QA
BATCH00867,Plan Batch,2027-02-19T05:57:16,2027-02-19T06:43:49,2027-02-19T05:57:16,,Planning
BATCH00867,Release Batch,2027-02-19T11:18:44,2027-02-19T11:38:11,2027-02-19T11:18:44,,Planning
BATCH00867,Stage Components,2027-02-19T14:30:48,2027-02-19T19:40:14,2027-02-19T14:30:48,DEV1,Warehouse
BATCH00867,Start Component Assembly,2027-02-19T21:20:32,2027-02-19T21:25:32,2027-02-19T21:20:32,DEV1,Production
BATCH00867,End Component Assembly,2027-02-19T23:53:46,2027-02-19T23:58:46,2027-02-19T23:53:46,DEV1,Production
BATCH00867,Start Device Calibration,2027-02-20T01:58:11,2027-02-20T02:03:11,2027-02-20T01:58:11,DEV1,Production
BATCH00867,End Device Calibration,2027-02-20T07:09:24,2027-02-20T07:14:24,2027-02-20T07:09:24,DEV1,Production
BATCH00867,Final Assembly,2027-02-20T07:56:04,2027-02-20T10:02:22,2027-02-20T07:56:04,DEV1,Production
BATCH00867,Start Packaging,2027-02-20T10:38:11,2027-02-20T10:43:11,2027-02-20T10:38:11,DEV1,Packaging
BATCH00867,End Packaging,2027-02-20T16:25:59,2027-02-20T16:30:59,2027-02-20T16:25:59,DEV1,Packaging
BATCH00867,IFU Insertion Check,2027-02-20T17:00:59,2027-02-20T17:42:33,2027-02-20T17:00:59,DEV1,Packaging
BATCH00867,QC FP Sampling,2027-02-20T18:49:17,2027-02-20T19:44:12,2027-02-20T18:49:17,,QC_Lab
BATCH00867,QC Result (OOS),2027-02-22T19:00:59,2027-02-22T22:29:13,2027-02-22T19:00:59,,QC_Lab
BATCH00867,QP Decision (Reject),2027-02-23T12:23:54,2027-02-23T14:23:28,2027-02-23T12:23:54,,QA
BATCH00874,Plan Batch,2027-03-04T03:58:05,2027-03-04T04:41:15,2027-03-04T03:58:05,,Planning
BATCH00874,Release Batch,2027-03-04T12:41:03,2027-03-04T13:14:51,2027-03-04T12:41:03,,Planning
BATCH00874,Stage Materials,2027-03-04T15:03:08,2027-03-04T16:50:21,2027-03-04T15:03:08,INJ2,Warehouse
BATCH00874,Start Solution Preparation,2027-03-04T18:17:01,2027-03-04T18:22:01,2027-03-04T18:17:01,INJ2,Production
BATCH00874,End Solution Preparation,2027-03-04T22:37:56,2027-03-04T22:42:56,2027-03-04T22:37:56,INJ2,Production
BATCH00874,Sterile Filtration,2027-03-04T23:12:56,2027-03-05T01:23:36,2027-03-04T23:12:56,INJ2,Production
BATCH00874,Start Filling,2027-03-05T02:06:39,2027-03-05T02:11:39,2027-03-05T02:06:39,INJ2,Production
BATCH00874,End Filling,2027-03-05T07:01:44,2027-03-05T07:06:44,2027-03-05T07:01:44,INJ2,Production
BATCH00874,Capping,2027-03-05T07:36:44,2027-03-05T09:20:17,2027-03-05T07:36:44,INJ2,Production
BATCH00874,Lyophilization,2027-03-05T10:20:17,2027-03-06T04:53:56,2027-03-05T10:20:17,INJ2,Production
BATCH00874,Visual Inspection,2027-03-06T06:53:56,2027-03-06T10:27:42,2027-03-06T06:53:56,INJ2,Production
BATCH00874,Start Packaging,2027-03-06T12:22:04,2027-03-06T12:27:04,2027-03-06T12:22:04,INJ2,Packaging
BATCH00874,End Packaging,2027-03-06T19:20:55,2027-03-06T19:25:55,2027-03-06T19:20:55,INJ2,Packaging
BATCH00874,QC FP Sampling,2027-03-06T20:46:40,2027-03-06T22:24:52,2027-03-06T20:46:40,,QC_Lab
BATCH00874,QC Result (Conforming),2027-03-08T01:11:09,2027-03-08T01:48:45,2027-03-08T01:11:09,,QC_Lab
BATCH00874,QP Decision (Release),2027-03-08T05:17:46,2027-03-08T06:45:19,2027-03-08T05:17:46,,QA
BATCH00880,Plan Batch,2027-03-14T06:57:30,2027-03-14T07:53:50,2027-03-14T06:57:30,,Planning
BATCH00880,Release Batch,2027-03-14T15:32:15,2027-03-14T16:24:56,2027-03-14T15:32:15,,Planning
BATCH00880,Stage Materials,2027-03-14T20:10:18,2027-03-15T01:13:17,2027-03-14T20:10:18,TL1,Warehouse
BATCH00880,Start Granulation,2027-03-15T02:56:35,2027-03-15T03:01:35,2027-03-15T02:56:35,TL1,Production
BATCH00880,End Granulation,2027-03-15T05:13:39,2027-03-15T05:18:39,2027-03-15T05:13:39,TL1,Production
BATCH00880,Start Compression,2027-03-15T07:17:04,2027-03-15T07:22:04,2027-03-15T07:17:04,TL1,Production
BATCH00880,End Compression,2027-03-15T14:05:23,2027-03-15T14:10:23,2027-03-15T14:05:23,TL1,Production
BATCH00880,Start Coating,2027-03-15T14:46:25,2027-03-15T14:51:25,2027-03-15T14:46:25,TL1,Production
BATCH00880,End Coating,2027-03-15T18:18:12,2027-03-15T18:23:12,2027-03-15T18:18:12,TL1,Production
BATCH00880,Start Packaging,2027-03-15T19:29:46,2027-03-15T19:34:46,2027-03-15T19:29:46,TL1,Packaging
BATCH00880,End Packaging,2027-03-16T03:31:50,2027-03-16T03:36:50,2027-03-16T03:31:50,TL1,Packaging
BATCH00880,QC FP Sampling,2027-03-16T06:49:07,2027-03-16T07:56:07,2027-03-16T06:49:07,,QC_Lab
BATCH00880,QC Result (Conforming),2027-03-17T05:42:02,2027-03-17T07:00:50,2027-03-17T05:42:02,,QC_Lab
BATCH00880,QP Decision (Release),2027-03-17T13:13:21,2027-03-17T14:33:55,2027-03-17T13:13:21,,QA
BATCH00927,Plan Batch,2027-05-31T18:07:29,2027-05-31T18:28:55,2027-05-31T18:07:29,,Planning
BATCH00927,Release Batch,2027-05-31T23:35:04,2027-06-01T00:12:02,2027-05-31T23:35:04,,Planning
BATCH00927,Stage Materials,2027-06-01T01:02:10,2027-06-01T02:50:43,2027-06-01T01:02:10,HORM1,Warehouse
BATCH00927,Segregated Area Cleaning,2027-06-01T03:49:46,2027-06-01T06:35:26,2027-06-01T03:49:46,HORM1,Production
BATCH00927,Start Granulation,2027-06-01T07:35:26,2027-06-01T07:40:26,2027-06-01T07:35:26,HORM1,Production
BATCH00927,End Granulation,2027-06-01T12:03:08,2027-06-01T12:08:08,2027-06-01T12:03:08,HORM1,Production
BATCH00927,Start Compression,2027-06-01T13:21:45,2027-06-01T13:26:45,2027-06-01T13:21:45,HORM1,Production
BATCH00927,End Compression,2027-06-01T18:20:00,2027-06-01T18:25:00,2027-06-01T18:20:00,HORM1,Production
BATCH00927,Start Coating,2027-06-01T19:47:57,2027-06-01T19:52:57,2027-06-01T19:47:57,HORM1,Production
BATCH00927,End Coating,2027-06-02T01:17:35,2027-06-02T01:22:35,2027-06-02T01:17:35,HORM1,Production
BATCH00927,Start Packaging,2027-06-02T02:55:15,2027-06-02T03:00:15,2027-06-02T02:55:15,HORM1,Packaging
BATCH00927,End Packaging,2027-06-02T07:45:40,2027-06-02T07:50:40,2027-06-02T07:45:40,HORM1,Packaging
BATCH00927,Extended QA Review,2027-06-02T14:15:21,2027-06-03T10:15:10,2027-06-02T14:15:21,,QA
BATCH00927,QC FP Sampling,2027-06-03T12:06:38,2027-06-03T13:44:27,2027-06-03T12:06:38,,QC_Lab
BATCH00927,QC Result (Conforming),2027-06-05T09:15:49,2027-06-05T11:51:00,2027-06-05T09:15:49,,QC_Lab
BATCH00927,QP Decision (Release),2027-06-05T23:17:57,2027-06-06T00:40:09,2027-06-05T23:17:57,,QA
BATCH00943,Plan Batch,2027-07-01T08:15:25,2027-07-01T10:13:04,2027-07-01T08:15:25,,Planning
BATCH00943,Release Batch,2027-07-01T17:10:25,2027-07-01T17:26:19,2027-07-01T17:10:25,,Planning
BATCH00943,Stage Materials,2027-07-01T18:53:12,2027-07-01T22:43:36,2027-07-01T18:53:12,TL3,Warehouse
BATCH00943,Batch Cancelled (Material Issue),2027-07-02T14:52:02,2027-07-02T15:22:02,2027-07-02T14:52:02,,Planning
BATCH00985,Plan Batch,2027-09-16T02:11:57,2027-09-16T03:34:21,2027-09-16T02:11:57,,Planning
BATCH00985,Release Batch,2027-09-16T10:23:58,2027-09-16T11:07:22,2027-09-16T10:23:58,,Planning
BATCH00985,Stage Materials,2027-09-16T12:55:45,2027-09-16T14:17:07,2027-09-16T12:55:45,HORM1,Warehouse
BATCH00985,Segregated Area Cleaning,2027-09-16T15:04:45,2027-09-16T18:37:54,2027-09-16T15:04:45,HORM1,Production
BATCH00985,Start Granulation,2027-09-16T19:37:54,2027-09-16T19:42:54,2027-09-16T19:37:54,HORM1,Production
BATCH00985,End Granulation,2027-09-16T22:35:49,2027-09-16T22:40:49,2027-09-16T22:35:49,HORM1,Production
BATCH00985,Start Compression,2027-09-16T23:24:27,2027-09-16T23:29:27,2027-09-16T23:24:27,HORM1,Production
BATCH00985,End Compression,2027-09-17T03:11:04,2027-09-17T03:16:04,2027-09-17T03:11:04,HORM1,Production
BATCH00985,Start Coating,2027-09-17T04:17:42,2027-09-17T04:22:42,2027-09-17T04:17:42,HORM1,Production
BATCH00985,End Coating,2027-09-17T06:54:48,2027-09-17T06:59:48,2027-09-17T06:54:48,HORM1,Production
BATCH00985,Start Packaging,2027-09-17T08:27:15,2027-09-17T08:32:15,2027-09-17T08:27:15,HORM1,Packaging
BATCH00985,End Packaging,2027-09-17T15:23:37,2027-09-17T15:28:37,2027-09-17T15:23:37,HORM1,Packaging
BATCH00985,Extended QA Review,2027-09-17T20:48:08,2027-09-18T08:26:25,2027-09-17T20:48:08,,QA
BATCH00985,QC FP Sampling,2027-09-18T11:30:44,2027-09-18T12:05:26,2027-09-18T11:30:44,,QC_Lab
BATCH00985,QC Result (Conforming),2027-09-19T08:11:45,2027-09-19T11:27:15,2027-09-19T08:11:45,,QC_Lab
BATCH00985,QP Decision (Release),2027-09-20T09:30:06,2027-09-20T10:14:44,2027-09-20T09:30:06,,QA
BATCH00989,Plan Batch,2027-09-23T05:22:55,2027-09-23T07:12:38,2027-09-23T05:22:55,,Planning
BATCH00989,Release Batch,2027-09-23T09:43:46,2027-09-23T10:34:19,2027-09-23T09:43:46,,Planning
BATCH00989,Stage Materials,2027-09-23T11:13:49,2027-09-23T14:33:51,2027-09-23T11:13:49,INJ1,Warehouse
BATCH00989,Start Solution Preparation,2027-09-23T15:59:28,2027-09-23T16:04:28,2027-09-23T15:59:28,INJ1,Production
BATCH00989,End Solution Preparation,2027-09-23T21:42:18,2027-09-23T21:47:18,2027-09-23T21:42:18,INJ1,Production
BATCH00989,Sterile Filtration,2027-09-23T22:17:18,2027-09-24T01:01:45,2027-09-23T22:17:18,INJ1,Production
BATCH00989,Start Filling,2027-09-24T01:59:07,2027-09-24T02:04:07,2027-09-24T01:59:07,INJ1,Production
BATCH00989,End Filling,2027-09-24T07:44:03,2027-09-24T07:49:03,2027-09-24T07:44:03,INJ1,Production
BATCH00989,Capping,2027-09-24T08:19:03,2027-09-24T10:03:05,2027-09-24T08:19:03,INJ1,Production
BATCH00989,Lyophilization,2027-09-24T11:03:05,2027-09-25T04:53:27,2027-09-24T11:03:05,INJ1,Production
BATCH00989,Visual Inspection,2027-09-25T06:53:27,2027-09-25T09:28:37,2027-09-25T06:53:27,INJ1,Production
BATCH00989,Start Packaging,2027-09-25T10:47:17,2027-09-25T10:52:17,2027-09-25T10:47:17,INJ1,Packaging
BATCH00989,End Packaging,2027-09-25T15:41:33,2027-09-25T15:46:33,2027-09-25T15:41:33,INJ1,Packaging
BATCH00989,QC FP Sampling,2027-09-25T17:01:19,2027-09-25T18:59:55,2027-09-25T17:01:19,,QC_Lab
BATCH00989,QC Result (Conforming),2027-09-27T05:24:02,2027-09-27T07:32:59,2027-09-27T05:24:02,,QC_Lab
BATCH00989,QP Decision (Release),2027-09-28T04:28:41,2027-09-28T05:39:12,2027-09-28T04:28:41,,QA
BATCH01010,Plan Batch,2027-10-30T03:21:08,2027-10-30T04:08:55,2027-10-30T03:21:08,,Planning
BATCH01010,Release Batch,2027-10-30T09:06:37,2027-10-30T09:26:58,2027-10-30T09:06:37,,Planning
BATCH01010,Stage Materials,2027-10-30T10:30:20,2027-10-30T13:03:20,2027-10-30T10:30:20,HORM1,Warehouse
BATCH01010,Batch Cancelled (Material Issue),2027-10-31T10:08:21,2027-10-31T10:38:21,2027-10-31T10:08:21,,Planning
BATCH01021,Plan Batch,2027-11-19T23:46:09,2027-11-20T01:42:09,2027-11-19T23:46:09,,Planning
BATCH01021,Release Batch,2027-11-20T09:15:35,2027-11-20T09:48:29,2027-11-20T09:15:35,,Planning
BATCH01021,Stage Materials,2027-11-20T10:31:54,2027-11-20T15:09:31,2027-11-20T10:31:54,CL2,Warehouse
BATCH01021,Start Compression,2027-11-20T16:55:34,2027-11-20T17:00:34,2027-11-20T16:55:34,CL2,Production
BATCH01021,Deviation Opened,2027-11-20T17:57:32,2027-11-20T18:27:32,2027-11-20T17:57:32,,QA
BATCH01021,Investigation,2027-11-20T18:27:32,2027-11-21T00:02:37,2027-11-20T18:27:32,,QA
BATCH01021,Stage Materials,2027-11-21T00:02:37,2027-11-21T02:39:05,2027-11-21T00:02:37,CL2,Warehouse
BATCH01021,Extended QA Review,2027-11-21T02:39:05,2027-11-21T09:01:39,2027-11-21T02:39:05,,QA
BATCH01021,Deviation Closed,2027-11-21T09:01:39,2027-11-21T10:01:39,2027-11-21T09:01:39,,QA
BATCH01021,End Compression,2027-11-21T13:26:44,2027-11-21T13:31:44,2027-11-21T13:26:44,CL2,Production
BATCH01021,Start Coating,2027-11-21T14:46:36,2027-11-21T14:51:36,2027-11-21T14:46:36,CL2,Production
BATCH01021,End Coating,2027-11-21T20:22:03,2027-11-21T20:27:03,2027-11-21T20:22:03,CL2,Production
BATCH01021,Start Packaging,2027-11-21T22:05:32,2027-11-21T22:10:32,2027-11-21T22:05:32,CL2,Packaging
BATCH01021,End Packaging,2027-11-22T04:00:08,2027-11-22T04:05:08,2027-11-22T04:00:08,CL2,Packaging
BATCH01021,QC FP Sampling,2027-11-22T05:40:24,2027-11-22T07:18:53,2027-11-22T05:40:24,,QC_Lab
BATCH01021,QC Result (Conforming),2027-11-24T03:13:39,2027-11-24T07:09:15,2027-11-24T03:13:39,,QC_Lab
BATCH01021,QP Decision (Release),2027-11-24T12:11:16,2027-11-24T14:07:47,2027-11-24T12:11:16,,QA
BATCH01022,Plan Batch,2027-11-22T19:52:50,2027-11-22T20:53:43,2027-11-22T19:52:50,,Planning
BATCH01022,Release Batch,2027-11-23T01:58:48,2027-11-23T02:54:15,2027-11-23T01:58:48,,Planning
BATCH01022,Stage Components,2027-11-23T04:32:08,2027-11-23T08:20:21,2027-11-23T04:32:08,DEV2,Warehouse
BATCH01022,Start Component Assembly,2027-11-23T10:07:53,2027-11-23T10:12:53,2027-11-23T10:07:53,DEV2,Production
BATCH01022,End Component Assembly,2027-11-23T15:48:45,2027-11-23T15:53:45,2027-11-23T15:48:45,DEV2,Production
BATCH01022,Start Device Calibration,2027-11-23T16:28:27,2027-11-23T16:33:27,2027-11-23T16:28:27,DEV2,Production
BATCH01022,End Device Calibration,2027-11-23T20:14:48,2027-11-23T20:19:48,2027-11-23T20:14:48,DEV2,Production
BATCH01022,Final Assembly,2027-11-23T21:11:41,2027-11-23T23:21:25,2027-11-23T21:11:41,DEV2,Production
BATCH01022,Start Packaging,2027-11-24T01:14:31,2027-11-24T01:19:31,2027-11-24T01:14:31,DEV2,Packaging
BATCH01022,End Packaging,2027-11-24T08:28:49,2027-11-24T08:33:49,2027-11-24T08:28:49,DEV2,Packaging
BATCH01022,IFU Insertion Check,2027-11-24T09:03:49,2027-11-24T09:35:49,2027-11-24T09:03:49,DEV2,Packaging
BATCH01022,QC FP Sampling,2027-11-24T11:43:08,2027-11-24T12:13:37,2027-11-24T11:43:08,,QC_Lab
BATCH01022,QC Result (Conforming),2027-11-25T19:20:30,2027-11-25T22:53:56,2027-11-25T19:20:30,,QC_Lab
BATCH01022,QP Decision (Release),2027-11-26T19:17:41,2027-11-26T20:24:51,2027-11-26T19:17:41,,QA
BATCH01039,Plan Batch,2027-12-22T15:53:43,2027-12-22T17:34:35,2027-12-22T15:53:43,,Planning
BATCH01039,Release Batch,2027-12-22T23:33:07,2027-12-22T23:58:42,2027-12-22T23:33:07,,Planning
BATCH01039,Stage Materials,2027-12-23T00:57:02,2027-12-23T02:57:10,2027-12-23T00:57:02,TL3,Warehouse
BATCH01039,Start Compression,2027-12-23T04:49:49,2027-12-23T04:54:49,2027-12-23T04:49:49,TL3,Production
BATCH01039,Deviation Opened,2027-12-23T06:34:31,2027-12-23T07:04:31,2027-12-23T06:34:31,,QA
BATCH01039,Investigation,2027-12-23T07:04:31,2027-12-23T12:38:53,2027-12-23T07:04:31,,QA
BATCH01039,Stage Materials,2027-12-23T12:38:53,2027-12-23T15:19:37,2027-12-23T12:38:53,TL3,Warehouse
BATCH01039,Extended QA Review,2027-12-23T15:19:37,2027-12-24T01:48:47,2027-12-23T15:19:37,,QA
BATCH01039,Deviation Closed,2027-12-24T01:48:47,2027-12-24T02:48:47,2027-12-24T01:48:47,,QA
BATCH01039,End Compression,2027-12-24T05:07:14,2027-12-24T05:12:14,2027-12-24T05:07:14,TL3,Production
BATCH01039,Start Coating,2027-12-24T06:07:47,2027-12-24T06:12:47,2027-12-24T06:07:47,TL3,Production
BATCH01039,End Coating,2027-12-24T10:45:18,2027-12-24T10:50:18,2027-12-24T10:45:18,TL3,Production
BATCH01039,Start Packaging,2027-12-24T12:24:25,2027-12-24T12:29:25,2027-12-24T12:24:25,TL3,Packaging
BATCH01039,End Packaging,2027-12-24T20:42:15,2027-12-24T20:47:15,2027-12-24T20:42:15,TL3,Packaging
BATCH01039,QC FP Sampling,2027-12-24T23:07:19,2027-12-24T23:38:27,2027-12-24T23:07:19,,QC_Lab
BATCH01039,QC Result (Conforming),2027-12-25T05:51:44,2027-12-25T09:36:06,2027-12-25T05:51:44,,QC_Lab
BATCH01039,QP Decision (Release),2027-12-25T23:35:57,2027-12-26T01:30:51,2027-12-25T23:35:57,,QA
BATCH01067,Plan Batch,2028-02-08T22:03:59,2028-02-08T23:05:10,2028-02-08T22:03:59,,Planning
BATCH01067,Release Batch,2028-02-09T01:02:36,2028-02-09T01:48:47,2028-02-09T01:02:36,,Planning
BATCH01067,Stage Materials,2028-02-09T03:51:06,2028-02-09T07:55:53,2028-02-09T03:51:06,HORM2,Warehouse
BATCH01067,Segregated Area Cleaning,2028-02-09T08:35:14,2028-02-09T12:27:13,2028-02-09T08:35:14,HORM2,Production
BATCH01067,Start Granulation,2028-02-09T13:27:13,2028-02-09T13:32:13,2028-02-09T13:27:13,HORM2,Production
BATCH01067,End Granulation,2028-02-09T15:53:03,2028-02-09T15:58:03,2028-02-09T15:53:03,HORM2,Production
BATCH01067,Start Compression,2028-02-09T17:34:00,2028-02-09T17:39:00,2028-02-09T17:34:00,HORM2,Production
BATCH01067,End Compression,2028-02-09T22:03:07,2028-02-09T22:08:07,2028-02-09T22:03:07,HORM2,Production
BATCH01067,Start Coating,2028-02-09T23:55:06,2028-02-10T00:00:06,2028-02-09T23:55:06,HORM2,Production
BATCH01067,End Coating,2028-02-10T03:25:05,2028-02-10T03:30:05,2028-02-10T03:25:05,HORM2,Production
BATCH01067,Start Packaging,2028-02-10T04:29:45,2028-02-10T04:34:45,2028-02-10T04:29:45,HORM2,Packaging
BATCH01067,End Packaging,2028-02-10T13:26:27,2028-02-10T13:31:27,2028-02-10T13:26:27,HORM2,Packaging
BATCH01067,Extended QA Review,2028-02-10T17:16:20,2028-02-11T05:40:46,2028-02-10T17:16:20,,QA
BATCH01067,QC FP Sampling,2028-02-11T09:08:40,2028-02-11T09:57:09,2028-02-11T09:08:40,,QC_Lab
BATCH01067,QC Result (Conforming),2028-02-12T23:39:01,2028-02-13T00:26:37,2028-02-12T23:39:01,,QC_Lab
BATCH01067,QP Decision (Release),2028-02-13T08:48:00,2028-02-13T10:26:06,2028-02-13T08:48:00,,QA
BATCH01112,Plan Batch,2028-04-27T20:44:19,2028-04-27T21:08:44,2028-04-27T20:44:19,,Planning
BATCH01112,Release Batch,2028-04-28T02:43:44,2028-04-28T03:09:38,2028-04-28T02:43:44,,Planning
BATCH01112,Stage Materials,2028-04-28T06:52:10,2028-04-28T10:56:39,2028-04-28T06:52:10,HORM1,Warehouse
BATCH01112,Segregated Area Cleaning,2028-04-28T11:34:40,2028-04-28T13:58:41,2028-04-28T11:34:40,HORM1,Production
BATCH01112,Start Granulation,2028-04-28T14:58:41,2028-04-28T15:03:41,2028-04-28T14:58:41,HORM1,Production
BATCH01112,End Granulation,2028-04-28T18:21:48,2028-04-28T18:26:48,2028-04-28T18:21:48,HORM1,Production
BATCH01112,Start Compression,2028-04-28T19:24:45,2028-04-28T19:29:45,2028-04-28T19:24:45,HORM1,Production
BATCH01112,End Compression,2028-04-28T22:34:33,2028-04-28T22:39:33,2028-04-28T22:34:33,HORM1,Production
BATCH01112,Start Coating,2028-04-29T00:07:14,2028-04-29T00:12:14,2028-04-29T00:07:14,HORM1,Production
BATCH01112,End Coating,2028-04-29T05:04:56,2028-04-29T05:09:56,2028-04-29T05:04:56,HORM1,Production
BATCH01112,Start Packaging,2028-04-29T06:42:46,2028-04-29T06:47:46,2028-04-29T06:42:46,HORM1,Packaging
BATCH01112,End Packaging,2028-04-29T16:05:56,2028-04-29T16:10:56,2028-04-29T16:05:56,HORM1,Packaging
BATCH01112,Extended QA Review,2028-04-29T23:29:36,2028-04-30T06:57:37,2028-04-29T23:29:36,,QA
BATCH01112,QC FP Sampling,2028-04-30T08:04:56,2028-04-30T08:46:23,2028-04-30T08:04:56,,QC_Lab
BATCH01112,QC Result (Conforming),2028-05-01T21:52:55,2028-05-02T00:23:42,2028-05-01T21:52:55,,QC_Lab
BATCH01112,QP Decision (Release),2028-05-02T05:36:27,2028-05-02T06:23:30,2028-05-02T05:36:27,,QA
BATCH01126,Plan Batch,2028-05-17T14:47:27,2028-05-17T16:21:16,2028-05-17T14:47:27,,Planning
BATCH01126,Release Batch,2028-05-17T22:12:03,2028-05-17T22:34:10,2028-05-17T22:12:03,,Planning
BATCH01126,Stage Materials,2028-05-18T00:30:44,2028-05-18T02:34:25,2028-05-18T00:30:44,TL2,Warehouse
BATCH01126,Start Granulation,2028-05-18T03:57:47,2028-05-18T04:02:47,2028-05-18T03:57:47,TL2,Production
BATCH01126,End Granulation,2028-05-18T09:12:52,2028-05-18T09:17:52,2028-05-18T09:12:52,TL2,Production
BATCH01126,Start Compression,2028-05-18T09:50:31,2028-05-18T09:55:31,2028-05-18T09:50:31,TL2,Production
BATCH01126,End Compression,2028-05-18T13:47:25,2028-05-18T13:52:25,2028-05-18T13:47:25,TL2,Production
BATCH01126,Start Coating,2028-05-18T15:49:06,2028-05-18T15:54:06,2028-05-18T15:49:06,TL2,Production
BATCH01126,End Coating,2028-05-18T21:30:36,2028-05-18T21:35:36,2028-05-18T21:30:36,TL2,Production
BATCH01126,Start Packaging,2028-05-18T23:07:49,2028-05-18T23:12:49,2028-05-18T23:07:49,TL2,Packaging
BATCH01126,End Packaging,2028-05-19T02:52:10,2028-05-19T02:57:10,2028-05-19T02:52:10,TL2,Packaging
BATCH01126,QC FP Sampling,2028-05-19T04:10:52,2028-05-19T05:38:31,2028-05-19T04:10:52,,QC_Lab
BATCH01126,QC Result (OOS),2028-05-19T13:33:42,2028-05-19T16:55:52,2028-05-19T13:33:42,,QC_Lab
BATCH01126,Deviation Opened,2028-05-19T21:12:22,2028-05-19T22:12:22,2028-05-19T21:12:22,,QA
BATCH01126,Investigation,2028-05-19T22:12:22,2028-05-20T14:08:39,2028-05-19T22:12:22,,QA
BATCH01126,QC FP Sampling,2028-05-20T17:23:14,2028-05-20T18:30:55,2028-05-20T17:23:14,,QC_Lab
BATCH01126,QC Result (OOS),2028-05-21T02:25:49,2028-05-21T03:13:21,2028-05-21T02:25:49,,QC_Lab
BATCH01126,Deviation Closed,2028-05-21T03:13:21,2028-05-21T05:13:21,2028-05-21T03:13:21,,QA
BATCH01126,QP Decision (Reject),2028-05-22T03:33:41,2028-05-22T04:32:55,2028-05-22T03:33:41,,QA
BATCH01130,Plan Batch,2028-05-25T06:29:55,2028-05-25T06:57:34,2028-05-25T06:29:55,,Planning
BATCH01130,Release Batch,2028-05-25T11:55:35,2028-05-25T12:13:45,2028-05-25T11:55:35,,Planning
BATCH01130,Stage Materials,2028-05-25T15:43:40,2028-05-25T18:29:13,2028-05-25T15:43:40,TL2,Warehouse
BATCH01130,Start Compression,2028-05-25T19:26:57,2028-05-25T19:31:57,2028-05-25T19:26:57,TL2,Production
BATCH01130,End Compression,2028-05-26T00:39:51,2028-05-26T00:44:51,2028-05-26T00:39:51,TL2,Production
BATCH01130,Start Coating,2028-05-26T08:27:10,2028-05-26T08:32:10,2028-05-26T08:27:10,TL3,Production
BATCH01130,End Coating,2028-05-26T14:16:05,2028-05-26T14:21:05,2028-05-26T14:16:05,TL3,Production
BATCH01130,Start Packaging,2028-05-26T15:57:36,2028-05-26T16:02:36,2028-05-26T15:57:36,TL3,Packaging
BATCH01130,End Packaging,2028-05-27T00:27:01,2028-05-27T00:32:01,2028-05-27T00:27:01,TL3,Packaging
BATCH01130,QC FP Sampling,2028-05-27T03:10:04,2028-05-27T05:05:26,2028-05-27T03:10:04,,QC_Lab
BATCH01130,QC Result (Conforming),2028-05-29T03:58:36,2028-05-29T05:00:09,2028-05-29T03:58:36,,QC_Lab
BATCH01130,QP Decision (Release),2028-05-29T06:40:30,2028-05-29T07:48:12,2028-05-29T06:40:30,,QA
BATCH01151,Plan Batch,2028-07-08T10:19:46,2028-07-08T10:59:11,2028-07-08T10:19:46,,Planning
BATCH01151,Release Batch,2028-07-08T15:29:50,2028-07-08T16:10:30,2028-07-08T15:29:50,,Planning
BATCH01151,Stage Materials,2028-07-08T17:31:18,2028-07-08T21:47:54,2028-07-08T17:31:18,HORM1,Warehouse
BATCH01151,Segregated Area Cleaning,2028-07-08T22:43:24,2028-07-09T02:31:44,2028-07-08T22:43:24,HORM1,Production
BATCH01151,Start Granulation,2028-07-09T03:31:44,2028-07-09T03:36:44,2028-07-09T03:31:44,HORM1,Production
BATCH01151,End Granulation,2028-07-09T09:18:09,2028-07-09T09:23:09,2028-07-09T09:18:09,HORM1,Production
BATCH01151,Start Compression,2028-07-09T10:09:13,2028-07-09T10:14:13,2028-07-09T10:09:13,HORM1,Production
BATCH01151,End Compression,2028-07-09T13:23:05,2028-07-09T13:28:05,2028-07-09T13:23:05,HORM1,Production
BATCH01151,Start Coating,2028-07-09T15:05:20,2028-07-09T15:10:20,2028-07-09T15:05:20,HORM1,Production
BATCH01151,End Coating,2028-07-09T20:56:45,2028-07-09T21:01:45,2028-07-09T20:56:45,HORM1,Production
BATCH01151,Start Packaging,2028-07-09T22:49:37,2028-07-09T22:54:37,2028-07-09T22:49:37,HORM1,Packaging
BATCH01151,End Packaging,2028-07-10T05:54:03,2028-07-10T05:59:03,2028-07-10T05:54:03,HORM1,Packaging
BATCH01151,Extended QA Review,2028-07-10T09:45:34,2028-07-11T01:47:09,2028-07-10T09:45:34,,QA
BATCH01151,QC FP Sampling,2028-07-11T04:28:20,2028-07-11T05:42:10,2028-07-11T04:28:20,,QC_Lab
BATCH01151,QC Result (OOS),2028-07-12T20:59:55,2028-07-12T23:49:38,2028-07-12T20:59:55,,QC_Lab
BATCH01151,QP Decision (Reject),2028-07-13T02:08:37,2028-07-13T03:59:51,2028-07-13T02:08:37,,QA
BATCH01184,Plan Batch,2028-09-03T05:08:32,2028-09-03T06:44:59,2028-09-03T05:08:32,,Planning
BATCH01184,Release Batch,2028-09-03T14:20:48,2028-09-03T15:02:17,2028-09-03T14:20:48,,Planning
BATCH01184,Stage Components,2028-09-03T18:23:49,2028-09-03T21:53:47,2028-09-03T18:23:49,DEV1,Warehouse
BATCH01184,Start Component Assembly,2028-09-03T23:19:27,2028-09-03T23:24:27,2028-09-03T23:19:27,DEV1,Production
BATCH01184,End Component Assembly,2028-09-04T02:06:46,2028-09-04T02:11:46,2028-09-04T02:06:46,DEV1,Production
BATCH01184,Start Device Calibration,2028-09-04T03:27:52,2028-09-04T03:32:52,2028-09-04T03:27:52,DEV1,Production
BATCH01184,End Device Calibration,2028-09-04T07:31:51,2028-09-04T07:36:51,2028-09-04T07:31:51,DEV1,Production
BATCH01184,Final Assembly,2028-09-04T08:21:48,2028-09-04T10:43:50,2028-09-04T08:21:48,DEV1,Production
BATCH01184,Start Packaging,2028-09-04T11:53:19,2028-09-04T11:58:19,2028-09-04T11:53:19,DEV1,Packaging
BATCH01184,End Packaging,2028-09-04T18:27:54,2028-09-04T18:32:54,2028-09-04T18:27:54,DEV1,Packaging
BATCH01184,IFU Insertion Check,2028-09-04T19:02:54,2028-09-04T19:54:40,2028-09-04T19:02:54,DEV1,Packaging
BATCH01184,QC FP Sampling,2028-09-04T23:24:31,2028-09-05T00:48:38,2028-09-04T23:24:31,,QC_Lab
BATCH01184,QC Result (OOS),2028-09-06T12:46:08,2028-09-06T14:43:47,2028-09-06T12:46:08,,QC_Lab
BATCH01184,QP Decision (Reject),2028-09-06T20:03:49,2028-09-06T21:33:25,2028-09-06T20:03:49,,QA
BATCH01232,Plan Batch,2028-12-06T03:18:41,2028-12-06T04:02:20,2028-12-06T03:18:41,,Planning
BATCH01232,Release Batch,2028-12-06T10:12:58,2028-12-06T10:35:46,2028-12-06T10:12:58,,Planning
BATCH01232,Stage Materials,2028-12-06T11:24:12,2028-12-06T12:32:20,2028-12-06T11:24:12,HORM2,Warehouse
BATCH01232,Segregated Area Cleaning,2028-12-06T14:01:33,2028-12-06T17:38:01,2028-12-06T14:01:33,HORM2,Production
BATCH01232,Start Granulation,2028-12-06T18:38:01,2028-12-06T18:43:01,2028-12-06T18:38:01,HORM2,Production
BATCH01232,End Granulation,2028-12-06T22:46:37,2028-12-06T22:51:37,2028-12-06T22:46:37,HORM2,Production
BATCH01232,Start Compression,2028-12-06T23:39:54,2028-12-06T23:44:54,2028-12-06T23:39:54,HORM2,Production
BATCH01232,End Compression,2028-12-07T03:10:04,2028-12-07T03:15:04,2028-12-07T03:10:04,HORM2,Production
BATCH01232,Start Coating,2028-12-07T04:09:11,2028-12-07T04:14:11,2028-12-07T04:09:11,HORM2,Production
BATCH01232,End Coating,2028-12-07T08:44:15,2028-12-07T08:49:15,2028-12-07T08:44:15,HORM2,Production
BATCH01232,Start Packaging,2028-12-07T09:25:20,2028-12-07T09:30:20,2028-12-07T09:25:20,HORM2,Packaging
BATCH01232,End Packaging,2028-12-07T12:52:29,2028-12-07T12:57:29,2028-12-07T12:52:29,HORM2,Packaging
BATCH01232,Extended QA Review,2028-12-07T15:28:02,2028-12-08T10:17:52,2028-12-07T15:28:02,,QA
BATCH01232,QC FP Sampling,2028-12-08T11:26:03,2028-12-08T12:54:16,2028-12-08T11:26:03,,QC_Lab
BATCH01232,QC Result (Conforming),2028-12-10T04:38:36,2028-12-10T06:46:45,2028-12-10T04:38:36,,QC_Lab
BATCH01232,QP Decision (Release),2028-12-10T23:53:08,2028-12-11T00:31:31,2028-12-10T23:53:08,,QA
BATCH01252,Plan Batch,2029-01-09T16:33:41,2029-01-09T16:59:07,2029-01-09T16:33:41,,Planning
BATCH01252,Release Batch,2029-01-09T19:09:35,2029-01-09T20:04:26,2029-01-09T19:09:35,,Planning
BATCH01252,Stage Components,2029-01-09T21:02:17,2029-01-09T22:58:09,2029-01-09T21:02:17,DEV1,Warehouse
BATCH01252,Start Component Assembly,2029-01-10T00:18:47,2029-01-10T00:23:47,2029-01-10T00:18:47,DEV1,Production
BATCH01252,End Component Assembly,2029-01-10T02:30:28,2029-01-10T02:35:28,2029-01-10T02:30:28,DEV1,Production
BATCH01252,Start Device Calibration,2029-01-10T03:19:34,2029-01-10T03:24:34,2029-01-10T03:19:34,DEV1,Production
BATCH01252,End Device Calibration,2029-01-10T08:17:26,2029-01-10T08:22:26,2029-01-10T08:17:26,DEV1,Production
BATCH01252,Final Assembly,2029-01-10T08:55:58,2029-01-10T10:30:58,2029-01-10T08:55:58,DEV1,Production
BATCH01252,Start Packaging,2029-01-10T12:23:15,2029-01-10T12:28:15,2029-01-10T12:23:15,DEV1,Packaging
BATCH01252,End Packaging,2029-01-10T17:17:27,2029-01-10T17:22:27,2029-01-10T17:17:27,DEV1,Packaging
BATCH01252,IFU Insertion Check,2029-01-10T17:52:27,2029-01-10T18:35:01,2029-01-10T17:52:27,DEV1,Packaging
BATCH01252,QC FP Sampling,2029-01-10T22:19:07,2029-01-10T23:31:06,2029-01-10T22:19:07,,QC_Lab
BATCH01252,QC Result (Conforming),2029-01-11T12:35:33,2029-01-11T13:46:01,2029-01-11T12:35:33,,QC_Lab
BATCH01252,QP Decision (Release),2029-01-11T17:00:36,2029-01-11T17:45:51,2029-01-11T17:00:36,,QA
BATCH01307,Plan Batch,2029-04-15T10:33:02,2029-04-15T12:28:10,2029-04-15T10:33:02,,Planning
BATCH01307,Release Batch,2029-04-15T18:11:20,2029-04-15T18:52:17,2029-04-15T18:11:20,,Planning
BATCH01307,Stage Components,2029-04-15T21:48:26,2029-04-15T23:43:41,2029-04-15T21:48:26,DEV1,Warehouse
BATCH01307,Start Component Assembly,2029-04-16T01:23:42,2029-04-16T01:28:42,2029-04-16T01:23:42,DEV1,Production
BATCH01307,End Component Assembly,2029-04-16T04:25:54,2029-04-16T04:30:54,2029-04-16T04:25:54,DEV1,Production
BATCH01307,Start Device Calibration,2029-04-16T05:30:11,2029-04-16T05:35:11,2029-04-16T05:30:11,DEV1,Production
BATCH01307,End Device Calibration,2029-04-16T09:36:15,2029-04-16T09:41:15,2029-04-16T09:36:15,DEV1,Production
BATCH01307,Final Assembly,2029-04-16T10:31:45,2029-04-16T13:17:10,2029-04-16T10:31:45,DEV1,Production
BATCH01307,Start Packaging,2029-04-16T14:40:38,2029-04-16T14:45:38,2029-04-16T14:40:38,DEV1,Packaging
BATCH01307,End Packaging,2029-04-16T18:52:09,2029-04-16T18:57:09,2029-04-16T18:52:09,DEV1,Packaging
BATCH01307,IFU Insertion Check,2029-04-16T19:27:09,2029-04-16T20:00:33,2029-04-16T19:27:09,DEV1,Packaging
BATCH01307,QC FP Sampling,2029-04-16T21:30:39,2029-04-16T23:06:22,2029-04-16T21:30:39,,QC_Lab
BATCH01307,QC Result (Conforming),2029-04-17T04:53:38,2029-04-17T06:58:51,2029-04-17T04:53:38,,QC_Lab
BATCH01307,QP Decision (Release),2029-04-18T04:47:10,2029-04-18T06:40:47,2029-04-18T04:47:10,,QA
BATCH01308,Plan Batch,2029-04-16T15:01:24,2029-04-16T16:24:52,2029-04-16T15:01:24,,Planning
BATCH01308,Release Batch,2029-04-16T21:49:59,2029-04-16T22:09:29,2029-04-16T21:49:59,,Planning
BATCH01308,Stage Materials,2029-04-16T22:46:01,2029-04-17T04:24:31,2029-04-16T22:46:01,TL2,Warehouse
BATCH01308,Start Compression,2029-04-17T06:06:59,2029-04-17T06:11:59,2029-04-17T06:06:59,TL2,Production
BATCH01308,Equipment Downtime,2029-04-17T07:25:31,2029-04-17T10:38:20,2029-04-17T07:25:31,TL2,Maintenance
BATCH01308,End Compression,2029-04-17T13:41:08,2029-04-17T13:46:08,2029-04-17T13:41:08,TL2,Production
BATCH01308,Deviation Opened,2029-04-17T14:46:08,2029-04-17T15:46:08,2029-04-17T14:46:08,,QA
BATCH01308,Investigation,2029-04-17T15:46:08,2029-04-18T03:00:55,2029-04-17T15:46:08,,QA
BATCH01308,Extended QA Review,2029-04-18T03:00:55,2029-04-18T18:26:50,2029-04-18T03:00:55,,QA
BATCH01308,Deviation Closed,2029-04-18T18:26:50,2029-04-18T20:26:50,2029-04-18T18:26:50,,QA
BATCH01308,Start Coating,2029-04-18T21:29:11,2029-04-18T21:34:11,2029-04-18T21:29:11,TL2,Production
BATCH01308,End Coating,2029-04-19T02:00:19,2029-04-19T02:05:19,2029-04-19T02:00:19,TL2,Production
BATCH01308,Start Packaging,2029-04-19T02:57:00,2029-04-19T03:02:00,2029-04-19T02:57:00,TL2,Packaging
BATCH01308,End Packaging,2029-04-19T10:11:00,2029-04-19T10:16:00,2029-04-19T10:11:00,TL2,Packaging
BATCH01308,QC FP Sampling,2029-04-19T12:39:33,2029-04-19T13:27:44,2029-04-19T12:39:33,,QC_Lab
BATCH01308,QC Result (Conforming),2029-04-20T15:12:44,2029-04-20T16:51:28,2029-04-20T15:12:44,,QC_Lab
BATCH01308,QP Decision (Release),2029-04-21T12:39:13,2029-04-21T14:33:25,2029-04-21T12:39:13,,QA
BATCH01356,Plan Batch,2029-07-06T07:32:52,2029-07-06T08:40:19,2029-07-06T07:32:52,,Planning
BATCH01356,Release Batch,2029-07-06T13:24:16,2029-07-06T14:17:07,2029-07-06T13:24:16,,Planning
BATCH01356,Stage Materials,2029-07-06T17:08:42,2029-07-06T21:02:59,2029-07-06T17:08:42,HORM2,Warehouse
BATCH01356,Segregated Area Cleaning,2029-07-06T21:42:41,2029-07-07T00:58:43,2029-07-06T21:42:41,HORM2,Production
BATCH01356,Start Granulation,2029-07-07T01:58:43,2029-07-07T02:03:43,2029-07-07T01:58:43,HORM2,Production
BATCH01356,End Granulation,2029-07-07T07:30:53,2029-07-07T07:35:53,2029-07-07T07:30:53,HORM2,Production
BATCH01356,Start Compression,2029-07-07T09:01:29,2029-07-07T09:06:29,2029-07-07T09:01:29,HORM2,Production
BATCH01356,End Compression,2029-07-07T15:48:09,2029-07-07T15:53:09,2029-07-07T15:48:09,HORM2,Production
BATCH01356,Start Coating,2029-07-07T17:38:35,2029-07-07T17:43:35,2029-07-07T17:38:35,HORM2,Production
BATCH01356,End Coating,2029-07-07T20:00:49,2029-07-07T20:05:49,2029-07-07T20:00:49,HORM2,Production
BATCH01356,Start Packaging,2029-07-07T21:48:07,2029-07-07T21:53:07,2029-07-07T21:48:07,HORM2,Packaging
BATCH01356,End Packaging,2029-07-08T02:55:52,2029-07-08T03:00:52,2029-07-08T02:55:52,HORM2,Packaging
BATCH01356,Extended QA Review,2029-07-08T10:43:05,2029-07-09T07:09:11,2029-07-08T10:43:05,,QA
BATCH01356,QC FP Sampling,2029-07-09T09:00:09,2029-07-09T09:35:25,2029-07-09T09:00:09,,QC_Lab
BATCH01356,QC Result (Conforming),2029-07-09T15:47:03,2029-07-09T16:41:49,2029-07-09T15:47:03,,QC_Lab
BATCH01356,QP Decision (Release),2029-07-10T07:13:42,2029-07-10T09:03:29,2029-07-10T07:13:42,,QA
BATCH01374,Plan Batch,2029-08-13T09:49:33,2029-08-13T11:45:44,2029-08-13T09:49:33,,Planning
BATCH01374,Release Batch,2029-08-13T15:04:05,2029-08-13T15:46:12,2029-08-13T15:04:05,,Planning
BATCH01374,Stage Materials,2029-08-13T19:24:50,2029-08-13T20:58:52,2029-08-13T19:24:50,HORM2,Warehouse
BATCH01374,Segregated Area Cleaning,2029-08-13T21:46:02,2029-08-13T23:54:21,2029-08-13T21:46:02,HORM2,Production
BATCH01374,Start Granulation,2029-08-14T00:54:21,2029-08-14T00:59:21,2029-08-14T00:54:21,HORM2,Production
BATCH01374,End Granulation,2029-08-14T05:41:05,2029-08-14T05:46:05,2029-08-14T05:41:05,HORM2,Production
BATCH01374,Start Compression,2029-08-14T06:52:50,2029-08-14T06:57:50,2029-08-14T06:52:50,HORM2,Production
BATCH01374,End Compression,2029-08-14T12:47:07,2029-08-14T12:52:07,2029-08-14T12:47:07,HORM2,Production
BATCH01374,Start Coating,2029-08-14T14:43:47,2029-08-14T14:48:47,2029-08-14T14:43:47,HORM2,Production
BATCH01374,End Coating,2029-08-14T17:25:54,2029-08-14T17:30:54,2029-08-14T17:25:54,HORM2,Production
BATCH01374,Start Packaging,2029-08-14T18:22:56,2029-08-14T18:27:56,2029-08-14T18:22:56,HORM2,Packaging
BATCH01374,End Packaging,2029-08-14T23:13:47,2029-08-14T23:18:47,2029-08-14T23:13:47,HORM2,Packaging
BATCH01374,Extended QA Review,2029-08-15T04:42:54,2029-08-15T15:43:47,2029-08-15T04:42:54,,QA
BATCH01374,QC FP Sampling,2029-08-15T17:05:59,2029-08-15T18:20:39,2029-08-15T17:05:59,,QC_Lab
BATCH01374,QC Result (Conforming),2029-08-16T21:04:12,2029-08-16T22:15:10,2029-08-16T21:04:12,,QC_Lab
BATCH01374,QP Decision (Release),2029-08-17T20:36:51,2029-08-17T22:19:57,2029-08-17T20:36:51,,QA
BATCH01384,Plan Batch,2029-08-28T14:33:04,2029-08-28T15:05:24,2029-08-28T14:33:04,,Planning
BATCH01384,Release Batch,2029-08-28T21:07:03,2029-08-28T21:34:13,2029-08-28T21:07:03,,Planning
BATCH01384,Stage Materials,2029-08-28T22:09:06,2029-08-28T23:50:06,2029-08-28T22:09:06,INJ1,Warehouse
BATCH01384,Start Solution Preparation,2029-08-29T00:36:48,2029-08-29T00:41:48,2029-08-29T00:36:48,INJ1,Production
BATCH01384,End Solution Preparation,2029-08-29T04:53:54,2029-08-29T04:58:54,2029-08-29T04:53:54,INJ1,Production
BATCH01384,Sterile Filtration,2029-08-29T05:28:54,2029-08-29T06:55:36,2029-08-29T05:28:54,INJ1,Production
BATCH01384,Start Filling,2029-08-29T07:30:49,2029-08-29T07:35:49,2029-08-29T07:30:49,INJ1,Production
BATCH01384,End Filling,2029-08-29T10:33:09,2029-08-29T10:38:09,2029-08-29T10:33:09,INJ1,Production
BATCH01384,Capping,2029-08-29T11:08:09,2029-08-29T13:03:36,2029-08-29T11:08:09,INJ1,Production
BATCH01384,Lyophilization,2029-08-29T14:03:36,2029-08-30T05:37:32,2029-08-29T14:03:36,INJ1,Production
BATCH01384,Visual Inspection,2029-08-30T07:37:32,2029-08-30T11:21:18,2029-08-30T07:37:32,INJ1,Production
BATCH01384,Start Packaging,2029-08-30T11:58:55,2029-08-30T12:03:55,2029-08-30T11:58:55,INJ1,Packaging
BATCH01384,End Packaging,2029-08-30T17:53:36,2029-08-30T17:58:36,2029-08-30T17:53:36,INJ1,Packaging
BATCH01384,QC FP Sampling,2029-08-30T20:56:20,2029-08-30T22:07:20,2029-08-30T20:56:20,,QC_Lab
BATCH01384,QC Result (Conforming),2029-09-01T00:39:12,2029-09-01T01:53:31,2029-09-01T00:39:12,,QC_Lab
BATCH01384,QP Decision (Release),2029-09-01T05:25:50,2029-09-01T07:00:13,2029-09-01T05:25:50,,QA
BATCH01386,Plan Batch,2029-09-01T15:03:09,2029-09-01T15:42:51,2029-09-01T15:03:09,,Planning
BATCH01386,Release Batch,2029-09-01T23:36:26,2029-09-02T00:14:30,2029-09-01T23:36:26,,Planning
BATCH01386,Stage Materials,2029-09-02T02:41:46,2029-09-02T06:56:52,2029-09-02T02:41:46,TL2,Warehouse
BATCH01386,Start Granulation,2029-09-02T08:50:26,2029-09-02T08:55:26,2029-09-02T08:50:26,TL2,Production
BATCH01386,End Granulation,2029-09-02T11:57:03,2029-09-02T12:02:03,2029-09-02T11:57:03,TL2,Production
BATCH01386,Start Compression,2029-09-02T13:38:29,2029-09-02T13:43:29,2029-09-02T13:38:29,TL2,Production
BATCH01386,End Compression,2029-09-02T18:22:19,2029-09-02T18:27:19,2029-09-02T18:22:19,TL2,Production
BATCH01386,Start Coating,2029-09-02T20:10:04,2029-09-02T20:15:04,2029-09-02T20:10:04,TL2,Production
BATCH01386,End Coating,2029-09-03T00:50:45,2029-09-03T00:55:45,2029-09-03T00:50:45,TL2,Production
BATCH01386,Start Packaging,2029-09-03T02:16:51,2029-09-03T02:21:51,2029-09-03T02:16:51,TL2,Packaging
BATCH01386,End Packaging,2029-09-03T09:56:20,2029-09-03T10:01:20,2029-09-03T09:56:20,TL2,Packaging
BATCH01386,QC FP Sampling,2029-09-03T12:45:33,2029-09-03T14:25:51,2029-09-03T12:45:33,,QC_Lab
BATCH01386,QC Result (Conforming),2029-09-04T09:02:13,2029-09-04T11:14:14,2029-09-04T09:02:13,,QC_Lab
BATCH01386,QP Decision (Release),2029-09-05T03:56:39,2029-09-05T04:35:44,2029-09-05T03:56:39,,QA
BATCH01400,Plan Batch,2029-09-24T00:22:06,2029-09-24T01:24:56,2029-09-24T00:22:06,,Planning
BATCH01400,Release Batch,2029-09-24T04:59:52,2029-09-24T05:38:45,2029-09-24T04:59:52,,Planning
BATCH01400,Stage Materials,2029-09-24T09:30:01,2029-09-24T12:27:19,2029-09-24T09:30:01,TL1,Warehouse
BATCH01400,Start Compression,2029-09-24T14:24:50,2029-09-24T14:29:50,2029-09-24T14:24:50,TL1,Production
BATCH01400,End Compression,2029-09-24T21:47:41,2029-09-24T21:52:41,2029-09-24T21:47:41,TL1,Production
BATCH01400,Deviation Opened,2029-09-24T22:52:41,2029-09-24T23:52:41,2029-09-24T22:52:41,,QA
BATCH01400,Investigation,2029-09-25T03:59:50,2029-09-25T20:43:01,2029-09-25T03:59:50,,QA
BATCH01400,QC IPC Sampling,2029-09-25T21:43:01,2029-09-25T22:43:01,2029-09-25T21:43:01,,QC_Lab
BATCH01400,Start Rework,2029-09-26T05:27:39,2029-09-26T05:32:39,2029-09-26T05:27:39,TL1,Production
BATCH01400,End Rework,2029-09-26T07:57:28,2029-09-26T08:02:28,2029-09-26T07:57:28,TL1,Production
BATCH01400,Deviation Closed,2029-09-26T10:42:52,2029-09-26T11:42:52,2029-09-26T10:42:52,,QA
BATCH01400,Start Coating,2029-09-26T12:35:25,2029-09-26T12:40:25,2029-09-26T12:35:25,TL1,Production
BATCH01400,End Coating,2029-09-26T14:48:47,2029-09-26T14:53:47,2029-09-26T14:48:47,TL1,Production
BATCH01400,Start Packaging,2029-09-26T15:43:17,2029-09-26T15:48:17,2029-09-26T15:43:17,TL1,Packaging
BATCH01400,End Packaging,2029-09-26T19:00:32,2029-09-26T19:05:32,2029-09-26T19:00:32,TL1,Packaging
BATCH01400,QC FP Sampling,2029-09-26T20:26:00,2029-09-26T21:23:22,2029-09-26T20:26:00,,QC_Lab
BATCH01400,QC Result (Conforming),2029-09-27T22:40:22,2029-09-28T02:06:56,2029-09-27T22:40:22,,QC_Lab
BATCH01400,QP Decision (Release),2029-09-28T23:21:15,2029-09-29T00:06:52,2029-09-28T23:21:15,,QA
BATCH01468,Plan Batch,2030-01-16T13:09:46,2030-01-16T15:02:01,2030-01-16T13:09:46,,Planning
BATCH01468,Release Batch,2030-01-16T18:54:43,2030-01-16T19:49:33,2030-01-16T18:54:43,,Planning
BATCH01468,Stage Materials,2030-01-16T22:52:17,2030-01-17T04:26:52,2030-01-16T22:52:17,HORM2,Warehouse
BATCH01468,Segregated Area Cleaning,2030-01-17T05:26:28,2030-01-17T08:10:20,2030-01-17T05:26:28,HORM2,Production
BATCH01468,Start Granulation,2030-01-17T09:10:20,2030-01-17T09:15:20,2030-01-17T09:10:20,HORM2,Production
BATCH01468,End Granulation,2030-01-17T13:41:01,2030-01-17T13:46:01,2030-01-17T13:41:01,HORM2,Production
BATCH01468,Start Compression,2030-01-17T14:57:57,2030-01-17T15:02:57,2030-01-17T14:57:57,HORM2,Production
BATCH01468,End Compression,2030-01-17T20:29:40,2030-01-17T20:34:40,2030-01-17T20:29:40,HORM2,Production
BATCH01468,Start Coating,2030-01-17T21:51:32,2030-01-17T21:56:32,2030-01-17T21:51:32,HORM2,Production
BATCH01468,End Coating,2030-01-18T02:25:04,2030-01-18T02:30:04,2030-01-18T02:25:04,HORM2,Production
BATCH01468,Start Packaging,2030-01-18T03:45:08,2030-01-18T03:50:08,2030-01-18T03:45:08,HORM2,Packaging
BATCH01468,End Packaging,2030-01-18T10:33:34,2030-01-18T10:38:34,2030-01-18T10:33:34,HORM2,Packaging
BATCH01468,Extended QA Review,2030-01-18T17:39:54,2030-01-18T21:53:42,2030-01-18T17:39:54,,QA
BATCH01468,QC FP Sampling,2030-01-19T01:23:06,2030-01-19T02:45:07,2030-01-19T01:23:06,,QC_Lab
BATCH01468,QC Result (OOS),2030-01-19T18:16:59,2030-01-19T19:47:13,2030-01-19T18:16:59,,QC_Lab
BATCH01468,QP Decision (Reject),2030-01-19T20:57:24,2030-01-19T21:38:54,2030-01-19T20:57:24,,QA
BATCH01469,Plan Batch,2030-01-19T12:50:45,2030-01-19T14:47:28,2030-01-19T12:50:45,,Planning
BATCH01469,Release Batch,2030-01-19T21:50:34,2030-01-19T22:43:51,2030-01-19T21:50:34,,Planning
BATCH01469,Stage Materials,2030-01-20T00:13:33,2030-01-20T02:27:19,2030-01-20T00:13:33,CL1,Warehouse
BATCH01469,Batch Cancelled (Material Issue),2030-01-20T20:01:36,2030-01-20T20:31:36,2030-01-20T20:01:36,,Planning
BATCH01494,Plan Batch,2030-03-01T02:15:23,2030-03-01T03:14:59,2030-03-01T02:15:23,,Planning
BATCH01494,Release Batch,2030-03-01T06:54:32,2030-03-01T07:17:57,2030-03-01T06:54:32,,Planning
BATCH01494,Stage Materials,2030-03-01T09:56:20,2030-03-01T13:29:41,2030-03-01T09:56:20,INJ2,Warehouse
BATCH01494,Start Solution Preparation,2030-03-01T14:02:40,2030-03-01T14:07:40,2030-03-01T14:02:40,INJ2,Production
BATCH01494,End Solution Preparation,2030-03-01T19:53:35,2030-03-01T19:58:35,2030-03-01T19:53:35,INJ2,Production
BATCH01494,Sterile Filtration,2030-03-01T20:28:35,2030-03-01T22:13:00,2030-03-01T20:28:35,INJ2,Production
BATCH01494,Start Filling,2030-03-01T22:52:17,2030-03-01T22:57:17,2030-03-01T22:52:17,INJ2,Production
BATCH01494,End Filling,2030-03-02T05:13:34,2030-03-02T05:18:34,2030-03-02T05:13:34,INJ2,Production
BATCH01494,Capping,2030-03-02T05:48:34,2030-03-02T07:41:24,2030-03-02T05:48:34,INJ2,Production
BATCH01494,Lyophilization,2030-03-02T08:41:24,2030-03-02T23:29:22,2030-03-02T08:41:24,INJ2,Production
BATCH01494,Visual Inspection,2030-03-03T01:29:22,2030-03-03T03:43:40,2030-03-03T01:29:22,INJ2,Production
BATCH01494,Start Packaging,2030-03-03T05:29:31,2030-03-03T05:34:31,2030-03-03T05:29:31,INJ2,Packaging
BATCH01494,End Packaging,2030-03-03T10:45:38,2030-03-03T10:50:38,2030-03-03T10:45:38,INJ2,Packaging
BATCH01494,QC FP Sampling,2030-03-03T13:45:42,2030-03-03T14:20:42,2030-03-03T13:45:42,,QC_Lab
BATCH01494,QC Result (OOS),2030-03-03T19:39:08,2030-03-03T22:49:55,2030-03-03T19:39:08,,QC_Lab
BATCH01494,QP Decision (Reject),2030-03-04T15:19:22,2030-03-04T16:24:04,2030-03-04T15:19:22,,QA
