object_id,object_type
TL1,ProductionLine
TL2,ProductionLine
TL3,ProductionLine
CL1,ProductionLine
CL2,ProductionLine
INJ1,ProductionLine
INJ2,ProductionLine
HORM1,ProductionLine
HORM2,ProductionLine
DEV1,ProductionLine
DEV2,ProductionLine
TL1_COMP,Equipment
TL1_COAT,Equipment
TL1_PACK,Equipment
TL2_COMP,Equipment
TL2_COAT,Equipment
TL2_PACK,Equipment
TL3_COMP,Equipment
TL3_COAT,Equipment
TL3_PACK,Equipment
CL1_FILL,Equipment
CL1_PACK,Equipment
CL2_FILL,Equipment
CL2_PACK,Equipment
INJ1_FILL,Equipment
INJ1_LYO,Equipment
INJ1_PACK,Equipment
INJ2_FILL,Equipment
INJ2_LYO,Equipment
INJ2_PACK,Equipment
HORM1_COMP,Equipment
HORM1_COAT,Equipment
HORM1_PACK,Equipment
HORM2_COMP,Equipment
HORM2_COAT,Equipment
HORM2_PACK,Equipment
DEV1_ASSEMBLY,Equipment
DEV1_CALIB,Equipment
DEV1_PACK,Equipment
DEV2_ASSEMBLY,Equipment
DEV2_CALIB,Equipment
DEV2_PACK,Equipment
MAT00001,MaterialLot
MAT00002,MaterialLot
MAT00003,MaterialLot
MAT00004,MaterialLot
MAT00005,MaterialLot
MAT00006,MaterialLot
MAT00007,MaterialLot
MAT00008,MaterialLot
MAT00009,MaterialLot
MAT00010,MaterialLot
MAT00011,MaterialLot
MAT00012,MaterialLot
MAT00013,MaterialLot
MAT00014,MaterialLot
MAT00015,MaterialLot
MAT00016,MaterialLot
MAT00017,MaterialLot
MAT00018,MaterialLot
MAT00019,MaterialLot
MAT00020,MaterialLot
MAT00021,MaterialLot
MAT00022,MaterialLot
MAT00023,MaterialLot
MAT00024,MaterialLot
MAT00025,MaterialLot
MAT00026,MaterialLot
MAT00027,MaterialLot
MAT00028,MaterialLot
MAT00029,MaterialLot
MAT00030,MaterialLot
MAT00031,MaterialLot
MAT00032,MaterialLot
MAT00033,MaterialLot
MAT00034,MaterialLot
MAT00035,MaterialLot
MAT00036,MaterialLot
MAT00037,MaterialLot
MAT00038,MaterialLot
MAT00039,MaterialLot
MAT00040,MaterialLot
MAT00041,MaterialLot
MAT00042,MaterialLot
MAT00043,MaterialLot
MAT00044,MaterialLot
MAT00045,MaterialLot
MAT00046,MaterialLot
MAT00047,MaterialLot
MAT00048,MaterialLot
MAT00049,MaterialLot
MAT00050,MaterialLot
MAT00051,MaterialLot
MAT00052,MaterialLot
MAT00053,MaterialLot
MAT00054,MaterialLot
MAT00055,MaterialLot
MAT00056,MaterialLot
MAT00057,MaterialLot
MAT00058,MaterialLot
MAT00059,MaterialLot
MAT00060,MaterialLot
MAT00061,MaterialLot
MAT00062,MaterialLot
MAT00063,MaterialLot
MAT00064,MaterialLot
MAT00065,MaterialLot
MAT00066,MaterialLot
MAT00067,MaterialLot
MAT00068,MaterialLot
MAT00069,MaterialLot
MAT00070,MaterialLot
MAT00071,MaterialLot
MAT00072,MaterialLot
MAT00073,MaterialLot
MAT00074,MaterialLot
MAT00075,MaterialLot
MAT00076,MaterialLot
MAT00077,MaterialLot
MAT00078,MaterialLot
MAT00079,MaterialLot
MAT00080,MaterialLot
MAT00081,MaterialLot
MAT00082,MaterialLot
MAT00083,MaterialLot
MAT00084,MaterialLot
MAT00085,MaterialLot
MAT00086,MaterialLot
MAT00087,MaterialLot
MAT00088,MaterialLot
MAT00089,MaterialLot
MAT00090,MaterialLot
MAT00091,MaterialLot
MAT00092,MaterialLot
MAT00093,MaterialLot
MAT00094,MaterialLot
MAT00095,MaterialLot
MAT00096,MaterialLot
MAT00097,MaterialLot
MAT00098,MaterialLot
MAT00099,MaterialLot
MAT00100,MaterialLot
MAT00101,MaterialLot
MAT00102,MaterialLot
MAT00103,MaterialLot
MAT00104,MaterialLot
MAT00105,MaterialLot
MAT00106,MaterialLot
MAT00107,MaterialLot
MAT00108,MaterialLot
MAT00109,MaterialLot
MAT00110,MaterialLot
MAT00111,MaterialLot
MAT00112,MaterialLot
MAT00113,MaterialLot
MAT00114,MaterialLot
MAT00115,MaterialLot
MAT00116,MaterialLot
MAT00117,MaterialLot
MAT00118,MaterialLot
MAT00119,MaterialLot
MAT00120,MaterialLot
MAT00121,MaterialLot
MAT00122,MaterialLot
MAT00123,MaterialLot
MAT00124,MaterialLot
MAT00125,MaterialLot
MAT00126,MaterialLot
MAT00127,MaterialLot
MAT00128,MaterialLot
MAT00129,MaterialLot
MAT00130,MaterialLot
MAT00131,MaterialLot
MAT00132,MaterialLot
MAT00133,MaterialLot
MAT00134,MaterialLot
MAT00135,MaterialLot
MAT00136,MaterialLot
MAT00137,MaterialLot
MAT00138,MaterialLot
MAT00139,MaterialLot
MAT00140,MaterialLot
MAT00141,MaterialLot
MAT00142,MaterialLot
MAT00143,MaterialLot
MAT00144,MaterialLot
MAT00145,MaterialLot
MAT00146,MaterialLot
MAT00147,MaterialLot
MAT00148,MaterialLot
MAT00149,MaterialLot
MAT00150,MaterialLot
MAT00151,MaterialLot
MAT00152,MaterialLot
MAT00153,MaterialLot
MAT00154,MaterialLot
MAT00155,MaterialLot
MAT00156,MaterialLot
MAT00157,MaterialLot
MAT00158,MaterialLot
MAT00159,MaterialLot
MAT00160,MaterialLot
MAT00161,MaterialLot
MAT00162,MaterialLot
MAT00163,MaterialLot
MAT00164,MaterialLot
MAT00165,MaterialLot
MAT00166,MaterialLot
MAT00167,MaterialLot
MAT00168,MaterialLot
MAT00169,MaterialLot
MAT00170,MaterialLot
MAT00171,MaterialLot
MAT00172,MaterialLot
MAT00173,MaterialLot
MAT00174,MaterialLot
MAT00175,MaterialLot
MAT00176,MaterialLot
MAT00177,MaterialLot
MAT00178,MaterialLot
MAT00179,MaterialLot
MAT00180,MaterialLot
MAT00181,MaterialLot
MAT00182,MaterialLot
MAT00183,MaterialLot
MAT00184,MaterialLot
MAT00185,MaterialLot
MAT00186,MaterialLot
MAT00187,MaterialLot
MAT00188,MaterialLot
MAT00189,MaterialLot
MAT00190,MaterialLot
MAT00191,MaterialLot
MAT00192,MaterialLot
MAT00193,MaterialLot
MAT00194,MaterialLot
MAT00195,MaterialLot
MAT00196,MaterialLot
MAT00197,MaterialLot
MAT00198,MaterialLot
MAT00199,MaterialLot
MAT00200,MaterialLot
MAT00201,MaterialLot
MAT00202,MaterialLot
MAT00203,MaterialLot
MAT00204,MaterialLot
MAT00205,MaterialLot
MAT00206,MaterialLot
MAT00207,MaterialLot
MAT00208,MaterialLot
MAT00209,MaterialLot
MAT00210,MaterialLot
MAT00211,MaterialLot
MAT00212,MaterialLot
MAT00213,MaterialLot
MAT00214,MaterialLot
MAT00215,MaterialLot
MAT00216,MaterialLot
MAT00217,MaterialLot
MAT00218,MaterialLot
MAT00219,MaterialLot
MAT00220,MaterialLot
MAT00221,MaterialLot
MAT00222,MaterialLot
MAT00223,MaterialLot
MAT00224,MaterialLot
MAT00225,MaterialLot
MAT00226,MaterialLot
MAT00227,MaterialLot
MAT00228,MaterialLot
MAT00229,MaterialLot
MAT00230,MaterialLot
MAT00231,MaterialLot
MAT00232,MaterialLot
MAT00233,MaterialLot
MAT00234,MaterialLot
MAT00235,MaterialLot
MAT00236,MaterialLot
MAT00237,MaterialLot
MAT00238,MaterialLot
MAT00239,MaterialLot
MAT00240,MaterialLot
MAT00241,MaterialLot
MAT00242,MaterialLot
MAT00243,MaterialLot
MAT00244,MaterialLot
MAT00245,MaterialLot
MAT00246,MaterialLot
MAT00247,MaterialLot
MAT00248,MaterialLot
MAT00249,MaterialLot
MAT00250,MaterialLot
MAT00251,MaterialLot
MAT00252,MaterialLot
MAT00253,MaterialLot
MAT00254,MaterialLot
MAT00255,MaterialLot
MAT00256,MaterialLot
MAT00257,MaterialLot
MAT00258,MaterialLot
MAT00259,MaterialLot
MAT00260,MaterialLot
MAT00261,MaterialLot
MAT00262,MaterialLot
MAT00263,MaterialLot
MAT00264,MaterialLot
MAT00265,MaterialLot
MAT00266,MaterialLot
MAT00267,MaterialLot
MAT00268,MaterialLot
MAT00269,MaterialLot
MAT00270,MaterialLot
MAT00271,MaterialLot
MAT00272,MaterialLot
MAT00273,MaterialLot
MAT00274,MaterialLot
MAT00275,MaterialLot
MAT00276,MaterialLot
MAT00277,MaterialLot
MAT00278,MaterialLot
MAT00279,MaterialLot
MAT00280,MaterialLot
MAT00281,MaterialLot
MAT00282,MaterialLot
MAT00283,MaterialLot
MAT00284,MaterialLot
MAT00285,MaterialLot
MAT00286,MaterialLot
MAT00287,MaterialLot
MAT00288,MaterialLot
MAT00289,MaterialLot
MAT00290,MaterialLot
MAT00291,MaterialLot
MAT00292,MaterialLot
MAT00293,MaterialLot
MAT00294,MaterialLot
MAT00295,MaterialLot
MAT00296,MaterialLot
MAT00297,MaterialLot
MAT00298,MaterialLot
MAT00299,MaterialLot
MAT00300,MaterialLot
MAT00301,MaterialLot
MAT00302,MaterialLot
MAT00303,MaterialLot
MAT00304,MaterialLot
MAT00305,MaterialLot
MAT00306,MaterialLot
MAT00307,MaterialLot
MAT00308,MaterialLot
MAT00309,MaterialLot
MAT00310,MaterialLot
MAT00311,MaterialLot
MAT00312,MaterialLot
MAT00313,MaterialLot
MAT00314,MaterialLot
MAT00315,MaterialLot
MAT00316,MaterialLot
MAT00317,MaterialLot
MAT00318,MaterialLot
MAT00319,MaterialLot
MAT00320,MaterialLot
MAT00321,MaterialLot
MAT00322,MaterialLot
MAT00323,MaterialLot
MAT00324,MaterialLot
MAT00325,MaterialLot
MAT00326,MaterialLot
MAT00327,MaterialLot
MAT00328,MaterialLot
MAT00329,MaterialLot
MAT00330,MaterialLot
MAT00331,MaterialLot
MAT00332,MaterialLot
MAT00333,MaterialLot
MAT00334,MaterialLot
MAT00335,MaterialLot
MAT00336,MaterialLot
MAT00337,MaterialLot
MAT00338,MaterialLot
MAT00339,MaterialLot
MAT00340,MaterialLot
MAT00341,MaterialLot
MAT00342,MaterialLot
MAT00343,MaterialLot
MAT00344,MaterialLot
MAT00345,MaterialLot
MAT00346,MaterialLot
MAT00347,MaterialLot
MAT00348,MaterialLot
MAT00349,MaterialLot
MAT00350,MaterialLot
MAT00351,MaterialLot
MAT00352,MaterialLot
MAT00353,MaterialLot
MAT00354,MaterialLot
MAT00355,MaterialLot
MAT00356,MaterialLot
MAT00357,MaterialLot
MAT00358,MaterialLot
MAT00359,MaterialLot
MAT00360,MaterialLot
MAT00361,MaterialLot
MAT00362,MaterialLot
MAT00363,MaterialLot
MAT00364,MaterialLot
MAT00365,MaterialLot
MAT00366,MaterialLot
MAT00367,MaterialLot
MAT00368,MaterialLot
MAT00369,MaterialLot
MAT00370,MaterialLot
MAT00371,MaterialLot
MAT00372,MaterialLot
MAT00373,MaterialLot
MAT00374,MaterialLot
MAT00375,MaterialLot
MAT00376,MaterialLot
MAT00377,MaterialLot
MAT00378,MaterialLot
MAT00379,MaterialLot
MAT00380,MaterialLot
MAT00381,MaterialLot
MAT00382,MaterialLot
MAT00383,MaterialLot
MAT00384,MaterialLot
MAT00385,MaterialLot
MAT00386,MaterialLot
MAT00387,MaterialLot
MAT00388,MaterialLot
MAT00389,MaterialLot
MAT00390,MaterialLot
MAT00391,MaterialLot
MAT00392,MaterialLot
MAT00393,MaterialLot
MAT00394,MaterialLot
MAT00395,MaterialLot
MAT00396,MaterialLot
MAT00397,MaterialLot
MAT00398,MaterialLot
MAT00399,MaterialLot
MAT00400,MaterialLot
MAT00401,MaterialLot
MAT00402,MaterialLot
MAT00403,MaterialLot
MAT00404,MaterialLot
MAT00405,MaterialLot
MAT00406,MaterialLot
MAT00407,MaterialLot
MAT00408,MaterialLot
MAT00409,MaterialLot
MAT00410,MaterialLot
MAT00411,MaterialLot
MAT00412,MaterialLot
MAT00413,MaterialLot
MAT00414,MaterialLot
MAT00415,MaterialLot
MAT00416,MaterialLot
MAT00417,MaterialLot
MAT00418,MaterialLot
MAT00419,MaterialLot
MAT00420,MaterialLot
MAT00421,MaterialLot
MAT00422,MaterialLot
MAT00423,MaterialLot
MAT00424,MaterialLot
MAT00425,MaterialLot
MAT00426,MaterialLot
MAT00427,MaterialLot
MAT00428,MaterialLot
MAT00429,MaterialLot
MAT00430,MaterialLot
MAT00431,MaterialLot
MAT00432,MaterialLot
MAT00433,MaterialLot
MAT00434,MaterialLot
MAT00435,MaterialLot
MAT00436,MaterialLot
MAT00437,MaterialLot
MAT00438,MaterialLot
MAT00439,MaterialLot
MAT00440,MaterialLot
MAT00441,MaterialLot
MAT00442,MaterialLot
MAT00443,MaterialLot
MAT00444,MaterialLot
MAT00445,MaterialLot
MAT00446,MaterialLot
MAT00447,MaterialLot
MAT00448,MaterialLot
MAT00449,MaterialLot
MAT00450,MaterialLot
MAT00451,MaterialLot
MAT00452,MaterialLot
MAT00453,MaterialLot
MAT00454,MaterialLot
MAT00455,MaterialLot
MAT00456,MaterialLot
MAT00457,MaterialLot
MAT00458,MaterialLot
MAT00459,MaterialLot
MAT00460,MaterialLot
MAT00461,MaterialLot
MAT00462,MaterialLot
MAT00463,MaterialLot
MAT00464,MaterialLot
MAT00465,MaterialLot
MAT00466,MaterialLot
MAT00467,MaterialLot
MAT00468,MaterialLot
MAT00469,MaterialLot
MAT00470,MaterialLot
MAT00471,MaterialLot
MAT00472,MaterialLot
MAT00473,MaterialLot
MAT00474,MaterialLot
MAT00475,MaterialLot
MAT00476,MaterialLot
MAT00477,MaterialLot
MAT00478,MaterialLot
MAT00479,MaterialLot
MAT00480,MaterialLot
MAT00481,MaterialLot
MAT00482,MaterialLot
MAT00483,MaterialLot
MAT00484,MaterialLot
MAT00485,MaterialLot
MAT00486,MaterialLot
MAT00487,MaterialLot
MAT00488,MaterialLot
MAT00489,MaterialLot
MAT00490,MaterialLot
MAT00491,MaterialLot
MAT00492,MaterialLot
MAT00493,MaterialLot
MAT00494,MaterialLot
MAT00495,MaterialLot
MAT00496,MaterialLot
MAT00497,MaterialLot
MAT00498,MaterialLot
MAT00499,MaterialLot
MAT00500,MaterialLot
MAT00501,MaterialLot
MAT00502,MaterialLot
MAT00503,MaterialLot
MAT00504,MaterialLot
MAT00505,MaterialLot
MAT00506,MaterialLot
MAT00507,MaterialLot
MAT00508,MaterialLot
MAT00509,MaterialLot
MAT00510,MaterialLot
MAT00511,MaterialLot
MAT00512,MaterialLot
MAT00513,MaterialLot
MAT00514,MaterialLot
MAT00515,MaterialLot
MAT00516,MaterialLot
MAT00517,MaterialLot
MAT00518,MaterialLot
MAT00519,MaterialLot
MAT00520,MaterialLot
MAT00521,MaterialLot
MAT00522,MaterialLot
MAT00523,MaterialLot
MAT00524,MaterialLot
MAT00525,MaterialLot
MAT00526,MaterialLot
MAT00527,MaterialLot
MAT00528,MaterialLot
MAT00529,MaterialLot
MAT00530,MaterialLot
MAT00531,MaterialLot
MAT00532,MaterialLot
MAT00533,MaterialLot
MAT00534,MaterialLot
MAT00535,MaterialLot
MAT00536,MaterialLot
MAT00537,MaterialLot
MAT00538,MaterialLot
MAT00539,MaterialLot
MAT00540,MaterialLot
MAT00541,MaterialLot
MAT00542,MaterialLot
MAT00543,MaterialLot
MAT00544,MaterialLot
MAT00545,MaterialLot
MAT00546,MaterialLot
MAT00547,MaterialLot
MAT00548,MaterialLot
MAT00549,MaterialLot
MAT00550,MaterialLot
MAT00551,MaterialLot
MAT00552,MaterialLot
MAT00553,MaterialLot
MAT00554,MaterialLot
MAT00555,MaterialLot
MAT00556,MaterialLot
MAT00557,MaterialLot
MAT00558,MaterialLot
MAT00559,MaterialLot
MAT00560,MaterialLot
MAT00561,MaterialLot
MAT00562,MaterialLot
MAT00563,MaterialLot
MAT00564,MaterialLot
MAT00565,MaterialLot
MAT00566,MaterialLot
MAT00567,MaterialLot
MAT00568,MaterialLot
MAT00569,MaterialLot
MAT00570,MaterialLot
MAT00571,MaterialLot
MAT00572,MaterialLot
MAT00573,MaterialLot
MAT00574,MaterialLot
MAT00575,MaterialLot
MAT00576,MaterialLot
MAT00577,MaterialLot
MAT00578,MaterialLot
MAT00579,MaterialLot
MAT00580,MaterialLot
MAT00581,MaterialLot
MAT00582,MaterialLot
MAT00583,MaterialLot
MAT00584,MaterialLot
MAT00585,MaterialLot
MAT00586,MaterialLot
MAT00587,MaterialLot
MAT00588,MaterialLot
MAT00589,MaterialLot
MAT00590,MaterialLot
MAT00591,MaterialLot
MAT00592,MaterialLot
MAT00593,MaterialLot
MAT00594,MaterialLot
MAT00595,MaterialLot
MAT00596,MaterialLot
MAT00597,MaterialLot
MAT00598,MaterialLot
MAT00599,MaterialLot
MAT00600,MaterialLot
MAT00601,MaterialLot
MAT00602,MaterialLot
MAT00603,MaterialLot
MAT00604,MaterialLot
MAT00605,MaterialLot
MAT00606,MaterialLot
MAT00607,MaterialLot
MAT00608,MaterialLot
MAT00609,MaterialLot
MAT00610,MaterialLot
MAT00611,MaterialLot
MAT00612,MaterialLot
MAT00613,MaterialLot
MAT00614,MaterialLot
MAT00615,MaterialLot
MAT00616,MaterialLot
MAT00617,MaterialLot
MAT00618,MaterialLot
MAT00619,MaterialLot
MAT00620,MaterialLot
MAT00621,MaterialLot
MAT00622,MaterialLot
MAT00623,MaterialLot
MAT00624,MaterialLot
MAT00625,MaterialLot
MAT00626,MaterialLot
MAT00627,MaterialLot
MAT00628,MaterialLot
MAT00629,MaterialLot
MAT00630,MaterialLot
MAT00631,MaterialLot
MAT00632,MaterialLot
MAT00633,MaterialLot
MAT00634,MaterialLot
MAT00635,MaterialLot
MAT00636,MaterialLot
MAT00637,MaterialLot
MAT00638,MaterialLot
MAT00639,MaterialLot
MAT00640,MaterialLot
MAT00641,MaterialLot
MAT00642,MaterialLot
MAT00643,MaterialLot
MAT00644,MaterialLot
MAT00645,MaterialLot
MAT00646,MaterialLot
MAT00647,MaterialLot
MAT00648,MaterialLot
MAT00649,MaterialLot
MAT00650,MaterialLot
MAT00651,MaterialLot
MAT00652,MaterialLot
MAT00653,MaterialLot
MAT00654,MaterialLot
MAT00655,MaterialLot
MAT00656,MaterialLot
MAT00657,MaterialLot
MAT00658,MaterialLot
MAT00659,MaterialLot
MAT00660,MaterialLot
MAT00661,MaterialLot
MAT00662,MaterialLot
MAT00663,MaterialLot
MAT00664,MaterialLot
MAT00665,MaterialLot
MAT00666,MaterialLot
MAT00667,MaterialLot
MAT00668,MaterialLot
MAT00669,MaterialLot
MAT00670,MaterialLot
MAT00671,MaterialLot
MAT00672,MaterialLot
MAT00673,MaterialLot
MAT00674,MaterialLot
MAT00675,MaterialLot
MAT00676,MaterialLot
MAT00677,MaterialLot
MAT00678,MaterialLot
MAT00679,MaterialLot
MAT00680,MaterialLot
MAT00681,MaterialLot
MAT00682,MaterialLot
MAT00683,MaterialLot
MAT00684,MaterialLot
MAT00685,MaterialLot
MAT00686,MaterialLot
MAT00687,MaterialLot
MAT00688,MaterialLot
MAT00689,MaterialLot
MAT00690,MaterialLot
MAT00691,MaterialLot
MAT00692,MaterialLot
MAT00693,MaterialLot
MAT00694,MaterialLot
MAT00695,MaterialLot
MAT00696,MaterialLot
MAT00697,MaterialLot
MAT00698,MaterialLot
MAT00699,MaterialLot
MAT00700,MaterialLot
MAT00701,MaterialLot
MAT00702,MaterialLot
MAT00703,MaterialLot
MAT00704,MaterialLot
MAT00705,MaterialLot
MAT00706,MaterialLot
MAT00707,MaterialLot
MAT00708,MaterialLot
MAT00709,MaterialLot
MAT00710,MaterialLot
MAT00711,MaterialLot
MAT00712,MaterialLot
MAT00713,MaterialLot
MAT00714,MaterialLot
MAT00715,MaterialLot
MAT00716,MaterialLot
MAT00717,MaterialLot
MAT00718,MaterialLot
MAT00719,MaterialLot
MAT00720,MaterialLot
MAT00721,MaterialLot
MAT00722,MaterialLot
MAT00723,MaterialLot
MAT00724,MaterialLot
MAT00725,MaterialLot
MAT00726,MaterialLot
MAT00727,MaterialLot
MAT00728,MaterialLot
MAT00729,MaterialLot
MAT00730,MaterialLot
MAT00731,MaterialLot
MAT00732,MaterialLot
MAT00733,MaterialLot
MAT00734,MaterialLot
MAT00735,MaterialLot
MAT00736,MaterialLot
MAT00737,MaterialLot
MAT00738,MaterialLot
MAT00739,MaterialLot
MAT00740,MaterialLot
MAT00741,MaterialLot
MAT00742,MaterialLot
MAT00743,MaterialLot
MAT00744,MaterialLot
MAT00745,MaterialLot
MAT00746,MaterialLot
MAT00747,MaterialLot
MAT00748,MaterialLot
MAT00749,MaterialLot
MAT00750,MaterialLot
MAT00751,MaterialLot
MAT00752,MaterialLot
MAT00753,MaterialLot
MAT00754,MaterialLot
MAT00755,MaterialLot
MAT00756,MaterialLot
MAT00757,MaterialLot
MAT00758,MaterialLot
MAT00759,MaterialLot
MAT00760,MaterialLot
MAT00761,MaterialLot
MAT00762,MaterialLot
MAT00763,MaterialLot
MAT00764,MaterialLot
MAT00765,MaterialLot
MAT00766,MaterialLot
MAT00767,MaterialLot
MAT00768,MaterialLot
MAT00769,MaterialLot
MAT00770,MaterialLot
MAT00771,MaterialLot
MAT00772,MaterialLot
MAT00773,MaterialLot
MAT00774,MaterialLot
MAT00775,MaterialLot
MAT00776,MaterialLot
MAT00777,MaterialLot
MAT00778,MaterialLot
MAT00779,MaterialLot
MAT00780,MaterialLot
MAT00781,MaterialLot
MAT00782,MaterialLot
MAT00783,MaterialLot
MAT00784,MaterialLot
MAT00785,MaterialLot
MAT00786,MaterialLot
MAT00787,MaterialLot
MAT00788,MaterialLot
MAT00789,MaterialLot
MAT00790,MaterialLot
MAT00791,MaterialLot
MAT00792,MaterialLot
MAT00793,MaterialLot
MAT00794,MaterialLot
MAT00795,MaterialLot
MAT00796,MaterialLot
MAT00797,MaterialLot
MAT00798,MaterialLot
MAT00799,MaterialLot
MAT00800,MaterialLot
MAT00801,MaterialLot
MAT00802,MaterialLot
MAT00803,MaterialLot
MAT00804,MaterialLot
MAT00805,MaterialLot
MAT00806,MaterialLot
MAT00807,MaterialLot
MAT00808,MaterialLot
MAT00809,MaterialLot
MAT00810,MaterialLot
MAT00811,MaterialLot
MAT00812,MaterialLot
MAT00813,MaterialLot
MAT00814,MaterialLot
MAT00815,MaterialLot
MAT00816,MaterialLot
MAT00817,MaterialLot
MAT00818,MaterialLot
MAT00819,MaterialLot
MAT00820,MaterialLot
MAT00821,MaterialLot
MAT00822,MaterialLot
MAT00823,MaterialLot
MAT00824,MaterialLot
MAT00825,MaterialLot
MAT00826,MaterialLot
MAT00827,MaterialLot
MAT00828,MaterialLot
MAT00829,MaterialLot
MAT00830,MaterialLot
MAT00831,MaterialLot
MAT00832,MaterialLot
MAT00833,MaterialLot
MAT00834,MaterialLot
MAT00835,MaterialLot
MAT00836,MaterialLot
MAT00837,MaterialLot
MAT00838,MaterialLot
MAT00839,MaterialLot
MAT00840,MaterialLot
MAT00841,MaterialLot
MAT00842,MaterialLot
MAT00843,MaterialLot
MAT00844,MaterialLot
MAT00845,MaterialLot
MAT00846,MaterialLot
MAT00847,MaterialLot
MAT00848,MaterialLot
MAT00849,MaterialLot
MAT00850,MaterialLot
MAT00851,MaterialLot
MAT00852,MaterialLot
MAT00853,MaterialLot
MAT00854,MaterialLot
MAT00855,MaterialLot
MAT00856,MaterialLot
MAT00857,MaterialLot
MAT00858,MaterialLot
MAT00859,MaterialLot
MAT00860,MaterialLot
MAT00861,MaterialLot
MAT00862,MaterialLot
MAT00863,MaterialLot
MAT00864,MaterialLot
MAT00865,MaterialLot
MAT00866,MaterialLot
MAT00867,MaterialLot
MAT00868,MaterialLot
MAT00869,MaterialLot
MAT00870,MaterialLot
MAT00871,MaterialLot
MAT00872,MaterialLot
MAT00873,MaterialLot
MAT00874,MaterialLot
MAT00875,MaterialLot
MAT00876,MaterialLot
MAT00877,MaterialLot
MAT00878,MaterialLot
MAT00879,MaterialLot
MAT00880,MaterialLot
MAT00881,MaterialLot
MAT00882,MaterialLot
MAT00883,MaterialLot
MAT00884,MaterialLot
MAT00885,MaterialLot
MAT00886,MaterialLot
MAT00887,MaterialLot
MAT00888,MaterialLot
MAT00889,MaterialLot
MAT00890,MaterialLot
MAT00891,MaterialLot
MAT00892,MaterialLot
MAT00893,MaterialLot
MAT00894,MaterialLot
MAT00895,MaterialLot
MAT00896,MaterialLot
MAT00897,MaterialLot
MAT00898,MaterialLot
MAT00899,MaterialLot
MAT00900,MaterialLot
MAT00901,MaterialLot
MAT00902,MaterialLot
MAT00903,MaterialLot
MAT00904,MaterialLot
MAT00905,MaterialLot
MAT00906,MaterialLot
MAT00907,MaterialLot
MAT00908,MaterialLot
MAT00909,MaterialLot
MAT00910,MaterialLot
MAT00911,MaterialLot
MAT00912,MaterialLot
MAT00913,MaterialLot
MAT00914,MaterialLot
MAT00915,MaterialLot
MAT00916,MaterialLot
MAT00917,MaterialLot
MAT00918,MaterialLot
MAT00919,MaterialLot
MAT00920,MaterialLot
MAT00921,MaterialLot
MAT00922,MaterialLot
MAT00923,MaterialLot
MAT00924,MaterialLot
MAT00925,MaterialLot
MAT00926,MaterialLot
MAT00927,MaterialLot
MAT00928,MaterialLot
MAT00929,MaterialLot
MAT00930,MaterialLot
MAT00931,MaterialLot
MAT00932,MaterialLot
MAT00933,MaterialLot
MAT00934,MaterialLot
MAT00935,MaterialLot
MAT00936,MaterialLot
MAT00937,MaterialLot
MAT00938,MaterialLot
MAT00939,MaterialLot
MAT00940,MaterialLot
MAT00941,MaterialLot
MAT00942,MaterialLot
MAT00943,MaterialLot
MAT00944,MaterialLot
MAT00945,MaterialLot
MAT00946,MaterialLot
MAT00947,MaterialLot
MAT00948,MaterialLot
MAT00949,MaterialLot
MAT00950,MaterialLot
MAT00951,MaterialLot
MAT00952,MaterialLot
MAT00953,MaterialLot
MAT00954,MaterialLot
MAT00955,MaterialLot
MAT00956,MaterialLot
MAT00957,MaterialLot
MAT00958,MaterialLot
MAT00959,MaterialLot
MAT00960,MaterialLot
MAT00961,MaterialLot
MAT00962,MaterialLot
MAT00963,MaterialLot
MAT00964,MaterialLot
MAT00965,MaterialLot
MAT00966,MaterialLot
MAT00967,MaterialLot
MAT00968,MaterialLot
MAT00969,MaterialLot
MAT00970,MaterialLot
MAT00971,MaterialLot
MAT00972,MaterialLot
MAT00973,MaterialLot
MAT00974,MaterialLot
MAT00975,MaterialLot
MAT00976,MaterialLot
MAT00977,MaterialLot
MAT00978,MaterialLot
MAT00979,MaterialLot
MAT00980,MaterialLot
MAT00981,MaterialLot
MAT00982,MaterialLot
MAT00983,MaterialLot
MAT00984,MaterialLot
MAT00985,MaterialLot
MAT00986,MaterialLot
MAT00987,MaterialLot
MAT00988,MaterialLot
MAT00989,MaterialLot
MAT00990,MaterialLot
MAT00991,MaterialLot
MAT00992,MaterialLot
MAT00993,MaterialLot
MAT00994,MaterialLot
MAT00995,MaterialLot
MAT00996,MaterialLot
MAT00997,MaterialLot
MAT00998,MaterialLot
MAT00999,MaterialLot
MAT01000,MaterialLot
MAT01001,MaterialLot
MAT01002,MaterialLot
MAT01003,MaterialLot
MAT01004,MaterialLot
MAT01005,MaterialLot
MAT01006,MaterialLot
MAT01007,MaterialLot
MAT01008,MaterialLot
MAT01009,MaterialLot
MAT01010,MaterialLot
MAT01011,MaterialLot
MAT01012,MaterialLot
MAT01013,MaterialLot
MAT01014,MaterialLot
MAT01015,MaterialLot
MAT01016,MaterialLot
MAT01017,MaterialLot
MAT01018,MaterialLot
MAT01019,MaterialLot
MAT01020,MaterialLot
MAT01021,MaterialLot
MAT01022,MaterialLot
MAT01023,MaterialLot
MAT01024,MaterialLot
MAT01025,MaterialLot
MAT01026,MaterialLot
MAT01027,MaterialLot
MAT01028,MaterialLot
MAT01029,MaterialLot
MAT01030,MaterialLot
MAT01031,MaterialLot
MAT01032,MaterialLot
MAT01033,MaterialLot
MAT01034,MaterialLot
MAT01035,MaterialLot
MAT01036,MaterialLot
MAT01037,MaterialLot
MAT01038,MaterialLot
MAT01039,MaterialLot
MAT01040,MaterialLot
MAT01041,MaterialLot
MAT01042,MaterialLot
MAT01043,MaterialLot
MAT01044,MaterialLot
MAT01045,MaterialLot
MAT01046,MaterialLot
MAT01047,MaterialLot
MAT01048,MaterialLot
MAT01049,MaterialLot
MAT01050,MaterialLot
MAT01051,MaterialLot
MAT01052,MaterialLot
MAT01053,MaterialLot
MAT01054,MaterialLot
MAT01055,MaterialLot
MAT01056,MaterialLot
MAT01057,MaterialLot
MAT01058,MaterialLot
MAT01059,MaterialLot
MAT01060,MaterialLot
MAT01061,MaterialLot
MAT01062,MaterialLot
MAT01063,MaterialLot
MAT01064,MaterialLot
MAT01065,MaterialLot
MAT01066,MaterialLot
MAT01067,MaterialLot
MAT01068,MaterialLot
MAT01069,MaterialLot
MAT01070,MaterialLot
MAT01071,MaterialLot
MAT01072,MaterialLot
MAT01073,MaterialLot
MAT01074,MaterialLot
MAT01075,MaterialLot
MAT01076,MaterialLot
MAT01077,MaterialLot
MAT01078,MaterialLot
MAT01079,MaterialLot
MAT01080,MaterialLot
MAT01081,MaterialLot
MAT01082,MaterialLot
MAT01083,MaterialLot
MAT01084,MaterialLot
MAT01085,MaterialLot
MAT01086,MaterialLot
MAT01087,MaterialLot
MAT01088,MaterialLot
MAT01089,MaterialLot
MAT01090,MaterialLot
MAT01091,MaterialLot
MAT01092,MaterialLot
MAT01093,MaterialLot
MAT01094,MaterialLot
MAT01095,MaterialLot
MAT01096,MaterialLot
MAT01097,MaterialLot
MAT01098,MaterialLot
MAT01099,MaterialLot
MAT01100,MaterialLot
MAT01101,MaterialLot
MAT01102,MaterialLot
MAT01103,MaterialLot
MAT01104,MaterialLot
MAT01105,MaterialLot
MAT01106,MaterialLot
MAT01107,MaterialLot
MAT01108,MaterialLot
MAT01109,MaterialLot
MAT01110,MaterialLot
MAT01111,MaterialLot
MAT01112,MaterialLot
MAT01113,MaterialLot
MAT01114,MaterialLot
MAT01115,MaterialLot
MAT01116,MaterialLot
MAT01117,MaterialLot
MAT01118,MaterialLot
MAT01119,MaterialLot
MAT01120,MaterialLot
MAT01121,MaterialLot
MAT01122,MaterialLot
MAT01123,MaterialLot
MAT01124,MaterialLot
MAT01125,MaterialLot
MAT01126,MaterialLot
MAT01127,MaterialLot
MAT01128,MaterialLot
MAT01129,MaterialLot
MAT01130,MaterialLot
MAT01131,MaterialLot
MAT01132,MaterialLot
MAT01133,MaterialLot
MAT01134,MaterialLot
MAT01135,MaterialLot
MAT01136,MaterialLot
MAT01137,MaterialLot
MAT01138,MaterialLot
MAT01139,MaterialLot
MAT01140,MaterialLot
MAT01141,MaterialLot
MAT01142,MaterialLot
MAT01143,MaterialLot
MAT01144,MaterialLot
MAT01145,MaterialLot
MAT01146,MaterialLot
MAT01147,MaterialLot
MAT01148,MaterialLot
MAT01149,MaterialLot
MAT01150,MaterialLot
MAT01151,MaterialLot
MAT01152,MaterialLot
MAT01153,MaterialLot
MAT01154,MaterialLot
MAT01155,MaterialLot
MAT01156,MaterialLot
MAT01157,MaterialLot
MAT01158,MaterialLot
MAT01159,MaterialLot
MAT01160,MaterialLot
MAT01161,MaterialLot
MAT01162,MaterialLot
MAT01163,MaterialLot
MAT01164,MaterialLot
MAT01165,MaterialLot
MAT01166,MaterialLot
MAT01167,MaterialLot
MAT01168,MaterialLot
MAT01169,MaterialLot
MAT01170,MaterialLot
MAT01171,MaterialLot
MAT01172,MaterialLot
MAT01173,MaterialLot
MAT01174,MaterialLot
MAT01175,MaterialLot
MAT01176,MaterialLot
MAT01177,MaterialLot
MAT01178,MaterialLot
MAT01179,MaterialLot
MAT01180,MaterialLot
MAT01181,MaterialLot
MAT01182,MaterialLot
MAT01183,MaterialLot
MAT01184,MaterialLot
MAT01185,MaterialLot
MAT01186,MaterialLot
MAT01187,MaterialLot
MAT01188,MaterialLot
MAT01189,MaterialLot
MAT01190,MaterialLot
MAT01191,MaterialLot
MAT01192,MaterialLot
MAT01193,MaterialLot
MAT01194,MaterialLot
MAT01195,MaterialLot
MAT01196,MaterialLot
MAT01197,MaterialLot
MAT01198,MaterialLot
MAT01199,MaterialLot
MAT01200,MaterialLot
MAT01201,MaterialLot
MAT01202,MaterialLot
MAT01203,MaterialLot
MAT01204,MaterialLot
MAT01205,MaterialLot
MAT01206,MaterialLot
MAT01207,MaterialLot
MAT01208,MaterialLot
MAT01209,MaterialLot
MAT01210,MaterialLot
MAT01211,MaterialLot
MAT01212,MaterialLot
MAT01213,MaterialLot
MAT01214,MaterialLot
MAT01215,MaterialLot
MAT01216,MaterialLot
MAT01217,MaterialLot
MAT01218,MaterialLot
MAT01219,MaterialLot
MAT01220,MaterialLot
MAT01221,MaterialLot
MAT01222,MaterialLot
MAT01223,MaterialLot
MAT01224,MaterialLot
MAT01225,MaterialLot
MAT01226,MaterialLot
MAT01227,MaterialLot
MAT01228,MaterialLot
MAT01229,MaterialLot
MAT01230,MaterialLot
MAT01231,MaterialLot
MAT01232,MaterialLot
MAT01233,MaterialLot
MAT01234,MaterialLot
MAT01235,MaterialLot
MAT01236,MaterialLot
MAT01237,MaterialLot
MAT01238,MaterialLot
MAT01239,MaterialLot
MAT01240,MaterialLot
MAT01241,MaterialLot
MAT01242,MaterialLot
MAT01243,MaterialLot
MAT01244,MaterialLot
MAT01245,MaterialLot
MAT01246,MaterialLot
MAT01247,MaterialLot
MAT01248,MaterialLot
MAT01249,MaterialLot
MAT01250,MaterialLot
MAT01251,MaterialLot
MAT01252,MaterialLot
MAT01253,MaterialLot
MAT01254,MaterialLot
MAT01255,MaterialLot
MAT01256,MaterialLot
MAT01257,MaterialLot
MAT01258,MaterialLot
MAT01259,MaterialLot
MAT01260,MaterialLot
MAT01261,MaterialLot
MAT01262,MaterialLot
MAT01263,MaterialLot
MAT01264,MaterialLot
MAT01265,MaterialLot
MAT01266,MaterialLot
MAT01267,MaterialLot
MAT01268,MaterialLot
MAT01269,MaterialLot
MAT01270,MaterialLot
MAT01271,MaterialLot
MAT01272,MaterialLot
MAT01273,MaterialLot
MAT01274,MaterialLot
MAT01275,MaterialLot
MAT01276,MaterialLot
MAT01277,MaterialLot
MAT01278,MaterialLot
MAT01279,MaterialLot
MAT01280,MaterialLot
MAT01281,MaterialLot
MAT01282,MaterialLot
MAT01283,MaterialLot
MAT01284,MaterialLot
MAT01285,MaterialLot
MAT01286,MaterialLot
MAT01287,MaterialLot
MAT01288,MaterialLot
MAT01289,MaterialLot
MAT01290,MaterialLot
MAT01291,MaterialLot
MAT01292,MaterialLot
MAT01293,MaterialLot
MAT01294,MaterialLot
MAT01295,MaterialLot
MAT01296,MaterialLot
MAT01297,MaterialLot
MAT01298,MaterialLot
MAT01299,MaterialLot
MAT01300,MaterialLot
MAT01301,MaterialLot
MAT01302,MaterialLot
MAT01303,MaterialLot
MAT01304,MaterialLot
MAT01305,MaterialLot
MAT01306,MaterialLot
MAT01307,MaterialLot
MAT01308,MaterialLot
MAT01309,MaterialLot
MAT01310,MaterialLot
MAT01311,MaterialLot
MAT01312,MaterialLot
MAT01313,MaterialLot
MAT01314,MaterialLot
MAT01315,MaterialLot
MAT01316,MaterialLot
MAT01317,MaterialLot
MAT01318,MaterialLot
MAT01319,MaterialLot
MAT01320,MaterialLot
MAT01321,MaterialLot
MAT01322,MaterialLot
MAT01323,MaterialLot
MAT01324,MaterialLot
MAT01325,MaterialLot
MAT01326,MaterialLot
MAT01327,MaterialLot
MAT01328,MaterialLot
MAT01329,MaterialLot
MAT01330,MaterialLot
MAT01331,MaterialLot
MAT01332,MaterialLot
MAT01333,MaterialLot
MAT01334,MaterialLot
MAT01335,MaterialLot
MAT01336,MaterialLot
MAT01337,MaterialLot
MAT01338,MaterialLot
MAT01339,MaterialLot
MAT01340,MaterialLot
MAT01341,MaterialLot
MAT01342,MaterialLot
MAT01343,MaterialLot
MAT01344,MaterialLot
MAT01345,MaterialLot
MAT01346,MaterialLot
MAT01347,MaterialLot
MAT01348,MaterialLot
MAT01349,MaterialLot
MAT01350,MaterialLot
MAT01351,MaterialLot
MAT01352,MaterialLot
MAT01353,MaterialLot
MAT01354,MaterialLot
MAT01355,MaterialLot
MAT01356,MaterialLot
MAT01357,MaterialLot
MAT01358,MaterialLot
MAT01359,MaterialLot
MAT01360,MaterialLot
MAT01361,MaterialLot
MAT01362,MaterialLot
MAT01363,MaterialLot
MAT01364,MaterialLot
MAT01365,MaterialLot
MAT01366,MaterialLot
MAT01367,MaterialLot
MAT01368,MaterialLot
MAT01369,MaterialLot
MAT01370,MaterialLot
MAT01371,MaterialLot
MAT01372,MaterialLot
MAT01373,MaterialLot
MAT01374,MaterialLot
MAT01375,MaterialLot
MAT01376,MaterialLot
MAT01377,MaterialLot
MAT01378,MaterialLot
MAT01379,MaterialLot
MAT01380,MaterialLot
MAT01381,MaterialLot
MAT01382,MaterialLot
MAT01383,MaterialLot
MAT01384,MaterialLot
MAT01385,MaterialLot
MAT01386,MaterialLot
MAT01387,MaterialLot
MAT01388,MaterialLot
MAT01389,MaterialLot
MAT01390,MaterialLot
MAT01391,MaterialLot
MAT01392,MaterialLot
MAT01393,MaterialLot
MAT01394,MaterialLot
MAT01395,MaterialLot
MAT01396,MaterialLot
MAT01397,MaterialLot
MAT01398,MaterialLot
MAT01399,MaterialLot
MAT01400,MaterialLot
MAT01401,MaterialLot
MAT01402,MaterialLot
MAT01403,MaterialLot
MAT01404,MaterialLot
MAT01405,MaterialLot
MAT01406,MaterialLot
MAT01407,MaterialLot
MAT01408,MaterialLot
MAT01409,MaterialLot
MAT01410,MaterialLot
MAT01411,MaterialLot
MAT01412,MaterialLot
MAT01413,MaterialLot
MAT01414,MaterialLot
MAT01415,MaterialLot
MAT01416,MaterialLot
MAT01417,MaterialLot
MAT01418,MaterialLot
MAT01419,MaterialLot
MAT01420,MaterialLot
MAT01421,MaterialLot
MAT01422,MaterialLot
MAT01423,MaterialLot
MAT01424,MaterialLot
MAT01425,MaterialLot
MAT01426,MaterialLot
MAT01427,MaterialLot
MAT01428,MaterialLot
MAT01429,MaterialLot
MAT01430,MaterialLot
MAT01431,MaterialLot
MAT01432,MaterialLot
MAT01433,MaterialLot
MAT01434,MaterialLot
MAT01435,MaterialLot
MAT01436,MaterialLot
MAT01437,MaterialLot
MAT01438,MaterialLot
MAT01439,MaterialLot
MAT01440,MaterialLot
MAT01441,MaterialLot
MAT01442,MaterialLot
MAT01443,MaterialLot
MAT01444,MaterialLot
MAT01445,MaterialLot
MAT01446,MaterialLot
MAT01447,MaterialLot
MAT01448,MaterialLot
MAT01449,MaterialLot
MAT01450,MaterialLot
MAT01451,MaterialLot
MAT01452,MaterialLot
MAT01453,MaterialLot
MAT01454,MaterialLot
MAT01455,MaterialLot
MAT01456,MaterialLot
MAT01457,MaterialLot
MAT01458,MaterialLot
MAT01459,MaterialLot
MAT01460,MaterialLot
MAT01461,MaterialLot
MAT01462,MaterialLot
MAT01463,MaterialLot
MAT01464,MaterialLot
MAT01465,MaterialLot
MAT01466,MaterialLot
MAT01467,MaterialLot
MAT01468,MaterialLot
MAT01469,MaterialLot
MAT01470,MaterialLot
MAT01471,MaterialLot
MAT01472,MaterialLot
MAT01473,MaterialLot
MAT01474,MaterialLot
MAT01475,MaterialLot
MAT01476,MaterialLot
MAT01477,MaterialLot
MAT01478,MaterialLot
MAT01479,MaterialLot
MAT01480,MaterialLot
MAT01481,MaterialLot
MAT01482,MaterialLot
MAT01483,MaterialLot
MAT01484,MaterialLot
MAT01485,MaterialLot
MAT01486,MaterialLot
MAT01487,MaterialLot
MAT01488,MaterialLot
MAT01489,MaterialLot
MAT01490,MaterialLot
MAT01491,MaterialLot
MAT01492,MaterialLot
MAT01493,MaterialLot
MAT01494,MaterialLot
MAT01495,MaterialLot
MAT01496,MaterialLot
MAT01497,MaterialLot
MAT01498,MaterialLot
MAT01499,MaterialLot
MAT01500,MaterialLot
MAT01501,MaterialLot
MAT01502,MaterialLot
MAT01503,MaterialLot
MAT01504,MaterialLot
MAT01505,MaterialLot
MAT01506,MaterialLot
MAT01507,MaterialLot
MAT01508,MaterialLot
MAT01509,MaterialLot
MAT01510,MaterialLot
MAT01511,MaterialLot
MAT01512,MaterialLot
MAT01513,MaterialLot
MAT01514,MaterialLot
MAT01515,MaterialLot
MAT01516,MaterialLot
MAT01517,MaterialLot
MAT01518,MaterialLot
MAT01519,MaterialLot
MAT01520,MaterialLot
MAT01521,MaterialLot
MAT01522,MaterialLot
MAT01523,MaterialLot
MAT01524,MaterialLot
MAT01525,MaterialLot
MAT01526,MaterialLot
MAT01527,MaterialLot
MAT01528,MaterialLot
MAT01529,MaterialLot
MAT01530,MaterialLot
MAT01531,MaterialLot
MAT01532,MaterialLot
MAT01533,MaterialLot
MAT01534,MaterialLot
MAT01535,MaterialLot
MAT01536,MaterialLot
MAT01537,MaterialLot
MAT01538,MaterialLot
MAT01539,MaterialLot
MAT01540,MaterialLot
MAT01541,MaterialLot
MAT01542,MaterialLot
MAT01543,MaterialLot
MAT01544,MaterialLot
MAT01545,MaterialLot
MAT01546,MaterialLot
MAT01547,MaterialLot
MAT01548,MaterialLot
MAT01549,MaterialLot
MAT01550,MaterialLot
MAT01551,MaterialLot
MAT01552,MaterialLot
MAT01553,MaterialLot
MAT01554,MaterialLot
MAT01555,MaterialLot
MAT01556,MaterialLot
MAT01557,MaterialLot
MAT01558,MaterialLot
MAT01559,MaterialLot
MAT01560,MaterialLot
MAT01561,MaterialLot
MAT01562,MaterialLot
MAT01563,MaterialLot
MAT01564,MaterialLot
MAT01565,MaterialLot
MAT01566,MaterialLot
MAT01567,MaterialLot
MAT01568,MaterialLot
MAT01569,MaterialLot
MAT01570,MaterialLot
MAT01571,MaterialLot
MAT01572,MaterialLot
MAT01573,MaterialLot
MAT01574,MaterialLot
MAT01575,MaterialLot
MAT01576,MaterialLot
MAT01577,MaterialLot
MAT01578,MaterialLot
MAT01579,MaterialLot
MAT01580,MaterialLot
MAT01581,MaterialLot
MAT01582,MaterialLot
MAT01583,MaterialLot
MAT01584,MaterialLot
MAT01585,MaterialLot
MAT01586,MaterialLot
MAT01587,MaterialLot
MAT01588,MaterialLot
MAT01589,MaterialLot
MAT01590,MaterialLot
MAT01591,MaterialLot
MAT01592,MaterialLot
MAT01593,MaterialLot
MAT01594,MaterialLot
MAT01595,MaterialLot
MAT01596,MaterialLot
MAT01597,MaterialLot
MAT01598,MaterialLot
MAT01599,MaterialLot
MAT01600,MaterialLot
MAT01601,MaterialLot
MAT01602,MaterialLot
MAT01603,MaterialLot
MAT01604,MaterialLot
MAT01605,MaterialLot
MAT01606,MaterialLot
MAT01607,MaterialLot
MAT01608,MaterialLot
MAT01609,MaterialLot
MAT01610,MaterialLot
MAT01611,MaterialLot
MAT01612,MaterialLot
MAT01613,MaterialLot
MAT01614,MaterialLot
MAT01615,MaterialLot
MAT01616,MaterialLot
MAT01617,MaterialLot
MAT01618,MaterialLot
MAT01619,MaterialLot
MAT01620,MaterialLot
MAT01621,MaterialLot
MAT01622,MaterialLot
MAT01623,MaterialLot
MAT01624,MaterialLot
MAT01625,MaterialLot
MAT01626,MaterialLot
MAT01627,MaterialLot
MAT01628,MaterialLot
MAT01629,MaterialLot
MAT01630,MaterialLot
MAT01631,MaterialLot
MAT01632,MaterialLot
MAT01633,MaterialLot
MAT01634,MaterialLot
MAT01635,MaterialLot
MAT01636,MaterialLot
MAT01637,MaterialLot
MAT01638,MaterialLot
MAT01639,MaterialLot
MAT01640,MaterialLot
MAT01641,MaterialLot
MAT01642,MaterialLot
MAT01643,MaterialLot
MAT01644,MaterialLot
MAT01645,MaterialLot
MAT01646,MaterialLot
MAT01647,MaterialLot
MAT01648,MaterialLot
MAT01649,MaterialLot
MAT01650,MaterialLot
MAT01651,MaterialLot
MAT01652,MaterialLot
MAT01653,MaterialLot
MAT01654,MaterialLot
MAT01655,MaterialLot
MAT01656,MaterialLot
MAT01657,MaterialLot
MAT01658,MaterialLot
MAT01659,MaterialLot
MAT01660,MaterialLot
MAT01661,MaterialLot
MAT01662,MaterialLot
MAT01663,MaterialLot
MAT01664,MaterialLot
MAT01665,MaterialLot
MAT01666,MaterialLot
MAT01667,MaterialLot
MAT01668,MaterialLot
MAT01669,MaterialLot
MAT01670,MaterialLot
MAT01671,MaterialLot
MAT01672,MaterialLot
MAT01673,MaterialLot
MAT01674,MaterialLot
MAT01675,MaterialLot
MAT01676,MaterialLot
MAT01677,MaterialLot
MAT01678,MaterialLot
MAT01679,MaterialLot
MAT01680,MaterialLot
MAT01681,MaterialLot
MAT01682,MaterialLot
MAT01683,MaterialLot
MAT01684,MaterialLot
MAT01685,MaterialLot
MAT01686,MaterialLot
MAT01687,MaterialLot
MAT01688,MaterialLot
MAT01689,MaterialLot
MAT01690,MaterialLot
MAT01691,MaterialLot
MAT01692,MaterialLot
MAT01693,MaterialLot
MAT01694,MaterialLot
MAT01695,MaterialLot
MAT01696,MaterialLot
MAT01697,MaterialLot
MAT01698,MaterialLot
MAT01699,MaterialLot
MAT01700,MaterialLot
MAT01701,MaterialLot
MAT01702,MaterialLot
MAT01703,MaterialLot
MAT01704,MaterialLot
MAT01705,MaterialLot
MAT01706,MaterialLot
MAT01707,MaterialLot
MAT01708,MaterialLot
MAT01709,MaterialLot
MAT01710,MaterialLot
MAT01711,MaterialLot
MAT01712,MaterialLot
MAT01713,MaterialLot
MAT01714,MaterialLot
MAT01715,MaterialLot
MAT01716,MaterialLot
MAT01717,MaterialLot
MAT01718,MaterialLot
MAT01719,MaterialLot
MAT01720,MaterialLot
MAT01721,MaterialLot
MAT01722,MaterialLot
MAT01723,MaterialLot
MAT01724,MaterialLot
MAT01725,MaterialLot
MAT01726,MaterialLot
MAT01727,MaterialLot
MAT01728,MaterialLot
MAT01729,MaterialLot
MAT01730,MaterialLot
MAT01731,MaterialLot
MAT01732,MaterialLot
MAT01733,MaterialLot
MAT01734,MaterialLot
MAT01735,MaterialLot
MAT01736,MaterialLot
MAT01737,MaterialLot
MAT01738,MaterialLot
MAT01739,MaterialLot
MAT01740,MaterialLot
MAT01741,MaterialLot
MAT01742,MaterialLot
MAT01743,MaterialLot
MAT01744,MaterialLot
MAT01745,MaterialLot
MAT01746,MaterialLot
MAT01747,MaterialLot
MAT01748,MaterialLot
MAT01749,MaterialLot
MAT01750,MaterialLot
MAT01751,MaterialLot
MAT01752,MaterialLot
MAT01753,MaterialLot
MAT01754,MaterialLot
MAT01755,MaterialLot
MAT01756,MaterialLot
MAT01757,MaterialLot
MAT01758,MaterialLot
MAT01759,MaterialLot
MAT01760,MaterialLot
MAT01761,MaterialLot
MAT01762,MaterialLot
MAT01763,MaterialLot
MAT01764,MaterialLot
MAT01765,MaterialLot
MAT01766,MaterialLot
MAT01767,MaterialLot
MAT01768,MaterialLot
MAT01769,MaterialLot
MAT01770,MaterialLot
MAT01771,MaterialLot
MAT01772,MaterialLot
MAT01773,MaterialLot
MAT01774,MaterialLot
MAT01775,MaterialLot
MAT01776,MaterialLot
MAT01777,MaterialLot
MAT01778,MaterialLot
MAT01779,MaterialLot
MAT01780,MaterialLot
MAT01781,MaterialLot
MAT01782,MaterialLot
MAT01783,MaterialLot
MAT01784,MaterialLot
MAT01785,MaterialLot
MAT01786,MaterialLot
MAT01787,MaterialLot
MAT01788,MaterialLot
MAT01789,MaterialLot
MAT01790,MaterialLot
MAT01791,MaterialLot
MAT01792,MaterialLot
MAT01793,MaterialLot
MAT01794,MaterialLot
MAT01795,MaterialLot
MAT01796,MaterialLot
MAT01797,MaterialLot
MAT01798,MaterialLot
MAT01799,MaterialLot
MAT01800,MaterialLot
MAT01801,MaterialLot
MAT01802,MaterialLot
MAT01803,MaterialLot
MAT01804,MaterialLot
MAT01805,MaterialLot
MAT01806,MaterialLot
MAT01807,MaterialLot
MAT01808,MaterialLot
MAT01809,MaterialLot
MAT01810,MaterialLot
MAT01811,MaterialLot
MAT01812,MaterialLot
MAT01813,MaterialLot
MAT01814,MaterialLot
MAT01815,MaterialLot
MAT01816,MaterialLot
MAT01817,MaterialLot
MAT01818,MaterialLot
MAT01819,MaterialLot
MAT01820,MaterialLot
MAT01821,MaterialLot
MAT01822,MaterialLot
MAT01823,MaterialLot
MAT01824,MaterialLot
MAT01825,MaterialLot
MAT01826,MaterialLot
MAT01827,MaterialLot
MAT01828,MaterialLot
MAT01829,MaterialLot
MAT01830,MaterialLot
MAT01831,MaterialLot
MAT01832,MaterialLot
MAT01833,MaterialLot
MAT01834,MaterialLot
MAT01835,MaterialLot
MAT01836,MaterialLot
MAT01837,MaterialLot
MAT01838,MaterialLot
MAT01839,MaterialLot
MAT01840,MaterialLot
MAT01841,MaterialLot
MAT01842,MaterialLot
MAT01843,MaterialLot
MAT01844,MaterialLot
MAT01845,MaterialLot
MAT01846,MaterialLot
MAT01847,MaterialLot
MAT01848,MaterialLot
MAT01849,MaterialLot
MAT01850,MaterialLot
MAT01851,MaterialLot
MAT01852,MaterialLot
MAT01853,MaterialLot
MAT01854,MaterialLot
MAT01855,MaterialLot
MAT01856,MaterialLot
MAT01857,MaterialLot
MAT01858,MaterialLot
MAT01859,MaterialLot
MAT01860,MaterialLot
MAT01861,MaterialLot
MAT01862,MaterialLot
MAT01863,MaterialLot
MAT01864,MaterialLot
MAT01865,MaterialLot
MAT01866,MaterialLot
MAT01867,MaterialLot
MAT01868,MaterialLot
MAT01869,MaterialLot
MAT01870,MaterialLot
MAT01871,MaterialLot
MAT01872,MaterialLot
MAT01873,MaterialLot
MAT01874,MaterialLot
MAT01875,MaterialLot
MAT01876,MaterialLot
MAT01877,MaterialLot
MAT01878,MaterialLot
MAT01879,MaterialLot
MAT01880,MaterialLot
MAT01881,MaterialLot
MAT01882,MaterialLot
MAT01883,MaterialLot
MAT01884,MaterialLot
MAT01885,MaterialLot
MAT01886,MaterialLot
MAT01887,MaterialLot
MAT01888,MaterialLot
MAT01889,MaterialLot
MAT01890,MaterialLot
MAT01891,MaterialLot
MAT01892,MaterialLot
MAT01893,MaterialLot
MAT01894,MaterialLot
MAT01895,MaterialLot
MAT01896,MaterialLot
MAT01897,MaterialLot
MAT01898,MaterialLot
MAT01899,MaterialLot
MAT01900,MaterialLot
MAT01901,MaterialLot
MAT01902,MaterialLot
MAT01903,MaterialLot
MAT01904,MaterialLot
MAT01905,MaterialLot
MAT01906,MaterialLot
MAT01907,MaterialLot
MAT01908,MaterialLot
MAT01909,MaterialLot
MAT01910,MaterialLot
MAT01911,MaterialLot
MAT01912,MaterialLot
MAT01913,MaterialLot
MAT01914,MaterialLot
MAT01915,MaterialLot
MAT01916,MaterialLot
MAT01917,MaterialLot
MAT01918,MaterialLot
MAT01919,MaterialLot
MAT01920,MaterialLot
MAT01921,MaterialLot
MAT01922,MaterialLot
MAT01923,MaterialLot
MAT01924,MaterialLot
MAT01925,MaterialLot
MAT01926,MaterialLot
MAT01927,MaterialLot
MAT01928,MaterialLot
MAT01929,MaterialLot
MAT01930,MaterialLot
MAT01931,MaterialLot
MAT01932,MaterialLot
MAT01933,MaterialLot
MAT01934,MaterialLot
MAT01935,MaterialLot
MAT01936,MaterialLot
MAT01937,MaterialLot
MAT01938,MaterialLot
MAT01939,MaterialLot
MAT01940,MaterialLot
MAT01941,MaterialLot
MAT01942,MaterialLot
MAT01943,MaterialLot
MAT01944,MaterialLot
MAT01945,MaterialLot
MAT01946,MaterialLot
MAT01947,MaterialLot
MAT01948,MaterialLot
MAT01949,MaterialLot
MAT01950,MaterialLot
MAT01951,MaterialLot
MAT01952,MaterialLot
MAT01953,MaterialLot
MAT01954,MaterialLot
MAT01955,MaterialLot
MAT01956,MaterialLot
MAT01957,MaterialLot
MAT01958,MaterialLot
MAT01959,MaterialLot
MAT01960,MaterialLot
MAT01961,MaterialLot
MAT01962,MaterialLot
MAT01963,MaterialLot
MAT01964,MaterialLot
MAT01965,MaterialLot
MAT01966,MaterialLot
MAT01967,MaterialLot
MAT01968,MaterialLot
MAT01969,MaterialLot
MAT01970,MaterialLot
MAT01971,MaterialLot
MAT01972,MaterialLot
MAT01973,MaterialLot
MAT01974,MaterialLot
MAT01975,MaterialLot
MAT01976,MaterialLot
MAT01977,MaterialLot
MAT01978,MaterialLot
MAT01979,MaterialLot
MAT01980,MaterialLot
MAT01981,MaterialLot
MAT01982,MaterialLot
MAT01983,MaterialLot
MAT01984,MaterialLot
MAT01985,MaterialLot
MAT01986,MaterialLot
MAT01987,MaterialLot
MAT01988,MaterialLot
MAT01989,MaterialLot
MAT01990,MaterialLot
MAT01991,MaterialLot
MAT01992,MaterialLot
MAT01993,MaterialLot
MAT01994,MaterialLot
MAT01995,MaterialLot
MAT01996,MaterialLot
MAT01997,MaterialLot
MAT01998,MaterialLot
MAT01999,MaterialLot
MAT02000,MaterialLot
MAT02001,MaterialLot
MAT02002,MaterialLot
MAT02003,MaterialLot
MAT02004,MaterialLot
MAT02005,MaterialLot
MAT02006,MaterialLot
MAT02007,MaterialLot
MAT02008,MaterialLot
MAT02009,MaterialLot
MAT02010,MaterialLot
MAT02011,MaterialLot
MAT02012,MaterialLot
MAT02013,MaterialLot
MAT02014,MaterialLot
MAT02015,MaterialLot
MAT02016,MaterialLot
MAT02017,MaterialLot
MAT02018,MaterialLot
MAT02019,MaterialLot
MAT02020,MaterialLot
MAT02021,MaterialLot
MAT02022,MaterialLot
MAT02023,MaterialLot
MAT02024,MaterialLot
MAT02025,MaterialLot
MAT02026,MaterialLot
MAT02027,MaterialLot
MAT02028,MaterialLot
MAT02029,MaterialLot
MAT02030,MaterialLot
MAT02031,MaterialLot
MAT02032,MaterialLot
MAT02033,MaterialLot
MAT02034,MaterialLot
MAT02035,MaterialLot
MAT02036,MaterialLot
MAT02037,MaterialLot
MAT02038,MaterialLot
MAT02039,MaterialLot
MAT02040,MaterialLot
MAT02041,MaterialLot
MAT02042,MaterialLot
MAT02043,MaterialLot
MAT02044,MaterialLot
MAT02045,MaterialLot
MAT02046,MaterialLot
MAT02047,MaterialLot
MAT02048,MaterialLot
MAT02049,MaterialLot
MAT02050,MaterialLot
MAT02051,MaterialLot
MAT02052,MaterialLot
MAT02053,MaterialLot
MAT02054,MaterialLot
MAT02055,MaterialLot
MAT02056,MaterialLot
MAT02057,MaterialLot
MAT02058,MaterialLot
MAT02059,MaterialLot
MAT02060,MaterialLot
MAT02061,MaterialLot
MAT02062,MaterialLot
MAT02063,MaterialLot
MAT02064,MaterialLot
MAT02065,MaterialLot
MAT02066,MaterialLot
MAT02067,MaterialLot
MAT02068,MaterialLot
MAT02069,MaterialLot
MAT02070,MaterialLot
MAT02071,MaterialLot
MAT02072,MaterialLot
MAT02073,MaterialLot
MAT02074,MaterialLot
MAT02075,MaterialLot
MAT02076,MaterialLot
MAT02077,MaterialLot
MAT02078,MaterialLot
MAT02079,MaterialLot
MAT02080,MaterialLot
MAT02081,MaterialLot
MAT02082,MaterialLot
MAT02083,MaterialLot
MAT02084,MaterialLot
MAT02085,MaterialLot
MAT02086,MaterialLot
MAT02087,MaterialLot
MAT02088,MaterialLot
MAT02089,MaterialLot
MAT02090,MaterialLot
MAT02091,MaterialLot
MAT02092,MaterialLot
MAT02093,MaterialLot
MAT02094,MaterialLot
MAT02095,MaterialLot
MAT02096,MaterialLot
MAT02097,MaterialLot
MAT02098,MaterialLot
MAT02099,MaterialLot
MAT02100,MaterialLot
MAT02101,MaterialLot
MAT02102,MaterialLot
MAT02103,MaterialLot
MAT02104,MaterialLot
MAT02105,MaterialLot
MAT02106,MaterialLot
MAT02107,MaterialLot
MAT02108,MaterialLot
MAT02109,MaterialLot
MAT02110,MaterialLot
MAT02111,MaterialLot
MAT02112,MaterialLot
MAT02113,MaterialLot
MAT02114,MaterialLot
MAT02115,MaterialLot
MAT02116,MaterialLot
MAT02117,MaterialLot
MAT02118,MaterialLot
MAT02119,MaterialLot
MAT02120,MaterialLot
MAT02121,MaterialLot
MAT02122,MaterialLot
MAT02123,MaterialLot
MAT02124,MaterialLot
MAT02125,MaterialLot
MAT02126,MaterialLot
MAT02127,MaterialLot
MAT02128,MaterialLot
MAT02129,MaterialLot
MAT02130,MaterialLot
MAT02131,MaterialLot
MAT02132,MaterialLot
MAT02133,MaterialLot
MAT02134,MaterialLot
MAT02135,MaterialLot
MAT02136,MaterialLot
MAT02137,MaterialLot
MAT02138,MaterialLot
MAT02139,MaterialLot
MAT02140,MaterialLot
MAT02141,MaterialLot
MAT02142,MaterialLot
MAT02143,MaterialLot
MAT02144,MaterialLot
MAT02145,MaterialLot
MAT02146,MaterialLot
MAT02147,MaterialLot
MAT02148,MaterialLot
MAT02149,MaterialLot
MAT02150,MaterialLot
MAT02151,MaterialLot
MAT02152,MaterialLot
MAT02153,MaterialLot
MAT02154,MaterialLot
MAT02155,MaterialLot
MAT02156,MaterialLot
MAT02157,MaterialLot
MAT02158,MaterialLot
MAT02159,MaterialLot
MAT02160,MaterialLot
MAT02161,MaterialLot
MAT02162,MaterialLot
MAT02163,MaterialLot
MAT02164,MaterialLot
MAT02165,MaterialLot
MAT02166,MaterialLot
MAT02167,MaterialLot
MAT02168,MaterialLot
MAT02169,MaterialLot
MAT02170,MaterialLot
MAT02171,MaterialLot
MAT02172,MaterialLot
MAT02173,MaterialLot
MAT02174,MaterialLot
MAT02175,MaterialLot
MAT02176,MaterialLot
MAT02177,MaterialLot
MAT02178,MaterialLot
MAT02179,MaterialLot
MAT02180,MaterialLot
MAT02181,MaterialLot
MAT02182,MaterialLot
MAT02183,MaterialLot
MAT02184,MaterialLot
MAT02185,MaterialLot
MAT02186,MaterialLot
MAT02187,MaterialLot
MAT02188,MaterialLot
MAT02189,MaterialLot
MAT02190,MaterialLot
MAT02191,MaterialLot
MAT02192,MaterialLot
MAT02193,MaterialLot
MAT02194,MaterialLot
MAT02195,MaterialLot
MAT02196,MaterialLot
MAT02197,MaterialLot
MAT02198,MaterialLot
MAT02199,MaterialLot
MAT02200,MaterialLot
MAT02201,MaterialLot
MAT02202,MaterialLot
MAT02203,MaterialLot
MAT02204,MaterialLot
MAT02205,MaterialLot
MAT02206,MaterialLot
MAT02207,MaterialLot
MAT02208,MaterialLot
MAT02209,MaterialLot
MAT02210,MaterialLot
MAT02211,MaterialLot
MAT02212,MaterialLot
MAT02213,MaterialLot
MAT02214,MaterialLot
MAT02215,MaterialLot
MAT02216,MaterialLot
MAT02217,MaterialLot
MAT02218,MaterialLot
MAT02219,MaterialLot
MAT02220,MaterialLot
MAT02221,MaterialLot
MAT02222,MaterialLot
MAT02223,MaterialLot
MAT02224,MaterialLot
MAT02225,MaterialLot
MAT02226,MaterialLot
MAT02227,MaterialLot
MAT02228,MaterialLot
MAT02229,MaterialLot
MAT02230,MaterialLot
MAT02231,MaterialLot
MAT02232,MaterialLot
MAT02233,MaterialLot
MAT02234,MaterialLot
MAT02235,MaterialLot
MAT02236,MaterialLot
MAT02237,MaterialLot
MAT02238,MaterialLot
MAT02239,MaterialLot
MAT02240,MaterialLot
MAT02241,MaterialLot
MAT02242,MaterialLot
MAT02243,MaterialLot
MAT02244,MaterialLot
MAT02245,MaterialLot
MAT02246,MaterialLot
MAT02247,MaterialLot
MAT02248,MaterialLot
MAT02249,MaterialLot
MAT02250,MaterialLot
MAT02251,MaterialLot
MAT02252,MaterialLot
MAT02253,MaterialLot
MAT02254,MaterialLot
MAT02255,MaterialLot
MAT02256,MaterialLot
MAT02257,MaterialLot
MAT02258,MaterialLot
MAT02259,MaterialLot
MAT02260,MaterialLot
MAT02261,MaterialLot
MAT02262,MaterialLot
MAT02263,MaterialLot
MAT02264,MaterialLot
MAT02265,MaterialLot
MAT02266,MaterialLot
MAT02267,MaterialLot
MAT02268,MaterialLot
MAT02269,MaterialLot
MAT02270,MaterialLot
MAT02271,MaterialLot
MAT02272,MaterialLot
MAT02273,MaterialLot
MAT02274,MaterialLot
MAT02275,MaterialLot
MAT02276,MaterialLot
MAT02277,MaterialLot
MAT02278,MaterialLot
MAT02279,MaterialLot
MAT02280,MaterialLot
MAT02281,MaterialLot
MAT02282,MaterialLot
MAT02283,MaterialLot
MAT02284,MaterialLot
MAT02285,MaterialLot
MAT02286,MaterialLot
MAT02287,MaterialLot
MAT02288,MaterialLot
MAT02289,MaterialLot
MAT02290,MaterialLot
MAT02291,MaterialLot
MAT02292,MaterialLot
MAT02293,MaterialLot
MAT02294,MaterialLot
MAT02295,MaterialLot
MAT02296,MaterialLot
MAT02297,MaterialLot
MAT02298,MaterialLot
MAT02299,MaterialLot
MAT02300,MaterialLot
MAT02301,MaterialLot
MAT02302,MaterialLot
MAT02303,MaterialLot
MAT02304,MaterialLot
MAT02305,MaterialLot
MAT02306,MaterialLot
MAT02307,MaterialLot
MAT02308,MaterialLot
MAT02309,MaterialLot
MAT02310,MaterialLot
MAT02311,MaterialLot
MAT02312,MaterialLot
MAT02313,MaterialLot
MAT02314,MaterialLot
MAT02315,MaterialLot
MAT02316,MaterialLot
MAT02317,MaterialLot
MAT02318,MaterialLot
MAT02319,MaterialLot
MAT02320,MaterialLot
MAT02321,MaterialLot
MAT02322,MaterialLot
MAT02323,MaterialLot
MAT02324,MaterialLot
MAT02325,MaterialLot
MAT02326,MaterialLot
MAT02327,MaterialLot
MAT02328,MaterialLot
MAT02329,MaterialLot
MAT02330,MaterialLot
MAT02331,MaterialLot
MAT02332,MaterialLot
MAT02333,MaterialLot
MAT02334,MaterialLot
MAT02335,MaterialLot
MAT02336,MaterialLot
MAT02337,MaterialLot
MAT02338,MaterialLot
MAT02339,MaterialLot
MAT02340,MaterialLot
MAT02341,MaterialLot
MAT02342,MaterialLot
MAT02343,MaterialLot
MAT02344,MaterialLot
MAT02345,MaterialLot
MAT02346,MaterialLot
MAT02347,MaterialLot
MAT02348,MaterialLot
MAT02349,MaterialLot
MAT02350,MaterialLot
MAT02351,MaterialLot
MAT02352,MaterialLot
MAT02353,MaterialLot
MAT02354,MaterialLot
MAT02355,MaterialLot
MAT02356,MaterialLot
MAT02357,MaterialLot
MAT02358,MaterialLot
MAT02359,MaterialLot
MAT02360,MaterialLot
MAT02361,MaterialLot
MAT02362,MaterialLot
MAT02363,MaterialLot
MAT02364,MaterialLot
MAT02365,MaterialLot
MAT02366,MaterialLot
MAT02367,MaterialLot
MAT02368,MaterialLot
MAT02369,MaterialLot
MAT02370,MaterialLot
MAT02371,MaterialLot
MAT02372,MaterialLot
MAT02373,MaterialLot
MAT02374,MaterialLot
MAT02375,MaterialLot
MAT02376,MaterialLot
MAT02377,MaterialLot
MAT02378,MaterialLot
MAT02379,MaterialLot
MAT02380,MaterialLot
MAT02381,MaterialLot
MAT02382,MaterialLot
MAT02383,MaterialLot
MAT02384,MaterialLot
MAT02385,MaterialLot
MAT02386,MaterialLot
MAT02387,MaterialLot
MAT02388,MaterialLot
MAT02389,MaterialLot
MAT02390,MaterialLot
MAT02391,MaterialLot
MAT02392,MaterialLot
MAT02393,MaterialLot
MAT02394,MaterialLot
MAT02395,MaterialLot
MAT02396,MaterialLot
MAT02397,MaterialLot
MAT02398,MaterialLot
MAT02399,MaterialLot
MAT02400,MaterialLot
MAT02401,MaterialLot
MAT02402,MaterialLot
MAT02403,MaterialLot
MAT02404,MaterialLot
MAT02405,MaterialLot
MAT02406,MaterialLot
MAT02407,MaterialLot
MAT02408,MaterialLot
MAT02409,MaterialLot
MAT02410,MaterialLot
MAT02411,MaterialLot
MAT02412,MaterialLot
MAT02413,MaterialLot
MAT02414,MaterialLot
MAT02415,MaterialLot
MAT02416,MaterialLot
MAT02417,MaterialLot
MAT02418,MaterialLot
MAT02419,MaterialLot
MAT02420,MaterialLot
MAT02421,MaterialLot
MAT02422,MaterialLot
MAT02423,MaterialLot
MAT02424,MaterialLot
MAT02425,MaterialLot
MAT02426,MaterialLot
MAT02427,MaterialLot
MAT02428,MaterialLot
MAT02429,MaterialLot
MAT02430,MaterialLot
MAT02431,MaterialLot
MAT02432,MaterialLot
MAT02433,MaterialLot
MAT02434,MaterialLot
MAT02435,MaterialLot
MAT02436,MaterialLot
MAT02437,MaterialLot
MAT02438,MaterialLot
MAT02439,MaterialLot
MAT02440,MaterialLot
MAT02441,MaterialLot
MAT02442,MaterialLot
MAT02443,MaterialLot
MAT02444,MaterialLot
MAT02445,MaterialLot
MAT02446,MaterialLot
MAT02447,MaterialLot
MAT02448,MaterialLot
MAT02449,MaterialLot
MAT02450,MaterialLot
MAT02451,MaterialLot
MAT02452,MaterialLot
MAT02453,MaterialLot
MAT02454,MaterialLot
MAT02455,MaterialLot
MAT02456,MaterialLot
MAT02457,MaterialLot
MAT02458,MaterialLot
MAT02459,MaterialLot
MAT02460,MaterialLot
MAT02461,MaterialLot
MAT02462,MaterialLot
MAT02463,MaterialLot
MAT02464,MaterialLot
MAT02465,MaterialLot
MAT02466,MaterialLot
MAT02467,MaterialLot
MAT02468,MaterialLot
MAT02469,MaterialLot
MAT02470,MaterialLot
MAT02471,MaterialLot
MAT02472,MaterialLot
MAT02473,MaterialLot
MAT02474,MaterialLot
MAT02475,MaterialLot
MAT02476,MaterialLot
MAT02477,MaterialLot
MAT02478,MaterialLot
MAT02479,MaterialLot
MAT02480,MaterialLot
MAT02481,MaterialLot
MAT02482,MaterialLot
MAT02483,MaterialLot
MAT02484,MaterialLot
MAT02485,MaterialLot
MAT02486,MaterialLot
MAT02487,MaterialLot
MAT02488,MaterialLot
MAT02489,MaterialLot
MAT02490,MaterialLot
MAT02491,MaterialLot
MAT02492,MaterialLot
MAT02493,MaterialLot
MAT02494,MaterialLot
MAT02495,MaterialLot
MAT02496,MaterialLot
MAT02497,MaterialLot
MAT02498,MaterialLot
MAT02499,MaterialLot
MAT02500,MaterialLot
MAT02501,MaterialLot
MAT02502,MaterialLot
MAT02503,MaterialLot
MAT02504,MaterialLot
MAT02505,MaterialLot
MAT02506,MaterialLot
MAT02507,MaterialLot
MAT02508,MaterialLot
MAT02509,MaterialLot
MAT02510,MaterialLot
MAT02511,MaterialLot
MAT02512,MaterialLot
MAT02513,MaterialLot
MAT02514,MaterialLot
MAT02515,MaterialLot
MAT02516,MaterialLot
MAT02517,MaterialLot
MAT02518,MaterialLot
MAT02519,MaterialLot
MAT02520,MaterialLot
MAT02521,MaterialLot
MAT02522,MaterialLot
MAT02523,MaterialLot
MAT02524,MaterialLot
MAT02525,MaterialLot
MAT02526,MaterialLot
MAT02527,MaterialLot
MAT02528,MaterialLot
MAT02529,MaterialLot
MAT02530,MaterialLot
MAT02531,MaterialLot
MAT02532,MaterialLot
MAT02533,MaterialLot
MAT02534,MaterialLot
MAT02535,MaterialLot
MAT02536,MaterialLot
MAT02537,MaterialLot
MAT02538,MaterialLot
MAT02539,MaterialLot
MAT02540,MaterialLot
MAT02541,MaterialLot
MAT02542,MaterialLot
MAT02543,MaterialLot
MAT02544,MaterialLot
MAT02545,MaterialLot
MAT02546,MaterialLot
MAT02547,MaterialLot
MAT02548,MaterialLot
MAT02549,MaterialLot
MAT02550,MaterialLot
MAT02551,MaterialLot
MAT02552,MaterialLot
MAT02553,MaterialLot
MAT02554,MaterialLot
MAT02555,MaterialLot
MAT02556,MaterialLot
MAT02557,MaterialLot
MAT02558,MaterialLot
MAT02559,MaterialLot
MAT02560,MaterialLot
MAT02561,MaterialLot
MAT02562,MaterialLot
MAT02563,MaterialLot
MAT02564,MaterialLot
MAT02565,MaterialLot
MAT02566,MaterialLot
MAT02567,MaterialLot
MAT02568,MaterialLot
MAT02569,MaterialLot
MAT02570,MaterialLot
MAT02571,MaterialLot
MAT02572,MaterialLot
MAT02573,MaterialLot
MAT02574,MaterialLot
MAT02575,MaterialLot
MAT02576,MaterialLot
MAT02577,MaterialLot
MAT02578,MaterialLot
MAT02579,MaterialLot
MAT02580,MaterialLot
MAT02581,MaterialLot
MAT02582,MaterialLot
MAT02583,MaterialLot
MAT02584,MaterialLot
MAT02585,MaterialLot
MAT02586,MaterialLot
MAT02587,MaterialLot
MAT02588,MaterialLot
MAT02589,MaterialLot
MAT02590,MaterialLot
MAT02591,MaterialLot
MAT02592,MaterialLot
MAT02593,MaterialLot
MAT02594,MaterialLot
MAT02595,MaterialLot
MAT02596,MaterialLot
MAT02597,MaterialLot
MAT02598,MaterialLot
MAT02599,MaterialLot
MAT02600,MaterialLot
MAT02601,MaterialLot
MAT02602,MaterialLot
MAT02603,MaterialLot
MAT02604,MaterialLot
MAT02605,MaterialLot
MAT02606,MaterialLot
MAT02607,MaterialLot
MAT02608,MaterialLot
MAT02609,MaterialLot
MAT02610,MaterialLot
MAT02611,MaterialLot
MAT02612,MaterialLot
MAT02613,MaterialLot
MAT02614,MaterialLot
MAT02615,MaterialLot
MAT02616,MaterialLot
MAT02617,MaterialLot
MAT02618,MaterialLot
MAT02619,MaterialLot
MAT02620,MaterialLot
MAT02621,MaterialLot
MAT02622,MaterialLot
MAT02623,MaterialLot
MAT02624,MaterialLot
MAT02625,MaterialLot
MAT02626,MaterialLot
MAT02627,MaterialLot
MAT02628,MaterialLot
MAT02629,MaterialLot
MAT02630,MaterialLot
MAT02631,MaterialLot
MAT02632,MaterialLot
MAT02633,MaterialLot
MAT02634,MaterialLot
MAT02635,MaterialLot
MAT02636,MaterialLot
MAT02637,MaterialLot
MAT02638,MaterialLot
MAT02639,MaterialLot
MAT02640,MaterialLot
MAT02641,MaterialLot
MAT02642,MaterialLot
MAT02643,MaterialLot
MAT02644,MaterialLot
MAT02645,MaterialLot
MAT02646,MaterialLot
MAT02647,MaterialLot
MAT02648,MaterialLot
MAT02649,MaterialLot
MAT02650,MaterialLot
MAT02651,MaterialLot
MAT02652,MaterialLot
MAT02653,MaterialLot
MAT02654,MaterialLot
MAT02655,MaterialLot
MAT02656,MaterialLot
MAT02657,MaterialLot
MAT02658,MaterialLot
MAT02659,MaterialLot
MAT02660,MaterialLot
MAT02661,MaterialLot
MAT02662,MaterialLot
MAT02663,MaterialLot
MAT02664,MaterialLot
MAT02665,MaterialLot
MAT02666,MaterialLot
MAT02667,MaterialLot
MAT02668,MaterialLot
MAT02669,MaterialLot
MAT02670,MaterialLot
MAT02671,MaterialLot
MAT02672,MaterialLot
MAT02673,MaterialLot
MAT02674,MaterialLot
MAT02675,MaterialLot
MAT02676,MaterialLot
MAT02677,MaterialLot
MAT02678,MaterialLot
MAT02679,MaterialLot
MAT02680,MaterialLot
MAT02681,MaterialLot
MAT02682,MaterialLot
MAT02683,MaterialLot
MAT02684,MaterialLot
MAT02685,MaterialLot
MAT02686,MaterialLot
MAT02687,MaterialLot
MAT02688,MaterialLot
MAT02689,MaterialLot
MAT02690,MaterialLot
MAT02691,MaterialLot
MAT02692,MaterialLot
MAT02693,MaterialLot
MAT02694,MaterialLot
MAT02695,MaterialLot
MAT02696,MaterialLot
MAT02697,MaterialLot
MAT02698,MaterialLot
MAT02699,MaterialLot
MAT02700,MaterialLot
MAT02701,MaterialLot
MAT02702,MaterialLot
MAT02703,MaterialLot
MAT02704,MaterialLot
MAT02705,MaterialLot
MAT02706,MaterialLot
MAT02707,MaterialLot
MAT02708,MaterialLot
MAT02709,MaterialLot
MAT02710,MaterialLot
MAT02711,MaterialLot
MAT02712,MaterialLot
MAT02713,MaterialLot
MAT02714,MaterialLot
MAT02715,MaterialLot
MAT02716,MaterialLot
MAT02717,MaterialLot
MAT02718,MaterialLot
MAT02719,MaterialLot
MAT02720,MaterialLot
MAT02721,MaterialLot
MAT02722,MaterialLot
MAT02723,MaterialLot
MAT02724,MaterialLot
MAT02725,MaterialLot
MAT02726,MaterialLot
MAT02727,MaterialLot
MAT02728,MaterialLot
MAT02729,MaterialLot
MAT02730,MaterialLot
MAT02731,MaterialLot
MAT02732,MaterialLot
MAT02733,MaterialLot
MAT02734,MaterialLot
MAT02735,MaterialLot
MAT02736,MaterialLot
MAT02737,MaterialLot
MAT02738,MaterialLot
MAT02739,MaterialLot
MAT02740,MaterialLot
MAT02741,MaterialLot
MAT02742,MaterialLot
MAT02743,MaterialLot
MAT02744,MaterialLot
MAT02745,MaterialLot
MAT02746,MaterialLot
MAT02747,MaterialLot
MAT02748,MaterialLot
MAT02749,MaterialLot
MAT02750,MaterialLot
MAT02751,MaterialLot
MAT02752,MaterialLot
MAT02753,MaterialLot
MAT02754,MaterialLot
MAT02755,MaterialLot
MAT02756,MaterialLot
MAT02757,MaterialLot
MAT02758,MaterialLot
MAT02759,MaterialLot
MAT02760,MaterialLot
MAT02761,MaterialLot
MAT02762,MaterialLot
MAT02763,MaterialLot
MAT02764,MaterialLot
MAT02765,MaterialLot
MAT02766,MaterialLot
MAT02767,MaterialLot
MAT02768,MaterialLot
MAT02769,MaterialLot
MAT02770,MaterialLot
MAT02771,MaterialLot
MAT02772,MaterialLot
MAT02773,MaterialLot
MAT02774,MaterialLot
MAT02775,MaterialLot
MAT02776,MaterialLot
MAT02777,MaterialLot
MAT02778,MaterialLot
MAT02779,MaterialLot
MAT02780,MaterialLot
MAT02781,MaterialLot
MAT02782,MaterialLot
MAT02783,MaterialLot
MAT02784,MaterialLot
MAT02785,MaterialLot
MAT02786,MaterialLot
MAT02787,MaterialLot
MAT02788,MaterialLot
MAT02789,MaterialLot
MAT02790,MaterialLot
MAT02791,MaterialLot
MAT02792,MaterialLot
MAT02793,MaterialLot
MAT02794,MaterialLot
MAT02795,MaterialLot
MAT02796,MaterialLot
MAT02797,MaterialLot
MAT02798,MaterialLot
MAT02799,MaterialLot
MAT02800,MaterialLot
MAT02801,MaterialLot
MAT02802,MaterialLot
MAT02803,MaterialLot
MAT02804,MaterialLot
MAT02805,MaterialLot
MAT02806,MaterialLot
MAT02807,MaterialLot
MAT02808,MaterialLot
MAT02809,MaterialLot
MAT02810,MaterialLot
MAT02811,MaterialLot
MAT02812,MaterialLot
MAT02813,MaterialLot
MAT02814,MaterialLot
MAT02815,MaterialLot
MAT02816,MaterialLot
MAT02817,MaterialLot
MAT02818,MaterialLot
MAT02819,MaterialLot
MAT02820,MaterialLot
MAT02821,MaterialLot
MAT02822,MaterialLot
MAT02823,MaterialLot
MAT02824,MaterialLot
MAT02825,MaterialLot
MAT02826,MaterialLot
MAT02827,MaterialLot
MAT02828,MaterialLot
MAT02829,MaterialLot
MAT02830,MaterialLot
MAT02831,MaterialLot
MAT02832,MaterialLot
MAT02833,MaterialLot
MAT02834,MaterialLot
MAT02835,MaterialLot
MAT02836,MaterialLot
MAT02837,MaterialLot
MAT02838,MaterialLot
MAT02839,MaterialLot
MAT02840,MaterialLot
MAT02841,MaterialLot
MAT02842,MaterialLot
MAT02843,MaterialLot
MAT02844,MaterialLot
MAT02845,MaterialLot
MAT02846,MaterialLot
MAT02847,MaterialLot
MAT02848,MaterialLot
MAT02849,MaterialLot
MAT02850,MaterialLot
MAT02851,MaterialLot
MAT02852,MaterialLot
MAT02853,MaterialLot
MAT02854,MaterialLot
MAT02855,MaterialLot
MAT02856,MaterialLot
MAT02857,MaterialLot
MAT02858,MaterialLot
MAT02859,MaterialLot
MAT02860,MaterialLot
MAT02861,MaterialLot
MAT02862,MaterialLot
MAT02863,MaterialLot
MAT02864,MaterialLot
MAT02865,MaterialLot
MAT02866,MaterialLot
MAT02867,MaterialLot
MAT02868,MaterialLot
MAT02869,MaterialLot
MAT02870,MaterialLot
MAT02871,MaterialLot
MAT02872,MaterialLot
MAT02873,MaterialLot
MAT02874,MaterialLot
MAT02875,MaterialLot
MAT02876,MaterialLot
MAT02877,MaterialLot
MAT02878,MaterialLot
MAT02879,MaterialLot
MAT02880,MaterialLot
MAT02881,MaterialLot
MAT02882,MaterialLot
MAT02883,MaterialLot
MAT02884,MaterialLot
MAT02885,MaterialLot
MAT02886,MaterialLot
MAT02887,MaterialLot
MAT02888,MaterialLot
MAT02889,MaterialLot
MAT02890,MaterialLot
MAT02891,MaterialLot
MAT02892,MaterialLot
MAT02893,MaterialLot
MAT02894,MaterialLot
MAT02895,MaterialLot
MAT02896,MaterialLot
MAT02897,MaterialLot
MAT02898,MaterialLot
MAT02899,MaterialLot
MAT02900,MaterialLot
MAT02901,MaterialLot
MAT02902,MaterialLot
MAT02903,MaterialLot
MAT02904,MaterialLot
MAT02905,MaterialLot
MAT02906,MaterialLot
MAT02907,MaterialLot
MAT02908,MaterialLot
MAT02909,MaterialLot
MAT02910,MaterialLot
MAT02911,MaterialLot
MAT02912,MaterialLot
MAT02913,MaterialLot
MAT02914,MaterialLot
MAT02915,MaterialLot
MAT02916,MaterialLot
MAT02917,MaterialLot
MAT02918,MaterialLot
MAT02919,MaterialLot
MAT02920,MaterialLot
MAT02921,MaterialLot
MAT02922,MaterialLot
MAT02923,MaterialLot
MAT02924,MaterialLot
MAT02925,MaterialLot
MAT02926,MaterialLot
MAT02927,MaterialLot
MAT02928,MaterialLot
MAT02929,MaterialLot
MAT02930,MaterialLot
MAT02931,MaterialLot
MAT02932,MaterialLot
MAT02933,MaterialLot
MAT02934,MaterialLot
MAT02935,MaterialLot
MAT02936,MaterialLot
MAT02937,MaterialLot
MAT02938,MaterialLot
MAT02939,MaterialLot
MAT02940,MaterialLot
MAT02941,MaterialLot
MAT02942,MaterialLot
MAT02943,MaterialLot
MAT02944,MaterialLot
MAT02945,MaterialLot
MAT02946,MaterialLot
MAT02947,MaterialLot
MAT02948,MaterialLot
MAT02949,MaterialLot
MAT02950,MaterialLot
MAT02951,MaterialLot
MAT02952,MaterialLot
MAT02953,MaterialLot
MAT02954,MaterialLot
MAT02955,MaterialLot
MAT02956,MaterialLot
MAT02957,MaterialLot
MAT02958,MaterialLot
MAT02959,MaterialLot
MAT02960,MaterialLot
MAT02961,MaterialLot
MAT02962,MaterialLot
MAT02963,MaterialLot
MAT02964,MaterialLot
MAT02965,MaterialLot
MAT02966,MaterialLot
MAT02967,MaterialLot
MAT02968,MaterialLot
MAT02969,MaterialLot
MAT02970,MaterialLot
MAT02971,MaterialLot
MAT02972,MaterialLot
MAT02973,MaterialLot
MAT02974,MaterialLot
MAT02975,MaterialLot
MAT02976,MaterialLot
MAT02977,MaterialLot
MAT02978,MaterialLot
MAT02979,MaterialLot
MAT02980,MaterialLot
MAT02981,MaterialLot
MAT02982,MaterialLot
MAT02983,MaterialLot
MAT02984,MaterialLot
MAT02985,MaterialLot
MAT02986,MaterialLot
MAT02987,MaterialLot
MAT02988,MaterialLot
MAT02989,MaterialLot
MAT02990,MaterialLot
MAT02991,MaterialLot
MAT02992,MaterialLot
MAT02993,MaterialLot
MAT02994,MaterialLot
MAT02995,MaterialLot
MAT02996,MaterialLot
MAT02997,MaterialLot
MAT02998,MaterialLot
MAT02999,MaterialLot
MAT03000,MaterialLot
MAT03001,MaterialLot
MAT03002,MaterialLot
MAT03003,MaterialLot
MAT03004,MaterialLot
MAT03005,MaterialLot
MAT03006,MaterialLot
MAT03007,MaterialLot
MAT03008,MaterialLot
MAT03009,MaterialLot
MAT03010,MaterialLot
MAT03011,MaterialLot
MAT03012,MaterialLot
MAT03013,MaterialLot
MAT03014,MaterialLot
MAT03015,MaterialLot
MAT03016,MaterialLot
MAT03017,MaterialLot
MAT03018,MaterialLot
MAT03019,MaterialLot
MAT03020,MaterialLot
MAT03021,MaterialLot
MAT03022,MaterialLot
MAT03023,MaterialLot
MAT03024,MaterialLot
MAT03025,MaterialLot
MAT03026,MaterialLot
MAT03027,MaterialLot
MAT03028,MaterialLot
MAT03029,MaterialLot
MAT03030,MaterialLot
MAT03031,MaterialLot
MAT03032,MaterialLot
MAT03033,MaterialLot
MAT03034,MaterialLot
MAT03035,MaterialLot
MAT03036,MaterialLot
MAT03037,MaterialLot
MAT03038,MaterialLot
MAT03039,MaterialLot
MAT03040,MaterialLot
MAT03041,MaterialLot
MAT03042,MaterialLot
MAT03043,MaterialLot
MAT03044,MaterialLot
MAT03045,MaterialLot
MAT03046,MaterialLot
MAT03047,MaterialLot
MAT03048,MaterialLot
MAT03049,MaterialLot
MAT03050,MaterialLot
MAT03051,MaterialLot
MAT03052,MaterialLot
MAT03053,MaterialLot
MAT03054,MaterialLot
MAT03055,MaterialLot
MAT03056,MaterialLot
MAT03057,MaterialLot
MAT03058,MaterialLot
MAT03059,MaterialLot
MAT03060,MaterialLot
MAT03061,MaterialLot
MAT03062,MaterialLot
MAT03063,MaterialLot
MAT03064,MaterialLot
MAT03065,MaterialLot
MAT03066,MaterialLot
MAT03067,MaterialLot
MAT03068,MaterialLot
MAT03069,MaterialLot
MAT03070,MaterialLot
MAT03071,MaterialLot
MAT03072,MaterialLot
MAT03073,MaterialLot
MAT03074,MaterialLot
MAT03075,MaterialLot
MAT03076,MaterialLot
MAT03077,MaterialLot
MAT03078,MaterialLot
MAT03079,MaterialLot
MAT03080,MaterialLot
MAT03081,MaterialLot
MAT03082,MaterialLot
MAT03083,MaterialLot
MAT03084,MaterialLot
MAT03085,MaterialLot
MAT03086,MaterialLot
MAT03087,MaterialLot
MAT03088,MaterialLot
MAT03089,MaterialLot
MAT03090,MaterialLot
MAT03091,MaterialLot
MAT03092,MaterialLot
MAT03093,MaterialLot
MAT03094,MaterialLot
MAT03095,MaterialLot
MAT03096,MaterialLot
MAT03097,MaterialLot
MAT03098,MaterialLot
MAT03099,MaterialLot
MAT03100,MaterialLot
MAT03101,MaterialLot
MAT03102,MaterialLot
MAT03103,MaterialLot
MAT03104,MaterialLot
MAT03105,MaterialLot
MAT03106,MaterialLot
MAT03107,MaterialLot
MAT03108,MaterialLot
MAT03109,MaterialLot
MAT03110,MaterialLot
MAT03111,MaterialLot
MAT03112,MaterialLot
MAT03113,MaterialLot
MAT03114,MaterialLot
MAT03115,MaterialLot
MAT03116,MaterialLot
MAT03117,MaterialLot
MAT03118,MaterialLot
MAT03119,MaterialLot
MAT03120,MaterialLot
MAT03121,MaterialLot
MAT03122,MaterialLot
MAT03123,MaterialLot
MAT03124,MaterialLot
MAT03125,MaterialLot
MAT03126,MaterialLot
MAT03127,MaterialLot
MAT03128,MaterialLot
MAT03129,MaterialLot
MAT03130,MaterialLot
MAT03131,MaterialLot
MAT03132,MaterialLot
MAT03133,MaterialLot
MAT03134,MaterialLot
MAT03135,MaterialLot
MAT03136,MaterialLot
MAT03137,MaterialLot
MAT03138,MaterialLot
MAT03139,MaterialLot
MAT03140,MaterialLot
MAT03141,MaterialLot
MAT03142,MaterialLot
MAT03143,MaterialLot
MAT03144,MaterialLot
MAT03145,MaterialLot
MAT03146,MaterialLot
MAT03147,MaterialLot
MAT03148,MaterialLot
MAT03149,MaterialLot
MAT03150,MaterialLot
MAT03151,MaterialLot
MAT03152,MaterialLot
MAT03153,MaterialLot
MAT03154,MaterialLot
MAT03155,MaterialLot
MAT03156,MaterialLot
MAT03157,MaterialLot
MAT03158,MaterialLot
MAT03159,MaterialLot
MAT03160,MaterialLot
MAT03161,MaterialLot
MAT03162,MaterialLot
MAT03163,MaterialLot
MAT03164,MaterialLot
MAT03165,MaterialLot
MAT03166,MaterialLot
MAT03167,MaterialLot
MAT03168,MaterialLot
MAT03169,MaterialLot
MAT03170,MaterialLot
MAT03171,MaterialLot
MAT03172,MaterialLot
MAT03173,MaterialLot
MAT03174,MaterialLot
MAT03175,MaterialLot
MAT03176,MaterialLot
MAT03177,MaterialLot
MAT03178,MaterialLot
MAT03179,MaterialLot
MAT03180,MaterialLot
MAT03181,MaterialLot
MAT03182,MaterialLot
MAT03183,MaterialLot
MAT03184,MaterialLot
MAT03185,MaterialLot
MAT03186,MaterialLot
MAT03187,MaterialLot
MAT03188,MaterialLot
MAT03189,MaterialLot
MAT03190,MaterialLot
MAT03191,MaterialLot
MAT03192,MaterialLot
MAT03193,MaterialLot
MAT03194,MaterialLot
MAT03195,MaterialLot
MAT03196,MaterialLot
MAT03197,MaterialLot
MAT03198,MaterialLot
MAT03199,MaterialLot
MAT03200,MaterialLot
MAT03201,MaterialLot
MAT03202,MaterialLot
MAT03203,MaterialLot
MAT03204,MaterialLot
MAT03205,MaterialLot
MAT03206,MaterialLot
MAT03207,MaterialLot
MAT03208,MaterialLot
MAT03209,MaterialLot
MAT03210,MaterialLot
MAT03211,MaterialLot
MAT03212,MaterialLot
MAT03213,MaterialLot
MAT03214,MaterialLot
MAT03215,MaterialLot
MAT03216,MaterialLot
MAT03217,MaterialLot
MAT03218,MaterialLot
MAT03219,MaterialLot
MAT03220,MaterialLot
MAT03221,MaterialLot
MAT03222,MaterialLot
MAT03223,MaterialLot
MAT03224,MaterialLot
MAT03225,MaterialLot
MAT03226,MaterialLot
MAT03227,MaterialLot
MAT03228,MaterialLot
MAT03229,MaterialLot
MAT03230,MaterialLot
MAT03231,MaterialLot
MAT03232,MaterialLot
MAT03233,MaterialLot
MAT03234,MaterialLot
MAT03235,MaterialLot
MAT03236,MaterialLot
MAT03237,MaterialLot
MAT03238,MaterialLot
MAT03239,MaterialLot
MAT03240,MaterialLot
MAT03241,MaterialLot
MAT03242,MaterialLot
MAT03243,MaterialLot
MAT03244,MaterialLot
MAT03245,MaterialLot
MAT03246,MaterialLot
MAT03247,MaterialLot
MAT03248,MaterialLot
MAT03249,MaterialLot
MAT03250,MaterialLot
MAT03251,MaterialLot
MAT03252,MaterialLot
MAT03253,MaterialLot
MAT03254,MaterialLot
MAT03255,MaterialLot
MAT03256,MaterialLot
MAT03257,MaterialLot
MAT03258,MaterialLot
MAT03259,MaterialLot
MAT03260,MaterialLot
MAT03261,MaterialLot
MAT03262,MaterialLot
MAT03263,MaterialLot
MAT03264,MaterialLot
MAT03265,MaterialLot
MAT03266,MaterialLot
MAT03267,MaterialLot
MAT03268,MaterialLot
MAT03269,MaterialLot
MAT03270,MaterialLot
MAT03271,MaterialLot
MAT03272,MaterialLot
MAT03273,MaterialLot
MAT03274,MaterialLot
MAT03275,MaterialLot
MAT03276,MaterialLot
MAT03277,MaterialLot
MAT03278,MaterialLot
MAT03279,MaterialLot
MAT03280,MaterialLot
MAT03281,MaterialLot
MAT03282,MaterialLot
MAT03283,MaterialLot
MAT03284,MaterialLot
MAT03285,MaterialLot
MAT03286,MaterialLot
MAT03287,MaterialLot
MAT03288,MaterialLot
MAT03289,MaterialLot
MAT03290,MaterialLot
MAT03291,MaterialLot
MAT03292,MaterialLot
MAT03293,MaterialLot
MAT03294,MaterialLot
MAT03295,MaterialLot
MAT03296,MaterialLot
MAT03297,MaterialLot
MAT03298,MaterialLot
MAT03299,MaterialLot
MAT03300,MaterialLot
MAT03301,MaterialLot
MAT03302,MaterialLot
MAT03303,MaterialLot
MAT03304,MaterialLot
MAT03305,MaterialLot
MAT03306,MaterialLot
MAT03307,MaterialLot
MAT03308,MaterialLot
MAT03309,MaterialLot
MAT03310,MaterialLot
MAT03311,MaterialLot
MAT03312,MaterialLot
MAT03313,MaterialLot
MAT03314,MaterialLot
MAT03315,MaterialLot
MAT03316,MaterialLot
MAT03317,MaterialLot
MAT03318,MaterialLot
MAT03319,MaterialLot
MAT03320,MaterialLot
MAT03321,MaterialLot
MAT03322,MaterialLot
MAT03323,MaterialLot
MAT03324,MaterialLot
MAT03325,MaterialLot
MAT03326,MaterialLot
MAT03327,MaterialLot
MAT03328,MaterialLot
MAT03329,MaterialLot
MAT03330,MaterialLot
MAT03331,MaterialLot
MAT03332,MaterialLot
MAT03333,MaterialLot
MAT03334,MaterialLot
MAT03335,MaterialLot
MAT03336,MaterialLot
MAT03337,MaterialLot
MAT03338,MaterialLot
MAT03339,MaterialLot
MAT03340,MaterialLot
MAT03341,MaterialLot
MAT03342,MaterialLot
MAT03343,MaterialLot
MAT03344,MaterialLot
MAT03345,MaterialLot
MAT03346,MaterialLot
MAT03347,MaterialLot
MAT03348,MaterialLot
MAT03349,MaterialLot
MAT03350,MaterialLot
MAT03351,MaterialLot
MAT03352,MaterialLot
MAT03353,MaterialLot
MAT03354,MaterialLot
MAT03355,MaterialLot
MAT03356,MaterialLot
MAT03357,MaterialLot
MAT03358,MaterialLot
MAT03359,MaterialLot
MAT03360,MaterialLot
MAT03361,MaterialLot
MAT03362,MaterialLot
MAT03363,MaterialLot
MAT03364,MaterialLot
MAT03365,MaterialLot
MAT03366,MaterialLot
MAT03367,MaterialLot
MAT03368,MaterialLot
MAT03369,MaterialLot
MAT03370,MaterialLot
MAT03371,MaterialLot
MAT03372,MaterialLot
MAT03373,MaterialLot
MAT03374,MaterialLot
MAT03375,MaterialLot
MAT03376,MaterialLot
MAT03377,MaterialLot
MAT03378,MaterialLot
MAT03379,MaterialLot
MAT03380,MaterialLot
MAT03381,MaterialLot
MAT03382,MaterialLot
MAT03383,MaterialLot
MAT03384,MaterialLot
MAT03385,MaterialLot
MAT03386,MaterialLot
MAT03387,MaterialLot
MAT03388,MaterialLot
MAT03389,MaterialLot
MAT03390,MaterialLot
MAT03391,MaterialLot
MAT03392,MaterialLot
MAT03393,MaterialLot
MAT03394,MaterialLot
MAT03395,MaterialLot
MAT03396,MaterialLot
MAT03397,MaterialLot
MAT03398,MaterialLot
MAT03399,MaterialLot
MAT03400,MaterialLot
MAT03401,MaterialLot
MAT03402,MaterialLot
MAT03403,MaterialLot
MAT03404,MaterialLot
MAT03405,MaterialLot
MAT03406,MaterialLot
MAT03407,MaterialLot
MAT03408,MaterialLot
MAT03409,MaterialLot
MAT03410,MaterialLot
MAT03411,MaterialLot
MAT03412,MaterialLot
MAT03413,MaterialLot
MAT03414,MaterialLot
MAT03415,MaterialLot
MAT03416,MaterialLot
MAT03417,MaterialLot
MAT03418,MaterialLot
MAT03419,MaterialLot
MAT03420,MaterialLot
MAT03421,MaterialLot
MAT03422,MaterialLot
MAT03423,MaterialLot
MAT03424,MaterialLot
MAT03425,MaterialLot
MAT03426,MaterialLot
MAT03427,MaterialLot
MAT03428,MaterialLot
MAT03429,MaterialLot
MAT03430,MaterialLot
MAT03431,MaterialLot
MAT03432,MaterialLot
MAT03433,MaterialLot
MAT03434,MaterialLot
MAT03435,MaterialLot
MAT03436,MaterialLot
MAT03437,MaterialLot
MAT03438,MaterialLot
MAT03439,MaterialLot
MAT03440,MaterialLot
MAT03441,MaterialLot
MAT03442,MaterialLot
MAT03443,MaterialLot
MAT03444,MaterialLot
MAT03445,MaterialLot
MAT03446,MaterialLot
MAT03447,MaterialLot
MAT03448,MaterialLot
MAT03449,MaterialLot
MAT03450,MaterialLot
MAT03451,MaterialLot
MAT03452,MaterialLot
MAT03453,MaterialLot
MAT03454,MaterialLot
MAT03455,MaterialLot
MAT03456,MaterialLot
MAT03457,MaterialLot
MAT03458,MaterialLot
MAT03459,MaterialLot
MAT03460,MaterialLot
MAT03461,MaterialLot
MAT03462,MaterialLot
MAT03463,MaterialLot
MAT03464,MaterialLot
MAT03465,MaterialLot
MAT03466,MaterialLot
MAT03467,MaterialLot
MAT03468,MaterialLot
MAT03469,MaterialLot
MAT03470,MaterialLot
MAT03471,MaterialLot
MAT03472,MaterialLot
MAT03473,MaterialLot
MAT03474,MaterialLot
MAT03475,MaterialLot
MAT03476,MaterialLot
MAT03477,MaterialLot
MAT03478,MaterialLot
MAT03479,MaterialLot
MAT03480,MaterialLot
MAT03481,MaterialLot
MAT03482,MaterialLot
MAT03483,MaterialLot
MAT03484,MaterialLot
MAT03485,MaterialLot
MAT03486,MaterialLot
MAT03487,MaterialLot
MAT03488,MaterialLot
MAT03489,MaterialLot
MAT03490,MaterialLot
MAT03491,MaterialLot
MAT03492,MaterialLot
MAT03493,MaterialLot
MAT03494,MaterialLot
MAT03495,MaterialLot
MAT03496,MaterialLot
MAT03497,MaterialLot
MAT03498,MaterialLot
MAT03499,MaterialLot
MAT03500,MaterialLot
MAT03501,MaterialLot
MAT03502,MaterialLot
MAT03503,MaterialLot
MAT03504,MaterialLot
MAT03505,MaterialLot
MAT03506,MaterialLot
MAT03507,MaterialLot
MAT03508,MaterialLot
MAT03509,MaterialLot
MAT03510,MaterialLot
MAT03511,MaterialLot
MAT03512,MaterialLot
MAT03513,MaterialLot
MAT03514,MaterialLot
MAT03515,MaterialLot
MAT03516,MaterialLot
MAT03517,MaterialLot
MAT03518,MaterialLot
MAT03519,MaterialLot
MAT03520,MaterialLot
MAT03521,MaterialLot
MAT03522,MaterialLot
MAT03523,MaterialLot
MAT03524,MaterialLot
MAT03525,MaterialLot
MAT03526,MaterialLot
MAT03527,MaterialLot
MAT03528,MaterialLot
MAT03529,MaterialLot
MAT03530,MaterialLot
MAT03531,MaterialLot
MAT03532,MaterialLot
MAT03533,MaterialLot
MAT03534,MaterialLot
MAT03535,MaterialLot
MAT03536,MaterialLot
MAT03537,MaterialLot
MAT03538,MaterialLot
MAT03539,MaterialLot
MAT03540,MaterialLot
MAT03541,MaterialLot
MAT03542,MaterialLot
MAT03543,MaterialLot
MAT03544,MaterialLot
MAT03545,MaterialLot
MAT03546,MaterialLot
MAT03547,MaterialLot
MAT03548,MaterialLot
MAT03549,MaterialLot
MAT03550,MaterialLot
MAT03551,MaterialLot
MAT03552,MaterialLot
MAT03553,MaterialLot
MAT03554,MaterialLot
MAT03555,MaterialLot
MAT03556,MaterialLot
MAT03557,MaterialLot
MAT03558,MaterialLot
MAT03559,MaterialLot
MAT03560,MaterialLot
MAT03561,MaterialLot
MAT03562,MaterialLot
MAT03563,MaterialLot
MAT03564,MaterialLot
MAT03565,MaterialLot
MAT03566,MaterialLot
MAT03567,MaterialLot
MAT03568,MaterialLot
MAT03569,MaterialLot
MAT03570,MaterialLot
MAT03571,MaterialLot
MAT03572,MaterialLot
MAT03573,MaterialLot
MAT03574,MaterialLot
MAT03575,MaterialLot
MAT03576,MaterialLot
MAT03577,MaterialLot
MAT03578,MaterialLot
MAT03579,MaterialLot
MAT03580,MaterialLot
MAT03581,MaterialLot
MAT03582,MaterialLot
MAT03583,MaterialLot
MAT03584,MaterialLot
MAT03585,MaterialLot
MAT03586,MaterialLot
MAT03587,MaterialLot
MAT03588,MaterialLot
MAT03589,MaterialLot
MAT03590,MaterialLot
MAT03591,MaterialLot
MAT03592,MaterialLot
MAT03593,MaterialLot
MAT03594,MaterialLot
MAT03595,MaterialLot
MAT03596,MaterialLot
MAT03597,MaterialLot
MAT03598,MaterialLot
MAT03599,MaterialLot
MAT03600,MaterialLot
MAT03601,MaterialLot
MAT03602,MaterialLot
MAT03603,MaterialLot
MAT03604,MaterialLot
MAT03605,MaterialLot
MAT03606,MaterialLot
MAT03607,MaterialLot
MAT03608,MaterialLot
MAT03609,MaterialLot
MAT03610,MaterialLot
MAT03611,MaterialLot
MAT03612,MaterialLot
MAT03613,MaterialLot
MAT03614,MaterialLot
MAT03615,MaterialLot
MAT03616,MaterialLot
MAT03617,MaterialLot
MAT03618,MaterialLot
MAT03619,MaterialLot
MAT03620,MaterialLot
MAT03621,MaterialLot
MAT03622,MaterialLot
MAT03623,MaterialLot
MAT03624,MaterialLot
MAT03625,MaterialLot
MAT03626,MaterialLot
MAT03627,MaterialLot
MAT03628,MaterialLot
MAT03629,MaterialLot
MAT03630,MaterialLot
MAT03631,MaterialLot
MAT03632,MaterialLot
MAT03633,MaterialLot
MAT03634,MaterialLot
MAT03635,MaterialLot
MAT03636,MaterialLot
MAT03637,MaterialLot
MAT03638,MaterialLot
MAT03639,MaterialLot
MAT03640,MaterialLot
MAT03641,MaterialLot
MAT03642,MaterialLot
MAT03643,MaterialLot
MAT03644,MaterialLot
MAT03645,MaterialLot
MAT03646,MaterialLot
MAT03647,MaterialLot
MAT03648,MaterialLot
MAT03649,MaterialLot
MAT03650,MaterialLot
MAT03651,MaterialLot
MAT03652,MaterialLot
MAT03653,MaterialLot
MAT03654,MaterialLot
MAT03655,MaterialLot
MAT03656,MaterialLot
MAT03657,MaterialLot
MAT03658,MaterialLot
MAT03659,MaterialLot
MAT03660,MaterialLot
MAT03661,MaterialLot
MAT03662,MaterialLot
MAT03663,MaterialLot
MAT03664,MaterialLot
MAT03665,MaterialLot
MAT03666,MaterialLot
MAT03667,MaterialLot
MAT03668,MaterialLot
MAT03669,MaterialLot
MAT03670,MaterialLot
MAT03671,MaterialLot
MAT03672,MaterialLot
MAT03673,MaterialLot
MAT03674,MaterialLot
MAT03675,MaterialLot
MAT03676,MaterialLot
MAT03677,MaterialLot
MAT03678,MaterialLot
MAT03679,MaterialLot
MAT03680,MaterialLot
MAT03681,MaterialLot
MAT03682,MaterialLot
MAT03683,MaterialLot
MAT03684,MaterialLot
MAT03685,MaterialLot
MAT03686,MaterialLot
MAT03687,MaterialLot
MAT03688,MaterialLot
MAT03689,MaterialLot
MAT03690,MaterialLot
MAT03691,MaterialLot
MAT03692,MaterialLot
MAT03693,MaterialLot
MAT03694,MaterialLot
MAT03695,MaterialLot
MAT03696,MaterialLot
MAT03697,MaterialLot
MAT03698,MaterialLot
MAT03699,MaterialLot
MAT03700,MaterialLot
MAT03701,MaterialLot
MAT03702,MaterialLot
MAT03703,MaterialLot
MAT03704,MaterialLot
MAT03705,MaterialLot
MAT03706,MaterialLot
MAT03707,MaterialLot
MAT03708,MaterialLot
MAT03709,MaterialLot
MAT03710,MaterialLot
MAT03711,MaterialLot
MAT03712,MaterialLot
MAT03713,MaterialLot
MAT03714,MaterialLot
MAT03715,MaterialLot
MAT03716,MaterialLot
MAT03717,MaterialLot
MAT03718,MaterialLot
MAT03719,MaterialLot
MAT03720,MaterialLot
MAT03721,MaterialLot
MAT03722,MaterialLot
MAT03723,MaterialLot
MAT03724,MaterialLot
MAT03725,MaterialLot
MAT03726,MaterialLot
MAT03727,MaterialLot
MAT03728,MaterialLot
MAT03729,MaterialLot
MAT03730,MaterialLot
MAT03731,MaterialLot
MAT03732,MaterialLot
MAT03733,MaterialLot
MAT03734,MaterialLot
MAT03735,MaterialLot
MAT03736,MaterialLot
MAT03737,MaterialLot
MAT03738,MaterialLot
MAT03739,MaterialLot
MAT03740,MaterialLot
MAT03741,MaterialLot
MAT03742,MaterialLot
MAT03743,MaterialLot
MAT03744,MaterialLot
MAT03745,MaterialLot
MAT03746,MaterialLot
MAT03747,MaterialLot
MAT03748,MaterialLot
MAT03749,MaterialLot
MAT03750,MaterialLot
MAT03751,MaterialLot
MAT03752,MaterialLot
MAT03753,MaterialLot
MAT03754,MaterialLot
MAT03755,MaterialLot
MAT03756,MaterialLot
MAT03757,MaterialLot
MAT03758,MaterialLot
MAT03759,MaterialLot
MAT03760,MaterialLot
MAT03761,MaterialLot
MAT03762,MaterialLot
MAT03763,MaterialLot
MAT03764,MaterialLot
MAT03765,MaterialLot
MAT03766,MaterialLot
MAT03767,MaterialLot
MAT03768,MaterialLot
MAT03769,MaterialLot
MAT03770,MaterialLot
MAT03771,MaterialLot
MAT03772,MaterialLot
MAT03773,MaterialLot
MAT03774,MaterialLot
MAT03775,MaterialLot
MAT03776,MaterialLot
MAT03777,MaterialLot
MAT03778,MaterialLot
MAT03779,MaterialLot
MAT03780,MaterialLot
MAT03781,MaterialLot
MAT03782,MaterialLot
MAT03783,MaterialLot
MAT03784,MaterialLot
MAT03785,MaterialLot
MAT03786,MaterialLot
MAT03787,MaterialLot
MAT03788,MaterialLot
MAT03789,MaterialLot
MAT03790,MaterialLot
MAT03791,MaterialLot
MAT03792,MaterialLot
MAT03793,MaterialLot
MAT03794,MaterialLot
MAT03795,MaterialLot
MAT03796,MaterialLot
MAT03797,MaterialLot
MAT03798,MaterialLot
MAT03799,MaterialLot
MAT03800,MaterialLot
MAT03801,MaterialLot
MAT03802,MaterialLot
MAT03803,MaterialLot
MAT03804,MaterialLot
MAT03805,MaterialLot
MAT03806,MaterialLot
MAT03807,MaterialLot
MAT03808,MaterialLot
MAT03809,MaterialLot
MAT03810,MaterialLot
MAT03811,MaterialLot
MAT03812,MaterialLot
MAT03813,MaterialLot
MAT03814,MaterialLot
MAT03815,MaterialLot
MAT03816,MaterialLot
MAT03817,MaterialLot
MAT03818,MaterialLot
MAT03819,MaterialLot
MAT03820,MaterialLot
MAT03821,MaterialLot
MAT03822,MaterialLot
MAT03823,MaterialLot
MAT03824,MaterialLot
MAT03825,MaterialLot
MAT03826,MaterialLot
MAT03827,MaterialLot
MAT03828,MaterialLot
MAT03829,MaterialLot
MAT03830,MaterialLot
MAT03831,MaterialLot
MAT03832,MaterialLot
MAT03833,MaterialLot
MAT03834,MaterialLot
MAT03835,MaterialLot
MAT03836,MaterialLot
MAT03837,MaterialLot
MAT03838,MaterialLot
MAT03839,MaterialLot
MAT03840,MaterialLot
MAT03841,MaterialLot
MAT03842,MaterialLot
MAT03843,MaterialLot
MAT03844,MaterialLot
MAT03845,MaterialLot
MAT03846,MaterialLot
MAT03847,MaterialLot
MAT03848,MaterialLot
MAT03849,MaterialLot
MAT03850,MaterialLot
MAT03851,MaterialLot
MAT03852,MaterialLot
MAT03853,MaterialLot
MAT03854,MaterialLot
MAT03855,MaterialLot
MAT03856,MaterialLot
MAT03857,MaterialLot
MAT03858,MaterialLot
MAT03859,MaterialLot
MAT03860,MaterialLot
MAT03861,MaterialLot
MAT03862,MaterialLot
MAT03863,MaterialLot
MAT03864,MaterialLot
MAT03865,MaterialLot
MAT03866,MaterialLot
MAT03867,MaterialLot
MAT03868,MaterialLot
MAT03869,MaterialLot
MAT03870,MaterialLot
MAT03871,MaterialLot
MAT03872,MaterialLot
MAT03873,MaterialLot
MAT03874,MaterialLot
MAT03875,MaterialLot
MAT03876,MaterialLot
MAT03877,MaterialLot
MAT03878,MaterialLot
MAT03879,MaterialLot
MAT03880,MaterialLot
MAT03881,MaterialLot
MAT03882,MaterialLot
MAT03883,MaterialLot
MAT03884,MaterialLot
MAT03885,MaterialLot
MAT03886,MaterialLot
MAT03887,MaterialLot
MAT03888,MaterialLot
MAT03889,MaterialLot
MAT03890,MaterialLot
MAT03891,MaterialLot
MAT03892,MaterialLot
MAT03893,MaterialLot
MAT03894,MaterialLot
MAT03895,MaterialLot
MAT03896,MaterialLot
MAT03897,MaterialLot
MAT03898,MaterialLot
MAT03899,MaterialLot
MAT03900,MaterialLot
MAT03901,MaterialLot
MAT03902,MaterialLot
MAT03903,MaterialLot
MAT03904,MaterialLot
MAT03905,MaterialLot
MAT03906,MaterialLot
MAT03907,MaterialLot
MAT03908,MaterialLot
MAT03909,MaterialLot
MAT03910,MaterialLot
MAT03911,MaterialLot
MAT03912,MaterialLot
MAT03913,MaterialLot
MAT03914,MaterialLot
MAT03915,MaterialLot
MAT03916,MaterialLot
MAT03917,MaterialLot
MAT03918,MaterialLot
MAT03919,MaterialLot
MAT03920,MaterialLot
MAT03921,MaterialLot
MAT03922,MaterialLot
MAT03923,MaterialLot
MAT03924,MaterialLot
MAT03925,MaterialLot
MAT03926,MaterialLot
MAT03927,MaterialLot
MAT03928,MaterialLot
MAT03929,MaterialLot
MAT03930,MaterialLot
MAT03931,MaterialLot
MAT03932,MaterialLot
MAT03933,MaterialLot
MAT03934,MaterialLot
MAT03935,MaterialLot
MAT03936,MaterialLot
MAT03937,MaterialLot
MAT03938,MaterialLot
MAT03939,MaterialLot
MAT03940,MaterialLot
MAT03941,MaterialLot
MAT03942,MaterialLot
MAT03943,MaterialLot
MAT03944,MaterialLot
MAT03945,MaterialLot
MAT03946,MaterialLot
MAT03947,MaterialLot
MAT03948,MaterialLot
MAT03949,MaterialLot
MAT03950,MaterialLot
MAT03951,MaterialLot
MAT03952,MaterialLot
MAT03953,MaterialLot
MAT03954,MaterialLot
MAT03955,MaterialLot
MAT03956,MaterialLot
MAT03957,MaterialLot
MAT03958,MaterialLot
MAT03959,MaterialLot
MAT03960,MaterialLot
MAT03961,MaterialLot
MAT03962,MaterialLot
MAT03963,MaterialLot
MAT03964,MaterialLot
MAT03965,MaterialLot
MAT03966,MaterialLot
MAT03967,MaterialLot
MAT03968,MaterialLot
MAT03969,MaterialLot
MAT03970,MaterialLot
MAT03971,MaterialLot
MAT03972,MaterialLot
MAT03973,MaterialLot
MAT03974,MaterialLot
MAT03975,MaterialLot
MAT03976,MaterialLot
MAT03977,MaterialLot
MAT03978,MaterialLot
MAT03979,MaterialLot
MAT03980,MaterialLot
MAT03981,MaterialLot
MAT03982,MaterialLot
MAT03983,MaterialLot
MAT03984,MaterialLot
MAT03985,MaterialLot
MAT03986,MaterialLot
MAT03987,MaterialLot
MAT03988,MaterialLot
MAT03989,MaterialLot
MAT03990,MaterialLot
MAT03991,MaterialLot
MAT03992,MaterialLot
MAT03993,MaterialLot
MAT03994,MaterialLot
MAT03995,MaterialLot
MAT03996,MaterialLot
MAT03997,MaterialLot
MAT03998,MaterialLot
MAT03999,MaterialLot
MAT04000,MaterialLot
MO00001,MarketOrder
MO00002,MarketOrder
MO00003,MarketOrder
MO00004,MarketOrder
MO00005,MarketOrder
MO00006,MarketOrder
MO00007,MarketOrder
MO00008,MarketOrder
MO00009,MarketOrder
MO00010,MarketOrder
MO00011,MarketOrder
MO00012,MarketOrder
MO00013,MarketOrder
MO00014,MarketOrder
MO00015,MarketOrder
MO00016,MarketOrder
MO00017,MarketOrder
MO00018,MarketOrder
MO00019,MarketOrder
MO00020,MarketOrder
MO00021,MarketOrder
MO00022,MarketOrder
MO00023,MarketOrder
MO00024,MarketOrder
MO00025,MarketOrder
MO00026,MarketOrder
MO00027,MarketOrder
MO00028,MarketOrder
MO00029,MarketOrder
MO00030,MarketOrder
MO00031,MarketOrder
MO00032,MarketOrder
MO00033,MarketOrder
MO00034,MarketOrder
MO00035,MarketOrder
MO00036,MarketOrder
MO00037,MarketOrder
MO00038,MarketOrder
MO00039,MarketOrder
MO00040,MarketOrder
MO00041,MarketOrder
MO00042,MarketOrder
MO00043,MarketOrder
MO00044,MarketOrder
MO00045,MarketOrder
MO00046,MarketOrder
MO00047,MarketOrder
MO00048,MarketOrder
MO00049,MarketOrder
MO00050,MarketOrder
MO00051,MarketOrder
MO00052,MarketOrder
MO00053,MarketOrder
MO00054,MarketOrder
MO00055,MarketOrder
MO00056,MarketOrder
MO00057,MarketOrder
MO00058,MarketOrder
MO00059,MarketOrder
MO00060,MarketOrder
MO00061,MarketOrder
MO00062,MarketOrder
MO00063,MarketOrder
MO00064,MarketOrder
MO00065,MarketOrder
MO00066,MarketOrder
MO00067,MarketOrder
MO00068,MarketOrder
MO00069,MarketOrder
MO00070,MarketOrder
MO00071,MarketOrder
MO00072,MarketOrder
MO00073,MarketOrder
MO00074,MarketOrder
MO00075,MarketOrder
MO00076,MarketOrder
MO00077,MarketOrder
MO00078,MarketOrder
MO00079,MarketOrder
MO00080,MarketOrder
MO00081,MarketOrder
MO00082,MarketOrder
MO00083,MarketOrder
MO00084,MarketOrder
MO00085,MarketOrder
MO00086,MarketOrder
MO00087,MarketOrder
MO00088,MarketOrder
MO00089,MarketOrder
MO00090,MarketOrder
MO00091,MarketOrder
MO00092,MarketOrder
MO00093,MarketOrder
MO00094,MarketOrder
MO00095,MarketOrder
MO00096,MarketOrder
MO00097,MarketOrder
MO00098,MarketOrder
MO00099,MarketOrder
MO00100,MarketOrder
MO00101,MarketOrder
MO00102,MarketOrder
MO00103,MarketOrder
MO00104,MarketOrder
MO00105,MarketOrder
MO00106,MarketOrder
MO00107,MarketOrder
MO00108,MarketOrder
MO00109,MarketOrder
MO00110,MarketOrder
MO00111,MarketOrder
MO00112,MarketOrder
MO00113,MarketOrder
MO00114,MarketOrder
MO00115,MarketOrder
MO00116,MarketOrder
MO00117,MarketOrder
MO00118,MarketOrder
MO00119,MarketOrder
MO00120,MarketOrder
MO00121,MarketOrder
MO00122,MarketOrder
MO00123,MarketOrder
MO00124,MarketOrder
MO00125,MarketOrder
MO00126,MarketOrder
MO00127,MarketOrder
MO00128,MarketOrder
MO00129,MarketOrder
MO00130,MarketOrder
MO00131,MarketOrder
MO00132,MarketOrder
MO00133,MarketOrder
MO00134,MarketOrder
MO00135,MarketOrder
MO00136,MarketOrder
MO00137,MarketOrder
MO00138,MarketOrder
MO00139,MarketOrder
MO00140,MarketOrder
MO00141,MarketOrder
MO00142,MarketOrder
MO00143,MarketOrder
MO00144,MarketOrder
MO00145,MarketOrder
MO00146,MarketOrder
MO00147,MarketOrder
MO00148,MarketOrder
MO00149,MarketOrder
MO00150,MarketOrder
MO00151,MarketOrder
MO00152,MarketOrder
MO00153,MarketOrder
MO00154,MarketOrder
MO00155,MarketOrder
MO00156,MarketOrder
MO00157,MarketOrder
MO00158,MarketOrder
MO00159,MarketOrder
MO00160,MarketOrder
MO00161,MarketOrder
MO00162,MarketOrder
MO00163,MarketOrder
MO00164,MarketOrder
MO00165,MarketOrder
MO00166,MarketOrder
MO00167,MarketOrder
MO00168,MarketOrder
MO00169,MarketOrder
MO00170,MarketOrder
MO00171,MarketOrder
MO00172,MarketOrder
MO00173,MarketOrder
MO00174,MarketOrder
MO00175,MarketOrder
MO00176,MarketOrder
MO00177,MarketOrder
MO00178,MarketOrder
MO00179,MarketOrder
MO00180,MarketOrder
MO00181,MarketOrder
MO00182,MarketOrder
MO00183,MarketOrder
MO00184,MarketOrder
MO00185,MarketOrder
MO00186,MarketOrder
MO00187,MarketOrder
MO00188,MarketOrder
MO00189,MarketOrder
MO00190,MarketOrder
MO00191,MarketOrder
MO00192,MarketOrder
MO00193,MarketOrder
MO00194,MarketOrder
MO00195,MarketOrder
MO00196,MarketOrder
MO00197,MarketOrder
MO00198,MarketOrder
MO00199,MarketOrder
MO00200,MarketOrder
MO00201,MarketOrder
MO00202,MarketOrder
MO00203,MarketOrder
MO00204,MarketOrder
MO00205,MarketOrder
MO00206,MarketOrder
MO00207,MarketOrder
MO00208,MarketOrder
MO00209,MarketOrder
MO00210,MarketOrder
MO00211,MarketOrder
MO00212,MarketOrder
MO00213,MarketOrder
MO00214,MarketOrder
MO00215,MarketOrder
MO00216,MarketOrder
MO00217,MarketOrder
MO00218,MarketOrder
MO00219,MarketOrder
MO00220,MarketOrder
MO00221,MarketOrder
MO00222,MarketOrder
MO00223,MarketOrder
MO00224,MarketOrder
MO00225,MarketOrder
MO00226,MarketOrder
MO00227,MarketOrder
MO00228,MarketOrder
MO00229,MarketOrder
MO00230,MarketOrder
MO00231,MarketOrder
MO00232,MarketOrder
MO00233,MarketOrder
MO00234,MarketOrder
MO00235,MarketOrder
MO00236,MarketOrder
MO00237,MarketOrder
MO00238,MarketOrder
MO00239,MarketOrder
MO00240,MarketOrder
MO00241,MarketOrder
MO00242,MarketOrder
MO00243,MarketOrder
MO00244,MarketOrder
MO00245,MarketOrder
MO00246,MarketOrder
MO00247,MarketOrder
MO00248,MarketOrder
MO00249,MarketOrder
MO00250,MarketOrder
MO00251,MarketOrder
MO00252,MarketOrder
MO00253,MarketOrder
MO00254,MarketOrder
MO00255,MarketOrder
MO00256,MarketOrder
MO00257,MarketOrder
MO00258,MarketOrder
MO00259,MarketOrder
MO00260,MarketOrder
MO00261,MarketOrder
MO00262,MarketOrder
MO00263,MarketOrder
MO00264,MarketOrder
MO00265,MarketOrder
MO00266,MarketOrder
MO00267,MarketOrder
MO00268,MarketOrder
MO00269,MarketOrder
MO00270,MarketOrder
MO00271,MarketOrder
MO00272,MarketOrder
MO00273,MarketOrder
MO00274,MarketOrder
MO00275,MarketOrder
MO00276,MarketOrder
MO00277,MarketOrder
MO00278,MarketOrder
MO00279,MarketOrder
MO00280,MarketOrder
MO00281,MarketOrder
MO00282,MarketOrder
MO00283,MarketOrder
MO00284,MarketOrder
MO00285,MarketOrder
MO00286,MarketOrder
MO00287,MarketOrder
MO00288,MarketOrder
MO00289,MarketOrder
MO00290,MarketOrder
MO00291,MarketOrder
MO00292,MarketOrder
MO00293,MarketOrder
MO00294,MarketOrder
MO00295,MarketOrder
MO00296,MarketOrder
MO00297,MarketOrder
MO00298,MarketOrder
MO00299,MarketOrder
MO00300,MarketOrder
MO00301,MarketOrder
MO00302,MarketOrder
MO00303,MarketOrder
MO00304,MarketOrder
MO00305,MarketOrder
MO00306,MarketOrder
MO00307,MarketOrder
MO00308,MarketOrder
MO00309,MarketOrder
MO00310,MarketOrder
MO00311,MarketOrder
MO00312,MarketOrder
MO00313,MarketOrder
MO00314,MarketOrder
MO00315,MarketOrder
MO00316,MarketOrder
MO00317,MarketOrder
MO00318,MarketOrder
MO00319,MarketOrder
MO00320,MarketOrder
MO00321,MarketOrder
MO00322,MarketOrder
MO00323,MarketOrder
MO00324,MarketOrder
MO00325,MarketOrder
MO00326,MarketOrder
MO00327,MarketOrder
MO00328,MarketOrder
MO00329,MarketOrder
MO00330,MarketOrder
MO00331,MarketOrder
MO00332,MarketOrder
MO00333,MarketOrder
MO00334,MarketOrder
MO00335,MarketOrder
MO00336,MarketOrder
MO00337,MarketOrder
MO00338,MarketOrder
MO00339,MarketOrder
MO00340,MarketOrder
MO00341,MarketOrder
MO00342,MarketOrder
MO00343,MarketOrder
MO00344,MarketOrder
MO00345,MarketOrder
MO00346,MarketOrder
MO00347,MarketOrder
MO00348,MarketOrder
MO00349,MarketOrder
MO00350,MarketOrder
MO00351,MarketOrder
MO00352,MarketOrder
MO00353,MarketOrder
MO00354,MarketOrder
MO00355,MarketOrder
MO00356,MarketOrder
MO00357,MarketOrder
MO00358,MarketOrder
MO00359,MarketOrder
MO00360,MarketOrder
MO00361,MarketOrder
MO00362,MarketOrder
MO00363,MarketOrder
MO00364,MarketOrder
MO00365,MarketOrder
MO00366,MarketOrder
MO00367,MarketOrder
MO00368,MarketOrder
MO00369,MarketOrder
MO00370,MarketOrder
MO00371,MarketOrder
MO00372,MarketOrder
MO00373,MarketOrder
MO00374,MarketOrder
MO00375,MarketOrder
MO00376,MarketOrder
MO00377,MarketOrder
MO00378,MarketOrder
MO00379,MarketOrder
MO00380,MarketOrder
MO00381,MarketOrder
MO00382,MarketOrder
MO00383,MarketOrder
MO00384,MarketOrder
MO00385,MarketOrder
MO00386,MarketOrder
MO00387,MarketOrder
MO00388,MarketOrder
MO00389,MarketOrder
MO00390,MarketOrder
MO00391,MarketOrder
MO00392,MarketOrder
MO00393,MarketOrder
MO00394,MarketOrder
MO00395,MarketOrder
MO00396,MarketOrder
MO00397,MarketOrder
MO00398,MarketOrder
MO00399,MarketOrder
MO00400,MarketOrder
MO00401,MarketOrder
MO00402,MarketOrder
MO00403,MarketOrder
MO00404,MarketOrder
MO00405,MarketOrder
MO00406,MarketOrder
MO00407,MarketOrder
MO00408,MarketOrder
MO00409,MarketOrder
MO00410,MarketOrder
MO00411,MarketOrder
MO00412,MarketOrder
MO00413,MarketOrder
MO00414,MarketOrder
MO00415,MarketOrder
MO00416,MarketOrder
MO00417,MarketOrder
MO00418,MarketOrder
MO00419,MarketOrder
MO00420,MarketOrder
MO00421,MarketOrder
MO00422,MarketOrder
MO00423,MarketOrder
MO00424,MarketOrder
MO00425,MarketOrder
MO00426,MarketOrder
MO00427,MarketOrder
MO00428,MarketOrder
MO00429,MarketOrder
MO00430,MarketOrder
MO00431,MarketOrder
MO00432,MarketOrder
MO00433,MarketOrder
MO00434,MarketOrder
MO00435,MarketOrder
MO00436,MarketOrder
MO00437,MarketOrder
MO00438,MarketOrder
MO00439,MarketOrder
MO00440,MarketOrder
MO00441,MarketOrder
MO00442,MarketOrder
MO00443,MarketOrder
MO00444,MarketOrder
MO00445,MarketOrder
MO00446,MarketOrder
MO00447,MarketOrder
MO00448,MarketOrder
MO00449,MarketOrder
MO00450,MarketOrder
MO00451,MarketOrder
MO00452,MarketOrder
MO00453,MarketOrder
MO00454,MarketOrder
MO00455,MarketOrder
MO00456,MarketOrder
MO00457,MarketOrder
MO00458,MarketOrder
MO00459,MarketOrder
MO00460,MarketOrder
MO00461,MarketOrder
MO00462,MarketOrder
MO00463,MarketOrder
MO00464,MarketOrder
MO00465,MarketOrder
MO00466,MarketOrder
MO00467,MarketOrder
MO00468,MarketOrder
MO00469,MarketOrder
MO00470,MarketOrder
MO00471,MarketOrder
MO00472,MarketOrder
MO00473,MarketOrder
MO00474,MarketOrder
MO00475,MarketOrder
MO00476,MarketOrder
MO00477,MarketOrder
MO00478,MarketOrder
MO00479,MarketOrder
MO00480,MarketOrder
MO00481,MarketOrder
MO00482,MarketOrder
MO00483,MarketOrder
MO00484,MarketOrder
MO00485,MarketOrder
MO00486,MarketOrder
MO00487,MarketOrder
MO00488,MarketOrder
MO00489,MarketOrder
MO00490,MarketOrder
MO00491,MarketOrder
MO00492,MarketOrder
MO00493,MarketOrder
MO00494,MarketOrder
MO00495,MarketOrder
MO00496,MarketOrder
MO00497,MarketOrder
MO00498,MarketOrder
MO00499,MarketOrder
MO00500,MarketOrder
MO00501,MarketOrder
MO00502,MarketOrder
MO00503,MarketOrder
MO00504,MarketOrder
MO00505,MarketOrder
MO00506,MarketOrder
MO00507,MarketOrder
MO00508,MarketOrder
MO00509,MarketOrder
MO00510,MarketOrder
MO00511,MarketOrder
MO00512,MarketOrder
MO00513,MarketOrder
MO00514,MarketOrder
MO00515,MarketOrder
MO00516,MarketOrder
MO00517,MarketOrder
MO00518,MarketOrder
MO00519,MarketOrder
MO00520,MarketOrder
MO00521,MarketOrder
MO00522,MarketOrder
MO00523,MarketOrder
MO00524,MarketOrder
MO00525,MarketOrder
MO00526,MarketOrder
MO00527,MarketOrder
MO00528,MarketOrder
MO00529,MarketOrder
MO00530,MarketOrder
MO00531,MarketOrder
MO00532,MarketOrder
MO00533,MarketOrder
MO00534,MarketOrder
MO00535,MarketOrder
MO00536,MarketOrder
MO00537,MarketOrder
MO00538,MarketOrder
MO00539,MarketOrder
MO00540,MarketOrder
MO00541,MarketOrder
MO00542,MarketOrder
MO00543,MarketOrder
MO00544,MarketOrder
MO00545,MarketOrder
MO00546,MarketOrder
MO00547,MarketOrder
MO00548,MarketOrder
MO00549,MarketOrder
MO00550,MarketOrder
MO00551,MarketOrder
MO00552,MarketOrder
MO00553,MarketOrder
MO00554,MarketOrder
MO00555,MarketOrder
MO00556,MarketOrder
MO00557,MarketOrder
MO00558,MarketOrder
MO00559,MarketOrder
MO00560,MarketOrder
MO00561,MarketOrder
MO00562,MarketOrder
MO00563,MarketOrder
MO00564,MarketOrder
MO00565,MarketOrder
MO00566,MarketOrder
MO00567,MarketOrder
MO00568,MarketOrder
MO00569,MarketOrder
MO00570,MarketOrder
MO00571,MarketOrder
MO00572,MarketOrder
MO00573,MarketOrder
MO00574,MarketOrder
MO00575,MarketOrder
MO00576,MarketOrder
MO00577,MarketOrder
MO00578,MarketOrder
MO00579,MarketOrder
MO00580,MarketOrder
MO00581,MarketOrder
MO00582,MarketOrder
MO00583,MarketOrder
MO00584,MarketOrder
MO00585,MarketOrder
MO00586,MarketOrder
MO00587,MarketOrder
MO00588,MarketOrder
MO00589,MarketOrder
MO00590,MarketOrder
MO00591,MarketOrder
MO00592,MarketOrder
MO00593,MarketOrder
MO00594,MarketOrder
MO00595,MarketOrder
MO00596,MarketOrder
MO00597,MarketOrder
MO00598,MarketOrder
MO00599,MarketOrder
MO00600,MarketOrder
MO00601,MarketOrder
MO00602,MarketOrder
MO00603,MarketOrder
MO00604,MarketOrder
MO00605,MarketOrder
MO00606,MarketOrder
MO00607,MarketOrder
MO00608,MarketOrder
MO00609,MarketOrder
MO00610,MarketOrder
MO00611,MarketOrder
MO00612,MarketOrder
MO00613,MarketOrder
MO00614,MarketOrder
MO00615,MarketOrder
MO00616,MarketOrder
MO00617,MarketOrder
MO00618,MarketOrder
MO00619,MarketOrder
MO00620,MarketOrder
MO00621,MarketOrder
MO00622,MarketOrder
MO00623,MarketOrder
MO00624,MarketOrder
MO00625,MarketOrder
MO00626,MarketOrder
MO00627,MarketOrder
MO00628,MarketOrder
MO00629,MarketOrder
MO00630,MarketOrder
MO00631,MarketOrder
MO00632,MarketOrder
MO00633,MarketOrder
MO00634,MarketOrder
MO00635,MarketOrder
MO00636,MarketOrder
MO00637,MarketOrder
MO00638,MarketOrder
MO00639,MarketOrder
MO00640,MarketOrder
MO00641,MarketOrder
MO00642,MarketOrder
MO00643,MarketOrder
MO00644,MarketOrder
MO00645,MarketOrder
MO00646,MarketOrder
MO00647,MarketOrder
MO00648,MarketOrder
MO00649,MarketOrder
MO00650,MarketOrder
MO00651,MarketOrder
MO00652,MarketOrder
MO00653,MarketOrder
MO00654,MarketOrder
MO00655,MarketOrder
MO00656,MarketOrder
MO00657,MarketOrder
MO00658,MarketOrder
MO00659,MarketOrder
MO00660,MarketOrder
MO00661,MarketOrder
MO00662,MarketOrder
MO00663,MarketOrder
MO00664,MarketOrder
MO00665,MarketOrder
MO00666,MarketOrder
MO00667,MarketOrder
MO00668,MarketOrder
MO00669,MarketOrder
MO00670,MarketOrder
MO00671,MarketOrder
MO00672,MarketOrder
MO00673,MarketOrder
MO00674,MarketOrder
MO00675,MarketOrder
MO00676,MarketOrder
MO00677,MarketOrder
MO00678,MarketOrder
MO00679,MarketOrder
MO00680,MarketOrder
MO00681,MarketOrder
MO00682,MarketOrder
MO00683,MarketOrder
MO00684,MarketOrder
MO00685,MarketOrder
MO00686,MarketOrder
MO00687,MarketOrder
MO00688,MarketOrder
MO00689,MarketOrder
MO00690,MarketOrder
MO00691,MarketOrder
MO00692,MarketOrder
MO00693,MarketOrder
MO00694,MarketOrder
MO00695,MarketOrder
MO00696,MarketOrder
MO00697,MarketOrder
MO00698,MarketOrder
MO00699,MarketOrder
MO00700,MarketOrder
MO00701,MarketOrder
MO00702,MarketOrder
MO00703,MarketOrder
MO00704,MarketOrder
MO00705,MarketOrder
MO00706,MarketOrder
MO00707,MarketOrder
MO00708,MarketOrder
MO00709,MarketOrder
MO00710,MarketOrder
MO00711,MarketOrder
MO00712,MarketOrder
MO00713,MarketOrder
MO00714,MarketOrder
MO00715,MarketOrder
MO00716,MarketOrder
MO00717,MarketOrder
MO00718,MarketOrder
MO00719,MarketOrder
MO00720,MarketOrder
MO00721,MarketOrder
MO00722,MarketOrder
MO00723,MarketOrder
MO00724,MarketOrder
MO00725,MarketOrder
MO00726,MarketOrder
MO00727,MarketOrder
MO00728,MarketOrder
MO00729,MarketOrder
MO00730,MarketOrder
MO00731,MarketOrder
MO00732,MarketOrder
MO00733,MarketOrder
MO00734,MarketOrder
MO00735,MarketOrder
MO00736,MarketOrder
MO00737,MarketOrder
MO00738,MarketOrder
MO00739,MarketOrder
MO00740,MarketOrder
MO00741,MarketOrder
MO00742,MarketOrder
MO00743,MarketOrder
MO00744,MarketOrder
MO00745,MarketOrder
MO00746,MarketOrder
MO00747,MarketOrder
MO00748,MarketOrder
MO00749,MarketOrder
MO00750,MarketOrder
MO00751,MarketOrder
MO00752,MarketOrder
MO00753,MarketOrder
MO00754,MarketOrder
MO00755,MarketOrder
MO00756,MarketOrder
MO00757,MarketOrder
MO00758,MarketOrder
MO00759,MarketOrder
MO00760,MarketOrder
MO00761,MarketOrder
MO00762,MarketOrder
MO00763,MarketOrder
MO00764,MarketOrder
MO00765,MarketOrder
MO00766,MarketOrder
MO00767,MarketOrder
MO00768,MarketOrder
MO00769,MarketOrder
MO00770,MarketOrder
MO00771,MarketOrder
MO00772,MarketOrder
MO00773,MarketOrder
MO00774,MarketOrder
MO00775,MarketOrder
MO00776,MarketOrder
MO00777,MarketOrder
MO00778,MarketOrder
MO00779,MarketOrder
MO00780,MarketOrder
MO00781,MarketOrder
MO00782,MarketOrder
MO00783,MarketOrder
MO00784,MarketOrder
MO00785,MarketOrder
MO00786,MarketOrder
MO00787,MarketOrder
MO00788,MarketOrder
MO00789,MarketOrder
MO00790,MarketOrder
MO00791,MarketOrder
MO00792,MarketOrder
MO00793,MarketOrder
MO00794,MarketOrder
MO00795,MarketOrder
MO00796,MarketOrder
MO00797,MarketOrder
MO00798,MarketOrder
MO00799,MarketOrder
MO00800,MarketOrder
MO00801,MarketOrder
MO00802,MarketOrder
MO00803,MarketOrder
MO00804,MarketOrder
MO00805,MarketOrder
MO00806,MarketOrder
MO00807,MarketOrder
MO00808,MarketOrder
MO00809,MarketOrder
MO00810,MarketOrder
MO00811,MarketOrder
MO00812,MarketOrder
MO00813,MarketOrder
MO00814,MarketOrder
MO00815,MarketOrder
MO00816,MarketOrder
MO00817,MarketOrder
MO00818,MarketOrder
MO00819,MarketOrder
MO00820,MarketOrder
MO00821,MarketOrder
MO00822,MarketOrder
MO00823,MarketOrder
MO00824,MarketOrder
MO00825,MarketOrder
MO00826,MarketOrder
MO00827,MarketOrder
MO00828,MarketOrder
MO00829,MarketOrder
MO00830,MarketOrder
MO00831,MarketOrder
MO00832,MarketOrder
MO00833,MarketOrder
MO00834,MarketOrder
MO00835,MarketOrder
MO00836,MarketOrder
MO00837,MarketOrder
MO00838,MarketOrder
MO00839,MarketOrder
MO00840,MarketOrder
MO00841,MarketOrder
MO00842,MarketOrder
MO00843,MarketOrder
MO00844,MarketOrder
MO00845,MarketOrder
MO00846,MarketOrder
MO00847,MarketOrder
MO00848,MarketOrder
MO00849,MarketOrder
MO00850,MarketOrder
MO00851,MarketOrder
MO00852,MarketOrder
MO00853,MarketOrder
MO00854,MarketOrder
MO00855,MarketOrder
MO00856,MarketOrder
MO00857,MarketOrder
MO00858,MarketOrder
MO00859,MarketOrder
MO00860,MarketOrder
MO00861,MarketOrder
MO00862,MarketOrder
MO00863,MarketOrder
MO00864,MarketOrder
MO00865,MarketOrder
MO00866,MarketOrder
MO00867,MarketOrder
MO00868,MarketOrder
MO00869,MarketOrder
MO00870,MarketOrder
MO00871,MarketOrder
MO00872,MarketOrder
MO00873,MarketOrder
MO00874,MarketOrder
MO00875,MarketOrder
MO00876,MarketOrder
MO00877,MarketOrder
MO00878,MarketOrder
MO00879,MarketOrder
MO00880,MarketOrder
MO00881,MarketOrder
MO00882,MarketOrder
MO00883,MarketOrder
MO00884,MarketOrder
MO00885,MarketOrder
MO00886,MarketOrder
MO00887,MarketOrder
MO00888,MarketOrder
MO00889,MarketOrder
MO00890,MarketOrder
MO00891,MarketOrder
MO00892,MarketOrder
MO00893,MarketOrder
MO00894,MarketOrder
MO00895,MarketOrder
MO00896,MarketOrder
MO00897,MarketOrder
MO00898,MarketOrder
MO00899,MarketOrder
MO00900,MarketOrder
MO00901,MarketOrder
MO00902,MarketOrder
MO00903,MarketOrder
MO00904,MarketOrder
MO00905,MarketOrder
MO00906,MarketOrder
MO00907,MarketOrder
MO00908,MarketOrder
MO00909,MarketOrder
MO00910,MarketOrder
MO00911,MarketOrder
MO00912,MarketOrder
MO00913,MarketOrder
MO00914,MarketOrder
MO00915,MarketOrder
MO00916,MarketOrder
MO00917,MarketOrder
MO00918,MarketOrder
MO00919,MarketOrder
MO00920,MarketOrder
MO00921,MarketOrder
MO00922,MarketOrder
MO00923,MarketOrder
MO00924,MarketOrder
MO00925,MarketOrder
MO00926,MarketOrder
MO00927,MarketOrder
MO00928,MarketOrder
MO00929,MarketOrder
MO00930,MarketOrder
MO00931,MarketOrder
MO00932,MarketOrder
MO00933,MarketOrder
MO00934,MarketOrder
MO00935,MarketOrder
MO00936,MarketOrder
MO00937,MarketOrder
MO00938,MarketOrder
MO00939,MarketOrder
MO00940,MarketOrder
MO00941,MarketOrder
MO00942,MarketOrder
MO00943,MarketOrder
MO00944,MarketOrder
MO00945,MarketOrder
MO00946,MarketOrder
MO00947,MarketOrder
MO00948,MarketOrder
MO00949,MarketOrder
MO00950,MarketOrder
MO00951,MarketOrder
MO00952,MarketOrder
MO00953,MarketOrder
MO00954,MarketOrder
MO00955,MarketOrder
MO00956,MarketOrder
MO00957,MarketOrder
MO00958,MarketOrder
MO00959,MarketOrder
MO00960,MarketOrder
MO00961,MarketOrder
MO00962,MarketOrder
MO00963,MarketOrder
MO00964,MarketOrder
MO00965,MarketOrder
MO00966,MarketOrder
MO00967,MarketOrder
MO00968,MarketOrder
MO00969,MarketOrder
MO00970,MarketOrder
MO00971,MarketOrder
MO00972,MarketOrder
MO00973,MarketOrder
MO00974,MarketOrder
MO00975,MarketOrder
MO00976,MarketOrder
MO00977,MarketOrder
MO00978,MarketOrder
MO00979,MarketOrder
MO00980,MarketOrder
MO00981,MarketOrder
MO00982,MarketOrder
MO00983,MarketOrder
MO00984,MarketOrder
MO00985,MarketOrder
MO00986,MarketOrder
MO00987,MarketOrder
MO00988,MarketOrder
MO00989,MarketOrder
MO00990,MarketOrder
MO00991,MarketOrder
MO00992,MarketOrder
MO00993,MarketOrder
MO00994,MarketOrder
MO00995,MarketOrder
MO00996,MarketOrder
MO00997,MarketOrder
MO00998,MarketOrder
MO00999,MarketOrder
MO01000,MarketOrder
MO01001,MarketOrder
MO01002,MarketOrder
MO01003,MarketOrder
MO01004,MarketOrder
MO01005,MarketOrder
MO01006,MarketOrder
MO01007,MarketOrder
MO01008,MarketOrder
MO01009,MarketOrder
MO01010,MarketOrder
MO01011,MarketOrder
MO01012,MarketOrder
MO01013,MarketOrder
MO01014,MarketOrder
MO01015,MarketOrder
MO01016,MarketOrder
MO01017,MarketOrder
MO01018,MarketOrder
MO01019,MarketOrder
MO01020,MarketOrder
MO01021,MarketOrder
MO01022,MarketOrder
MO01023,MarketOrder
MO01024,MarketOrder
MO01025,MarketOrder
MO01026,MarketOrder
MO01027,MarketOrder
MO01028,MarketOrder
MO01029,MarketOrder
MO01030,MarketOrder
MO01031,MarketOrder
MO01032,MarketOrder
MO01033,MarketOrder
MO01034,MarketOrder
MO01035,MarketOrder
MO01036,MarketOrder
MO01037,MarketOrder
MO01038,MarketOrder
MO01039,MarketOrder
MO01040,MarketOrder
MO01041,MarketOrder
MO01042,MarketOrder
MO01043,MarketOrder
MO01044,MarketOrder
MO01045,MarketOrder
MO01046,MarketOrder
MO01047,MarketOrder
MO01048,MarketOrder
MO01049,MarketOrder
MO01050,MarketOrder
MO01051,MarketOrder
MO01052,MarketOrder
MO01053,MarketOrder
MO01054,MarketOrder
MO01055,MarketOrder
MO01056,MarketOrder
MO01057,MarketOrder
MO01058,MarketOrder
MO01059,MarketOrder
MO01060,MarketOrder
MO01061,MarketOrder
MO01062,MarketOrder
MO01063,MarketOrder
MO01064,MarketOrder
MO01065,MarketOrder
MO01066,MarketOrder
MO01067,MarketOrder
MO01068,MarketOrder
MO01069,MarketOrder
MO01070,MarketOrder
MO01071,MarketOrder
MO01072,MarketOrder
MO01073,MarketOrder
MO01074,MarketOrder
MO01075,MarketOrder
MO01076,MarketOrder
MO01077,MarketOrder
MO01078,MarketOrder
MO01079,MarketOrder
MO01080,MarketOrder
MO01081,MarketOrder
MO01082,MarketOrder
MO01083,MarketOrder
MO01084,MarketOrder
MO01085,MarketOrder
MO01086,MarketOrder
MO01087,MarketOrder
MO01088,MarketOrder
MO01089,MarketOrder
MO01090,MarketOrder
MO01091,MarketOrder
MO01092,MarketOrder
MO01093,MarketOrder
MO01094,MarketOrder
MO01095,MarketOrder
MO01096,MarketOrder
MO01097,MarketOrder
MO01098,MarketOrder
MO01099,MarketOrder
MO01100,MarketOrder
MO01101,MarketOrder
MO01102,MarketOrder
MO01103,MarketOrder
MO01104,MarketOrder
MO01105,MarketOrder
MO01106,MarketOrder
MO01107,MarketOrder
MO01108,MarketOrder
MO01109,MarketOrder
MO01110,MarketOrder
MO01111,MarketOrder
MO01112,MarketOrder
MO01113,MarketOrder
MO01114,MarketOrder
MO01115,MarketOrder
MO01116,MarketOrder
MO01117,MarketOrder
MO01118,MarketOrder
MO01119,MarketOrder
MO01120,MarketOrder
MO01121,MarketOrder
MO01122,MarketOrder
MO01123,MarketOrder
MO01124,MarketOrder
MO01125,MarketOrder
MO01126,MarketOrder
MO01127,MarketOrder
MO01128,MarketOrder
MO01129,MarketOrder
MO01130,MarketOrder
MO01131,MarketOrder
MO01132,MarketOrder
MO01133,MarketOrder
MO01134,MarketOrder
MO01135,MarketOrder
MO01136,MarketOrder
MO01137,MarketOrder
MO01138,MarketOrder
MO01139,MarketOrder
MO01140,MarketOrder
MO01141,MarketOrder
MO01142,MarketOrder
MO01143,MarketOrder
MO01144,MarketOrder
MO01145,MarketOrder
MO01146,MarketOrder
MO01147,MarketOrder
MO01148,MarketOrder
MO01149,MarketOrder
MO01150,MarketOrder
MO01151,MarketOrder
MO01152,MarketOrder
MO01153,MarketOrder
MO01154,MarketOrder
MO01155,MarketOrder
MO01156,MarketOrder
MO01157,MarketOrder
MO01158,MarketOrder
MO01159,MarketOrder
MO01160,MarketOrder
MO01161,MarketOrder
MO01162,MarketOrder
MO01163,MarketOrder
MO01164,MarketOrder
MO01165,MarketOrder
MO01166,MarketOrder
MO01167,MarketOrder
MO01168,MarketOrder
MO01169,MarketOrder
MO01170,MarketOrder
MO01171,MarketOrder
MO01172,MarketOrder
MO01173,MarketOrder
MO01174,MarketOrder
MO01175,MarketOrder
MO01176,MarketOrder
MO01177,MarketOrder
MO01178,MarketOrder
MO01179,MarketOrder
MO01180,MarketOrder
MO01181,MarketOrder
MO01182,MarketOrder
MO01183,MarketOrder
MO01184,MarketOrder
MO01185,MarketOrder
MO01186,MarketOrder
MO01187,MarketOrder
MO01188,MarketOrder
MO01189,MarketOrder
MO01190,MarketOrder
MO01191,MarketOrder
MO01192,MarketOrder
MO01193,MarketOrder
MO01194,MarketOrder
MO01195,MarketOrder
MO01196,MarketOrder
MO01197,MarketOrder
MO01198,MarketOrder
MO01199,MarketOrder
MO01200,MarketOrder
MO01201,MarketOrder
MO01202,MarketOrder
MO01203,MarketOrder
MO01204,MarketOrder
MO01205,MarketOrder
MO01206,MarketOrder
MO01207,MarketOrder
MO01208,MarketOrder
MO01209,MarketOrder
MO01210,MarketOrder
MO01211,MarketOrder
MO01212,MarketOrder
MO01213,MarketOrder
MO01214,MarketOrder
MO01215,MarketOrder
MO01216,MarketOrder
MO01217,MarketOrder
MO01218,MarketOrder
MO01219,MarketOrder
MO01220,MarketOrder
MO01221,MarketOrder
MO01222,MarketOrder
MO01223,MarketOrder
MO01224,MarketOrder
MO01225,MarketOrder
MO01226,MarketOrder
MO01227,MarketOrder
MO01228,MarketOrder
MO01229,MarketOrder
MO01230,MarketOrder
MO01231,MarketOrder
MO01232,MarketOrder
MO01233,MarketOrder
MO01234,MarketOrder
MO01235,MarketOrder
MO01236,MarketOrder
MO01237,MarketOrder
MO01238,MarketOrder
MO01239,MarketOrder
MO01240,MarketOrder
MO01241,MarketOrder
MO01242,MarketOrder
MO01243,MarketOrder
MO01244,MarketOrder
MO01245,MarketOrder
MO01246,MarketOrder
MO01247,MarketOrder
MO01248,MarketOrder
MO01249,MarketOrder
MO01250,MarketOrder
MO01251,MarketOrder
MO01252,MarketOrder
MO01253,MarketOrder
MO01254,MarketOrder
MO01255,MarketOrder
MO01256,MarketOrder
MO01257,MarketOrder
MO01258,MarketOrder
MO01259,MarketOrder
MO01260,MarketOrder
MO01261,MarketOrder
MO01262,MarketOrder
MO01263,MarketOrder
MO01264,MarketOrder
MO01265,MarketOrder
MO01266,MarketOrder
MO01267,MarketOrder
MO01268,MarketOrder
MO01269,MarketOrder
MO01270,MarketOrder
MO01271,MarketOrder
MO01272,MarketOrder
MO01273,MarketOrder
MO01274,MarketOrder
MO01275,MarketOrder
MO01276,MarketOrder
MO01277,MarketOrder
MO01278,MarketOrder
MO01279,MarketOrder
MO01280,MarketOrder
MO01281,MarketOrder
MO01282,MarketOrder
MO01283,MarketOrder
MO01284,MarketOrder
MO01285,MarketOrder
MO01286,MarketOrder
MO01287,MarketOrder
MO01288,MarketOrder
MO01289,MarketOrder
MO01290,MarketOrder
MO01291,MarketOrder
MO01292,MarketOrder
MO01293,MarketOrder
MO01294,MarketOrder
MO01295,MarketOrder
MO01296,MarketOrder
MO01297,MarketOrder
MO01298,MarketOrder
MO01299,MarketOrder
MO01300,MarketOrder
MO01301,MarketOrder
MO01302,MarketOrder
MO01303,MarketOrder
MO01304,MarketOrder
MO01305,MarketOrder
MO01306,MarketOrder
MO01307,MarketOrder
MO01308,MarketOrder
MO01309,MarketOrder
MO01310,MarketOrder
MO01311,MarketOrder
MO01312,MarketOrder
MO01313,MarketOrder
MO01314,MarketOrder
MO01315,MarketOrder
MO01316,MarketOrder
MO01317,MarketOrder
MO01318,MarketOrder
MO01319,MarketOrder
MO01320,MarketOrder
MO01321,MarketOrder
MO01322,MarketOrder
MO01323,MarketOrder
MO01324,MarketOrder
MO01325,MarketOrder
MO01326,MarketOrder
MO01327,MarketOrder
MO01328,MarketOrder
MO01329,MarketOrder
MO01330,MarketOrder
MO01331,MarketOrder
MO01332,MarketOrder
MO01333,MarketOrder
MO01334,MarketOrder
MO01335,MarketOrder
MO01336,MarketOrder
MO01337,MarketOrder
MO01338,MarketOrder
MO01339,MarketOrder
MO01340,MarketOrder
MO01341,MarketOrder
MO01342,MarketOrder
MO01343,MarketOrder
MO01344,MarketOrder
MO01345,MarketOrder
MO01346,MarketOrder
MO01347,MarketOrder
MO01348,MarketOrder
MO01349,MarketOrder
MO01350,MarketOrder
MO01351,MarketOrder
MO01352,MarketOrder
MO01353,MarketOrder
MO01354,MarketOrder
MO01355,MarketOrder
MO01356,MarketOrder
MO01357,MarketOrder
MO01358,MarketOrder
MO01359,MarketOrder
MO01360,MarketOrder
MO01361,MarketOrder
MO01362,MarketOrder
MO01363,MarketOrder
MO01364,MarketOrder
MO01365,MarketOrder
MO01366,MarketOrder
MO01367,MarketOrder
MO01368,MarketOrder
MO01369,MarketOrder
MO01370,MarketOrder
MO01371,MarketOrder
MO01372,MarketOrder
MO01373,MarketOrder
MO01374,MarketOrder
MO01375,MarketOrder
MO01376,MarketOrder
MO01377,MarketOrder
MO01378,MarketOrder
MO01379,MarketOrder
MO01380,MarketOrder
MO01381,MarketOrder
MO01382,MarketOrder
MO01383,MarketOrder
MO01384,MarketOrder
MO01385,MarketOrder
MO01386,MarketOrder
MO01387,MarketOrder
MO01388,MarketOrder
MO01389,MarketOrder
MO01390,MarketOrder
MO01391,MarketOrder
MO01392,MarketOrder
MO01393,MarketOrder
MO01394,MarketOrder
MO01395,MarketOrder
MO01396,MarketOrder
MO01397,MarketOrder
MO01398,MarketOrder
MO01399,MarketOrder
MO01400,MarketOrder
MO01401,MarketOrder
MO01402,MarketOrder
MO01403,MarketOrder
MO01404,MarketOrder
MO01405,MarketOrder
MO01406,MarketOrder
MO01407,MarketOrder
MO01408,MarketOrder
MO01409,MarketOrder
MO01410,MarketOrder
MO01411,MarketOrder
MO01412,MarketOrder
MO01413,MarketOrder
MO01414,MarketOrder
MO01415,MarketOrder
MO01416,MarketOrder
MO01417,MarketOrder
MO01418,MarketOrder
MO01419,MarketOrder
MO01420,MarketOrder
MO01421,MarketOrder
MO01422,MarketOrder
MO01423,MarketOrder
MO01424,MarketOrder
MO01425,MarketOrder
MO01426,MarketOrder
MO01427,MarketOrder
MO01428,MarketOrder
MO01429,MarketOrder
MO01430,MarketOrder
MO01431,MarketOrder
MO01432,MarketOrder
MO01433,MarketOrder
MO01434,MarketOrder
MO01435,MarketOrder
MO01436,MarketOrder
MO01437,MarketOrder
MO01438,MarketOrder
MO01439,MarketOrder
MO01440,MarketOrder
MO01441,MarketOrder
MO01442,MarketOrder
MO01443,MarketOrder
MO01444,MarketOrder
MO01445,MarketOrder
MO01446,MarketOrder
MO01447,MarketOrder
MO01448,MarketOrder
MO01449,MarketOrder
MO01450,MarketOrder
MO01451,MarketOrder
MO01452,MarketOrder
MO01453,MarketOrder
MO01454,MarketOrder
MO01455,MarketOrder
MO01456,MarketOrder
MO01457,MarketOrder
MO01458,MarketOrder
MO01459,MarketOrder
MO01460,MarketOrder
MO01461,MarketOrder
MO01462,MarketOrder
MO01463,MarketOrder
MO01464,MarketOrder
MO01465,MarketOrder
MO01466,MarketOrder
MO01467,MarketOrder
MO01468,MarketOrder
MO01469,MarketOrder
MO01470,MarketOrder
MO01471,MarketOrder
MO01472,MarketOrder
MO01473,MarketOrder
MO01474,MarketOrder
MO01475,MarketOrder
MO01476,MarketOrder
MO01477,MarketOrder
MO01478,MarketOrder
MO01479,MarketOrder
MO01480,MarketOrder
MO01481,MarketOrder
MO01482,MarketOrder
MO01483,MarketOrder
MO01484,MarketOrder
MO01485,MarketOrder
MO01486,MarketOrder
MO01487,MarketOrder
MO01488,MarketOrder
MO01489,MarketOrder
MO01490,MarketOrder
MO01491,MarketOrder
MO01492,MarketOrder
MO01493,MarketOrder
MO01494,MarketOrder
MO01495,MarketOrder
MO01496,MarketOrder
MO01497,MarketOrder
MO01498,MarketOrder
MO01499,MarketOrder
MO01500,MarketOrder
BATCH00001,Batch
BATCH00002,Batch
QCS00001,QCSample
BATCH00003,Batch
QCS00002,QCSample
BATCH00004,Batch
BATCH00005,Batch
BATCH00006,Batch
DEVIAT0001,Deviation
QCS00003,QCSample
BATCH00007,Batch
QCS00004,QCSample
BATCH00008,Batch
QCS00005,QCSample
BATCH00009,Batch
QCS00006,QCSample
BATCH00010,Batch
DEVIAT0002,Deviation
QCS00007,QCSample
BATCH00011,Batch
QCS00008,QCSample
BATCH00012,Batch
QCS00009,QCSample
BATCH00013,Batch
QCS00010,QCSample
BATCH00014,Batch
QCS00011,QCSample
BATCH00015,Batch
DEVIAT0003,Deviation
QCS00012,QCSample
BATCH00016,Batch
QCS00013,QCSample
BATCH00017,Batch
QCS00014,QCSample
BATCH00018,Batch
QCS00015,QCSample
BATCH00019,Batch
QCS00016,QCSample
BATCH00020,Batch
QCS00017,QCSample
BATCH00021,Batch
QCS00018,QCSample
BATCH00022,Batch
QCS00019,QCSample
BATCH00023,Batch
QCS00020,QCSample
BATCH00024,Batch
QCS00021,QCSample
BATCH00025,Batch
QCS00022,QCSample
BATCH00026,Batch
QCS00023,QCSample
BATCH00027,Batch
QCS00024,QCSample
BATCH00028,Batch
QCS00025,QCSample
BATCH00029,Batch
QCS00026,QCSample
BATCH00030,Batch
QCS00027,QCSample
BATCH00031,Batch
DEVIAT0004,Deviation
QCS00028,QCSample
BATCH00032,Batch
QCS00029,QCSample
BATCH00033,Batch
QCS00030,QCSample
BATCH00034,Batch
QCS00031,QCSample
BATCH00035,Batch
QCS00032,QCSample
BATCH00036,Batch
QCS00033,QCSample
BATCH00037,Batch
QCS00034,QCSample
BATCH00038,Batch
QCS00035,QCSample
DEVIAT0005,Deviation
QCS00036,QCSample
BATCH00039,Batch
QCS00037,QCSample
BATCH00040,Batch
QCS00038,QCSample
DEVIAT0006,Deviation
QCS00039,QCSample
BATCH00041,Batch
BATCH00042,Batch
QCS00040,QCSample
BATCH00043,Batch
QCS00041,QCSample
BATCH00044,Batch
QCS00042,QCSample
BATCH00045,Batch
QCS00043,QCSample
BATCH00046,Batch
DEVIAT0007,Deviation
QCS00044,QCSample
BATCH00047,Batch
QCS00045,QCSample
BATCH00048,Batch
QCS00046,QCSample
BATCH00049,Batch
BATCH00050,Batch
QCS00047,QCSample
BATCH00051,Batch
DEVIAT0008,Deviation
QCS00048,QCSample
BATCH00052,Batch
QCS00049,QCSample
BATCH00053,Batch
QCS00050,QCSample
BATCH00054,Batch
QCS00051,QCSample
BATCH00055,Batch
QCS00052,QCSample
BATCH00056,Batch
BATCH00057,Batch
QCS00053,QCSample
BATCH00058,Batch
QCS00054,QCSample
BATCH00059,Batch
QCS00055,QCSample
BATCH00060,Batch
QCS00056,QCSample
DEVIAT0009,Deviation
QCS00057,QCSample
BATCH00061,Batch
QCS00058,QCSample
BATCH00062,Batch
QCS00059,QCSample
BATCH00063,Batch
QCS00060,QCSample
BATCH00064,Batch
DEVIAT0010,Deviation
QCS00061,QCSample
BATCH00065,Batch
QCS00062,QCSample
BATCH00066,Batch
QCS00063,QCSample
BATCH00067,Batch
DEVIAT0011,Deviation
QCS00064,QCSample
QCS00065,QCSample
BATCH00068,Batch
QCS00066,QCSample
DEVIAT0012,Deviation
QCS00067,QCSample
BATCH00069,Batch
QCS00068,QCSample
BATCH00070,Batch
QCS00069,QCSample
BATCH00071,Batch
QCS00070,QCSample
BATCH00072,Batch
BATCH00073,Batch
BATCH00074,Batch
QCS00071,QCSample
BATCH00075,Batch
QCS00072,QCSample
BATCH00076,Batch
QCS00073,QCSample
BATCH00077,Batch
QCS00074,QCSample
BATCH00078,Batch
QCS00075,QCSample
BATCH00079,Batch
QCS00076,QCSample
BATCH00080,Batch
QCS00077,QCSample
BATCH00081,Batch
QCS00078,QCSample
BATCH00082,Batch
QCS00079,QCSample
DEVIAT0013,Deviation
QCS00080,QCSample
BATCH00083,Batch
BATCH00084,Batch
QCS00081,QCSample
BATCH00085,Batch
QCS00082,QCSample
BATCH00086,Batch
QCS00083,QCSample
BATCH00087,Batch
QCS00084,QCSample
BATCH00088,Batch
QCS00085,QCSample
BATCH00089,Batch
QCS00086,QCSample
BATCH00090,Batch
QCS00087,QCSample
BATCH00091,Batch
QCS00088,QCSample
BATCH00092,Batch
DEVIAT0014,Deviation
QCS00089,QCSample
BATCH00093,Batch
QCS00090,QCSample
BATCH00094,Batch
QCS00091,QCSample
BATCH00095,Batch
QCS00092,QCSample
BATCH00096,Batch
QCS00093,QCSample
BATCH00097,Batch
QCS00094,QCSample
BATCH00098,Batch
QCS00095,QCSample
BATCH00099,Batch
QCS00096,QCSample
BATCH00100,Batch
QCS00097,QCSample
BATCH00101,Batch
BATCH00102,Batch
DEVIAT0015,Deviation
QCS00098,QCSample
QCS00099,QCSample
BATCH00103,Batch
QCS00100,QCSample
BATCH00104,Batch
DEVIAT0016,Deviation
QCS00101,QCSample
BATCH00105,Batch
DEVIAT0017,Deviation
QCS00102,QCSample
QCS00103,QCSample
BATCH00106,Batch
QCS00104,QCSample
BATCH00107,Batch
QCS00105,QCSample
BATCH00108,Batch
QCS00106,QCSample
DEVIAT0018,Deviation
QCS00107,QCSample
BATCH00109,Batch
DEVIAT0019,Deviation
QCS00108,QCSample
BATCH00110,Batch
QCS00109,QCSample
DEVIAT0020,Deviation
QCS00110,QCSample
BATCH00111,Batch
QCS00111,QCSample
BATCH00112,Batch
QCS00112,QCSample
BATCH00113,Batch
QCS00113,QCSample
BATCH00114,Batch
QCS00114,QCSample
BATCH00115,Batch
QCS00115,QCSample
DEVIAT0021,Deviation
QCS00116,QCSample
BATCH00116,Batch
QCS00117,QCSample
BATCH00117,Batch
QCS00118,QCSample
BATCH00118,Batch
DEVIAT0022,Deviation
QCS00119,QCSample
BATCH00119,Batch
QCS00120,QCSample
BATCH00120,Batch
QCS00121,QCSample
BATCH00121,Batch
QCS00122,QCSample
BATCH00122,Batch
QCS00123,QCSample
BATCH00123,Batch
QCS00124,QCSample
BATCH00124,Batch
QCS00125,QCSample
BATCH00125,Batch
QCS00126,QCSample
BATCH00126,Batch
QCS00127,QCSample
BATCH00127,Batch
QCS00128,QCSample
BATCH00128,Batch
QCS00129,QCSample
DEVIAT0023,Deviation
QCS00130,QCSample
BATCH00129,Batch
QCS00131,QCSample
BATCH00130,Batch
BATCH00131,Batch
QCS00132,QCSample
BATCH00132,Batch
QCS00133,QCSample
BATCH00133,Batch
QCS00134,QCSample
BATCH00134,Batch
QCS00135,QCSample
BATCH00135,Batch
QCS00136,QCSample
BATCH00136,Batch
DEVIAT0024,Deviation
QCS00137,QCSample
QCS00138,QCSample
BATCH00137,Batch
QCS00139,QCSample
BATCH00138,Batch
QCS00140,QCSample
BATCH00139,Batch
QCS00141,QCSample
BATCH00140,Batch
QCS00142,QCSample
BATCH00141,Batch
QCS00143,QCSample
BATCH00142,Batch
QCS00144,QCSample
BATCH00143,Batch
QCS00145,QCSample
BATCH00144,Batch
QCS00146,QCSample
BATCH00145,Batch
QCS00147,QCSample
BATCH00146,Batch
QCS00148,QCSample
DEVIAT0025,Deviation
QCS00149,QCSample
BATCH00147,Batch
QCS00150,QCSample
BATCH00148,Batch
QCS00151,QCSample
BATCH00149,Batch
QCS00152,QCSample
BATCH00150,Batch
QCS00153,QCSample
BATCH00151,Batch
QCS00154,QCSample
BATCH00152,Batch
DEVIAT0026,Deviation
QCS00155,QCSample
QCS00156,QCSample
BATCH00153,Batch
QCS00157,QCSample
BATCH00154,Batch
QCS00158,QCSample
BATCH00155,Batch
QCS00159,QCSample
BATCH00156,Batch
DEVIAT0027,Deviation
QCS00160,QCSample
QCS00161,QCSample
BATCH00157,Batch
QCS00162,QCSample
BATCH00158,Batch
QCS00163,QCSample
BATCH00159,Batch
QCS00164,QCSample
BATCH00160,Batch
QCS00165,QCSample
BATCH00161,Batch
QCS00166,QCSample
BATCH00162,Batch
QCS00167,QCSample
BATCH00163,Batch
QCS00168,QCSample
BATCH00164,Batch
QCS00169,QCSample
BATCH00165,Batch
BATCH00166,Batch
QCS00170,QCSample
BATCH00167,Batch
QCS00171,QCSample
BATCH00168,Batch
QCS00172,QCSample
BATCH00169,Batch
DEVIAT0028,Deviation
QCS00173,QCSample
QCS00174,QCSample
BATCH00170,Batch
DEVIAT0029,Deviation
QCS00175,QCSample
QCS00176,QCSample
BATCH00171,Batch
QCS00177,QCSample
BATCH00172,Batch
DEVIAT0030,Deviation
QCS00178,QCSample
BATCH00173,Batch
QCS00179,QCSample
BATCH00174,Batch
BATCH00175,Batch
BATCH00176,Batch
QCS00180,QCSample
BATCH00177,Batch
QCS00181,QCSample
BATCH00178,Batch
QCS00182,QCSample
BATCH00179,Batch
QCS00183,QCSample
BATCH00180,Batch
QCS00184,QCSample
BATCH00181,Batch
QCS00185,QCSample
BATCH00182,Batch
BATCH00183,Batch
QCS00186,QCSample
BATCH00184,Batch
QCS00187,QCSample
BATCH00185,Batch
QCS00188,QCSample
BATCH00186,Batch
BATCH00187,Batch
QCS00189,QCSample
BATCH00188,Batch
QCS00190,QCSample
BATCH00189,Batch
QCS00191,QCSample
DEVIAT0031,Deviation
QCS00192,QCSample
BATCH00190,Batch
QCS00193,QCSample
BATCH00191,Batch
QCS00194,QCSample
BATCH00192,Batch
QCS00195,QCSample
BATCH00193,Batch
QCS00196,QCSample
BATCH00194,Batch
DEVIAT0032,Deviation
QCS00197,QCSample
BATCH00195,Batch
DEVIAT0033,Deviation
QCS00198,QCSample
BATCH00196,Batch
QCS00199,QCSample
BATCH00197,Batch
BATCH00198,Batch
QCS00200,QCSample
BATCH00199,Batch
QCS00201,QCSample
DEVIAT0034,Deviation
QCS00202,QCSample
BATCH00200,Batch
QCS00203,QCSample
BATCH00201,Batch
QCS00204,QCSample
BATCH00202,Batch
QCS00205,QCSample
BATCH00203,Batch
DEVIAT0035,Deviation
QCS00206,QCSample
BATCH00204,Batch
QCS00207,QCSample
BATCH00205,Batch
QCS00208,QCSample
BATCH00206,Batch
QCS00209,QCSample
BATCH00207,Batch
QCS00210,QCSample
BATCH00208,Batch
QCS00211,QCSample
BATCH00209,Batch
QCS00212,QCSample
BATCH00210,Batch
QCS00213,QCSample
BATCH00211,Batch
QCS00214,QCSample
BATCH00212,Batch
QCS00215,QCSample
BATCH00213,Batch
QCS00216,QCSample
BATCH00214,Batch
QCS00217,QCSample
BATCH00215,Batch
QCS00218,QCSample
BATCH00216,Batch
QCS00219,QCSample
BATCH00217,Batch
QCS00220,QCSample
BATCH00218,Batch
QCS00221,QCSample
DEVIAT0036,Deviation
QCS00222,QCSample
BATCH00219,Batch
DEVIAT0037,Deviation
QCS00223,QCSample
BATCH00220,Batch
QCS00224,QCSample
BATCH00221,Batch
QCS00225,QCSample
BATCH00222,Batch
BATCH00223,Batch
DEVIAT0038,Deviation
QCS00226,QCSample
BATCH00224,Batch
QCS00227,QCSample
BATCH00225,Batch
QCS00228,QCSample
BATCH00226,Batch
QCS00229,QCSample
BATCH00227,Batch
QCS00230,QCSample
BATCH00228,Batch
QCS00231,QCSample
BATCH00229,Batch
QCS00232,QCSample
BATCH00230,Batch
QCS00233,QCSample
BATCH00231,Batch
QCS00234,QCSample
BATCH00232,Batch
DEVIAT0039,Deviation
QCS00235,QCSample
BATCH00233,Batch
DEVIAT0040,Deviation
QCS00236,QCSample
QCS00237,QCSample
BATCH00234,Batch
QCS00238,QCSample
BATCH00235,Batch
QCS00239,QCSample
BATCH00236,Batch
QCS00240,QCSample
BATCH00237,Batch
QCS00241,QCSample
BATCH00238,Batch
QCS00242,QCSample
BATCH00239,Batch
QCS00243,QCSample
BATCH00240,Batch
DEVIAT0041,Deviation
QCS00244,QCSample
BATCH00241,Batch
QCS00245,QCSample
BATCH00242,Batch
QCS00246,QCSample
BATCH00243,Batch
QCS00247,QCSample
BATCH00244,Batch
QCS00248,QCSample
BATCH00245,Batch
QCS00249,QCSample
BATCH00246,Batch
QCS00250,QCSample
BATCH00247,Batch
DEVIAT0042,Deviation
QCS00251,QCSample
QCS00252,QCSample
BATCH00248,Batch
QCS00253,QCSample
BATCH00249,Batch
QCS00254,QCSample
BATCH00250,Batch
QCS00255,QCSample
BATCH00251,Batch
QCS00256,QCSample
BATCH00252,Batch
QCS00257,QCSample
BATCH00253,Batch
QCS00258,QCSample
BATCH00254,Batch
QCS00259,QCSample
BATCH00255,Batch
QCS00260,QCSample
BATCH00256,Batch
QCS00261,QCSample
DEVIAT0043,Deviation
QCS00262,QCSample
BATCH00257,Batch
QCS00263,QCSample
BATCH00258,Batch
DEVIAT0044,Deviation
QCS00264,QCSample
BATCH00259,Batch
QCS00265,QCSample
BATCH00260,Batch
QCS00266,QCSample
BATCH00261,Batch
QCS00267,QCSample
DEVIAT0045,Deviation
QCS00268,QCSample
BATCH00262,Batch
QCS00269,QCSample
BATCH00263,Batch
QCS00270,QCSample
BATCH00264,Batch
QCS00271,QCSample
BATCH00265,Batch
QCS00272,QCSample
BATCH00266,Batch
QCS00273,QCSample
BATCH00267,Batch
QCS00274,QCSample
BATCH00268,Batch
BATCH00269,Batch
QCS00275,QCSample
BATCH00270,Batch
BATCH00271,Batch
QCS00276,QCSample
BATCH00272,Batch
QCS00277,QCSample
DEVIAT0046,Deviation
QCS00278,QCSample
BATCH00273,Batch
QCS00279,QCSample
BATCH00274,Batch
BATCH00275,Batch
DEVIAT0047,Deviation
QCS00280,QCSample
BATCH00276,Batch
QCS00281,QCSample
BATCH00277,Batch
QCS00282,QCSample
BATCH00278,Batch
QCS00283,QCSample
BATCH00279,Batch
QCS00284,QCSample
BATCH00280,Batch
QCS00285,QCSample
BATCH00281,Batch
QCS00286,QCSample
BATCH00282,Batch
QCS00287,QCSample
BATCH00283,Batch
QCS00288,QCSample
BATCH00284,Batch
QCS00289,QCSample
BATCH00285,Batch
QCS00290,QCSample
BATCH00286,Batch
DEVIAT0048,Deviation
QCS00291,QCSample
QCS00292,QCSample
BATCH00287,Batch
DEVIAT0049,Deviation
QCS00293,QCSample
BATCH00288,Batch
QCS00294,QCSample
BATCH00289,Batch
QCS00295,QCSample
BATCH00290,Batch
DEVIAT0050,Deviation
QCS00296,QCSample
BATCH00291,Batch
DEVIAT0051,Deviation
QCS00297,QCSample
BATCH00292,Batch
QCS00298,QCSample
BATCH00293,Batch
QCS00299,QCSample
BATCH00294,Batch
QCS00300,QCSample
DEVIAT0052,Deviation
QCS00301,QCSample
BATCH00295,Batch
DEVIAT0053,Deviation
QCS00302,QCSample
BATCH00296,Batch
QCS00303,QCSample
BATCH00297,Batch
QCS00304,QCSample
BATCH00298,Batch
QCS00305,QCSample
BATCH00299,Batch
QCS00306,QCSample
BATCH00300,Batch
BATCH00301,Batch
QCS00307,QCSample
BATCH00302,Batch
QCS00308,QCSample
BATCH00303,Batch
QCS00309,QCSample
BATCH00304,Batch
QCS00310,QCSample
BATCH00305,Batch
QCS00311,QCSample
DEVIAT0054,Deviation
QCS00312,QCSample
BATCH00306,Batch
QCS00313,QCSample
BATCH00307,Batch
QCS00314,QCSample
BATCH00308,Batch
QCS00315,QCSample
BATCH00309,Batch
QCS00316,QCSample
DEVIAT0055,Deviation
QCS00317,QCSample
BATCH00310,Batch
QCS00318,QCSample
BATCH00311,Batch
QCS00319,QCSample
BATCH00312,Batch
QCS00320,QCSample
BATCH00313,Batch
QCS00321,QCSample
BATCH00314,Batch
QCS00322,QCSample
BATCH00315,Batch
QCS00323,QCSample
BATCH00316,Batch
QCS00324,QCSample
BATCH00317,Batch
QCS00325,QCSample
BATCH00318,Batch
QCS00326,QCSample
BATCH00319,Batch
QCS00327,QCSample
BATCH00320,Batch
QCS00328,QCSample
BATCH00321,Batch
QCS00329,QCSample
BATCH00322,Batch
QCS00330,QCSample
BATCH00323,Batch
QCS00331,QCSample
BATCH00324,Batch
QCS00332,QCSample
BATCH00325,Batch
QCS00333,QCSample
BATCH00326,Batch
QCS00334,QCSample
BATCH00327,Batch
QCS00335,QCSample
BATCH00328,Batch
QCS00336,QCSample
BATCH00329,Batch
QCS00337,QCSample
BATCH00330,Batch
QCS00338,QCSample
BATCH00331,Batch
QCS00339,QCSample
BATCH00332,Batch
QCS00340,QCSample
BATCH00333,Batch
QCS00341,QCSample
BATCH00334,Batch
QCS00342,QCSample
BATCH00335,Batch
QCS00343,QCSample
BATCH00336,Batch
QCS00344,QCSample
BATCH00337,Batch
QCS00345,QCSample
BATCH00338,Batch
BATCH00339,Batch
QCS00346,QCSample
BATCH00340,Batch
QCS00347,QCSample
BATCH00341,Batch
QCS00348,QCSample
BATCH00342,Batch
QCS00349,QCSample
BATCH00343,Batch
BATCH00344,Batch
QCS00350,QCSample
BATCH00345,Batch
QCS00351,QCSample
BATCH00346,Batch
QCS00352,QCSample
BATCH00347,Batch
QCS00353,QCSample
BATCH00348,Batch
QCS00354,QCSample
BATCH00349,Batch
QCS00355,QCSample
BATCH00350,Batch
QCS00356,QCSample
BATCH00351,Batch
DEVIAT0056,Deviation
QCS00357,QCSample
QCS00358,QCSample
BATCH00352,Batch
QCS00359,QCSample
BATCH00353,Batch
QCS00360,QCSample
BATCH00354,Batch
QCS00361,QCSample
BATCH00355,Batch
DEVIAT0057,Deviation
QCS00362,QCSample
QCS00363,QCSample
BATCH00356,Batch
QCS00364,QCSample
BATCH00357,Batch
QCS00365,QCSample
DEVIAT0058,Deviation
QCS00366,QCSample
BATCH00358,Batch
QCS00367,QCSample
DEVIAT0059,Deviation
QCS00368,QCSample
BATCH00359,Batch
QCS00369,QCSample
BATCH00360,Batch
QCS00370,QCSample
BATCH00361,Batch
DEVIAT0060,Deviation
QCS00371,QCSample
BATCH00362,Batch
DEVIAT0061,Deviation
QCS00372,QCSample
QCS00373,QCSample
BATCH00363,Batch
BATCH00364,Batch
QCS00374,QCSample
BATCH00365,Batch
QCS00375,QCSample
DEVIAT0062,Deviation
QCS00376,QCSample
BATCH00366,Batch
QCS00377,QCSample
BATCH00367,Batch
QCS00378,QCSample
BATCH00368,Batch
QCS00379,QCSample
BATCH00369,Batch
QCS00380,QCSample
BATCH00370,Batch
QCS00381,QCSample
BATCH00371,Batch
QCS00382,QCSample
BATCH00372,Batch
QCS00383,QCSample
BATCH00373,Batch
QCS00384,QCSample
BATCH00374,Batch
QCS00385,QCSample
DEVIAT0063,Deviation
QCS00386,QCSample
BATCH00375,Batch
QCS00387,QCSample
BATCH00376,Batch
QCS00388,QCSample
BATCH00377,Batch
QCS00389,QCSample
BATCH00378,Batch
DEVIAT0064,Deviation
QCS00390,QCSample
BATCH00379,Batch
QCS00391,QCSample
BATCH00380,Batch
QCS00392,QCSample
BATCH00381,Batch
QCS00393,QCSample
BATCH00382,Batch
QCS00394,QCSample
BATCH00383,Batch
QCS00395,QCSample
BATCH00384,Batch
QCS00396,QCSample
BATCH00385,Batch
QCS00397,QCSample
BATCH00386,Batch
DEVIAT0065,Deviation
QCS00398,QCSample
BATCH00387,Batch
QCS00399,QCSample
BATCH00388,Batch
QCS00400,QCSample
BATCH00389,Batch
QCS00401,QCSample
BATCH00390,Batch
QCS00402,QCSample
BATCH00391,Batch
QCS00403,QCSample
BATCH00392,Batch
QCS00404,QCSample
BATCH00393,Batch
QCS00405,QCSample
BATCH00394,Batch
QCS00406,QCSample
BATCH00395,Batch
DEVIAT0066,Deviation
QCS00407,QCSample
BATCH00396,Batch
QCS00408,QCSample
BATCH00397,Batch
QCS00409,QCSample
BATCH00398,Batch
BATCH00399,Batch
QCS00410,QCSample
BATCH00400,Batch
QCS00411,QCSample
BATCH00401,Batch
QCS00412,QCSample
BATCH00402,Batch
QCS00413,QCSample
DEVIAT0067,Deviation
QCS00414,QCSample
BATCH00403,Batch
QCS00415,QCSample
BATCH00404,Batch
BATCH00405,Batch
QCS00416,QCSample
BATCH00406,Batch
QCS00417,QCSample
BATCH00407,Batch
QCS00418,QCSample
BATCH00408,Batch
QCS00419,QCSample
BATCH00409,Batch
QCS00420,QCSample
BATCH00410,Batch
QCS00421,QCSample
BATCH00411,Batch
QCS00422,QCSample
BATCH00412,Batch
QCS00423,QCSample
BATCH00413,Batch
DEVIAT0068,Deviation
QCS00424,QCSample
BATCH00414,Batch
QCS00425,QCSample
BATCH00415,Batch
QCS00426,QCSample
BATCH00416,Batch
QCS00427,QCSample
BATCH00417,Batch
QCS00428,QCSample
BATCH00418,Batch
BATCH00419,Batch
QCS00429,QCSample
BATCH00420,Batch
QCS00430,QCSample
BATCH00421,Batch
QCS00431,QCSample
BATCH00422,Batch
QCS00432,QCSample
BATCH00423,Batch
QCS00433,QCSample
BATCH00424,Batch
QCS00434,QCSample
BATCH00425,Batch
QCS00435,QCSample
BATCH00426,Batch
QCS00436,QCSample
BATCH00427,Batch
QCS00437,QCSample
BATCH00428,Batch
QCS00438,QCSample
BATCH00429,Batch
QCS00439,QCSample
BATCH00430,Batch
QCS00440,QCSample
BATCH00431,Batch
QCS00441,QCSample
BATCH00432,Batch
QCS00442,QCSample
BATCH00433,Batch
QCS00443,QCSample
BATCH00434,Batch
QCS00444,QCSample
BATCH00435,Batch
QCS00445,QCSample
BATCH00436,Batch
QCS00446,QCSample
BATCH00437,Batch
QCS00447,QCSample
DEVIAT0069,Deviation
QCS00448,QCSample
BATCH00438,Batch
QCS00449,QCSample
BATCH00439,Batch
QCS00450,QCSample
BATCH00440,Batch
QCS00451,QCSample
BATCH00441,Batch
QCS00452,QCSample
BATCH00442,Batch
QCS00453,QCSample
BATCH00443,Batch
BATCH00444,Batch
QCS00454,QCSample
BATCH00445,Batch
QCS00455,QCSample
DEVIAT0070,Deviation
QCS00456,QCSample
BATCH00446,Batch
QCS00457,QCSample
BATCH00447,Batch
QCS00458,QCSample
BATCH00448,Batch
QCS00459,QCSample
BATCH00449,Batch
QCS00460,QCSample
BATCH00450,Batch
BATCH00451,Batch
QCS00461,QCSample
BATCH00452,Batch
QCS00462,QCSample
BATCH00453,Batch
DEVIAT0071,Deviation
QCS00463,QCSample
QCS00464,QCSample
BATCH00454,Batch
QCS00465,QCSample
BATCH00455,Batch
QCS00466,QCSample
BATCH00456,Batch
QCS00467,QCSample
BATCH00457,Batch
QCS00468,QCSample
BATCH00458,Batch
QCS00469,QCSample
BATCH00459,Batch
QCS00470,QCSample
BATCH00460,Batch
BATCH00461,Batch
QCS00471,QCSample
BATCH00462,Batch
QCS00472,QCSample
BATCH00463,Batch
QCS00473,QCSample
BATCH00464,Batch
DEVIAT0072,Deviation
QCS00474,QCSample
QCS00475,QCSample
BATCH00465,Batch
DEVIAT0073,Deviation
QCS00476,QCSample
QCS00477,QCSample
BATCH00466,Batch
DEVIAT0074,Deviation
QCS00478,QCSample
QCS00479,QCSample
BATCH00467,Batch
QCS00480,QCSample
BATCH00468,Batch
QCS00481,QCSample
BATCH00469,Batch
QCS00482,QCSample
BATCH00470,Batch
QCS00483,QCSample
BATCH00471,Batch
QCS00484,QCSample
BATCH00472,Batch
QCS00485,QCSample
BATCH00473,Batch
QCS00486,QCSample
BATCH00474,Batch
QCS00487,QCSample
BATCH00475,Batch
QCS00488,QCSample
BATCH00476,Batch
QCS00489,QCSample
BATCH00477,Batch
QCS00490,QCSample
BATCH00478,Batch
DEVIAT0075,Deviation
QCS00491,QCSample
BATCH00479,Batch
BATCH00480,Batch
QCS00492,QCSample
BATCH00481,Batch
QCS00493,QCSample
BATCH00482,Batch
DEVIAT0076,Deviation
QCS00494,QCSample
BATCH00483,Batch
QCS00495,QCSample
BATCH00484,Batch
QCS00496,QCSample
BATCH00485,Batch
QCS00497,QCSample
BATCH00486,Batch
QCS00498,QCSample
BATCH00487,Batch
QCS00499,QCSample
BATCH00488,Batch
QCS00500,QCSample
BATCH00489,Batch
BATCH00490,Batch
QCS00501,QCSample
BATCH00491,Batch
QCS00502,QCSample
BATCH00492,Batch
QCS00503,QCSample
BATCH00493,Batch
QCS00504,QCSample
BATCH00494,Batch
QCS00505,QCSample
BATCH00495,Batch
QCS00506,QCSample
BATCH00496,Batch
QCS00507,QCSample
BATCH00497,Batch
QCS00508,QCSample
BATCH00498,Batch
QCS00509,QCSample
BATCH00499,Batch
QCS00510,QCSample
BATCH00500,Batch
DEVIAT0077,Deviation
QCS00511,QCSample
QCS00512,QCSample
BATCH00501,Batch
QCS00513,QCSample
DEVIAT0078,Deviation
QCS00514,QCSample
BATCH00502,Batch
QCS00515,QCSample
BATCH00503,Batch
QCS00516,QCSample
BATCH00504,Batch
QCS00517,QCSample
DEVIAT0079,Deviation
QCS00518,QCSample
BATCH00505,Batch
QCS00519,QCSample
BATCH00506,Batch
QCS00520,QCSample
BATCH00507,Batch
QCS00521,QCSample
BATCH00508,Batch
DEVIAT0080,Deviation
QCS00522,QCSample
QCS00523,QCSample
BATCH00509,Batch
QCS00524,QCSample
BATCH00510,Batch
QCS00525,QCSample
BATCH00511,Batch
QCS00526,QCSample
BATCH00512,Batch
QCS00527,QCSample
BATCH00513,Batch
QCS00528,QCSample
BATCH00514,Batch
QCS00529,QCSample
BATCH00515,Batch
QCS00530,QCSample
BATCH00516,Batch
QCS00531,QCSample
BATCH00517,Batch
QCS00532,QCSample
BATCH00518,Batch
QCS00533,QCSample
BATCH00519,Batch
QCS00534,QCSample
BATCH00520,Batch
DEVIAT0081,Deviation
QCS00535,QCSample
QCS00536,QCSample
BATCH00521,Batch
QCS00537,QCSample
BATCH00522,Batch
BATCH00523,Batch
QCS00538,QCSample
BATCH00524,Batch
BATCH00525,Batch
QCS00539,QCSample
BATCH00526,Batch
QCS00540,QCSample
BATCH00527,Batch
QCS00541,QCSample
BATCH00528,Batch
DEVIAT0082,Deviation
QCS00542,QCSample
BATCH00529,Batch
QCS00543,QCSample
BATCH00530,Batch
QCS00544,QCSample
DEVIAT0083,Deviation
QCS00545,QCSample
BATCH00531,Batch
BATCH00532,Batch
QCS00546,QCSample
DEVIAT0084,Deviation
QCS00547,QCSample
BATCH00533,Batch
QCS00548,QCSample
BATCH00534,Batch
QCS00549,QCSample
BATCH00535,Batch
QCS00550,QCSample
DEVIAT0085,Deviation
QCS00551,QCSample
BATCH00536,Batch
BATCH00537,Batch
QCS00552,QCSample
BATCH00538,Batch
QCS00553,QCSample
BATCH00539,Batch
QCS00554,QCSample
BATCH00540,Batch
QCS00555,QCSample
BATCH00541,Batch
QCS00556,QCSample
BATCH00542,Batch
QCS00557,QCSample
BATCH00543,Batch
QCS00558,QCSample
BATCH00544,Batch
QCS00559,QCSample
BATCH00545,Batch
QCS00560,QCSample
BATCH00546,Batch
DEVIAT0086,Deviation
QCS00561,QCSample
BATCH00547,Batch
QCS00562,QCSample
BATCH00548,Batch
QCS00563,QCSample
BATCH00549,Batch
QCS00564,QCSample
BATCH00550,Batch
QCS00565,QCSample
BATCH00551,Batch
QCS00566,QCSample
BATCH00552,Batch
QCS00567,QCSample
BATCH00553,Batch
QCS00568,QCSample
DEVIAT0087,Deviation
QCS00569,QCSample
BATCH00554,Batch
QCS00570,QCSample
BATCH00555,Batch
QCS00571,QCSample
BATCH00556,Batch
QCS00572,QCSample
BATCH00557,Batch
BATCH00558,Batch
QCS00573,QCSample
BATCH00559,Batch
DEVIAT0088,Deviation
QCS00574,QCSample
BATCH00560,Batch
QCS00575,QCSample
BATCH00561,Batch
DEVIAT0089,Deviation
QCS00576,QCSample
BATCH00562,Batch
QCS00577,QCSample
BATCH00563,Batch
QCS00578,QCSample
BATCH00564,Batch
DEVIAT0090,Deviation
QCS00579,QCSample
BATCH00565,Batch
QCS00580,QCSample
BATCH00566,Batch
QCS00581,QCSample
BATCH00567,Batch
QCS00582,QCSample
BATCH00568,Batch
QCS00583,QCSample
BATCH00569,Batch
QCS00584,QCSample
BATCH00570,Batch
QCS00585,QCSample
BATCH00571,Batch
QCS00586,QCSample
BATCH00572,Batch
QCS00587,QCSample
BATCH00573,Batch
DEVIAT0091,Deviation
QCS00588,QCSample
BATCH00574,Batch
DEVIAT0092,Deviation
QCS00589,QCSample
QCS00590,QCSample
BATCH00575,Batch
QCS00591,QCSample
BATCH00576,Batch
QCS00592,QCSample
BATCH00577,Batch
QCS00593,QCSample
BATCH00578,Batch
QCS00594,QCSample
BATCH00579,Batch
QCS00595,QCSample
BATCH00580,Batch
QCS00596,QCSample
BATCH00581,Batch
DEVIAT0093,Deviation
QCS00597,QCSample
BATCH00582,Batch
QCS00598,QCSample
BATCH00583,Batch
QCS00599,QCSample
BATCH00584,Batch
QCS00600,QCSample
BATCH00585,Batch
DEVIAT0094,Deviation
QCS00601,QCSample
BATCH00586,Batch
QCS00602,QCSample
BATCH00587,Batch
DEVIAT0095,Deviation
QCS00603,QCSample
QCS00604,QCSample
BATCH00588,Batch
QCS00605,QCSample
BATCH00589,Batch
QCS00606,QCSample
DEVIAT0096,Deviation
QCS00607,QCSample
BATCH00590,Batch
QCS00608,QCSample
BATCH00591,Batch
QCS00609,QCSample
BATCH00592,Batch
QCS00610,QCSample
BATCH00593,Batch
QCS00611,QCSample
BATCH00594,Batch
DEVIAT0097,Deviation
QCS00612,QCSample
BATCH00595,Batch
QCS00613,QCSample
BATCH00596,Batch
QCS00614,QCSample
BATCH00597,Batch
QCS00615,QCSample
BATCH00598,Batch
QCS00616,QCSample
BATCH00599,Batch
QCS00617,QCSample
BATCH00600,Batch
QCS00618,QCSample
BATCH00601,Batch
QCS00619,QCSample
BATCH00602,Batch
QCS00620,QCSample
BATCH00603,Batch
QCS00621,QCSample
BATCH00604,Batch
QCS00622,QCSample
BATCH00605,Batch
DEVIAT0098,Deviation
QCS00623,QCSample
BATCH00606,Batch
QCS00624,QCSample
BATCH00607,Batch
QCS00625,QCSample
BATCH00608,Batch
QCS00626,QCSample
BATCH00609,Batch
QCS00627,QCSample
BATCH00610,Batch
QCS00628,QCSample
BATCH00611,Batch
QCS00629,QCSample
BATCH00612,Batch
QCS00630,QCSample
BATCH00613,Batch
QCS00631,QCSample
BATCH00614,Batch
QCS00632,QCSample
BATCH00615,Batch
DEVIAT0099,Deviation
QCS00633,QCSample
BATCH00616,Batch
QCS00634,QCSample
BATCH00617,Batch
QCS00635,QCSample
BATCH00618,Batch
BATCH00619,Batch
QCS00636,QCSample
BATCH00620,Batch
QCS00637,QCSample
BATCH00621,Batch
DEVIAT0100,Deviation
QCS00638,QCSample
QCS00639,QCSample
BATCH00622,Batch
QCS00640,QCSample
BATCH00623,Batch
QCS00641,QCSample
BATCH00624,Batch
QCS00642,QCSample
BATCH00625,Batch
QCS00643,QCSample
BATCH00626,Batch
QCS00644,QCSample
BATCH00627,Batch
QCS00645,QCSample
BATCH00628,Batch
QCS00646,QCSample
BATCH00629,Batch
QCS00647,QCSample
DEVIAT0101,Deviation
QCS00648,QCSample
BATCH00630,Batch
QCS00649,QCSample
BATCH00631,Batch
QCS00650,QCSample
BATCH00632,Batch
DEVIAT0102,Deviation
QCS00651,QCSample
BATCH00633,Batch
QCS00652,QCSample
BATCH00634,Batch
QCS00653,QCSample
BATCH00635,Batch
QCS00654,QCSample
BATCH00636,Batch
QCS00655,QCSample
BATCH00637,Batch
DEVIAT0103,Deviation
QCS00656,QCSample
QCS00657,QCSample
BATCH00638,Batch
QCS00658,QCSample
BATCH00639,Batch
QCS00659,QCSample
BATCH00640,Batch
QCS00660,QCSample
DEVIAT0104,Deviation
QCS00661,QCSample
BATCH00641,Batch
QCS00662,QCSample
BATCH00642,Batch
QCS00663,QCSample
BATCH00643,Batch
QCS00664,QCSample
BATCH00644,Batch
QCS00665,QCSample
BATCH00645,Batch
DEVIAT0105,Deviation
QCS00666,QCSample
BATCH00646,Batch
QCS00667,QCSample
BATCH00647,Batch
QCS00668,QCSample
BATCH00648,Batch
DEVIAT0106,Deviation
QCS00669,QCSample
BATCH00649,Batch
QCS00670,QCSample
BATCH00650,Batch
QCS00671,QCSample
BATCH00651,Batch
QCS00672,QCSample
BATCH00652,Batch
BATCH00653,Batch
QCS00673,QCSample
BATCH00654,Batch
DEVIAT0107,Deviation
QCS00674,QCSample
BATCH00655,Batch
QCS00675,QCSample
BATCH00656,Batch
QCS00676,QCSample
BATCH00657,Batch
QCS00677,QCSample
BATCH00658,Batch
QCS00678,QCSample
BATCH00659,Batch
QCS00679,QCSample
BATCH00660,Batch
BATCH00661,Batch
QCS00680,QCSample
BATCH00662,Batch
BATCH00663,Batch
QCS00681,QCSample
BATCH00664,Batch
QCS00682,QCSample
BATCH00665,Batch
QCS00683,QCSample
BATCH00666,Batch
QCS00684,QCSample
BATCH00667,Batch
QCS00685,QCSample
BATCH00668,Batch
QCS00686,QCSample
BATCH00669,Batch
QCS00687,QCSample
BATCH00670,Batch
QCS00688,QCSample
DEVIAT0108,Deviation
QCS00689,QCSample
BATCH00671,Batch
QCS00690,QCSample
BATCH00672,Batch
QCS00691,QCSample
BATCH00673,Batch
QCS00692,QCSample
BATCH00674,Batch
QCS00693,QCSample
BATCH00675,Batch
QCS00694,QCSample
BATCH00676,Batch
BATCH00677,Batch
QCS00695,QCSample
BATCH00678,Batch
QCS00696,QCSample
BATCH00679,Batch
QCS00697,QCSample
BATCH00680,Batch
QCS00698,QCSample
BATCH00681,Batch
QCS00699,QCSample
BATCH00682,Batch
BATCH00683,Batch
QCS00700,QCSample
BATCH00684,Batch
QCS00701,QCSample
BATCH00685,Batch
QCS00702,QCSample
BATCH00686,Batch
QCS00703,QCSample
BATCH00687,Batch
QCS00704,QCSample
BATCH00688,Batch
QCS00705,QCSample
BATCH00689,Batch
QCS00706,QCSample
BATCH00690,Batch
QCS00707,QCSample
BATCH00691,Batch
QCS00708,QCSample
BATCH00692,Batch
QCS00709,QCSample
BATCH00693,Batch
QCS00710,QCSample
BATCH00694,Batch
QCS00711,QCSample
BATCH00695,Batch
QCS00712,QCSample
BATCH00696,Batch
DEVIAT0109,Deviation
QCS00713,QCSample
BATCH00697,Batch
QCS00714,QCSample
BATCH00698,Batch
QCS00715,QCSample
BATCH00699,Batch
QCS00716,QCSample
BATCH00700,Batch
QCS00717,QCSample
BATCH00701,Batch
QCS00718,QCSample
BATCH00702,Batch
DEVIAT0110,Deviation
QCS00719,QCSample
BATCH00703,Batch
QCS00720,QCSample
BATCH00704,Batch
QCS00721,QCSample
BATCH00705,Batch
QCS00722,QCSample
BATCH00706,Batch
DEVIAT0111,Deviation
QCS00723,QCSample
BATCH00707,Batch
QCS00724,QCSample
BATCH00708,Batch
QCS00725,QCSample
BATCH00709,Batch
QCS00726,QCSample
BATCH00710,Batch
DEVIAT0112,Deviation
QCS00727,QCSample
BATCH00711,Batch
QCS00728,QCSample
BATCH00712,Batch
QCS00729,QCSample
BATCH00713,Batch
BATCH00714,Batch
QCS00730,QCSample
BATCH00715,Batch
DEVIAT0113,Deviation
QCS00731,QCSample
BATCH00716,Batch
QCS00732,QCSample
BATCH00717,Batch
QCS00733,QCSample
BATCH00718,Batch
QCS00734,QCSample
BATCH00719,Batch
QCS00735,QCSample
BATCH00720,Batch
QCS00736,QCSample
BATCH00721,Batch
QCS00737,QCSample
BATCH00722,Batch
QCS00738,QCSample
BATCH00723,Batch
QCS00739,QCSample
BATCH00724,Batch
QCS00740,QCSample
BATCH00725,Batch
QCS00741,QCSample
BATCH00726,Batch
DEVIAT0114,Deviation
QCS00742,QCSample
QCS00743,QCSample
BATCH00727,Batch
QCS00744,QCSample
BATCH00728,Batch
QCS00745,QCSample
BATCH00729,Batch
QCS00746,QCSample
BATCH00730,Batch
DEVIAT0115,Deviation
QCS00747,QCSample
QCS00748,QCSample
BATCH00731,Batch
QCS00749,QCSample
BATCH00732,Batch
DEVIAT0116,Deviation
QCS00750,QCSample
BATCH00733,Batch
QCS00751,QCSample
BATCH00734,Batch
QCS00752,QCSample
BATCH00735,Batch
BATCH00736,Batch
QCS00753,QCSample
BATCH00737,Batch
DEVIAT0117,Deviation
QCS00754,QCSample
QCS00755,QCSample
BATCH00738,Batch
DEVIAT0118,Deviation
QCS00756,QCSample
BATCH00739,Batch
QCS00757,QCSample
BATCH00740,Batch
QCS00758,QCSample
BATCH00741,Batch
QCS00759,QCSample
DEVIAT0119,Deviation
QCS00760,QCSample
BATCH00742,Batch
QCS00761,QCSample
BATCH00743,Batch
QCS00762,QCSample
BATCH00744,Batch
QCS00763,QCSample
BATCH00745,Batch
QCS00764,QCSample
BATCH00746,Batch
QCS00765,QCSample
BATCH00747,Batch
DEVIAT0120,Deviation
QCS00766,QCSample
BATCH00748,Batch
QCS00767,QCSample
BATCH00749,Batch
QCS00768,QCSample
BATCH00750,Batch
QCS00769,QCSample
BATCH00751,Batch
QCS00770,QCSample
BATCH00752,Batch
QCS00771,QCSample
BATCH00753,Batch
QCS00772,QCSample
BATCH00754,Batch
QCS00773,QCSample
BATCH00755,Batch
QCS00774,QCSample
BATCH00756,Batch
QCS00775,QCSample
BATCH00757,Batch
DEVIAT0121,Deviation
QCS00776,QCSample
BATCH00758,Batch
QCS00777,QCSample
BATCH00759,Batch
QCS00778,QCSample
BATCH00760,Batch
QCS00779,QCSample
BATCH00761,Batch
QCS00780,QCSample
BATCH00762,Batch
BATCH00763,Batch
QCS00781,QCSample
BATCH00764,Batch
QCS00782,QCSample
BATCH00765,Batch
QCS00783,QCSample
BATCH00766,Batch
DEVIAT0122,Deviation
QCS00784,QCSample
BATCH00767,Batch
QCS00785,QCSample
BATCH00768,Batch
QCS00786,QCSample
BATCH00769,Batch
QCS00787,QCSample
BATCH00770,Batch
QCS00788,QCSample
BATCH00771,Batch
QCS00789,QCSample
BATCH00772,Batch
QCS00790,QCSample
BATCH00773,Batch
QCS00791,QCSample
BATCH00774,Batch
QCS00792,QCSample
BATCH00775,Batch
QCS00793,QCSample
BATCH00776,Batch
QCS00794,QCSample
BATCH00777,Batch
QCS00795,QCSample
BATCH00778,Batch
QCS00796,QCSample
DEVIAT0123,Deviation
QCS00797,QCSample
BATCH00779,Batch
DEVIAT0124,Deviation
QCS00798,QCSample
BATCH00780,Batch
QCS00799,QCSample
BATCH00781,Batch
BATCH00782,Batch
QCS00800,QCSample
BATCH00783,Batch
QCS00801,QCSample
BATCH00784,Batch
DEVIAT0125,Deviation
QCS00802,QCSample
BATCH00785,Batch
QCS00803,QCSample
BATCH00786,Batch
QCS00804,QCSample
BATCH00787,Batch
QCS00805,QCSample
BATCH00788,Batch
QCS00806,QCSample
BATCH00789,Batch
QCS00807,QCSample
BATCH00790,Batch
QCS00808,QCSample
DEVIAT0126,Deviation
QCS00809,QCSample
BATCH00791,Batch
DEVIAT0127,Deviation
QCS00810,QCSample
QCS00811,QCSample
BATCH00792,Batch
QCS00812,QCSample
BATCH00793,Batch
QCS00813,QCSample
BATCH00794,Batch
DEVIAT0128,Deviation
QCS00814,QCSample
QCS00815,QCSample
BATCH00795,Batch
DEVIAT0129,Deviation
QCS00816,QCSample
BATCH00796,Batch
BATCH00797,Batch
QCS00817,QCSample
BATCH00798,Batch
QCS00818,QCSample
BATCH00799,Batch
QCS00819,QCSample
BATCH00800,Batch
QCS00820,QCSample
BATCH00801,Batch
QCS00821,QCSample
BATCH00802,Batch
QCS00822,QCSample
BATCH00803,Batch
QCS00823,QCSample
BATCH00804,Batch
QCS00824,QCSample
BATCH00805,Batch
QCS00825,QCSample
BATCH00806,Batch
QCS00826,QCSample
BATCH00807,Batch
QCS00827,QCSample
BATCH00808,Batch
DEVIAT0130,Deviation
QCS00828,QCSample
BATCH00809,Batch
QCS00829,QCSample
BATCH00810,Batch
QCS00830,QCSample
BATCH00811,Batch
QCS00831,QCSample
DEVIAT0131,Deviation
QCS00832,QCSample
BATCH00812,Batch
QCS00833,QCSample
DEVIAT0132,Deviation
QCS00834,QCSample
BATCH00813,Batch
QCS00835,QCSample
BATCH00814,Batch
QCS00836,QCSample
BATCH00815,Batch
QCS00837,QCSample
BATCH00816,Batch
QCS00838,QCSample
BATCH00817,Batch
QCS00839,QCSample
BATCH00818,Batch
QCS00840,QCSample
DEVIAT0133,Deviation
QCS00841,QCSample
BATCH00819,Batch
QCS00842,QCSample
BATCH00820,Batch
BATCH00821,Batch
DEVIAT0134,Deviation
QCS00843,QCSample
BATCH00822,Batch
QCS00844,QCSample
BATCH00823,Batch
DEVIAT0135,Deviation
QCS00845,QCSample
QCS00846,QCSample
BATCH00824,Batch
QCS00847,QCSample
BATCH00825,Batch
BATCH00826,Batch
QCS00848,QCSample
BATCH00827,Batch
QCS00849,QCSample
BATCH00828,Batch
QCS00850,QCSample
BATCH00829,Batch
DEVIAT0136,Deviation
QCS00851,QCSample
BATCH00830,Batch
DEVIAT0137,Deviation
QCS00852,QCSample
BATCH00831,Batch
QCS00853,QCSample
BATCH00832,Batch
QCS00854,QCSample
BATCH00833,Batch
QCS00855,QCSample
BATCH00834,Batch
BATCH00835,Batch
QCS00856,QCSample
BATCH00836,Batch
QCS00857,QCSample
BATCH00837,Batch
QCS00858,QCSample
BATCH00838,Batch
QCS00859,QCSample
BATCH00839,Batch
QCS00860,QCSample
DEVIAT0138,Deviation
QCS00861,QCSample
BATCH00840,Batch
QCS00862,QCSample
BATCH00841,Batch
QCS00863,QCSample
BATCH00842,Batch
QCS00864,QCSample
BATCH00843,Batch
QCS00865,QCSample
DEVIAT0139,Deviation
QCS00866,QCSample
BATCH00844,Batch
QCS00867,QCSample
BATCH00845,Batch
QCS00868,QCSample
BATCH00846,Batch
QCS00869,QCSample
BATCH00847,Batch
QCS00870,QCSample
BATCH00848,Batch
QCS00871,QCSample
BATCH00849,Batch
QCS00872,QCSample
DEVIAT0140,Deviation
QCS00873,QCSample
BATCH00850,Batch
QCS00874,QCSample
BATCH00851,Batch
QCS00875,QCSample
BATCH00852,Batch
QCS00876,QCSample
BATCH00853,Batch
QCS00877,QCSample
BATCH00854,Batch
QCS00878,QCSample
BATCH00855,Batch
QCS00879,QCSample
BATCH00856,Batch
QCS00880,QCSample
BATCH00857,Batch
QCS00881,QCSample
BATCH00858,Batch
QCS00882,QCSample
BATCH00859,Batch
QCS00883,QCSample
BATCH00860,Batch
QCS00884,QCSample
BATCH00861,Batch
DEVIAT0141,Deviation
QCS00885,QCSample
BATCH00862,Batch
QCS00886,QCSample
BATCH00863,Batch
QCS00887,QCSample
BATCH00864,Batch
QCS00888,QCSample
BATCH00865,Batch
QCS00889,QCSample
BATCH00866,Batch
QCS00890,QCSample
BATCH00867,Batch
QCS00891,QCSample
BATCH00868,Batch
QCS00892,QCSample
BATCH00869,Batch
QCS00893,QCSample
BATCH00870,Batch
QCS00894,QCSample
BATCH00871,Batch
QCS00895,QCSample
BATCH00872,Batch
QCS00896,QCSample
BATCH00873,Batch
QCS00897,QCSample
BATCH00874,Batch
QCS00898,QCSample
BATCH00875,Batch
QCS00899,QCSample
BATCH00876,Batch
QCS00900,QCSample
BATCH00877,Batch
DEVIAT0142,Deviation
QCS00901,QCSample
QCS00902,QCSample
BATCH00878,Batch
QCS00903,QCSample
BATCH00879,Batch
QCS00904,QCSample
BATCH00880,Batch
QCS00905,QCSample
BATCH00881,Batch
QCS00906,QCSample
BATCH00882,Batch
QCS00907,QCSample
BATCH00883,Batch
QCS00908,QCSample
BATCH00884,Batch
QCS00909,QCSample
BATCH00885,Batch
DEVIAT0143,Deviation
QCS00910,QCSample
BATCH00886,Batch
DEVIAT0144,Deviation
QCS00911,QCSample
BATCH00887,Batch
QCS00912,QCSample
BATCH00888,Batch
QCS00913,QCSample
BATCH00889,Batch
QCS00914,QCSample
DEVIAT0145,Deviation
QCS00915,QCSample
BATCH00890,Batch
QCS00916,QCSample
BATCH00891,Batch
QCS00917,QCSample
BATCH00892,Batch
QCS00918,QCSample
BATCH00893,Batch
QCS00919,QCSample
BATCH00894,Batch
QCS00920,QCSample
BATCH00895,Batch
QCS00921,QCSample
BATCH00896,Batch
QCS00922,QCSample
BATCH00897,Batch
QCS00923,QCSample
BATCH00898,Batch
QCS00924,QCSample
BATCH00899,Batch
QCS00925,QCSample
BATCH00900,Batch
QCS00926,QCSample
BATCH00901,Batch
QCS00927,QCSample
BATCH00902,Batch
QCS00928,QCSample
BATCH00903,Batch
QCS00929,QCSample
BATCH00904,Batch
DEVIAT0146,Deviation
QCS00930,QCSample
BATCH00905,Batch
QCS00931,QCSample
BATCH00906,Batch
QCS00932,QCSample
DEVIAT0147,Deviation
QCS00933,QCSample
BATCH00907,Batch
QCS00934,QCSample
BATCH00908,Batch
QCS00935,QCSample
BATCH00909,Batch
QCS00936,QCSample
BATCH00910,Batch
QCS00937,QCSample
DEVIAT0148,Deviation
QCS00938,QCSample
BATCH00911,Batch
QCS00939,QCSample
BATCH00912,Batch
QCS00940,QCSample
BATCH00913,Batch
QCS00941,QCSample
BATCH00914,Batch
QCS00942,QCSample
DEVIAT0149,Deviation
QCS00943,QCSample
BATCH00915,Batch
QCS00944,QCSample
BATCH00916,Batch
DEVIAT0150,Deviation
QCS00945,QCSample
BATCH00917,Batch
DEVIAT0151,Deviation
QCS00946,QCSample
BATCH00918,Batch
QCS00947,QCSample
BATCH00919,Batch
QCS00948,QCSample
BATCH00920,Batch
QCS00949,QCSample
BATCH00921,Batch
DEVIAT0152,Deviation
QCS00950,QCSample
QCS00951,QCSample
BATCH00922,Batch
BATCH00923,Batch
QCS00952,QCSample
BATCH00924,Batch
QCS00953,QCSample
BATCH00925,Batch
QCS00954,QCSample
BATCH00926,Batch
DEVIAT0153,Deviation
QCS00955,QCSample
BATCH00927,Batch
QCS00956,QCSample
BATCH00928,Batch
QCS00957,QCSample
BATCH00929,Batch
QCS00958,QCSample
BATCH00930,Batch
DEVIAT0154,Deviation
QCS00959,QCSample
QCS00960,QCSample
BATCH00931,Batch
BATCH00932,Batch
QCS00961,QCSample
BATCH00933,Batch
DEVIAT0155,Deviation
QCS00962,QCSample
QCS00963,QCSample
BATCH00934,Batch
QCS00964,QCSample
BATCH00935,Batch
DEVIAT0156,Deviation
QCS00965,QCSample
BATCH00936,Batch
DEVIAT0157,Deviation
QCS00966,QCSample
BATCH00937,Batch
QCS00967,QCSample
BATCH00938,Batch
QCS00968,QCSample
BATCH00939,Batch
DEVIAT0158,Deviation
QCS00969,QCSample
BATCH00940,Batch
QCS00970,QCSample
BATCH00941,Batch
QCS00971,QCSample
BATCH00942,Batch
QCS00972,QCSample
BATCH00943,Batch
BATCH00944,Batch
QCS00973,QCSample
BATCH00945,Batch
QCS00974,QCSample
BATCH00946,Batch
QCS00975,QCSample
BATCH00947,Batch
QCS00976,QCSample
BATCH00948,Batch
QCS00977,QCSample
DEVIAT0159,Deviation
QCS00978,QCSample
BATCH00949,Batch
QCS00979,QCSample
BATCH00950,Batch
QCS00980,QCSample
BATCH00951,Batch
QCS00981,QCSample
BATCH00952,Batch
QCS00982,QCSample
BATCH00953,Batch
QCS00983,QCSample
BATCH00954,Batch
QCS00984,QCSample
BATCH00955,Batch
QCS00985,QCSample
BATCH00956,Batch
QCS00986,QCSample
BATCH00957,Batch
QCS00987,QCSample
BATCH00958,Batch
QCS00988,QCSample
BATCH00959,Batch
QCS00989,QCSample
DEVIAT0160,Deviation
QCS00990,QCSample
BATCH00960,Batch
QCS00991,QCSample
BATCH00961,Batch
DEVIAT0161,Deviation
QCS00992,QCSample
QCS00993,QCSample
BATCH00962,Batch
QCS00994,QCSample
BATCH00963,Batch
QCS00995,QCSample
BATCH00964,Batch
QCS00996,QCSample
BATCH00965,Batch
QCS00997,QCSample
DEVIAT0162,Deviation
QCS00998,QCSample
BATCH00966,Batch
QCS00999,QCSample
BATCH00967,Batch
QCS01000,QCSample
BATCH00968,Batch
QCS01001,QCSample
BATCH00969,Batch
DEVIAT0163,Deviation
QCS01002,QCSample
BATCH00970,Batch
QCS01003,QCSample
BATCH00971,Batch
QCS01004,QCSample
BATCH00972,Batch
QCS01005,QCSample
BATCH00973,Batch
QCS01006,QCSample
BATCH00974,Batch
QCS01007,QCSample
BATCH00975,Batch
QCS01008,QCSample
BATCH00976,Batch
QCS01009,QCSample
BATCH00977,Batch
QCS01010,QCSample
BATCH00978,Batch
QCS01011,QCSample
BATCH00979,Batch
QCS01012,QCSample
BATCH00980,Batch
QCS01013,QCSample
BATCH00981,Batch
QCS01014,QCSample
BATCH00982,Batch
QCS01015,QCSample
BATCH00983,Batch
QCS01016,QCSample
BATCH00984,Batch
DEVIAT0164,Deviation
QCS01017,QCSample
BATCH00985,Batch
QCS01018,QCSample
BATCH00986,Batch
QCS01019,QCSample
BATCH00987,Batch
QCS01020,QCSample
BATCH00988,Batch
QCS01021,QCSample
BATCH00989,Batch
QCS01022,QCSample
BATCH00990,Batch
QCS01023,QCSample
BATCH00991,Batch
QCS01024,QCSample
BATCH00992,Batch
QCS01025,QCSample
BATCH00993,Batch
QCS01026,QCSample
BATCH00994,Batch
QCS01027,QCSample
BATCH00995,Batch
QCS01028,QCSample
BATCH00996,Batch
QCS01029,QCSample
BATCH00997,Batch
QCS01030,QCSample
DEVIAT0165,Deviation
QCS01031,QCSample
BATCH00998,Batch
DEVIAT0166,Deviation
QCS01032,QCSample
QCS01033,QCSample
BATCH00999,Batch
QCS01034,QCSample
BATCH01000,Batch
QCS01035,QCSample
BATCH01001,Batch
DEVIAT0167,Deviation
QCS01036,QCSample
BATCH01002,Batch
QCS01037,QCSample
BATCH01003,Batch
BATCH01004,Batch
BATCH01005,Batch
QCS01038,QCSample
BATCH01006,Batch
QCS01039,QCSample
BATCH01007,Batch
QCS01040,QCSample
BATCH01008,Batch
QCS01041,QCSample
BATCH01009,Batch
QCS01042,QCSample
BATCH01010,Batch
BATCH01011,Batch
QCS01043,QCSample
BATCH01012,Batch
QCS01044,QCSample
BATCH01013,Batch
QCS01045,QCSample
BATCH01014,Batch
QCS01046,QCSample
BATCH01015,Batch
QCS01047,QCSample
BATCH01016,Batch
QCS01048,QCSample
BATCH01017,Batch
QCS01049,QCSample
BATCH01018,Batch
QCS01050,QCSample
BATCH01019,Batch
QCS01051,QCSample
BATCH01020,Batch
QCS01052,QCSample
BATCH01021,Batch
DEVIAT0168,Deviation
QCS01053,QCSample
BATCH01022,Batch
QCS01054,QCSample
BATCH01023,Batch
QCS01055,QCSample
DEVIAT0169,Deviation
QCS01056,QCSample
BATCH01024,Batch
QCS01057,QCSample
BATCH01025,Batch
QCS01058,QCSample
BATCH01026,Batch
QCS01059,QCSample
BATCH01027,Batch
QCS01060,QCSample
BATCH01028,Batch
DEVIAT0170,Deviation
QCS01061,QCSample
BATCH01029,Batch
QCS01062,QCSample
BATCH01030,Batch
QCS01063,QCSample
BATCH01031,Batch
QCS01064,QCSample
BATCH01032,Batch
QCS01065,QCSample
BATCH01033,Batch
QCS01066,QCSample
BATCH01034,Batch
DEVIAT0171,Deviation
QCS01067,QCSample
BATCH01035,Batch
QCS01068,QCSample
BATCH01036,Batch
QCS01069,QCSample
BATCH01037,Batch
QCS01070,QCSample
BATCH01038,Batch
QCS01071,QCSample
BATCH01039,Batch
DEVIAT0172,Deviation
QCS01072,QCSample
BATCH01040,Batch
QCS01073,QCSample
BATCH01041,Batch
QCS01074,QCSample
BATCH01042,Batch
DEVIAT0173,Deviation
QCS01075,QCSample
QCS01076,QCSample
BATCH01043,Batch
QCS01077,QCSample
BATCH01044,Batch
QCS01078,QCSample
BATCH01045,Batch
QCS01079,QCSample
BATCH01046,Batch
QCS01080,QCSample
BATCH01047,Batch
DEVIAT0174,Deviation
QCS01081,QCSample
BATCH01048,Batch
QCS01082,QCSample
BATCH01049,Batch
QCS01083,QCSample
BATCH01050,Batch
QCS01084,QCSample
BATCH01051,Batch
QCS01085,QCSample
BATCH01052,Batch
QCS01086,QCSample
BATCH01053,Batch
QCS01087,QCSample
BATCH01054,Batch
DEVIAT0175,Deviation
QCS01088,QCSample
BATCH01055,Batch
QCS01089,QCSample
BATCH01056,Batch
QCS01090,QCSample
BATCH01057,Batch
DEVIAT0176,Deviation
QCS01091,QCSample
BATCH01058,Batch
QCS01092,QCSample
BATCH01059,Batch
QCS01093,QCSample
BATCH01060,Batch
QCS01094,QCSample
BATCH01061,Batch
QCS01095,QCSample
BATCH01062,Batch
QCS01096,QCSample
BATCH01063,Batch
QCS01097,QCSample
BATCH01064,Batch
QCS01098,QCSample
BATCH01065,Batch
QCS01099,QCSample
BATCH01066,Batch
QCS01100,QCSample
BATCH01067,Batch
QCS01101,QCSample
BATCH01068,Batch
QCS01102,QCSample
BATCH01069,Batch
QCS01103,QCSample
BATCH01070,Batch
DEVIAT0177,Deviation
QCS01104,QCSample
QCS01105,QCSample
BATCH01071,Batch
QCS01106,QCSample
BATCH01072,Batch
QCS01107,QCSample
DEVIAT0178,Deviation
QCS01108,QCSample
BATCH01073,Batch
QCS01109,QCSample
BATCH01074,Batch
QCS01110,QCSample
BATCH01075,Batch
QCS01111,QCSample
BATCH01076,Batch
QCS01112,QCSample
BATCH01077,Batch
QCS01113,QCSample
BATCH01078,Batch
DEVIAT0179,Deviation
QCS01114,QCSample
QCS01115,QCSample
BATCH01079,Batch
QCS01116,QCSample
BATCH01080,Batch
QCS01117,QCSample
BATCH01081,Batch
QCS01118,QCSample
BATCH01082,Batch
QCS01119,QCSample
BATCH01083,Batch
QCS01120,QCSample
BATCH01084,Batch
QCS01121,QCSample
BATCH01085,Batch
QCS01122,QCSample
BATCH01086,Batch
QCS01123,QCSample
BATCH01087,Batch
QCS01124,QCSample
BATCH01088,Batch
QCS01125,QCSample
BATCH01089,Batch
QCS01126,QCSample
BATCH01090,Batch
QCS01127,QCSample
BATCH01091,Batch
QCS01128,QCSample
BATCH01092,Batch
QCS01129,QCSample
BATCH01093,Batch
QCS01130,QCSample
BATCH01094,Batch
DEVIAT0180,Deviation
QCS01131,QCSample
BATCH01095,Batch
DEVIAT0181,Deviation
QCS01132,QCSample
QCS01133,QCSample
BATCH01096,Batch
DEVIAT0182,Deviation
QCS01134,QCSample
BATCH01097,Batch
QCS01135,QCSample
BATCH01098,Batch
QCS01136,QCSample
DEVIAT0183,Deviation
QCS01137,QCSample
BATCH01099,Batch
QCS01138,QCSample
BATCH01100,Batch
QCS01139,QCSample
BATCH01101,Batch
QCS01140,QCSample
BATCH01102,Batch
QCS01141,QCSample
BATCH01103,Batch
QCS01142,QCSample
BATCH01104,Batch
QCS01143,QCSample
BATCH01105,Batch
QCS01144,QCSample
BATCH01106,Batch
QCS01145,QCSample
BATCH01107,Batch
QCS01146,QCSample
BATCH01108,Batch
QCS01147,QCSample
BATCH01109,Batch
QCS01148,QCSample
BATCH01110,Batch
QCS01149,QCSample
BATCH01111,Batch
QCS01150,QCSample
BATCH01112,Batch
QCS01151,QCSample
BATCH01113,Batch
BATCH01114,Batch
QCS01152,QCSample
BATCH01115,Batch
DEVIAT0184,Deviation
QCS01153,QCSample
QCS01154,QCSample
BATCH01116,Batch
QCS01155,QCSample
BATCH01117,Batch
QCS01156,QCSample
BATCH01118,Batch
DEVIAT0185,Deviation
QCS01157,QCSample
BATCH01119,Batch
QCS01158,QCSample
BATCH01120,Batch
QCS01159,QCSample
BATCH01121,Batch
QCS01160,QCSample
BATCH01122,Batch
QCS01161,QCSample
DEVIAT0186,Deviation
QCS01162,QCSample
BATCH01123,Batch
QCS01163,QCSample
BATCH01124,Batch
QCS01164,QCSample
BATCH01125,Batch
QCS01165,QCSample
BATCH01126,Batch
QCS01166,QCSample
DEVIAT0187,Deviation
QCS01167,QCSample
BATCH01127,Batch
QCS01168,QCSample
BATCH01128,Batch
QCS01169,QCSample
BATCH01129,Batch
QCS01170,QCSample
BATCH01130,Batch
QCS01171,QCSample
BATCH01131,Batch
QCS01172,QCSample
BATCH01132,Batch
QCS01173,QCSample
BATCH01133,Batch
QCS01174,QCSample
DEVIAT0188,Deviation
QCS01175,QCSample
BATCH01134,Batch
QCS01176,QCSample
BATCH01135,Batch
QCS01177,QCSample
BATCH01136,Batch
QCS01178,QCSample
BATCH01137,Batch
QCS01179,QCSample
BATCH01138,Batch
QCS01180,QCSample
BATCH01139,Batch
BATCH01140,Batch
QCS01181,QCSample
BATCH01141,Batch
QCS01182,QCSample
BATCH01142,Batch
QCS01183,QCSample
BATCH01143,Batch
QCS01184,QCSample
BATCH01144,Batch
QCS01185,QCSample
BATCH01145,Batch
QCS01186,QCSample
BATCH01146,Batch
BATCH01147,Batch
QCS01187,QCSample
BATCH01148,Batch
QCS01188,QCSample
BATCH01149,Batch
QCS01189,QCSample
BATCH01150,Batch
QCS01190,QCSample
BATCH01151,Batch
QCS01191,QCSample
BATCH01152,Batch
QCS01192,QCSample
BATCH01153,Batch
QCS01193,QCSample
BATCH01154,Batch
QCS01194,QCSample
BATCH01155,Batch
QCS01195,QCSample
BATCH01156,Batch
DEVIAT0189,Deviation
QCS01196,QCSample
BATCH01157,Batch
QCS01197,QCSample
BATCH01158,Batch
BATCH01159,Batch
QCS01198,QCSample
BATCH01160,Batch
QCS01199,QCSample
BATCH01161,Batch
QCS01200,QCSample
BATCH01162,Batch
QCS01201,QCSample
BATCH01163,Batch
QCS01202,QCSample
BATCH01164,Batch
QCS01203,QCSample
BATCH01165,Batch
DEVIAT0190,Deviation
QCS01204,QCSample
BATCH01166,Batch
DEVIAT0191,Deviation
QCS01205,QCSample
BATCH01167,Batch
QCS01206,QCSample
BATCH01168,Batch
QCS01207,QCSample
BATCH01169,Batch
QCS01208,QCSample
BATCH01170,Batch
QCS01209,QCSample
BATCH01171,Batch
QCS01210,QCSample
BATCH01172,Batch
QCS01211,QCSample
BATCH01173,Batch
QCS01212,QCSample
BATCH01174,Batch
QCS01213,QCSample
BATCH01175,Batch
QCS01214,QCSample
BATCH01176,Batch
QCS01215,QCSample
BATCH01177,Batch
QCS01216,QCSample
BATCH01178,Batch
QCS01217,QCSample
BATCH01179,Batch
DEVIAT0192,Deviation
QCS01218,QCSample
QCS01219,QCSample
BATCH01180,Batch
QCS01220,QCSample
BATCH01181,Batch
QCS01221,QCSample
BATCH01182,Batch
QCS01222,QCSample
BATCH01183,Batch
QCS01223,QCSample
BATCH01184,Batch
QCS01224,QCSample
BATCH01185,Batch
QCS01225,QCSample
BATCH01186,Batch
QCS01226,QCSample
BATCH01187,Batch
QCS01227,QCSample
BATCH01188,Batch
QCS01228,QCSample
BATCH01189,Batch
QCS01229,QCSample
BATCH01190,Batch
QCS01230,QCSample
BATCH01191,Batch
DEVIAT0193,Deviation
QCS01231,QCSample
QCS01232,QCSample
BATCH01192,Batch
BATCH01193,Batch
QCS01233,QCSample
BATCH01194,Batch
QCS01234,QCSample
BATCH01195,Batch
QCS01235,QCSample
BATCH01196,Batch
QCS01236,QCSample
DEVIAT0194,Deviation
QCS01237,QCSample
BATCH01197,Batch
QCS01238,QCSample
BATCH01198,Batch
QCS01239,QCSample
BATCH01199,Batch
QCS01240,QCSample
BATCH01200,Batch
QCS01241,QCSample
BATCH01201,Batch
QCS01242,QCSample
BATCH01202,Batch
QCS01243,QCSample
BATCH01203,Batch
QCS01244,QCSample
BATCH01204,Batch
QCS01245,QCSample
BATCH01205,Batch
QCS01246,QCSample
DEVIAT0195,Deviation
QCS01247,QCSample
BATCH01206,Batch
QCS01248,QCSample
BATCH01207,Batch
QCS01249,QCSample
BATCH01208,Batch
DEVIAT0196,Deviation
QCS01250,QCSample
QCS01251,QCSample
BATCH01209,Batch
QCS01252,QCSample
BATCH01210,Batch
QCS01253,QCSample
BATCH01211,Batch
BATCH01212,Batch
QCS01254,QCSample
BATCH01213,Batch
QCS01255,QCSample
BATCH01214,Batch
QCS01256,QCSample
BATCH01215,Batch
QCS01257,QCSample
BATCH01216,Batch
QCS01258,QCSample
BATCH01217,Batch
QCS01259,QCSample
BATCH01218,Batch
QCS01260,QCSample
BATCH01219,Batch
QCS01261,QCSample
BATCH01220,Batch
QCS01262,QCSample
BATCH01221,Batch
QCS01263,QCSample
BATCH01222,Batch
QCS01264,QCSample
BATCH01223,Batch
QCS01265,QCSample
BATCH01224,Batch
QCS01266,QCSample
BATCH01225,Batch
BATCH01226,Batch
QCS01267,QCSample
BATCH01227,Batch
QCS01268,QCSample
BATCH01228,Batch
QCS01269,QCSample
BATCH01229,Batch
QCS01270,QCSample
BATCH01230,Batch
QCS01271,QCSample
BATCH01231,Batch
DEVIAT0197,Deviation
QCS01272,QCSample
BATCH01232,Batch
QCS01273,QCSample
BATCH01233,Batch
QCS01274,QCSample
BATCH01234,Batch
QCS01275,QCSample
BATCH01235,Batch
QCS01276,QCSample
BATCH01236,Batch
QCS01277,QCSample
BATCH01237,Batch
QCS01278,QCSample
BATCH01238,Batch
QCS01279,QCSample
BATCH01239,Batch
QCS01280,QCSample
BATCH01240,Batch
QCS01281,QCSample
BATCH01241,Batch
QCS01282,QCSample
BATCH01242,Batch
QCS01283,QCSample
BATCH01243,Batch
QCS01284,QCSample
DEVIAT0198,Deviation
QCS01285,QCSample
BATCH01244,Batch
QCS01286,QCSample
BATCH01245,Batch
QCS01287,QCSample
BATCH01246,Batch
QCS01288,QCSample
BATCH01247,Batch
DEVIAT0199,Deviation
QCS01289,QCSample
BATCH01248,Batch
QCS01290,QCSample
BATCH01249,Batch
QCS01291,QCSample
BATCH01250,Batch
QCS01292,QCSample
BATCH01251,Batch
QCS01293,QCSample
BATCH01252,Batch
QCS01294,QCSample
BATCH01253,Batch
DEVIAT0200,Deviation
QCS01295,QCSample
BATCH01254,Batch
QCS01296,QCSample
BATCH01255,Batch
QCS01297,QCSample
DEVIAT0201,Deviation
QCS01298,QCSample
BATCH01256,Batch
QCS01299,QCSample
BATCH01257,Batch
QCS01300,QCSample
BATCH01258,Batch
QCS01301,QCSample
BATCH01259,Batch
QCS01302,QCSample
BATCH01260,Batch
QCS01303,QCSample
BATCH01261,Batch
QCS01304,QCSample
BATCH01262,Batch
QCS01305,QCSample
BATCH01263,Batch
QCS01306,QCSample
BATCH01264,Batch
QCS01307,QCSample
BATCH01265,Batch
QCS01308,QCSample
DEVIAT0202,Deviation
QCS01309,QCSample
BATCH01266,Batch
QCS01310,QCSample
BATCH01267,Batch
DEVIAT0203,Deviation
QCS01311,QCSample
BATCH01268,Batch
DEVIAT0204,Deviation
QCS01312,QCSample
QCS01313,QCSample
BATCH01269,Batch
QCS01314,QCSample
BATCH01270,Batch
QCS01315,QCSample
DEVIAT0205,Deviation
QCS01316,QCSample
BATCH01271,Batch
QCS01317,QCSample
BATCH01272,Batch
QCS01318,QCSample
BATCH01273,Batch
QCS01319,QCSample
BATCH01274,Batch
QCS01320,QCSample
BATCH01275,Batch
DEVIAT0206,Deviation
QCS01321,QCSample
BATCH01276,Batch
QCS01322,QCSample
BATCH01277,Batch
QCS01323,QCSample
BATCH01278,Batch
QCS01324,QCSample
BATCH01279,Batch
QCS01325,QCSample
BATCH01280,Batch
QCS01326,QCSample
BATCH01281,Batch
QCS01327,QCSample
BATCH01282,Batch
QCS01328,QCSample
BATCH01283,Batch
QCS01329,QCSample
BATCH01284,Batch
QCS01330,QCSample
DEVIAT0207,Deviation
QCS01331,QCSample
BATCH01285,Batch
QCS01332,QCSample
DEVIAT0208,Deviation
QCS01333,QCSample
BATCH01286,Batch
QCS01334,QCSample
BATCH01287,Batch
BATCH01288,Batch
QCS01335,QCSample
BATCH01289,Batch
QCS01336,QCSample
BATCH01290,Batch
QCS01337,QCSample
BATCH01291,Batch
QCS01338,QCSample
BATCH01292,Batch
BATCH01293,Batch
DEVIAT0209,Deviation
QCS01339,QCSample
BATCH01294,Batch
BATCH01295,Batch
QCS01340,QCSample
BATCH01296,Batch
QCS01341,QCSample
BATCH01297,Batch
DEVIAT0210,Deviation
QCS01342,QCSample
BATCH01298,Batch
QCS01343,QCSample
BATCH01299,Batch
QCS01344,QCSample
BATCH01300,Batch
QCS01345,QCSample
DEVIAT0211,Deviation
QCS01346,QCSample
BATCH01301,Batch
DEVIAT0212,Deviation
QCS01347,QCSample
BATCH01302,Batch
QCS01348,QCSample
BATCH01303,Batch
DEVIAT0213,Deviation
QCS01349,QCSample
BATCH01304,Batch
QCS01350,QCSample
BATCH01305,Batch
QCS01351,QCSample
DEVIAT0214,Deviation
QCS01352,QCSample
BATCH01306,Batch
QCS01353,QCSample
BATCH01307,Batch
QCS01354,QCSample
BATCH01308,Batch
DEVIAT0215,Deviation
QCS01355,QCSample
BATCH01309,Batch
QCS01356,QCSample
BATCH01310,Batch
QCS01357,QCSample
BATCH01311,Batch
QCS01358,QCSample
BATCH01312,Batch
QCS01359,QCSample
BATCH01313,Batch
QCS01360,QCSample
BATCH01314,Batch
QCS01361,QCSample
BATCH01315,Batch
QCS01362,QCSample
BATCH01316,Batch
DEVIAT0216,Deviation
QCS01363,QCSample
QCS01364,QCSample
BATCH01317,Batch
QCS01365,QCSample
BATCH01318,Batch
QCS01366,QCSample
BATCH01319,Batch
QCS01367,QCSample
BATCH01320,Batch
QCS01368,QCSample
BATCH01321,Batch
QCS01369,QCSample
BATCH01322,Batch
QCS01370,QCSample
BATCH01323,Batch
QCS01371,QCSample
BATCH01324,Batch
QCS01372,QCSample
BATCH01325,Batch
QCS01373,QCSample
BATCH01326,Batch
QCS01374,QCSample
BATCH01327,Batch
QCS01375,QCSample
BATCH01328,Batch
QCS01376,QCSample
BATCH01329,Batch
QCS01377,QCSample
BATCH01330,Batch
QCS01378,QCSample
BATCH01331,Batch
QCS01379,QCSample
BATCH01332,Batch
QCS01380,QCSample
BATCH01333,Batch
QCS01381,QCSample
BATCH01334,Batch
QCS01382,QCSample
BATCH01335,Batch
QCS01383,QCSample
BATCH01336,Batch
QCS01384,QCSample
BATCH01337,Batch
QCS01385,QCSample
BATCH01338,Batch
QCS01386,QCSample
BATCH01339,Batch
DEVIAT0217,Deviation
QCS01387,QCSample
BATCH01340,Batch
QCS01388,QCSample
BATCH01341,Batch
QCS01389,QCSample
BATCH01342,Batch
QCS01390,QCSample
BATCH01343,Batch
QCS01391,QCSample
BATCH01344,Batch
BATCH01345,Batch
DEVIAT0218,Deviation
QCS01392,QCSample
QCS01393,QCSample
BATCH01346,Batch
QCS01394,QCSample
BATCH01347,Batch
QCS01395,QCSample
BATCH01348,Batch
QCS01396,QCSample
BATCH01349,Batch
QCS01397,QCSample
BATCH01350,Batch
QCS01398,QCSample
BATCH01351,Batch
QCS01399,QCSample
BATCH01352,Batch
QCS01400,QCSample
BATCH01353,Batch
QCS01401,QCSample
BATCH01354,Batch
QCS01402,QCSample
BATCH01355,Batch
QCS01403,QCSample
BATCH01356,Batch
QCS01404,QCSample
BATCH01357,Batch
DEVIAT0219,Deviation
QCS01405,QCSample
BATCH01358,Batch
QCS01406,QCSample
BATCH01359,Batch
QCS01407,QCSample
BATCH01360,Batch
QCS01408,QCSample
BATCH01361,Batch
QCS01409,QCSample
BATCH01362,Batch
QCS01410,QCSample
BATCH01363,Batch
QCS01411,QCSample
BATCH01364,Batch
QCS01412,QCSample
BATCH01365,Batch
QCS01413,QCSample
DEVIAT0220,Deviation
QCS01414,QCSample
BATCH01366,Batch
DEVIAT0221,Deviation
QCS01415,QCSample
BATCH01367,Batch
QCS01416,QCSample
BATCH01368,Batch
QCS01417,QCSample
BATCH01369,Batch
QCS01418,QCSample
BATCH01370,Batch
BATCH01371,Batch
QCS01419,QCSample
BATCH01372,Batch
QCS01420,QCSample
BATCH01373,Batch
QCS01421,QCSample
BATCH01374,Batch
QCS01422,QCSample
BATCH01375,Batch
DEVIAT0222,Deviation
QCS01423,QCSample
QCS01424,QCSample
BATCH01376,Batch
QCS01425,QCSample
BATCH01377,Batch
QCS01426,QCSample
BATCH01378,Batch
QCS01427,QCSample
BATCH01379,Batch
QCS01428,QCSample
BATCH01380,Batch
BATCH01381,Batch
DEVIAT0223,Deviation
QCS01429,QCSample
BATCH01382,Batch
QCS01430,QCSample
BATCH01383,Batch
QCS01431,QCSample
BATCH01384,Batch
QCS01432,QCSample
BATCH01385,Batch
QCS01433,QCSample
BATCH01386,Batch
QCS01434,QCSample
BATCH01387,Batch
QCS01435,QCSample
BATCH01388,Batch
QCS01436,QCSample
BATCH01389,Batch
QCS01437,QCSample
BATCH01390,Batch
BATCH01391,Batch
QCS01438,QCSample
BATCH01392,Batch
QCS01439,QCSample
BATCH01393,Batch
DEVIAT0224,Deviation
QCS01440,QCSample
QCS01441,QCSample
BATCH01394,Batch
DEVIAT0225,Deviation
QCS01442,QCSample
BATCH01395,Batch
QCS01443,QCSample
BATCH01396,Batch
QCS01444,QCSample
BATCH01397,Batch
QCS01445,QCSample
BATCH01398,Batch
QCS01446,QCSample
BATCH01399,Batch
QCS01447,QCSample
BATCH01400,Batch
DEVIAT0226,Deviation
QCS01448,QCSample
QCS01449,QCSample
BATCH01401,Batch
QCS01450,QCSample
BATCH01402,Batch
DEVIAT0227,Deviation
QCS01451,QCSample
BATCH01403,Batch
QCS01452,QCSample
BATCH01404,Batch
BATCH01405,Batch
QCS01453,QCSample
BATCH01406,Batch
QCS01454,QCSample
BATCH01407,Batch
QCS01455,QCSample
DEVIAT0228,Deviation
QCS01456,QCSample
BATCH01408,Batch
DEVIAT0229,Deviation
QCS01457,QCSample
QCS01458,QCSample
BATCH01409,Batch
QCS01459,QCSample
BATCH01410,Batch
QCS01460,QCSample
BATCH01411,Batch
QCS01461,QCSample
BATCH01412,Batch
QCS01462,QCSample
DEVIAT0230,Deviation
QCS01463,QCSample
BATCH01413,Batch
QCS01464,QCSample
BATCH01414,Batch
QCS01465,QCSample
BATCH01415,Batch
QCS01466,QCSample
BATCH01416,Batch
QCS01467,QCSample
BATCH01417,Batch
DEVIAT0231,Deviation
QCS01468,QCSample
BATCH01418,Batch
QCS01469,QCSample
BATCH01419,Batch
QCS01470,QCSample
BATCH01420,Batch
QCS01471,QCSample
BATCH01421,Batch
QCS01472,QCSample
BATCH01422,Batch
QCS01473,QCSample
BATCH01423,Batch
QCS01474,QCSample
BATCH01424,Batch
QCS01475,QCSample
BATCH01425,Batch
QCS01476,QCSample
BATCH01426,Batch
QCS01477,QCSample
BATCH01427,Batch
QCS01478,QCSample
BATCH01428,Batch
QCS01479,QCSample
BATCH01429,Batch
QCS01480,QCSample
BATCH01430,Batch
DEVIAT0232,Deviation
QCS01481,QCSample
BATCH01431,Batch
QCS01482,QCSample
BATCH01432,Batch
QCS01483,QCSample
BATCH01433,Batch
QCS01484,QCSample
BATCH01434,Batch
QCS01485,QCSample
BATCH01435,Batch
QCS01486,QCSample
BATCH01436,Batch
QCS01487,QCSample
BATCH01437,Batch
QCS01488,QCSample
BATCH01438,Batch
QCS01489,QCSample
BATCH01439,Batch
QCS01490,QCSample
BATCH01440,Batch
QCS01491,QCSample
BATCH01441,Batch
QCS01492,QCSample
BATCH01442,Batch
QCS01493,QCSample
BATCH01443,Batch
QCS01494,QCSample
BATCH01444,Batch
QCS01495,QCSample
BATCH01445,Batch
DEVIAT0233,Deviation
QCS01496,QCSample
QCS01497,QCSample
BATCH01446,Batch
QCS01498,QCSample
BATCH01447,Batch
QCS01499,QCSample
BATCH01448,Batch
QCS01500,QCSample
BATCH01449,Batch
QCS01501,QCSample
BATCH01450,Batch
QCS01502,QCSample
BATCH01451,Batch
QCS01503,QCSample
DEVIAT0234,Deviation
QCS01504,QCSample
BATCH01452,Batch
QCS01505,QCSample
BATCH01453,Batch
DEVIAT0235,Deviation
QCS01506,QCSample
BATCH01454,Batch
QCS01507,QCSample
DEVIAT0236,Deviation
QCS01508,QCSample
BATCH01455,Batch
QCS01509,QCSample
DEVIAT0237,Deviation
QCS01510,QCSample
BATCH01456,Batch
QCS01511,QCSample
BATCH01457,Batch
QCS01512,QCSample
BATCH01458,Batch
QCS01513,QCSample
BATCH01459,Batch
QCS01514,QCSample
BATCH01460,Batch
QCS01515,QCSample
BATCH01461,Batch
QCS01516,QCSample
BATCH01462,Batch
QCS01517,QCSample
BATCH01463,Batch
QCS01518,QCSample
BATCH01464,Batch
QCS01519,QCSample
BATCH01465,Batch
QCS01520,QCSample
BATCH01466,Batch
DEVIAT0238,Deviation
QCS01521,QCSample
BATCH01467,Batch
QCS01522,QCSample
BATCH01468,Batch
QCS01523,QCSample
BATCH01469,Batch
BATCH01470,Batch
DEVIAT0239,Deviation
QCS01524,QCSample
BATCH01471,Batch
QCS01525,QCSample
BATCH01472,Batch
QCS01526,QCSample
BATCH01473,Batch
QCS01527,QCSample
BATCH01474,Batch
QCS01528,QCSample
BATCH01475,Batch
QCS01529,QCSample
BATCH01476,Batch
QCS01530,QCSample
BATCH01477,Batch
QCS01531,QCSample
BATCH01478,Batch
QCS01532,QCSample
BATCH01479,Batch
DEVIAT0240,Deviation
QCS01533,QCSample
QCS01534,QCSample
BATCH01480,Batch
QCS01535,QCSample
BATCH01481,Batch
QCS01536,QCSample
BATCH01482,Batch
QCS01537,QCSample
BATCH01483,Batch
QCS01538,QCSample
BATCH01484,Batch
QCS01539,QCSample
BATCH01485,Batch
QCS01540,QCSample
BATCH01486,Batch
QCS01541,QCSample
BATCH01487,Batch
QCS01542,QCSample
BATCH01488,Batch
BATCH01489,Batch
QCS01543,QCSample
BATCH01490,Batch
QCS01544,QCSample
BATCH01491,Batch
QCS01545,QCSample
BATCH01492,Batch
QCS01546,QCSample
BATCH01493,Batch
QCS01547,QCSample
BATCH01494,Batch
QCS01548,QCSample
BATCH01495,Batch
QCS01549,QCSample
BATCH01496,Batch
QCS01550,QCSample
BATCH01497,Batch
QCS01551,QCSample
BATCH01498,Batch
QCS01552,QCSample
BATCH01499,Batch
QCS01553,QCSample
BATCH01500,Batch
QCS01554,QCSample
