object_id,api_supplier_risk,campaign_flag,client_type,criticality,deviation_type,dosage_form,dosage_specialization,due_date,equipment_type,expiry_date,lab_id,line,line_id,market,material_type,planned_qty,plant,priority,product_code,requested_qty,sample_type,supplier_risk,uom
TL1,,,,,,,Tablet,,,,,,,,,,PLANT_SOLIDS,,,,,,
TL2,,,,,,,Tablet,,,,,,,,,,PLANT_SOLIDS,,,,,,
TL3,,,,,,,Tablet,,,,,,,,,,PLANT_SOLIDS,,,,,,
CL1,,,,,,,Capsule,,,,,,,,,,PLANT_SOLIDS,,,,,,
CL2,,,,,,,Capsule,,,,,,,,,,PLANT_SOLIDS,,,,,,
INJ1,,,,,,,Injectable,,,,,,,,,,PLANT_PARENTERAL,,,,,,
INJ2,,,,,,,Injectable,,,,,,,,,,PLANT_PARENTERAL,,,,,,
HORM1,,,,,,,Hormonal,,,,,,,,,,PLANT_SPECIAL,,,,,,
HORM2,,,,,,,Hormonal,,,,,,,,,,PLANT_SPECIAL,,,,,,
DEV1,,,,,,,Device,,,,,,,,,,PLANT_SPECIAL,,,,,,
DEV2,,,,,,,Device,,,,,,,,,,PLANT_SPECIAL,,,,,,
TL1_COMP,,,,,,,,,COMP,,,,TL1,,,,,,,,,,
TL1_COAT,,,,,,,,,COAT,,,,TL1,,,,,,,,,,
TL1_PACK,,,,,,,,,PACK,,,,TL1,,,,,,,,,,
TL2_COMP,,,,,,,,,COMP,,,,TL2,,,,,,,,,,
TL2_COAT,,,,,,,,,COAT,,,,TL2,,,,,,,,,,
TL2_PACK,,,,,,,,,PACK,,,,TL2,,,,,,,,,,
TL3_COMP,,,,,,,,,COMP,,,,TL3,,,,,,,,,,
TL3_COAT,,,,,,,,,COAT,,,,TL3,,,,,,,,,,
TL3_PACK,,,,,,,,,PACK,,,,TL3,,,,,,,,,,
CL1_FILL,,,,,,,,,FILL,,,,CL1,,,,,,,,,,
CL1_PACK,,,,,,,,,PACK,,,,CL1,,,,,,,,,,
CL2_FILL,,,,,,,,,FILL,,,,CL2,,,,,,,,,,
CL2_PACK,,,,,,,,,PACK,,,,CL2,,,,,,,,,,
INJ1_FILL,,,,,,,,,FILL,,,,INJ1,,,,,,,,,,
INJ1_LYO,,,,,,,,,LYO,,,,INJ1,,,,,,,,,,
INJ1_PACK,,,,,,,,,PACK,,,,INJ1,,,,,,,,,,
INJ2_FILL,,,,,,,,,FILL,,,,INJ2,,,,,,,,,,
INJ2_LYO,,,,,,,,,LYO,,,,INJ2,,,,,,,,,,
INJ2_PACK,,,,,,,,,PACK,,,,INJ2,,,,,,,,,,
HORM1_COMP,,,,,,,,,COMP,,,,HORM1,,,,,,,,,,
HORM1_COAT,,,,,,,,,COAT,,,,HORM1,,,,,,,,,,
HORM1_PACK,,,,,,,,,PACK,,,,HORM1,,,,,,,,,,
HORM2_COMP,,,,,,,,,COMP,,,,HORM2,,,,,,,,,,
HORM2_COAT,,,,,,,,,COAT,,,,HORM2,,,,,,,,,,
HORM2_PACK,,,,,,,,,PACK,,,,HORM2,,,,,,,,,,
DEV1_ASSEMBLY,,,,,,,,,ASSEMBLY,,,,DEV1,,,,,,,,,,
DEV1_CALIB,,,,,,,,,CALIB,,,,DEV1,,,,,,,,,,
DEV1_PACK,,,,,,,,,PACK,,,,DEV1,,,,,,,,,,
DEV2_ASSEMBLY,,,,,,,,,ASSEMBLY,,,,DEV2,,,,,,,,,,
DEV2_CALIB,,,,,,,,,CALIB,,,,DEV2,,,,,,,,,,
DEV2_PACK,,,,,,,,,PACK,,,,DEV2,,,,,,,,,,
MAT00001,,,,,,,,,,2024-10-08T08:00:00,,,,,API,,,,,,,Low,
MAT00002,,,,,,,,,,2024-05-22T08:00:00,,,,,API,,,,,,,Low,
MAT00003,,,,,,,,,,2025-08-27T08:00:00,,,,,API,,,,,,,Low,
MAT00004,,,,,,,,,,2024-01-31T08:00:00,,,,,Component,,,,,,,Low,
MAT00005,,,,,,,,,,2024-08-26T08:00:00,,,,,API,,,,,,,Low,
MAT00006,,,,,,,,,,2025-10-27T08:00:00,,,,,API,,,,,,,Low,
MAT00007,,,,,,,,,,2025-04-04T08:00:00,,,,,Component,,,,,,,Low,
MAT00008,,,,,,,,,,2024-06-12T08:00:00,,,,,Excipient,,,,,,,Low,
MAT00009,,,,,,,,,,2024-10-11T08:00:00,,,,,Component,,,,,,,Medium,
MAT00010,,,,,,,,,,2024-12-10T08:00:00,,,,,API,,,,,,,Low,
MAT00011,,,,,,,,,,2025-01-24T08:00:00,,,,,API,,,,,,,Low,
MAT00012,,,,,,,,,,2024-12-18T08:00:00,,,,,API,,,,,,,Medium,
MAT00013,,,,,,,,,,2025-04-15T08:00:00,,,,,Excipient,,,,,,,Low,
MAT00014,,,,,,,,,,2024-03-21T08:00:00,,,,,API,,,,,,,High,
MAT00015,,,,,,,,,,2025-08-14T08:00:00,,,,,Excipient,,,,,,,Medium,
MAT00016,,,,,,,,,,2024-02-16T08:00:00,,,,,API,,,,,,,Low,
MAT00017,,,,,,,,,,2024-03-22T08:00:00,,,,,API,,,,,,,Medium,
MAT00018,,,,,,,,,,2025-01-24T08:00:00,,,,,API,,,,,,,Low,
MAT00019,,,,,,,,,,2025-10-12T08:00:00,,,,,Excipient,,,,,,,High,
MAT00020,,,,,,,,,,2025-01-14T08:00:00,,,,,Excipient,,,,,,,Low,
MAT00021,,,,,,,,,,2025-11-17T08:00:00,,,,,Excipient,,,,,,,Low,
MAT00022,,,,,,,,,,2025-09-15T08:00:00,,,,,Excipient,,,,,,,Low,
MAT00023,,,,,,,,,,2024-06-16T08:00:00,,,,,API,,,,,,,Low,
MAT00024,,,,,,,,,,2024-10-03T08:00:00,,,,,Component,,,,,,,High,
MAT00025,,,,,,,,,,2024-02-27T08:00:00,,,,,API,,,,,,,Medium,
MAT00026,,,,,,,,,,2024-11-19T08:00:00,,,,,API,,,,,,,Low,
MAT00027,,,,,,,,,,2024-03-08T08:00:00,,,,,Component,,,,,,,Medium,
MAT00028,,,,,,,,,,2024-08-05T08:00:00,,,,,API,,,,,,,Medium,
MAT00029,,,,,,,,,,2025-10-20T08:00:00,,,,,Component,,,,,,,High,
MAT00030,,,,,,,,,,2024-09-28T08:00:00,,,,,Component,,,,,,,Low,
MAT00031,,,,,,,,,,2025-07-28T08:00:00,,,,,API,,,,,,,Low,
MAT00032,,,,,,,,,,2025-08-20T08:00:00,,,,,Excipient,,,,,,,High,
MAT00033,,,,,,,,,,2024-08-12T08:00:00,,,,,Component,,,,,,,Medium,
MAT00034,,,,,,,,,,2024-04-03T08:00:00,,,,,API,,,,,,,High,
MAT00035,,,,,,,,,,2024-06-05T08:00:00,,,,,API,,,,,,,Low,
MAT00036,,,,,,,,,,2025-09-02T08:00:00,,,,,API,,,,,,,High,
MAT00037,,,,,,,,,,2025-01-25T08:00:00,,,,,API,,,,,,,High,
MAT00038,,,,,,,,,,2025-07-20T08:00:00,,,,,Component,,,,,,,Medium,
MAT00039,,,,,,,,,,2025-11-29T08:00:00,,,,,API,,,,,,,Low,
MAT00040,,,,,,,,,,2024-04-24T08:00:00,,,,,Excipient,,,,,,,Medium,
MAT00041,,,,,,,,,,2024-06-10T08:00:00,,,,,Excipient,,,,,,,High,
MAT00042,,,,,,,,,,2024-09-26T08:00:00,,,,,Component,,,,,,,Low,
MAT00043,,,,,,,,,,2025-10-02T08:00:00,,,,,API,,,,,,,Low,
MAT00044,,,,,,,,,,2024-06-05T08:00:00,,,,,Excipient,,,,,,,Low,
MAT00045,,,,,,,,,,2025-07-06T08:00:00,,,,,Excipient,,,,,,,Low,
MAT00046,,,,,,,,,,2025-05-15T08:00:00,,,,,API,,,,,,,Medium,
MAT00047,,,,,,,,,,2025-01-06T08:00:00,,,,,API,,,,,,,Low,
MAT00048,,,,,,,,,,2024-02-29T08:00:00,,,,,Excipient,,,,,,,Low,
MAT00049,,,,,,,,,,2024-03-28T08:00:00,,,,,API,,,,,,,Low,
MAT00050,,,,,,,,,,2025-06-29T08:00:00,,,,,Component,,,,,,,Low,
MAT00051,,,,,,,,,,2025-11-06T08:00:00,,,,,API,,,,,,,Low,
MAT00052,,,,,,,,,,2024-09-28T08:00:00,,,,,Component,,,,,,,Low,
MAT00053,,,,,,,,,,2025-07-06T08:00:00,,,,,Component,,,,,,,Low,
MAT00054,,,,,,,,,,2025-02-12T08:00:00,,,,,API,,,,,,,Medium,
MAT00055,,,,,,,,,,2025-06-13T08:00:00,,,,,Excipient,,,,,,,High,
MAT00056,,,,,,,,,,2024-09-10T08:00:00,,,,,Component,,,,,,,Low,
MAT00057,,,,,,,,,,2024-12-12T08:00:00,,,,,API,,,,,,,Low,
MAT00058,,,,,,,,,,2025-08-25T08:00:00,,,,,API,,,,,,,Low,
MAT00059,,,,,,,,,,2024-03-13T08:00:00,,,,,API,,,,,,,Low,
MAT00060,,,,,,,,,,2024-03-10T08:00:00,,,,,API,,,,,,,Low,
MAT00061,,,,,,,,,,2024-03-13T08:00:00,,,,,API,,,,,,,Medium,
MAT00062,,,,,,,,,,2025-11-16T08:00:00,,,,,API,,,,,,,Medium,
MAT00063,,,,,,,,,,2025-07-06T08:00:00,,,,,Component,,,,,,,Low,
MAT00064,,,,,,,,,,2024-09-05T08:00:00,,,,,API,,,,,,,High,
MAT00065,,,,,,,,,,2024-07-13T08:00:00,,,,,Component,,,,,,,High,
MAT00066,,,,,,,,,,2025-11-05T08:00:00,,,,,API,,,,,,,Low,
MAT00067,,,,,,,,,,2025-03-09T08:00:00,,,,,Component,,,,,,,Medium,
MAT00068,,,,,,,,,,2024-02-25T08:00:00,,,,,Component,,,,,,,High,
MAT00069,,,,,,,,,,2025-02-16T08:00:00,,,,,API,,,,,,,Low,
MAT00070,,,,,,,,,,2024-09-11T08:00:00,,,,,Excipient,,,,,,,Low,
MAT00071,,,,,,,,,,2025-07-03T08:00:00,,,,,API,,,,,,,Low,
MAT00072,,,,,,,,,,2025-03-08T08:00:00,,,,,Component,,,,,,,Low,
MAT00073,,,,,,,,,,2025-04-18T08:00:00,,,,,API,,,,,,,Medium,
MAT00074,,,,,,,,,,2025-03-29T08:00:00,,,,,API,,,,,,,Low,
MAT00075,,,,,,,,,,2025-10-29T08:00:00,,,,,API,,,,,,,Low,
MAT00076,,,,,,,,,,2024-08-30T08:00:00,,,,,API,,,,,,,Low,
MAT00077,,,,,,,,,,2025-05-12T08:00:00,,,,,API,,,,,,,High,
MAT00078,,,,,,,,,,2025-02-14T08:00:00,,,,,Component,,,,,,,Low,
MAT00079,,,,,,,,,,2025-01-23T08:00:00,,,,,API,,,,,,,Low,
MAT00080,,,,,,,,,,2024-09-28T08:00:00,,,,,API,,,,,,,High,
MAT00081,,,,,,,,,,2025-03-09T08:00:00,,,,,Component,,,,,,,Medium,
MAT00082,,,,,,,,,,2024-07-13T08:00:00,,,,,Component,,,,,,,Low,
MAT00083,,,,,,,,,,2024-02-29T08:00:00,,,,,Excipient,,,,,,,Low,
MAT00084,,,,,,,,,,2024-02-28T08:00:00,,,,,API,,,,,,,Medium,
MAT00085,,,,,,,,,,2025-05-29T08:00:00,,,,,API,,,,,,,High,
MAT00086,,,,,,,,,,2025-06-04T08:00:00,,,,,API,,,,,,,Low,
MAT00087,,,,,,,,,,2024-03-11T08:00:00,,,,,API,,,,,,,Low,
MAT00088,,,,,,,,,,2025-02-17T08:00:00,,,,,API,,,,,,,Low,
MAT00089,,,,,,,,,,2025-08-15T08:00:00,,,,,API,,,,,,,Low,
MAT00090,,,,,,,,,,2025-03-05T08:00:00,,,,,API,,,,,,,Low,
MAT00091,,,,,,,,,,2024-07-28T08:00:00,,,,,Excipient,,,,,,,Medium,
MAT00092,,,,,,,,,,2024-09-28T08:00:00,,,,,Excipient,,,,,,,Low,
MAT00093,,,,,,,,,,2025-11-18T08:00:00,,,,,Component,,,,,,,Low,
MAT00094,,,,,,,,,,2024-11-19T08:00:00,,,,,Excipient,,,,,,,High,
MAT00095,,,,,,,,,,2025-04-14T08:00:00,,,,,API,,,,,,,Low,
MAT00096,,,,,,,,,,2025-07-04T08:00:00,,,,,API,,,,,,,Low,
MAT00097,,,,,,,,,,2024-05-15T08:00:00,,,,,API,,,,,,,Medium,
MAT00098,,,,,,,,,,2024-09-07T08:00:00,,,,,Excipient,,,,,,,Low,
MAT00099,,,,,,,,,,2024-06-10T08:00:00,,,,,Excipient,,,,,,,Medium,
MAT00100,,,,,,,,,,2025-09-18T08:00:00,,,,,Component,,,,,,,Medium,
MAT00101,,,,,,,,,,2025-11-10T08:00:00,,,,,API,,,,,,,Medium,
MAT00102,,,,,,,,,,2024-09-27T08:00:00,,,,,API,,,,,,,Low,
MAT00103,,,,,,,,,,2025-07-20T08:00:00,,,,,API,,,,,,,Low,
MAT00104,,,,,,,,,,2024-10-15T08:00:00,,,,,API,,,,,,,Medium,
MAT00105,,,,,,,,,,2024-07-27T08:00:00,,,,,API,,,,,,,Medium,
MAT00106,,,,,,,,,,2024-09-14T08:00:00,,,,,Excipient,,,,,,,High,
MAT00107,,,,,,,,,,2025-10-11T08:00:00,,,,,API,,,,,,,Low,
MAT00108,,,,,,,,,,2024-02-15T08:00:00,,,,,Component,,,,,,,Medium,
MAT00109,,,,,,,,,,2024-05-13T08:00:00,,,,,API,,,,,,,Medium,
MAT00110,,,,,,,,,,2025-03-28T08:00:00,,,,,Excipient,,,,,,,Low,
MAT00111,,,,,,,,,,2024-04-24T08:00:00,,,,,Component,,,,,,,Low,
MAT00112,,,,,,,,,,2025-07-12T08:00:00,,,,,API,,,,,,,Low,
MAT00113,,,,,,,,,,2025-08-19T08:00:00,,,,,API,,,,,,,Medium,
MAT00114,,,,,,,,,,2024-05-10T08:00:00,,,,,API,,,,,,,High,
MAT00115,,,,,,,,,,2025-01-08T08:00:00,,,,,API,,,,,,,Medium,
MAT00116,,,,,,,,,,2024-08-03T08:00:00,,,,,API,,,,,,,Medium,
MAT00117,,,,,,,,,,2024-12-28T08:00:00,,,,,API,,,,,,,Low,
MAT00118,,,,,,,,,,2024-08-30T08:00:00,,,,,Component,,,,,,,Low,
MAT00119,,,,,,,,,,2025-02-26T08:00:00,,,,,API,,,,,,,Low,
MAT00120,,,,,,,,,,2024-12-06T08:00:00,,,,,API,,,,,,,Low,
MAT00121,,,,,,,,,,2024-09-30T08:00:00,,,,,Component,,,,,,,Low,
MAT00122,,,,,,,,,,2025-01-26T08:00:00,,,,,API,,,,,,,Low,
MAT00123,,,,,,,,,,2024-08-15T08:00:00,,,,,API,,,,,,,High,
MAT00124,,,,,,,,,,2024-12-24T08:00:00,,,,,API,,,,,,,High,
MAT00125,,,,,,,,,,2024-08-16T08:00:00,,,,,Excipient,,,,,,,Low,
MAT00126,,,,,,,,,,2025-02-12T08:00:00,,,,,API,,,,,,,Low,
MAT00127,,,,,,,,,,2024-03-12T08:00:00,,,,,Excipient,,,,,,,Medium,
MAT00128,,,,,,,,,,2025-10-18T08:00:00,,,,,Excipient,,,,,,,Medium,
MAT00129,,,,,,,,,,2024-01-29T08:00:00,,,,,Component,,,,,,,Medium,
MAT00130,,,,,,,,,,2024-07-01T08:00:00,,,,,API,,,,,,,Medium,
MAT00131,,,,,,,,,,2024-04-21T08:00:00,,,,,Excipient,,,,,,,Low,
MAT00132,,,,,,,,,,2024-11-17T08:00:00,,,,,Component,,,,,,,Medium,
MAT00133,,,,,,,,,,2025-01-29T08:00:00,,,,,Component,,,,,,,Low,
MAT00134,,,,,,,,,,2024-02-15T08:00:00,,,,,API,,,,,,,Medium,
MAT00135,,,,,,,,,,2025-06-16T08:00:00,,,,,Component,,,,,,,Low,
MAT00136,,,,,,,,,,2025-03-17T08:00:00,,,,,API,,,,,,,Medium,
MAT00137,,,,,,,,,,2025-09-30T08:00:00,,,,,API,,,,,,,Medium,
MAT00138,,,,,,,,,,2024-11-03T08:00:00,,,,,Excipient,,,,,,,Low,
MAT00139,,,,,,,,,,2024-11-30T08:00:00,,,,,Excipient,,,,,,,High,
MAT00140,,,,,,,,,,2025-07-21T08:00:00,,,,,Component,,,,,,,Medium,
MAT00141,,,,,,,,,,2025-03-06T08:00:00,,,,,API,,,,,,,Low,
MAT00142,,,,,,,,,,2025-09-22T08:00:00,,,,,Component,,,,,,,Low,
MAT00143,,,,,,,,,,2025-07-15T08:00:00,,,,,Excipient,,,,,,,High,
MAT00144,,,,,,,,,,2024-10-20T08:00:00,,,,,API,,,,,,,Medium,
MAT00145,,,,,,,,,,2025-08-16T08:00:00,,,,,API,,,,,,,High,
MAT00146,,,,,,,,,,2025-03-28T08:00:00,,,,,Excipient,,,,,,,High,
MAT00147,,,,,,,,,,2025-06-07T08:00:00,,,,,Component,,,,,,,Low,
MAT00148,,,,,,,,,,2025-11-05T08:00:00,,,,,Component,,,,,,,Low,
MAT00149,,,,,,,,,,2025-06-11T08:00:00,,,,,API,,,,,,,Medium,
MAT00150,,,,,,,,,,2024-08-28T08:00:00,,,,,Excipient,,,,,,,Low,
MAT00151,,,,,,,,,,2024-07-22T08:00:00,,,,,Excipient,,,,,,,Low,
MAT00152,,,,,,,,,,2024-02-17T08:00:00,,,,,API,,,,,,,Low,
MAT00153,,,,,,,,,,2025-09-17T08:00:00,,,,,API,,,,,,,High,
MAT00154,,,,,,,,,,2025-02-28T08:00:00,,,,,API,,,,,,,High,
MAT00155,,,,,,,,,,2025-05-21T08:00:00,,,,,API,,,,,,,High,
MAT00156,,,,,,,,,,2024-05-31T08:00:00,,,,,Component,,,,,,,Low,
MAT00157,,,,,,,,,,2025-03-11T08:00:00,,,,,API,,,,,,,Low,
MAT00158,,,,,,,,,,2025-12-13T08:00:00,,,,,API,,,,,,,Low,
MAT00159,,,,,,,,,,2025-07-24T08:00:00,,,,,Component,,,,,,,Low,
MAT00160,,,,,,,,,,2025-04-12T08:00:00,,,,,API,,,,,,,Low,
MAT00161,,,,,,,,,,2025-11-14T08:00:00,,,,,API,,,,,,,High,
MAT00162,,,,,,,,,,2025-09-19T08:00:00,,,,,Excipient,,,,,,,High,
MAT00163,,,,,,,,,,2024-06-11T08:00:00,,,,,Component,,,,,,,High,
MAT00164,,,,,,,,,,2024-09-22T08:00:00,,,,,Component,,,,,,,High,
MAT00165,,,,,,,,,,2025-06-17T08:00:00,,,,,API,,,,,,,Medium,
MAT00166,,,,,,,,,,2024-10-08T08:00:00,,,,,Component,,,,,,,Low,
MAT00167,,,,,,,,,,2025-12-31T08:00:00,,,,,Component,,,,,,,Low,
MAT00168,,,,,,,,,,2024-10-05T08:00:00,,,,,Excipient,,,,,,,Low,
MAT00169,,,,,,,,,,2025-07-07T08:00:00,,,,,Excipient,,,,,,,Medium,
MAT00170,,,,,,,,,,2024-06-03T08:00:00,,,,,API,,,,,,,Low,
MAT00171,,,,,,,,,,2025-12-11T08:00:00,,,,,API,,,,,,,High,
MAT00172,,,,,,,,,,2024-03-06T08:00:00,,,,,API,,,,,,,Low,
MAT00173,,,,,,,,,,2024-12-04T08:00:00,,,,,Component,,,,,,,High,
MAT00174,,,,,,,,,,2024-03-04T08:00:00,,,,,Component,,,,,,,High,
MAT00175,,,,,,,,,,2025-02-02T08:00:00,,,,,API,,,,,,,High,
MAT00176,,,,,,,,,,2025-05-03T08:00:00,,,,,API,,,,,,,High,
MAT00177,,,,,,,,,,2024-11-01T08:00:00,,,,,API,,,,,,,Medium,
MAT00178,,,,,,,,,,2025-07-05T08:00:00,,,,,Component,,,,,,,High,
MAT00179,,,,,,,,,,2024-08-12T08:00:00,,,,,API,,,,,,,High,
MAT00180,,,,,,,,,,2025-05-12T08:00:00,,,,,Excipient,,,,,,,High,
MAT00181,,,,,,,,,,2024-12-10T08:00:00,,,,,API,,,,,,,High,
MAT00182,,,,,,,,,,2025-04-23T08:00:00,,,,,Component,,,,,,,Low,
MAT00183,,,,,,,,,,2025-02-07T08:00:00,,,,,API,,,,,,,Low,
MAT00184,,,,,,,,,,2025-10-20T08:00:00,,,,,API,,,,,,,Low,
MAT00185,,,,,,,,,,2025-04-17T08:00:00,,,,,Component,,,,,,,Low,
MAT00186,,,,,,,,,,2024-09-23T08:00:00,,,,,API,,,,,,,Low,
MAT00187,,,,,,,,,,2024-08-04T08:00:00,,,,,Component,,,,,,,Medium,
MAT00188,,,,,,,,,,2024-12-11T08:00:00,,,,,Component,,,,,,,Medium,
MAT00189,,,,,,,,,,2025-03-07T08:00:00,,,,,Component,,,,,,,Medium,
MAT00190,,,,,,,,,,2025-04-26T08:00:00,,,,,Excipient,,,,,,,Low,
MAT00191,,,,,,,,,,2024-12-24T08:00:00,,,,,API,,,,,,,Low,
MAT00192,,,,,,,,,,2025-10-29T08:00:00,,,,,API,,,,,,,Low,
MAT00193,,,,,,,,,,2024-09-10T08:00:00,,,,,API,,,,,,,Low,
MAT00194,,,,,,,,,,2025-09-28T08:00:00,,,,,API,,,,,,,Low,
MAT00195,,,,,,,,,,2024-05-09T08:00:00,,,,,API,,,,,,,Low,
MAT00196,,,,,,,,,,2025-07-31T08:00:00,,,,,Component,,,,,,,Low,
MAT00197,,,,,,,,,,2025-12-17T08:00:00,,,,,API,,,,,,,High,
MAT00198,,,,,,,,,,2024-06-20T08:00:00,,,,,Excipient,,,,,,,Medium,
MAT00199,,,,,,,,,,2024-11-14T08:00:00,,,,,API,,,,,,,Low,
MAT00200,,,,,,,,,,2024-11-15T08:00:00,,,,,API,,,,,,,Low,
MAT00201,,,,,,,,,,2024-07-22T08:00:00,,,,,Component,,,,,,,High,
MAT00202,,,,,,,,,,2024-04-14T08:00:00,,,,,API,,,,,,,Low,
MAT00203,,,,,,,,,,2025-08-02T08:00:00,,,,,Excipient,,,,,,,Low,
MAT00204,,,,,,,,,,2025-06-29T08:00:00,,,,,API,,,,,,,Medium,
MAT00205,,,,,,,,,,2024-03-11T08:00:00,,,,,Component,,,,,,,Medium,
MAT00206,,,,,,,,,,2025-03-06T08:00:00,,,,,Excipient,,,,,,,Low,
MAT00207,,,,,,,,,,2025-03-19T08:00:00,,,,,Component,,,,,,,Low,
MAT00208,,,,,,,,,,2025-12-25T08:00:00,,,,,Excipient,,,,,,,High,
MAT00209,,,,,,,,,,2024-06-29T08:00:00,,,,,API,,,,,,,High,
MAT00210,,,,,,,,,,2025-04-21T08:00:00,,,,,Excipient,,,,,,,High,
MAT00211,,,,,,,,,,2024-11-26T08:00:00,,,,,Component,,,,,,,Medium,
MAT00212,,,,,,,,,,2024-10-12T08:00:00,,,,,API,,,,,,,Low,
MAT00213,,,,,,,,,,2025-04-20T08:00:00,,,,,Component,,,,,,,Low,
MAT00214,,,,,,,,,,2024-01-30T08:00:00,,,,,Component,,,,,,,Medium,
MAT00215,,,,,,,,,,2024-07-05T08:00:00,,,,,Component,,,,,,,Medium,
MAT00216,,,,,,,,,,2024-12-29T08:00:00,,,,,Component,,,,,,,Low,
MAT00217,,,,,,,,,,2024-10-13T08:00:00,,,,,Excipient,,,,,,,Medium,
MAT00218,,,,,,,,,,2025-06-13T08:00:00,,,,,Excipient,,,,,,,Low,
MAT00219,,,,,,,,,,2024-09-04T08:00:00,,,,,API,,,,,,,Low,
MAT00220,,,,,,,,,,2025-07-22T08:00:00,,,,,Component,,,,,,,High,
MAT00221,,,,,,,,,,2025-10-23T08:00:00,,,,,API,,,,,,,High,
MAT00222,,,,,,,,,,2024-01-18T08:00:00,,,,,Component,,,,,,,High,
MAT00223,,,,,,,,,,2024-08-14T08:00:00,,,,,API,,,,,,,Medium,
MAT00224,,,,,,,,,,2024-11-09T08:00:00,,,,,Component,,,,,,,Low,
MAT00225,,,,,,,,,,2025-07-20T08:00:00,,,,,Excipient,,,,,,,High,
MAT00226,,,,,,,,,,2025-07-17T08:00:00,,,,,Excipient,,,,,,,High,
MAT00227,,,,,,,,,,2025-12-20T08:00:00,,,,,Excipient,,,,,,,Medium,
MAT00228,,,,,,,,,,2024-11-09T08:00:00,,,,,Component,,,,,,,Medium,
MAT00229,,,,,,,,,,2024-05-03T08:00:00,,,,,Excipient,,,,,,,Low,
MAT00230,,,,,,,,,,2024-05-02T08:00:00,,,,,API,,,,,,,Medium,
MAT00231,,,,,,,,,,2024-08-09T08:00:00,,,,,API,,,,,,,Low,
MAT00232,,,,,,,,,,2025-08-26T08:00:00,,,,,Component,,,,,,,Medium,
MAT00233,,,,,,,,,,2024-07-17T08:00:00,,,,,Excipient,,,,,,,Low,
MAT00234,,,,,,,,,,2025-01-04T08:00:00,,,,,Excipient,,,,,,,Low,
MAT00235,,,,,,,,,,2024-01-15T08:00:00,,,,,API,,,,,,,Medium,
MAT00236,,,,,,,,,,2024-02-16T08:00:00,,,,,API,,,,,,,Medium,
MAT00237,,,,,,,,,,2025-12-15T08:00:00,,,,,API,,,,,,,Medium,
MAT00238,,,,,,,,,,2024-04-15T08:00:00,,,,,API,,,,,,,High,
MAT00239,,,,,,,,,,2025-04-25T08:00:00,,,,,API,,,,,,,Medium,
MAT00240,,,,,,,,,,2024-12-14T08:00:00,,,,,Component,,,,,,,High,
MAT00241,,,,,,,,,,2024-09-15T08:00:00,,,,,API,,,,,,,Low,
MAT00242,,,,,,,,,,2024-03-07T08:00:00,,,,,Component,,,,,,,Low,
MAT00243,,,,,,,,,,2024-03-16T08:00:00,,,,,Component,,,,,,,High,
MAT00244,,,,,,,,,,2024-06-01T08:00:00,,,,,API,,,,,,,Low,
MAT00245,,,,,,,,,,2024-09-11T08:00:00,,,,,Excipient,,,,,,,Low,
MAT00246,,,,,,,,,,2025-09-12T08:00:00,,,,,API,,,,,,,High,
MAT00247,,,,,,,,,,2025-04-06T08:00:00,,,,,API,,,,,,,High,
MAT00248,,,,,,,,,,2025-08-25T08:00:00,,,,,Component,,,,,,,Medium,
MAT00249,,,,,,,,,,2025-08-05T08:00:00,,,,,Component,,,,,,,Medium,
MAT00250,,,,,,,,,,2024-07-31T08:00:00,,,,,API,,,,,,,Low,
MAT00251,,,,,,,,,,2025-11-07T08:00:00,,,,,API,,,,,,,Medium,
MAT00252,,,,,,,,,,2024-09-02T08:00:00,,,,,API,,,,,,,Low,
MAT00253,,,,,,,,,,2024-06-09T08:00:00,,,,,API,,,,,,,Low,
MAT00254,,,,,,,,,,2025-04-06T08:00:00,,,,,API,,,,,,,High,
MAT00255,,,,,,,,,,2024-02-03T08:00:00,,,,,Component,,,,,,,Medium,
MAT00256,,,,,,,,,,2025-12-24T08:00:00,,,,,API,,,,,,,Medium,
MAT00257,,,,,,,,,,2024-03-13T08:00:00,,,,,Excipient,,,,,,,High,
MAT00258,,,,,,,,,,2025-10-02T08:00:00,,,,,API,,,,,,,Medium,
MAT00259,,,,,,,,,,2024-04-27T08:00:00,,,,,API,,,,,,,High,
MAT00260,,,,,,,,,,2024-09-29T08:00:00,,,,,API,,,,,,,Low,
MAT00261,,,,,,,,,,2024-03-02T08:00:00,,,,,API,,,,,,,Low,
MAT00262,,,,,,,,,,2025-09-01T08:00:00,,,,,API,,,,,,,Medium,
MAT00263,,,,,,,,,,2024-05-07T08:00:00,,,,,Excipient,,,,,,,High,
MAT00264,,,,,,,,,,2025-12-17T08:00:00,,,,,Component,,,,,,,Medium,
MAT00265,,,,,,,,,,2025-05-27T08:00:00,,,,,Component,,,,,,,Medium,
MAT00266,,,,,,,,,,2024-03-23T08:00:00,,,,,Component,,,,,,,High,
MAT00267,,,,,,,,,,2024-11-26T08:00:00,,,,,API,,,,,,,High,
MAT00268,,,,,,,,,,2024-04-03T08:00:00,,,,,Excipient,,,,,,,Low,
MAT00269,,,,,,,,,,2025-11-19T08:00:00,,,,,API,,,,,,,Low,
MAT00270,,,,,,,,,,2024-06-28T08:00:00,,,,,Excipient,,,,,,,Low,
MAT00271,,,,,,,,,,2024-10-11T08:00:00,,,,,Component,,,,,,,High,
MAT00272,,,,,,,,,,2025-10-12T08:00:00,,,,,API,,,,,,,High,
MAT00273,,,,,,,,,,2025-04-26T08:00:00,,,,,Component,,,,,,,Low,
MAT00274,,,,,,,,,,2024-12-07T08:00:00,,,,,Excipient,,,,,,,High,
MAT00275,,,,,,,,,,2024-06-13T08:00:00,,,,,Excipient,,,,,,,Low,
MAT00276,,,,,,,,,,2025-12-11T08:00:00,,,,,Excipient,,,,,,,High,
MAT00277,,,,,,,,,,2025-11-09T08:00:00,,,,,Component,,,,,,,Medium,
MAT00278,,,,,,,,,,2025-04-10T08:00:00,,,,,Component,,,,,,,Low,
MAT00279,,,,,,,,,,2024-09-15T08:00:00,,,,,API,,,,,,,Medium,
MAT00280,,,,,,,,,,2025-02-17T08:00:00,,,,,Excipient,,,,,,,Low,
MAT00281,,,,,,,,,,2025-02-27T08:00:00,,,,,API,,,,,,,High,
MAT00282,,,,,,,,,,2025-06-14T08:00:00,,,,,API,,,,,,,Low,
MAT00283,,,,,,,,,,2025-10-02T08:00:00,,,,,Excipient,,,,,,,High,
MAT00284,,,,,,,,,,2024-07-27T08:00:00,,,,,Component,,,,,,,Low,
MAT00285,,,,,,,,,,2024-10-21T08:00:00,,,,,Excipient,,,,,,,Low,
MAT00286,,,,,,,,,,2024-05-04T08:00:00,,,,,Component,,,,,,,High,
MAT00287,,,,,,,,,,2025-12-27T08:00:00,,,,,API,,,,,,,Low,
MAT00288,,,,,,,,,,2025-07-18T08:00:00,,,,,API,,,,,,,Medium,
MAT00289,,,,,,,,,,2024-04-05T08:00:00,,,,,API,,,,,,,High,
MAT00290,,,,,,,,,,2025-04-17T08:00:00,,,,,API,,,,,,,Low,
MAT00291,,,,,,,,,,2025-05-25T08:00:00,,,,,API,,,,,,,Low,
MAT00292,,,,,,,,,,2025-03-01T08:00:00,,,,,Excipient,,,,,,,Medium,
MAT00293,,,,,,,,,,2024-09-06T08:00:00,,,,,Component,,,,,,,High,
MAT00294,,,,,,,,,,2025-01-27T08:00:00,,,,,Component,,,,,,,Low,
MAT00295,,,,,,,,,,2024-03-12T08:00:00,,,,,API,,,,,,,Low,
MAT00296,,,,,,,,,,2024-12-14T08:00:00,,,,,Excipient,,,,,,,High,
MAT00297,,,,,,,,,,2024-10-16T08:00:00,,,,,Excipient,,,,,,,Low,
MAT00298,,,,,,,,,,2024-06-01T08:00:00,,,,,Excipient,,,,,,,High,
MAT00299,,,,,,,,,,2024-12-19T08:00:00,,,,,Component,,,,,,,High,
MAT00300,,,,,,,,,,2025-04-11T08:00:00,,,,,Excipient,,,,,,,High,
MAT00301,,,,,,,,,,2025-12-15T08:00:00,,,,,Excipient,,,,,,,Low,
MAT00302,,,,,,,,,,2024-08-27T08:00:00,,,,,API,,,,,,,High,
MAT00303,,,,,,,,,,2024-11-21T08:00:00,,,,,Component,,,,,,,Low,
MAT00304,,,,,,,,,,2025-01-30T08:00:00,,,,,Component,,,,,,,High,
MAT00305,,,,,,,,,,2024-02-07T08:00:00,,,,,API,,,,,,,High,
MAT00306,,,,,,,,,,2024-04-12T08:00:00,,,,,API,,,,,,,Medium,
MAT00307,,,,,,,,,,2025-06-22T08:00:00,,,,,Component,,,,,,,Low,
MAT00308,,,,,,,,,,2024-05-27T08:00:00,,,,,Component,,,,,,,Low,
MAT00309,,,,,,,,,,2024-03-17T08:00:00,,,,,Component,,,,,,,Low,
MAT00310,,,,,,,,,,2024-12-12T08:00:00,,,,,Component,,,,,,,Medium,
MAT00311,,,,,,,,,,2024-12-02T08:00:00,,,,,Component,,,,,,,Low,
MAT00312,,,,,,,,,,2025-10-03T08:00:00,,,,,Component,,,,,,,Medium,
MAT00313,,,,,,,,,,2025-09-24T08:00:00,,,,,Component,,,,,,,Low,
MAT00314,,,,,,,,,,2025-10-08T08:00:00,,,,,API,,,,,,,Low,
MAT00315,,,,,,,,,,2024-04-02T08:00:00,,,,,Excipient,,,,,,,Low,
MAT00316,,,,,,,,,,2025-10-10T08:00:00,,,,,Component,,,,,,,Low,
MAT00317,,,,,,,,,,2024-06-19T08:00:00,,,,,API,,,,,,,High,
MAT00318,,,,,,,,,,2024-02-17T08:00:00,,,,,Excipient,,,,,,,Low,
MAT00319,,,,,,,,,,2024-10-27T08:00:00,,,,,Excipient,,,,,,,Low,
MAT00320,,,,,,,,,,2025-03-17T08:00:00,,,,,Excipient,,,,,,,Medium,
MAT00321,,,,,,,,,,2025-06-27T08:00:00,,,,,API,,,,,,,Low,
MAT00322,,,,,,,,,,2024-06-23T08:00:00,,,,,Component,,,,,,,Low,
MAT00323,,,,,,,,,,2025-09-16T08:00:00,,,,,API,,,,,,,Low,
MAT00324,,,,,,,,,,2025-05-24T08:00:00,,,,,Component,,,,,,,Low,
MAT00325,,,,,,,,,,2025-04-17T08:00:00,,,,,API,,,,,,,Low,
MAT00326,,,,,,,,,,2024-09-18T08:00:00,,,,,Excipient,,,,,,,High,
MAT00327,,,,,,,,,,2024-10-21T08:00:00,,,,,API,,,,,,,High,
MAT00328,,,,,,,,,,2025-03-28T08:00:00,,,,,API,,,,,,,Low,
MAT00329,,,,,,,,,,2025-10-16T08:00:00,,,,,Excipient,,,,,,,Medium,
MAT00330,,,,,,,,,,2025-04-12T08:00:00,,,,,Component,,,,,,,Medium,
MAT00331,,,,,,,,,,2025-01-28T08:00:00,,,,,Excipient,,,,,,,Low,
MAT00332,,,,,,,,,,2024-08-30T08:00:00,,,,,Component,,,,,,,Low,
MAT00333,,,,,,,,,,2025-08-11T08:00:00,,,,,Component,,,,,,,Medium,
MAT00334,,,,,,,,,,2024-01-23T08:00:00,,,,,Excipient,,,,,,,Medium,
MAT00335,,,,,,,,,,2024-01-09T08:00:00,,,,,Component,,,,,,,Medium,
MAT00336,,,,,,,,,,2024-10-20T08:00:00,,,,,API,,,,,,,High,
MAT00337,,,,,,,,,,2024-08-12T08:00:00,,,,,API,,,,,,,Medium,
MAT00338,,,,,,,,,,2025-11-25T08:00:00,,,,,API,,,,,,,Medium,
MAT00339,,,,,,,,,,2025-10-04T08:00:00,,,,,API,,,,,,,Low,
MAT00340,,,,,,,,,,2025-03-27T08:00:00,,,,,API,,,,,,,Medium,
MAT00341,,,,,,,,,,2024-05-14T08:00:00,,,,,API,,,,,,,Medium,
MAT00342,,,,,,,,,,2024-11-30T08:00:00,,,,,API,,,,,,,Medium,
MAT00343,,,,,,,,,,2024-07-24T08:00:00,,,,,Component,,,,,,,Low,
MAT00344,,,,,,,,,,2025-06-27T08:00:00,,,,,API,,,,,,,Medium,
MAT00345,,,,,,,,,,2024-09-20T08:00:00,,,,,Excipient,,,,,,,Low,
MAT00346,,,,,,,,,,2024-12-12T08:00:00,,,,,Component,,,,,,,Medium,
MAT00347,,,,,,,,,,2024-03-18T08:00:00,,,,,API,,,,,,,High,
MAT00348,,,,,,,,,,2025-11-23T08:00:00,,,,,API,,,,,,,Low,
MAT00349,,,,,,,,,,2024-04-02T08:00:00,,,,,Component,,,,,,,Medium,
MAT00350,,,,,,,,,,2024-09-27T08:00:00,,,,,Component,,,,,,,Low,
MAT00351,,,,,,,,,,2025-01-12T08:00:00,,,,,API,,,,,,,High,
MAT00352,,,,,,,,,,2025-10-15T08:00:00,,,,,Excipient,,,,,,,High,
MAT00353,,,,,,,,,,2025-11-22T08:00:00,,,,,Excipient,,,,,,,Low,
MAT00354,,,,,,,,,,2024-01-26T08:00:00,,,,,API,,,,,,,High,
MAT00355,,,,,,,,,,2025-10-25T08:00:00,,,,,Excipient,,,,,,,Low,
MAT00356,,,,,,,,,,2025-12-18T08:00:00,,,,,API,,,,,,,High,
MAT00357,,,,,,,,,,2024-04-29T08:00:00,,,,,Excipient,,,,,,,High,
MAT00358,,,,,,,,,,2024-02-08T08:00:00,,,,,API,,,,,,,Low,
MAT00359,,,,,,,,,,2024-04-28T08:00:00,,,,,Excipient,,,,,,,High,
MAT00360,,,,,,,,,,2025-07-04T08:00:00,,,,,API,,,,,,,Low,
MAT00361,,,,,,,,,,2025-04-09T08:00:00,,,,,API,,,,,,,High,
MAT00362,,,,,,,,,,2025-08-24T08:00:00,,,,,Excipient,,,,,,,High,
MAT00363,,,,,,,,,,2025-11-01T08:00:00,,,,,API,,,,,,,High,
MAT00364,,,,,,,,,,2025-09-22T08:00:00,,,,,API,,,,,,,High,
MAT00365,,,,,,,,,,2024-02-03T08:00:00,,,,,Component,,,,,,,Medium,
MAT00366,,,,,,,,,,2025-03-30T08:00:00,,,,,Excipient,,,,,,,Low,
MAT00367,,,,,,,,,,2025-01-06T08:00:00,,,,,Component,,,,,,,Low,
MAT00368,,,,,,,,,,2025-07-11T08:00:00,,,,,API,,,,,,,Medium,
MAT00369,,,,,,,,,,2025-02-11T08:00:00,,,,,Excipient,,,,,,,Low,
MAT00370,,,,,,,,,,2024-05-05T08:00:00,,,,,Excipient,,,,,,,Low,
MAT00371,,,,,,,,,,2025-11-09T08:00:00,,,,,Component,,,,,,,Low,
MAT00372,,,,,,,,,,2024-02-21T08:00:00,,,,,API,,,,,,,Low,
MAT00373,,,,,,,,,,2024-05-08T08:00:00,,,,,Excipient,,,,,,,Low,
MAT00374,,,,,,,,,,2025-07-21T08:00:00,,,,,API,,,,,,,Low,
MAT00375,,,,,,,,,,2024-08-26T08:00:00,,,,,API,,,,,,,Low,
MAT00376,,,,,,,,,,2025-09-02T08:00:00,,,,,Excipient,,,,,,,Low,
MAT00377,,,,,,,,,,2024-05-28T08:00:00,,,,,API,,,,,,,Medium,
MAT00378,,,,,,,,,,2024-06-27T08:00:00,,,,,API,,,,,,,Medium,
MAT00379,,,,,,,,,,2024-05-14T08:00:00,,,,,API,,,,,,,Low,
MAT00380,,,,,,,,,,2024-08-31T08:00:00,,,,,API,,,,,,,Medium,
MAT00381,,,,,,,,,,2024-06-27T08:00:00,,,,,Excipient,,,,,,,Low,
MAT00382,,,,,,,,,,2024-05-09T08:00:00,,,,,Excipient,,,,,,,Low,
MAT00383,,,,,,,,,,2024-03-06T08:00:00,,,,,Component,,,,,,,Low,
MAT00384,,,,,,,,,,2025-01-05T08:00:00,,,,,Component,,,,,,,High,
MAT00385,,,,,,,,,,2025-05-30T08:00:00,,,,,API,,,,,,,High,
MAT00386,,,,,,,,,,2025-11-05T08:00:00,,,,,API,,,,,,,Low,
MAT00387,,,,,,,,,,2025-10-20T08:00:00,,,,,Excipient,,,,,,,High,
MAT00388,,,,,,,,,,2025-05-05T08:00:00,,,,,API,,,,,,,Low,
MAT00389,,,,,,,,,,2025-12-03T08:00:00,,,,,Component,,,,,,,High,
MAT00390,,,,,,,,,,2025-12-30T08:00:00,,,,,API,,,,,,,High,
MAT00391,,,,,,,,,,2024-03-23T08:00:00,,,,,Component,,,,,,,Low,
MAT00392,,,,,,,,,,2024-03-08T08:00:00,,,,,Excipient,,,,,,,Low,
MAT00393,,,,,,,,,,2025-10-01T08:00:00,,,,,API,,,,,,,Medium,
MAT00394,,,,,,,,,,2025-09-03T08:00:00,,,,,Excipient,,,,,,,High,
MAT00395,,,,,,,,,,2025-06-01T08:00:00,,,,,Excipient,,,,,,,High,
MAT00396,,,,,,,,,,2025-12-19T08:00:00,,,,,Component,,,,,,,Low,
MAT00397,,,,,,,,,,2025-03-16T08:00:00,,,,,API,,,,,,,Low,
MAT00398,,,,,,,,,,2025-02-27T08:00:00,,,,,Component,,,,,,,Low,
MAT00399,,,,,,,,,,2025-02-12T08:00:00,,,,,Excipient,,,,,,,High,
MAT00400,,,,,,,,,,2024-11-16T08:00:00,,,,,Component,,,,,,,Low,
MAT00401,,,,,,,,,,2025-11-12T08:00:00,,,,,Component,,,,,,,Medium,
MAT00402,,,,,,,,,,2024-06-05T08:00:00,,,,,Excipient,,,,,,,Medium,
MAT00403,,,,,,,,,,2024-04-03T08:00:00,,,,,Component,,,,,,,Low,
MAT00404,,,,,,,,,,2025-03-18T08:00:00,,,,,API,,,,,,,Low,
MAT00405,,,,,,,,,,2024-05-13T08:00:00,,,,,API,,,,,,,Medium,
MAT00406,,,,,,,,,,2025-11-17T08:00:00,,,,,API,,,,,,,Medium,
MAT00407,,,,,,,,,,2024-12-28T08:00:00,,,,,API,,,,,,,High,
MAT00408,,,,,,,,,,2024-10-21T08:00:00,,,,,Component,,,,,,,Low,
MAT00409,,,,,,,,,,2024-04-16T08:00:00,,,,,Excipient,,,,,,,Medium,
MAT00410,,,,,,,,,,2025-11-03T08:00:00,,,,,API,,,,,,,Low,
MAT00411,,,,,,,,,,2024-04-20T08:00:00,,,,,Component,,,,,,,Low,
MAT00412,,,,,,,,,,2024-04-27T08:00:00,,,,,Excipient,,,,,,,Medium,
MAT00413,,,,,,,,,,2025-03-15T08:00:00,,,,,Excipient,,,,,,,Low,
MAT00414,,,,,,,,,,2024-01-30T08:00:00,,,,,API,,,,,,,Medium,
MAT00415,,,,,,,,,,2025-12-20T08:00:00,,,,,API,,,,,,,Medium,
MAT00416,,,,,,,,,,2024-12-25T08:00:00,,,,,Excipient,,,,,,,Medium,
MAT00417,,,,,,,,,,2024-05-26T08:00:00,,,,,API,,,,,,,Low,
MAT00418,,,,,,,,,,2024-05-25T08:00:00,,,,,Component,,,,,,,Low,
MAT00419,,,,,,,,,,2025-06-27T08:00:00,,,,,API,,,,,,,Low,
MAT00420,,,,,,,,,,2025-03-05T08:00:00,,,,,API,,,,,,,High,
MAT00421,,,,,,,,,,2024-06-10T08:00:00,,,,,Component,,,,,,,Medium,
MAT00422,,,,,,,,,,2024-11-28T08:00:00,,,,,Excipient,,,,,,,Medium,
MAT00423,,,,,,,,,,2024-06-08T08:00:00,,,,,API,,,,,,,Low,
MAT00424,,,,,,,,,,2025-11-21T08:00:00,,,,,API,,,,,,,Low,
MAT00425,,,,,,,,,,2025-03-29T08:00:00,,,,,API,,,,,,,Medium,
MAT00426,,,,,,,,,,2025-09-13T08:00:00,,,,,Component,,,,,,,High,
MAT00427,,,,,,,,,,2024-10-06T08:00:00,,,,,Component,,,,,,,High,
MAT00428,,,,,,,,,,2024-12-19T08:00:00,,,,,API,,,,,,,Low,
MAT00429,,,,,,,,,,2024-10-17T08:00:00,,,,,Component,,,,,,,Low,
MAT00430,,,,,,,,,,2024-02-16T08:00:00,,,,,Component,,,,,,,Medium,
MAT00431,,,,,,,,,,2025-09-05T08:00:00,,,,,API,,,,,,,High,
MAT00432,,,,,,,,,,2024-07-28T08:00:00,,,,,API,,,,,,,Low,
MAT00433,,,,,,,,,,2024-05-20T08:00:00,,,,,Excipient,,,,,,,Low,
MAT00434,,,,,,,,,,2024-12-01T08:00:00,,,,,Excipient,,,,,,,Medium,
MAT00435,,,,,,,,,,2025-05-24T08:00:00,,,,,API,,,,,,,Low,
MAT00436,,,,,,,,,,2024-05-12T08:00:00,,,,,Component,,,,,,,Low,
MAT00437,,,,,,,,,,2025-05-27T08:00:00,,,,,Component,,,,,,,Low,
MAT00438,,,,,,,,,,2025-02-10T08:00:00,,,,,Excipient,,,,,,,Low,
MAT00439,,,,,,,,,,2024-01-20T08:00:00,,,,,API,,,,,,,High,
MAT00440,,,,,,,,,,2024-11-16T08:00:00,,,,,Component,,,,,,,Low,
MAT00441,,,,,,,,,,2025-12-27T08:00:00,,,,,Component,,,,,,,High,
MAT00442,,,,,,,,,,2024-04-27T08:00:00,,,,,Component,,,,,,,Medium,
MAT00443,,,,,,,,,,2024-11-28T08:00:00,,,,,Component,,,,,,,Low,
MAT00444,,,,,,,,,,2025-12-07T08:00:00,,,,,API,,,,,,,High,
MAT00445,,,,,,,,,,2025-03-23T08:00:00,,,,,Excipient,,,,,,,Low,
MAT00446,,,,,,,,,,2025-03-22T08:00:00,,,,,API,,,,,,,Low,
MAT00447,,,,,,,,,,2025-02-09T08:00:00,,,,,Component,,,,,,,Low,
MAT00448,,,,,,,,,,2024-08-14T08:00:00,,,,,Excipient,,,,,,,Medium,
MAT00449,,,,,,,,,,2024-03-19T08:00:00,,,,,Excipient,,,,,,,Low,
MAT00450,,,,,,,,,,2024-12-23T08:00:00,,,,,API,,,,,,,Low,
MAT00451,,,,,,,,,,2024-08-29T08:00:00,,,,,Excipient,,,,,,,Low,
MAT00452,,,,,,,,,,2024-09-19T08:00:00,,,,,API,,,,,,,Low,
MAT00453,,,,,,,,,,2025-09-08T08:00:00,,,,,API,,,,,,,Low,
MAT00454,,,,,,,,,,2024-06-30T08:00:00,,,,,API,,,,,,,Low,
MAT00455,,,,,,,,,,2025-07-31T08:00:00,,,,,Component,,,,,,,High,
MAT00456,,,,,,,,,,2025-10-04T08:00:00,,,,,Component,,,,,,,Medium,
MAT00457,,,,,,,,,,2025-03-26T08:00:00,,,,,Excipient,,,,,,,Low,
MAT00458,,,,,,,,,,2025-03-28T08:00:00,,,,,API,,,,,,,High,
MAT00459,,,,,,,,,,2025-08-28T08:00:00,,,,,Excipient,,,,,,,Medium,
MAT00460,,,,,,,,,,2025-06-03T08:00:00,,,,,API,,,,,,,Medium,
MAT00461,,,,,,,,,,2025-04-17T08:00:00,,,,,API,,,,,,,Medium,
MAT00462,,,,,,,,,,2024-02-28T08:00:00,,,,,Component,,,,,,,Low,
MAT00463,,,,,,,,,,2024-03-19T08:00:00,,,,,Excipient,,,,,,,Medium,
MAT00464,,,,,,,,,,2025-04-18T08:00:00,,,,,API,,,,,,,High,
MAT00465,,,,,,,,,,2025-08-08T08:00:00,,,,,API,,,,,,,High,
MAT00466,,,,,,,,,,2025-09-11T08:00:00,,,,,API,,,,,,,Medium,
MAT00467,,,,,,,,,,2024-03-04T08:00:00,,,,,Component,,,,,,,Low,
MAT00468,,,,,,,,,,2024-12-17T08:00:00,,,,,Component,,,,,,,Low,
MAT00469,,,,,,,,,,2024-02-10T08:00:00,,,,,API,,,,,,,Low,
MAT00470,,,,,,,,,,2025-03-25T08:00:00,,,,,API,,,,,,,High,
MAT00471,,,,,,,,,,2025-01-16T08:00:00,,,,,API,,,,,,,Medium,
MAT00472,,,,,,,,,,2025-02-22T08:00:00,,,,,Excipient,,,,,,,High,
MAT00473,,,,,,,,,,2025-10-08T08:00:00,,,,,Excipient,,,,,,,Low,
MAT00474,,,,,,,,,,2024-12-03T08:00:00,,,,,Excipient,,,,,,,Low,
MAT00475,,,,,,,,,,2024-10-17T08:00:00,,,,,API,,,,,,,High,
MAT00476,,,,,,,,,,2024-12-07T08:00:00,,,,,Excipient,,,,,,,Low,
MAT00477,,,,,,,,,,2024-12-24T08:00:00,,,,,API,,,,,,,Low,
MAT00478,,,,,,,,,,2024-05-12T08:00:00,,,,,Excipient,,,,,,,High,
MAT00479,,,,,,,,,,2025-07-26T08:00:00,,,,,API,,,,,,,Medium,
MAT00480,,,,,,,,,,2024-05-10T08:00:00,,,,,Component,,,,,,,Medium,
MAT00481,,,,,,,,,,2025-06-04T08:00:00,,,,,API,,,,,,,High,
MAT00482,,,,,,,,,,2025-01-06T08:00:00,,,,,Excipient,,,,,,,Low,
MAT00483,,,,,,,,,,2024-08-07T08:00:00,,,,,Excipient,,,,,,,Low,
MAT00484,,,,,,,,,,2024-07-15T08:00:00,,,,,Excipient,,,,,,,High,
MAT00485,,,,,,,,,,2024-06-07T08:00:00,,,,,API,,,,,,,Low,
MAT00486,,,,,,,,,,2024-04-13T08:00:00,,,,,API,,,,,,,Medium,
MAT00487,,,,,,,,,,2025-09-24T08:00:00,,,,,API,,,,,,,Medium,
MAT00488,,,,,,,,,,2024-06-06T08:00:00,,,,,API,,,,,,,High,
MAT00489,,,,,,,,,,2025-12-10T08:00:00,,,,,API,,,,,,,Low,
MAT00490,,,,,,,,,,2024-02-14T08:00:00,,,,,API,,,,,,,High,
MAT00491,,,,,,,,,,2025-11-23T08:00:00,,,,,Component,,,,,,,Medium,
MAT00492,,,,,,,,,,2025-09-17T08:00:00,,,,,API,,,,,,,High,
MAT00493,,,,,,,,,,2024-08-27T08:00:00,,,,,Excipient,,,,,,,High,
MAT00494,,,,,,,,,,2025-04-25T08:00:00,,,,,API,,,,,,,Medium,
MAT00495,,,,,,,,,,2025-11-25T08:00:00,,,,,API,,,,,,,Medium,
MAT00496,,,,,,,,,,2024-10-15T08:00:00,,,,,Component,,,,,,,High,
MAT00497,,,,,,,,,,2024-06-14T08:00:00,,,,,Component,,,,,,,High,
MAT00498,,,,,,,,,,2024-09-13T08:00:00,,,,,API,,,,,,,Low,
MAT00499,,,,,,,,,,2025-01-15T08:00:00,,,,,API,,,,,,,High,
MAT00500,,,,,,,,,,2024-10-18T08:00:00,,,,,API,,,,,,,Low,
MAT00501,,,,,,,,,,2024-10-06T08:00:00,,,,,API,,,,,,,Low,
MAT00502,,,,,,,,,,2025-03-23T08:00:00,,,,,Component,,,,,,,Low,
MAT00503,,,,,,,,,,2025-04-06T08:00:00,,,,,API,,,,,,,Low,
MAT00504,,,,,,,,,,2025-02-28T08:00:00,,,,,Excipient,,,,,,,Low,
MAT00505,,,,,,,,,,2025-05-29T08:00:00,,,,,API,,,,,,,High,
MAT00506,,,,,,,,,,2025-01-30T08:00:00,,,,,Excipient,,,,,,,Low,
MAT00507,,,,,,,,,,2024-08-17T08:00:00,,,,,API,,,,,,,Medium,
MAT00508,,,,,,,,,,2024-04-11T08:00:00,,,,,API,,,,,,,Medium,
MAT00509,,,,,,,,,,2024-05-20T08:00:00,,,,,Excipient,,,,,,,Low,
MAT00510,,,,,,,,,,2025-04-28T08:00:00,,,,,API,,,,,,,Medium,
MAT00511,,,,,,,,,,2025-04-04T08:00:00,,,,,API,,,,,,,High,
MAT00512,,,,,,,,,,2024-01-20T08:00:00,,,,,API,,,,,,,Low,
MAT00513,,,,,,,,,,2024-06-02T08:00:00,,,,,Excipient,,,,,,,Low,
MAT00514,,,,,,,,,,2024-10-22T08:00:00,,,,,Component,,,,,,,Low,
MAT00515,,,,,,,,,,2024-05-04T08:00:00,,,,,API,,,,,,,Medium,
MAT00516,,,,,,,,,,2025-03-05T08:00:00,,,,,API,,,,,,,Low,
MAT00517,,,,,,,,,,2024-04-23T08:00:00,,,,,Component,,,,,,,Low,
MAT00518,,,,,,,,,,2025-10-09T08:00:00,,,,,Component,,,,,,,Low,
MAT00519,,,,,,,,,,2024-10-25T08:00:00,,,,,API,,,,,,,Low,
MAT00520,,,,,,,,,,2025-09-21T08:00:00,,,,,Component,,,,,,,Low,
MAT00521,,,,,,,,,,2025-08-07T08:00:00,,,,,Excipient,,,,,,,Low,
MAT00522,,,,,,,,,,2025-11-11T08:00:00,,,,,Component,,,,,,,Low,
MAT00523,,,,,,,,,,2024-03-10T08:00:00,,,,,API,,,,,,,Medium,
MAT00524,,,,,,,,,,2025-04-26T08:00:00,,,,,API,,,,,,,High,
MAT00525,,,,,,,,,,2025-01-17T08:00:00,,,,,API,,,,,,,High,
MAT00526,,,,,,,,,,2024-12-31T08:00:00,,,,,Excipient,,,,,,,Low,
MAT00527,,,,,,,,,,2024-09-03T08:00:00,,,,,API,,,,,,,Medium,
MAT00528,,,,,,,,,,2024-05-16T08:00:00,,,,,API,,,,,,,Medium,
MAT00529,,,,,,,,,,2025-07-13T08:00:00,,,,,API,,,,,,,Medium,
MAT00530,,,,,,,,,,2025-12-02T08:00:00,,,,,Excipient,,,,,,,Low,
MAT00531,,,,,,,,,,2025-10-08T08:00:00,,,,,Component,,,,,,,High,
MAT00532,,,,,,,,,,2024-03-05T08:00:00,,,,,API,,,,,,,Low,
MAT00533,,,,,,,,,,2024-10-27T08:00:00,,,,,Component,,,,,,,Low,
MAT00534,,,,,,,,,,2024-07-23T08:00:00,,,,,API,,,,,,,Low,
MAT00535,,,,,,,,,,2024-11-13T08:00:00,,,,,API,,,,,,,Medium,
MAT00536,,,,,,,,,,2024-09-16T08:00:00,,,,,Component,,,,,,,High,
MAT00537,,,,,,,,,,2024-10-19T08:00:00,,,,,API,,,,,,,Low,
MAT00538,,,,,,,,,,2025-11-02T08:00:00,,,,,Excipient,,,,,,,Low,
MAT00539,,,,,,,,,,2024-05-07T08:00:00,,,,,Excipient,,,,,,,Medium,
MAT00540,,,,,,,,,,2025-02-13T08:00:00,,,,,Excipient,,,,,,,High,
MAT00541,,,,,,,,,,2024-12-13T08:00:00,,,,,Component,,,,,,,High,
MAT00542,,,,,,,,,,2025-12-09T08:00:00,,,,,API,,,,,,,High,
MAT00543,,,,,,,,,,2025-06-15T08:00:00,,,,,Component,,,,,,,Medium,
MAT00544,,,,,,,,,,2025-03-10T08:00:00,,,,,Excipient,,,,,,,Low,
MAT00545,,,,,,,,,,2025-09-08T08:00:00,,,,,API,,,,,,,High,
MAT00546,,,,,,,,,,2024-11-24T08:00:00,,,,,API,,,,,,,Medium,
MAT00547,,,,,,,,,,2024-12-01T08:00:00,,,,,API,,,,,,,Low,
MAT00548,,,,,,,,,,2025-04-01T08:00:00,,,,,Excipient,,,,,,,Medium,
MAT00549,,,,,,,,,,2025-12-07T08:00:00,,,,,Component,,,,,,,Low,
MAT00550,,,,,,,,,,2025-04-02T08:00:00,,,,,Component,,,,,,,Medium,
MAT00551,,,,,,,,,,2025-09-21T08:00:00,,,,,API,,,,,,,Medium,
MAT00552,,,,,,,,,,2025-10-16T08:00:00,,,,,Component,,,,,,,Medium,
MAT00553,,,,,,,,,,2025-11-18T08:00:00,,,,,API,,,,,,,Low,
MAT00554,,,,,,,,,,2025-06-09T08:00:00,,,,,Component,,,,,,,Medium,
MAT00555,,,,,,,,,,2024-05-26T08:00:00,,,,,API,,,,,,,Low,
MAT00556,,,,,,,,,,2024-05-09T08:00:00,,,,,Component,,,,,,,Low,
MAT00557,,,,,,,,,,2025-10-22T08:00:00,,,,,API,,,,,,,Low,
MAT00558,,,,,,,,,,2025-01-27T08:00:00,,,,,Excipient,,,,,,,Medium,
MAT00559,,,,,,,,,,2025-11-26T08:00:00,,,,,API,,,,,,,Low,
MAT00560,,,,,,,,,,2025-01-15T08:00:00,,,,,Component,,,,,,,Medium,
MAT00561,,,,,,,,,,2025-08-10T08:00:00,,,,,Component,,,,,,,Low,
MAT00562,,,,,,,,,,2025-02-11T08:00:00,,,,,API,,,,,,,Medium,
MAT00563,,,,,,,,,,2024-09-12T08:00:00,,,,,Excipient,,,,,,,Medium,
MAT00564,,,,,,,,,,2024-07-09T08:00:00,,,,,API,,,,,,,Low,
MAT00565,,,,,,,,,,2025-07-29T08:00:00,,,,,Component,,,,,,,High,
MAT00566,,,,,,,,,,2024-09-23T08:00:00,,,,,API,,,,,,,Medium,
MAT00567,,,,,,,,,,2025-09-18T08:00:00,,,,,Component,,,,,,,Low,
MAT00568,,,,,,,,,,2024-07-23T08:00:00,,,,,Excipient,,,,,,,High,
MAT00569,,,,,,,,,,2024-03-16T08:00:00,,,,,API,,,,,,,Low,
MAT00570,,,,,,,,,,2025-12-31T08:00:00,,,,,Component,,,,,,,Low,
MAT00571,,,,,,,,,,2025-11-29T08:00:00,,,,,Component,,,,,,,Low,
MAT00572,,,,,,,,,,2025-12-27T08:00:00,,,,,Excipient,,,,,,,Medium,
MAT00573,,,,,,,,,,2024-11-03T08:00:00,,,,,API,,,,,,,Medium,
MAT00574,,,,,,,,,,2025-01-05T08:00:00,,,,,API,,,,,,,Low,
MAT00575,,,,,,,,,,2024-07-24T08:00:00,,,,,API,,,,,,,Low,
MAT00576,,,,,,,,,,2025-05-20T08:00:00,,,,,API,,,,,,,Low,
MAT00577,,,,,,,,,,2025-07-21T08:00:00,,,,,API,,,,,,,Medium,
MAT00578,,,,,,,,,,2025-07-18T08:00:00,,,,,Excipient,,,,,,,High,
MAT00579,,,,,,,,,,2024-03-08T08:00:00,,,,,API,,,,,,,Low,
MAT00580,,,,,,,,,,2025-05-05T08:00:00,,,,,Excipient,,,,,,,High,
MAT00581,,,,,,,,,,2025-08-11T08:00:00,,,,,Component,,,,,,,High,
MAT00582,,,,,,,,,,2024-11-20T08:00:00,,,,,API,,,,,,,Low,
MAT00583,,,,,,,,,,2025-04-22T08:00:00,,,,,API,,,,,,,High,
MAT00584,,,,,,,,,,2025-07-18T08:00:00,,,,,Excipient,,,,,,,Low,
MAT00585,,,,,,,,,,2025-03-19T08:00:00,,,,,API,,,,,,,Low,
MAT00586,,,,,,,,,,2025-06-14T08:00:00,,,,,API,,,,,,,Low,
MAT00587,,,,,,,,,,2024-06-17T08:00:00,,,,,API,,,,,,,Medium,
MAT00588,,,,,,,,,,2025-12-27T08:00:00,,,,,API,,,,,,,Medium,
MAT00589,,,,,,,,,,2025-06-15T08:00:00,,,,,API,,,,,,,Medium,
MAT00590,,,,,,,,,,2024-09-13T08:00:00,,,,,Excipient,,,,,,,Low,
MAT00591,,,,,,,,,,2024-05-08T08:00:00,,,,,API,,,,,,,Medium,
MAT00592,,,,,,,,,,2025-05-29T08:00:00,,,,,Excipient,,,,,,,Low,
MAT00593,,,,,,,,,,2024-06-24T08:00:00,,,,,API,,,,,,,Low,
MAT00594,,,,,,,,,,2024-01-30T08:00:00,,,,,Excipient,,,,,,,Low,
MAT00595,,,,,,,,,,2025-10-18T08:00:00,,,,,API,,,,,,,Low,
MAT00596,,,,,,,,,,2025-08-08T08:00:00,,,,,Excipient,,,,,,,Low,
MAT00597,,,,,,,,,,2025-05-24T08:00:00,,,,,Component,,,,,,,Low,
MAT00598,,,,,,,,,,2025-05-09T08:00:00,,,,,Excipient,,,,,,,Medium,
MAT00599,,,,,,,,,,2024-10-31T08:00:00,,,,,API,,,,,,,High,
MAT00600,,,,,,,,,,2025-12-06T08:00:00,,,,,Component,,,,,,,Low,
MAT00601,,,,,,,,,,2025-03-26T08:00:00,,,,,API,,,,,,,Low,
MAT00602,,,,,,,,,,2025-04-20T08:00:00,,,,,Component,,,,,,,High,
MAT00603,,,,,,,,,,2025-09-13T08:00:00,,,,,API,,,,,,,Medium,
MAT00604,,,,,,,,,,2024-11-22T08:00:00,,,,,API,,,,,,,Medium,
MAT00605,,,,,,,,,,2024-05-13T08:00:00,,,,,Excipient,,,,,,,High,
MAT00606,,,,,,,,,,2024-11-22T08:00:00,,,,,Excipient,,,,,,,Low,
MAT00607,,,,,,,,,,2024-05-05T08:00:00,,,,,API,,,,,,,High,
MAT00608,,,,,,,,,,2024-09-10T08:00:00,,,,,Excipient,,,,,,,High,
MAT00609,,,,,,,,,,2024-02-21T08:00:00,,,,,API,,,,,,,Low,
MAT00610,,,,,,,,,,2025-09-22T08:00:00,,,,,Excipient,,,,,,,High,
MAT00611,,,,,,,,,,2024-06-12T08:00:00,,,,,Component,,,,,,,Low,
MAT00612,,,,,,,,,,2024-07-13T08:00:00,,,,,Excipient,,,,,,,Medium,
MAT00613,,,,,,,,,,2025-06-11T08:00:00,,,,,API,,,,,,,High,
MAT00614,,,,,,,,,,2024-11-11T08:00:00,,,,,Component,,,,,,,High,
MAT00615,,,,,,,,,,2024-04-02T08:00:00,,,,,Component,,,,,,,Low,
MAT00616,,,,,,,,,,2024-09-03T08:00:00,,,,,Component,,,,,,,High,
MAT00617,,,,,,,,,,2024-02-19T08:00:00,,,,,API,,,,,,,Medium,
MAT00618,,,,,,,,,,2025-05-21T08:00:00,,,,,API,,,,,,,Medium,
MAT00619,,,,,,,,,,2025-07-03T08:00:00,,,,,Component,,,,,,,Medium,
MAT00620,,,,,,,,,,2025-03-17T08:00:00,,,,,API,,,,,,,Low,
MAT00621,,,,,,,,,,2025-01-09T08:00:00,,,,,API,,,,,,,Medium,
MAT00622,,,,,,,,,,2024-02-16T08:00:00,,,,,Component,,,,,,,Medium,
MAT00623,,,,,,,,,,2025-08-06T08:00:00,,,,,Component,,,,,,,Low,
MAT00624,,,,,,,,,,2025-07-20T08:00:00,,,,,API,,,,,,,Medium,
MAT00625,,,,,,,,,,2025-01-30T08:00:00,,,,,Excipient,,,,,,,Low,
MAT00626,,,,,,,,,,2025-09-30T08:00:00,,,,,Component,,,,,,,Medium,
MAT00627,,,,,,,,,,2024-04-09T08:00:00,,,,,API,,,,,,,Low,
MAT00628,,,,,,,,,,2024-12-13T08:00:00,,,,,Component,,,,,,,Medium,
MAT00629,,,,,,,,,,2024-07-22T08:00:00,,,,,Excipient,,,,,,,Low,
MAT00630,,,,,,,,,,2024-02-16T08:00:00,,,,,Component,,,,,,,Low,
MAT00631,,,,,,,,,,2025-12-31T08:00:00,,,,,API,,,,,,,Low,
MAT00632,,,,,,,,,,2025-06-15T08:00:00,,,,,Excipient,,,,,,,High,
MAT00633,,,,,,,,,,2025-09-12T08:00:00,,,,,Component,,,,,,,Low,
MAT00634,,,,,,,,,,2025-09-19T08:00:00,,,,,API,,,,,,,Medium,
MAT00635,,,,,,,,,,2025-02-06T08:00:00,,,,,Excipient,,,,,,,Low,
MAT00636,,,,,,,,,,2025-06-03T08:00:00,,,,,Excipient,,,,,,,Medium,
MAT00637,,,,,,,,,,2025-05-01T08:00:00,,,,,Component,,,,,,,Medium,
MAT00638,,,,,,,,,,2024-12-05T08:00:00,,,,,API,,,,,,,Medium,
MAT00639,,,,,,,,,,2025-08-20T08:00:00,,,,,API,,,,,,,High,
MAT00640,,,,,,,,,,2025-09-03T08:00:00,,,,,Excipient,,,,,,,Low,
MAT00641,,,,,,,,,,2025-11-02T08:00:00,,,,,Component,,,,,,,Medium,
MAT00642,,,,,,,,,,2025-08-20T08:00:00,,,,,API,,,,,,,Low,
MAT00643,,,,,,,,,,2025-06-20T08:00:00,,,,,Component,,,,,,,Low,
MAT00644,,,,,,,,,,2025-11-28T08:00:00,,,,,Component,,,,,,,Low,
MAT00645,,,,,,,,,,2025-08-09T08:00:00,,,,,API,,,,,,,Low,
MAT00646,,,,,,,,,,2024-01-20T08:00:00,,,,,API,,,,,,,Low,
MAT00647,,,,,,,,,,2025-03-04T08:00:00,,,,,Component,,,,,,,Medium,
MAT00648,,,,,,,,,,2025-12-08T08:00:00,,,,,API,,,,,,,High,
MAT00649,,,,,,,,,,2025-05-28T08:00:00,,,,,API,,,,,,,High,
MAT00650,,,,,,,,,,2025-12-23T08:00:00,,,,,Component,,,,,,,Low,
MAT00651,,,,,,,,,,2025-07-28T08:00:00,,,,,API,,,,,,,Low,
MAT00652,,,,,,,,,,2025-06-22T08:00:00,,,,,Excipient,,,,,,,High,
MAT00653,,,,,,,,,,2024-06-26T08:00:00,,,,,Component,,,,,,,Medium,
MAT00654,,,,,,,,,,2025-07-13T08:00:00,,,,,Component,,,,,,,Medium,
MAT00655,,,,,,,,,,2025-09-16T08:00:00,,,,,Excipient,,,,,,,Medium,
MAT00656,,,,,,,,,,2024-09-09T08:00:00,,,,,Component,,,,,,,Low,
MAT00657,,,,,,,,,,2024-08-18T08:00:00,,,,,Excipient,,,,,,,Medium,
MAT00658,,,,,,,,,,2025-12-22T08:00:00,,,,,Excipient,,,,,,,Medium,
MAT00659,,,,,,,,,,2024-11-20T08:00:00,,,,,API,,,,,,,High,
MAT00660,,,,,,,,,,2025-07-27T08:00:00,,,,,Component,,,,,,,Medium,
MAT00661,,,,,,,,,,2024-05-04T08:00:00,,,,,Excipient,,,,,,,Medium,
MAT00662,,,,,,,,,,2024-12-19T08:00:00,,,,,Component,,,,,,,High,
MAT00663,,,,,,,,,,2024-02-13T08:00:00,,,,,API,,,,,,,Medium,
MAT00664,,,,,,,,,,2024-12-20T08:00:00,,,,,Excipient,,,,,,,Low,
MAT00665,,,,,,,,,,2025-05-05T08:00:00,,,,,Component,,,,,,,Medium,
MAT00666,,,,,,,,,,2025-07-05T08:00:00,,,,,API,,,,,,,Low,
MAT00667,,,,,,,,,,2024-05-20T08:00:00,,,,,Excipient,,,,,,,Medium,
MAT00668,,,,,,,,,,2024-09-05T08:00:00,,,,,API,,,,,,,Low,
MAT00669,,,,,,,,,,2025-10-15T08:00:00,,,,,API,,,,,,,Low,
MAT00670,,,,,,,,,,2024-04-12T08:00:00,,,,,API,,,,,,,Low,
MAT00671,,,,,,,,,,2025-04-28T08:00:00,,,,,Component,,,,,,,Medium,
MAT00672,,,,,,,,,,2024-01-06T08:00:00,,,,,API,,,,,,,Low,
MAT00673,,,,,,,,,,2025-10-30T08:00:00,,,,,API,,,,,,,High,
MAT00674,,,,,,,,,,2025-10-28T08:00:00,,,,,Component,,,,,,,High,
MAT00675,,,,,,,,,,2024-11-24T08:00:00,,,,,API,,,,,,,Medium,
MAT00676,,,,,,,,,,2024-04-01T08:00:00,,,,,Excipient,,,,,,,Low,
MAT00677,,,,,,,,,,2024-06-28T08:00:00,,,,,API,,,,,,,Low,
MAT00678,,,,,,,,,,2024-02-07T08:00:00,,,,,Component,,,,,,,Low,
MAT00679,,,,,,,,,,2024-07-09T08:00:00,,,,,Component,,,,,,,High,
MAT00680,,,,,,,,,,2024-01-10T08:00:00,,,,,Excipient,,,,,,,Low,
MAT00681,,,,,,,,,,2024-12-09T08:00:00,,,,,Excipient,,,,,,,Low,
MAT00682,,,,,,,,,,2025-10-18T08:00:00,,,,,Excipient,,,,,,,High,
MAT00683,,,,,,,,,,2025-05-31T08:00:00,,,,,Component,,,,,,,Low,
MAT00684,,,,,,,,,,2024-07-16T08:00:00,,,,,Component,,,,,,,Medium,
MAT00685,,,,,,,,,,2024-06-15T08:00:00,,,,,API,,,,,,,Medium,
MAT00686,,,,,,,,,,2024-07-09T08:00:00,,,,,Component,,,,,,,Medium,
MAT00687,,,,,,,,,,2024-10-29T08:00:00,,,,,API,,,,,,,Medium,
MAT00688,,,,,,,,,,2025-09-17T08:00:00,,,,,API,,,,,,,Low,
MAT00689,,,,,,,,,,2025-06-11T08:00:00,,,,,Component,,,,,,,High,
MAT00690,,,,,,,,,,2025-02-14T08:00:00,,,,,Excipient,,,,,,,Low,
MAT00691,,,,,,,,,,2024-05-23T08:00:00,,,,,API,,,,,,,Low,
MAT00692,,,,,,,,,,2024-09-11T08:00:00,,,,,Component,,,,,,,Medium,
MAT00693,,,,,,,,,,2025-01-27T08:00:00,,,,,API,,,,,,,Medium,
MAT00694,,,,,,,,,,2024-09-30T08:00:00,,,,,API,,,,,,,High,
MAT00695,,,,,,,,,,2025-08-19T08:00:00,,,,,Excipient,,,,,,,Medium,
MAT00696,,,,,,,,,,2025-10-31T08:00:00,,,,,API,,,,,,,Medium,
MAT00697,,,,,,,,,,2024-03-04T08:00:00,,,,,Excipient,,,,,,,Low,
MAT00698,,,,,,,,,,2024-11-10T08:00:00,,,,,API,,,,,,,High,
MAT00699,,,,,,,,,,2025-12-03T08:00:00,,,,,API,,,,,,,High,
MAT00700,,,,,,,,,,2025-10-16T08:00:00,,,,,Excipient,,,,,,,Low,
MAT00701,,,,,,,,,,2025-09-21T08:00:00,,,,,Excipient,,,,,,,Medium,
MAT00702,,,,,,,,,,2024-05-16T08:00:00,,,,,API,,,,,,,Low,
MAT00703,,,,,,,,,,2025-04-10T08:00:00,,,,,Component,,,,,,,Low,
MAT00704,,,,,,,,,,2025-12-19T08:00:00,,,,,Excipient,,,,,,,High,
MAT00705,,,,,,,,,,2024-09-10T08:00:00,,,,,Component,,,,,,,Low,
MAT00706,,,,,,,,,,2025-06-24T08:00:00,,,,,API,,,,,,,High,
MAT00707,,,,,,,,,,2025-07-31T08:00:00,,,,,Excipient,,,,,,,Low,
MAT00708,,,,,,,,,,2025-07-14T08:00:00,,,,,API,,,,,,,Low,
MAT00709,,,,,,,,,,2024-06-17T08:00:00,,,,,API,,,,,,,Low,
MAT00710,,,,,,,,,,2024-04-29T08:00:00,,,,,Excipient,,,,,,,High,
MAT00711,,,,,,,,,,2024-04-03T08:00:00,,,,,API,,,,,,,High,
MAT00712,,,,,,,,,,2025-04-09T08:00:00,,,,,Component,,,,,,,Low,
MAT00713,,,,,,,,,,2025-04-12T08:00:00,,,,,API,,,,,,,High,
MAT00714,,,,,,,,,,2025-11-19T08:00:00,,,,,API,,,,,,,High,
MAT00715,,,,,,,,,,2025-02-09T08:00:00,,,,,Excipient,,,,,,,Low,
MAT00716,,,,,,,,,,2024-08-11T08:00:00,,,,,Excipient,,,,,,,Low,
MAT00717,,,,,,,,,,2025-03-09T08:00:00,,,,,API,,,,,,,Low,
MAT00718,,,,,,,,,,2025-07-08T08:00:00,,,,,Excipient,,,,,,,Low,
MAT00719,,,,,,,,,,2025-04-28T08:00:00,,,,,API,,,,,,,Low,
MAT00720,,,,,,,,,,2025-02-22T08:00:00,,,,,API,,,,,,,Medium,
MAT00721,,,,,,,,,,2025-10-18T08:00:00,,,,,API,,,,,,,Low,
MAT00722,,,,,,,,,,2025-01-26T08:00:00,,,,,Component,,,,,,,Medium,
MAT00723,,,,,,,,,,2025-01-19T08:00:00,,,,,Component,,,,,,,High,
MAT00724,,,,,,,,,,2025-10-31T08:00:00,,,,,API,,,,,,,Low,
MAT00725,,,,,,,,,,2024-07-01T08:00:00,,,,,Excipient,,,,,,,Low,
MAT00726,,,,,,,,,,2024-08-16T08:00:00,,,,,Component,,,,,,,Low,
MAT00727,,,,,,,,,,2024-11-01T08:00:00,,,,,API,,,,,,,Low,
MAT00728,,,,,,,,,,2025-06-28T08:00:00,,,,,Component,,,,,,,High,
MAT00729,,,,,,,,,,2024-09-10T08:00:00,,,,,Component,,,,,,,Low,
MAT00730,,,,,,,,,,2024-06-07T08:00:00,,,,,Component,,,,,,,Medium,
MAT00731,,,,,,,,,,2024-04-25T08:00:00,,,,,Excipient,,,,,,,Low,
MAT00732,,,,,,,,,,2025-09-21T08:00:00,,,,,API,,,,,,,High,
MAT00733,,,,,,,,,,2024-07-30T08:00:00,,,,,API,,,,,,,Low,
MAT00734,,,,,,,,,,2025-08-31T08:00:00,,,,,API,,,,,,,Low,
MAT00735,,,,,,,,,,2025-09-04T08:00:00,,,,,API,,,,,,,High,
MAT00736,,,,,,,,,,2024-02-15T08:00:00,,,,,API,,,,,,,Low,
MAT00737,,,,,,,,,,2024-08-27T08:00:00,,,,,Component,,,,,,,High,
MAT00738,,,,,,,,,,2024-05-23T08:00:00,,,,,API,,,,,,,Low,
MAT00739,,,,,,,,,,2025-08-12T08:00:00,,,,,Excipient,,,,,,,Low,
MAT00740,,,,,,,,,,2024-08-30T08:00:00,,,,,Excipient,,,,,,,Medium,
MAT00741,,,,,,,,,,2025-11-07T08:00:00,,,,,Excipient,,,,,,,Low,
MAT00742,,,,,,,,,,2024-11-03T08:00:00,,,,,API,,,,,,,High,
MAT00743,,,,,,,,,,2025-07-24T08:00:00,,,,,Excipient,,,,,,,Low,
MAT00744,,,,,,,,,,2025-07-23T08:00:00,,,,,API,,,,,,,High,
MAT00745,,,,,,,,,,2024-12-18T08:00:00,,,,,Component,,,,,,,Low,
MAT00746,,,,,,,,,,2025-12-14T08:00:00,,,,,Component,,,,,,,Medium,
MAT00747,,,,,,,,,,2024-06-01T08:00:00,,,,,Component,,,,,,,High,
MAT00748,,,,,,,,,,2024-07-07T08:00:00,,,,,Excipient,,,,,,,High,
MAT00749,,,,,,,,,,2024-08-18T08:00:00,,,,,Component,,,,,,,Low,
MAT00750,,,,,,,,,,2025-04-19T08:00:00,,,,,Excipient,,,,,,,Low,
MAT00751,,,,,,,,,,2025-03-02T08:00:00,,,,,API,,,,,,,High,
MAT00752,,,,,,,,,,2024-09-05T08:00:00,,,,,API,,,,,,,High,
MAT00753,,,,,,,,,,2024-12-04T08:00:00,,,,,Excipient,,,,,,,Low,
MAT00754,,,,,,,,,,2025-01-14T08:00:00,,,,,API,,,,,,,High,
MAT00755,,,,,,,,,,2024-02-22T08:00:00,,,,,API,,,,,,,Low,
MAT00756,,,,,,,,,,2025-11-20T08:00:00,,,,,Excipient,,,,,,,High,
MAT00757,,,,,,,,,,2024-07-11T08:00:00,,,,,API,,,,,,,Low,
MAT00758,,,,,,,,,,2024-08-01T08:00:00,,,,,API,,,,,,,High,
MAT00759,,,,,,,,,,2024-01-16T08:00:00,,,,,Excipient,,,,,,,Medium,
MAT00760,,,,,,,,,,2024-04-30T08:00:00,,,,,API,,,,,,,Low,
MAT00761,,,,,,,,,,2025-12-13T08:00:00,,,,,Component,,,,,,,Low,
MAT00762,,,,,,,,,,2024-09-02T08:00:00,,,,,API,,,,,,,High,
MAT00763,,,,,,,,,,2025-01-24T08:00:00,,,,,Excipient,,,,,,,Medium,
MAT00764,,,,,,,,,,2024-11-11T08:00:00,,,,,Component,,,,,,,Medium,
MAT00765,,,,,,,,,,2025-06-09T08:00:00,,,,,Excipient,,,,,,,Medium,
MAT00766,,,,,,,,,,2024-04-10T08:00:00,,,,,Component,,,,,,,High,
MAT00767,,,,,,,,,,2024-07-27T08:00:00,,,,,Component,,,,,,,Medium,
MAT00768,,,,,,,,,,2025-02-27T08:00:00,,,,,Excipient,,,,,,,Medium,
MAT00769,,,,,,,,,,2024-05-29T08:00:00,,,,,API,,,,,,,Low,
MAT00770,,,,,,,,,,2025-07-20T08:00:00,,,,,API,,,,,,,Medium,
MAT00771,,,,,,,,,,2024-06-05T08:00:00,,,,,Component,,,,,,,Medium,
MAT00772,,,,,,,,,,2024-08-23T08:00:00,,,,,API,,,,,,,Medium,
MAT00773,,,,,,,,,,2025-05-26T08:00:00,,,,,Component,,,,,,,Low,
MAT00774,,,,,,,,,,2025-05-15T08:00:00,,,,,Excipient,,,,,,,Medium,
MAT00775,,,,,,,,,,2024-06-21T08:00:00,,,,,Component,,,,,,,High,
MAT00776,,,,,,,,,,2024-05-23T08:00:00,,,,,Excipient,,,,,,,Low,
MAT00777,,,,,,,,,,2025-07-09T08:00:00,,,,,Component,,,,,,,Low,
MAT00778,,,,,,,,,,2024-03-17T08:00:00,,,,,API,,,,,,,Low,
MAT00779,,,,,,,,,,2025-02-26T08:00:00,,,,,API,,,,,,,Low,
MAT00780,,,,,,,,,,2024-03-10T08:00:00,,,,,API,,,,,,,Low,
MAT00781,,,,,,,,,,2024-08-11T08:00:00,,,,,API,,,,,,,Low,
MAT00782,,,,,,,,,,2024-03-02T08:00:00,,,,,Component,,,,,,,Medium,
MAT00783,,,,,,,,,,2024-01-17T08:00:00,,,,,Component,,,,,,,High,
MAT00784,,,,,,,,,,2024-01-13T08:00:00,,,,,API,,,,,,,High,
MAT00785,,,,,,,,,,2025-07-02T08:00:00,,,,,API,,,,,,,Medium,
MAT00786,,,,,,,,,,2025-05-29T08:00:00,,,,,Excipient,,,,,,,Low,
MAT00787,,,,,,,,,,2024-04-19T08:00:00,,,,,Component,,,,,,,Low,
MAT00788,,,,,,,,,,2024-09-03T08:00:00,,,,,API,,,,,,,Low,
MAT00789,,,,,,,,,,2024-12-28T08:00:00,,,,,API,,,,,,,Medium,
MAT00790,,,,,,,,,,2024-03-21T08:00:00,,,,,Excipient,,,,,,,High,
MAT00791,,,,,,,,,,2025-04-15T08:00:00,,,,,Excipient,,,,,,,High,
MAT00792,,,,,,,,,,2024-11-03T08:00:00,,,,,API,,,,,,,Low,
MAT00793,,,,,,,,,,2024-04-05T08:00:00,,,,,API,,,,,,,Low,
MAT00794,,,,,,,,,,2025-01-21T08:00:00,,,,,Component,,,,,,,High,
MAT00795,,,,,,,,,,2025-10-14T08:00:00,,,,,Component,,,,,,,Low,
MAT00796,,,,,,,,,,2024-03-25T08:00:00,,,,,API,,,,,,,Low,
MAT00797,,,,,,,,,,2025-10-22T08:00:00,,,,,Component,,,,,,,High,
MAT00798,,,,,,,,,,2025-06-24T08:00:00,,,,,Excipient,,,,,,,Low,
MAT00799,,,,,,,,,,2024-08-04T08:00:00,,,,,API,,,,,,,Low,
MAT00800,,,,,,,,,,2024-02-17T08:00:00,,,,,Component,,,,,,,Medium,
MAT00801,,,,,,,,,,2025-07-10T08:00:00,,,,,API,,,,,,,Medium,
MAT00802,,,,,,,,,,2024-11-18T08:00:00,,,,,API,,,,,,,Low,
MAT00803,,,,,,,,,,2025-08-24T08:00:00,,,,,API,,,,,,,Low,
MAT00804,,,,,,,,,,2024-03-19T08:00:00,,,,,API,,,,,,,High,
MAT00805,,,,,,,,,,2025-07-31T08:00:00,,,,,Excipient,,,,,,,Low,
MAT00806,,,,,,,,,,2025-11-24T08:00:00,,,,,API,,,,,,,High,
MAT00807,,,,,,,,,,2024-05-23T08:00:00,,,,,Excipient,,,,,,,High,
MAT00808,,,,,,,,,,2024-02-24T08:00:00,,,,,API,,,,,,,Medium,
MAT00809,,,,,,,,,,2024-08-25T08:00:00,,,,,API,,,,,,,High,
MAT00810,,,,,,,,,,2025-09-11T08:00:00,,,,,API,,,,,,,Medium,
MAT00811,,,,,,,,,,2024-01-31T08:00:00,,,,,Component,,,,,,,Medium,
MAT00812,,,,,,,,,,2025-05-17T08:00:00,,,,,Excipient,,,,,,,High,
MAT00813,,,,,,,,,,2025-07-20T08:00:00,,,,,API,,,,,,,Medium,
MAT00814,,,,,,,,,,2024-07-09T08:00:00,,,,,Component,,,,,,,High,
MAT00815,,,,,,,,,,2025-09-25T08:00:00,,,,,Component,,,,,,,Low,
MAT00816,,,,,,,,,,2025-12-31T08:00:00,,,,,Excipient,,,,,,,Low,
MAT00817,,,,,,,,,,2024-10-01T08:00:00,,,,,API,,,,,,,Low,
MAT00818,,,,,,,,,,2025-12-29T08:00:00,,,,,API,,,,,,,High,
MAT00819,,,,,,,,,,2024-11-20T08:00:00,,,,,API,,,,,,,High,
MAT00820,,,,,,,,,,2024-04-03T08:00:00,,,,,Excipient,,,,,,,Low,
MAT00821,,,,,,,,,,2025-03-31T08:00:00,,,,,API,,,,,,,Medium,
MAT00822,,,,,,,,,,2024-04-14T08:00:00,,,,,Excipient,,,,,,,Medium,
MAT00823,,,,,,,,,,2024-07-10T08:00:00,,,,,API,,,,,,,Low,
MAT00824,,,,,,,,,,2025-07-24T08:00:00,,,,,Component,,,,,,,High,
MAT00825,,,,,,,,,,2024-01-27T08:00:00,,,,,Component,,,,,,,Low,
MAT00826,,,,,,,,,,2025-07-21T08:00:00,,,,,API,,,,,,,Medium,
MAT00827,,,,,,,,,,2025-01-29T08:00:00,,,,,API,,,,,,,Medium,
MAT00828,,,,,,,,,,2025-02-27T08:00:00,,,,,API,,,,,,,Medium,
MAT00829,,,,,,,,,,2025-07-26T08:00:00,,,,,Component,,,,,,,Low,
MAT00830,,,,,,,,,,2025-12-02T08:00:00,,,,,API,,,,,,,Low,
MAT00831,,,,,,,,,,2024-05-22T08:00:00,,,,,Component,,,,,,,Low,
MAT00832,,,,,,,,,,2024-10-01T08:00:00,,,,,Excipient,,,,,,,Medium,
MAT00833,,,,,,,,,,2024-03-05T08:00:00,,,,,Component,,,,,,,Low,
MAT00834,,,,,,,,,,2024-10-09T08:00:00,,,,,API,,,,,,,High,
MAT00835,,,,,,,,,,2025-05-10T08:00:00,,,,,Component,,,,,,,Medium,
MAT00836,,,,,,,,,,2024-09-14T08:00:00,,,,,API,,,,,,,Medium,
MAT00837,,,,,,,,,,2025-08-31T08:00:00,,,,,API,,,,,,,High,
MAT00838,,,,,,,,,,2024-04-19T08:00:00,,,,,API,,,,,,,High,
MAT00839,,,,,,,,,,2024-01-07T08:00:00,,,,,API,,,,,,,Medium,
MAT00840,,,,,,,,,,2025-09-27T08:00:00,,,,,Component,,,,,,,Medium,
MAT00841,,,,,,,,,,2025-03-26T08:00:00,,,,,Component,,,,,,,Medium,
MAT00842,,,,,,,,,,2025-10-28T08:00:00,,,,,Excipient,,,,,,,High,
MAT00843,,,,,,,,,,2024-11-24T08:00:00,,,,,API,,,,,,,Medium,
MAT00844,,,,,,,,,,2024-11-17T08:00:00,,,,,API,,,,,,,High,
MAT00845,,,,,,,,,,2024-11-22T08:00:00,,,,,API,,,,,,,High,
MAT00846,,,,,,,,,,2025-08-12T08:00:00,,,,,Excipient,,,,,,,High,
MAT00847,,,,,,,,,,2025-01-20T08:00:00,,,,,API,,,,,,,Medium,
MAT00848,,,,,,,,,,2025-01-08T08:00:00,,,,,Excipient,,,,,,,High,
MAT00849,,,,,,,,,,2025-08-29T08:00:00,,,,,API,,,,,,,Low,
MAT00850,,,,,,,,,,2025-04-17T08:00:00,,,,,API,,,,,,,Low,
MAT00851,,,,,,,,,,2024-10-25T08:00:00,,,,,API,,,,,,,High,
MAT00852,,,,,,,,,,2025-11-20T08:00:00,,,,,API,,,,,,,High,
MAT00853,,,,,,,,,,2025-10-10T08:00:00,,,,,Component,,,,,,,Low,
MAT00854,,,,,,,,,,2024-09-15T08:00:00,,,,,Excipient,,,,,,,Low,
MAT00855,,,,,,,,,,2025-01-21T08:00:00,,,,,API,,,,,,,High,
MAT00856,,,,,,,,,,2025-09-04T08:00:00,,,,,API,,,,,,,High,
MAT00857,,,,,,,,,,2025-07-01T08:00:00,,,,,Component,,,,,,,High,
MAT00858,,,,,,,,,,2025-01-03T08:00:00,,,,,Component,,,,,,,Low,
MAT00859,,,,,,,,,,2024-09-11T08:00:00,,,,,API,,,,,,,Low,
MAT00860,,,,,,,,,,2025-10-24T08:00:00,,,,,Excipient,,,,,,,Low,
MAT00861,,,,,,,,,,2024-12-05T08:00:00,,,,,API,,,,,,,High,
MAT00862,,,,,,,,,,2024-01-11T08:00:00,,,,,Component,,,,,,,Low,
MAT00863,,,,,,,,,,2024-08-15T08:00:00,,,,,API,,,,,,,Medium,
MAT00864,,,,,,,,,,2025-01-18T08:00:00,,,,,API,,,,,,,High,
MAT00865,,,,,,,,,,2025-11-26T08:00:00,,,,,Component,,,,,,,High,
MAT00866,,,,,,,,,,2024-01-26T08:00:00,,,,,API,,,,,,,Medium,
MAT00867,,,,,,,,,,2024-10-29T08:00:00,,,,,Component,,,,,,,Low,
MAT00868,,,,,,,,,,2024-04-28T08:00:00,,,,,Component,,,,,,,Low,
MAT00869,,,,,,,,,,2024-11-15T08:00:00,,,,,API,,,,,,,Medium,
MAT00870,,,,,,,,,,2024-07-30T08:00:00,,,,,Excipient,,,,,,,High,
MAT00871,,,,,,,,,,2025-05-02T08:00:00,,,,,Component,,,,,,,Medium,
MAT00872,,,,,,,,,,2025-12-14T08:00:00,,,,,API,,,,,,,High,
MAT00873,,,,,,,,,,2024-03-09T08:00:00,,,,,Component,,,,,,,Medium,
MAT00874,,,,,,,,,,2025-12-28T08:00:00,,,,,Excipient,,,,,,,Low,
MAT00875,,,,,,,,,,2024-12-17T08:00:00,,,,,API,,,,,,,Low,
MAT00876,,,,,,,,,,2024-09-06T08:00:00,,,,,API,,,,,,,Low,
MAT00877,,,,,,,,,,2024-12-04T08:00:00,,,,,API,,,,,,,Low,
MAT00878,,,,,,,,,,2024-08-25T08:00:00,,,,,Component,,,,,,,High,
MAT00879,,,,,,,,,,2024-07-09T08:00:00,,,,,Component,,,,,,,Low,
MAT00880,,,,,,,,,,2024-01-30T08:00:00,,,,,Component,,,,,,,High,
MAT00881,,,,,,,,,,2025-08-29T08:00:00,,,,,API,,,,,,,High,
MAT00882,,,,,,,,,,2024-01-05T08:00:00,,,,,Component,,,,,,,High,
MAT00883,,,,,,,,,,2024-10-12T08:00:00,,,,,API,,,,,,,Low,
MAT00884,,,,,,,,,,2025-07-03T08:00:00,,,,,API,,,,,,,Low,
MAT00885,,,,,,,,,,2024-11-29T08:00:00,,,,,API,,,,,,,Medium,
MAT00886,,,,,,,,,,2024-04-26T08:00:00,,,,,API,,,,,,,High,
MAT00887,,,,,,,,,,2025-06-24T08:00:00,,,,,Excipient,,,,,,,High,
MAT00888,,,,,,,,,,2025-09-17T08:00:00,,,,,Excipient,,,,,,,High,
MAT00889,,,,,,,,,,2024-12-22T08:00:00,,,,,Component,,,,,,,Low,
MAT00890,,,,,,,,,,2025-09-24T08:00:00,,,,,Excipient,,,,,,,High,
MAT00891,,,,,,,,,,2025-09-21T08:00:00,,,,,API,,,,,,,Medium,
MAT00892,,,,,,,,,,2024-11-16T08:00:00,,,,,API,,,,,,,Low,
MAT00893,,,,,,,,,,2024-11-08T08:00:00,,,,,API,,,,,,,Low,
MAT00894,,,,,,,,,,2025-01-17T08:00:00,,,,,API,,,,,,,Low,
MAT00895,,,,,,,,,,2025-03-04T08:00:00,,,,,API,,,,,,,High,
MAT00896,,,,,,,,,,2025-03-09T08:00:00,,,,,API,,,,,,,High,
MAT00897,,,,,,,,,,2025-10-12T08:00:00,,,,,API,,,,,,,High,
MAT00898,,,,,,,,,,2025-05-16T08:00:00,,,,,API,,,,,,,Low,
MAT00899,,,,,,,,,,2024-07-10T08:00:00,,,,,Excipient,,,,,,,Low,
MAT00900,,,,,,,,,,2025-09-26T08:00:00,,,,,Excipient,,,,,,,High,
MAT00901,,,,,,,,,,2024-01-10T08:00:00,,,,,API,,,,,,,Medium,
MAT00902,,,,,,,,,,2024-07-18T08:00:00,,,,,Component,,,,,,,Low,
MAT00903,,,,,,,,,,2025-02-22T08:00:00,,,,,Component,,,,,,,High,
MAT00904,,,,,,,,,,2025-12-28T08:00:00,,,,,Component,,,,,,,High,
MAT00905,,,,,,,,,,2024-06-20T08:00:00,,,,,Component,,,,,,,High,
MAT00906,,,,,,,,,,2024-08-13T08:00:00,,,,,API,,,,,,,Low,
MAT00907,,,,,,,,,,2024-10-08T08:00:00,,,,,Excipient,,,,,,,Low,
MAT00908,,,,,,,,,,2024-06-21T08:00:00,,,,,API,,,,,,,Medium,
MAT00909,,,,,,,,,,2025-07-16T08:00:00,,,,,Component,,,,,,,High,
MAT00910,,,,,,,,,,2024-10-01T08:00:00,,,,,API,,,,,,,Low,
MAT00911,,,,,,,,,,2025-03-27T08:00:00,,,,,Excipient,,,,,,,Low,
MAT00912,,,,,,,,,,2024-04-14T08:00:00,,,,,API,,,,,,,High,
MAT00913,,,,,,,,,,2024-02-03T08:00:00,,,,,API,,,,,,,Medium,
MAT00914,,,,,,,,,,2024-12-22T08:00:00,,,,,Component,,,,,,,Medium,
MAT00915,,,,,,,,,,2024-04-30T08:00:00,,,,,API,,,,,,,High,
MAT00916,,,,,,,,,,2025-08-25T08:00:00,,,,,API,,,,,,,Low,
MAT00917,,,,,,,,,,2024-06-18T08:00:00,,,,,Excipient,,,,,,,High,
MAT00918,,,,,,,,,,2024-07-30T08:00:00,,,,,API,,,,,,,Low,
MAT00919,,,,,,,,,,2025-06-29T08:00:00,,,,,API,,,,,,,Medium,
MAT00920,,,,,,,,,,2024-11-27T08:00:00,,,,,Excipient,,,,,,,Low,
MAT00921,,,,,,,,,,2025-08-09T08:00:00,,,,,Excipient,,,,,,,Medium,
MAT00922,,,,,,,,,,2024-05-18T08:00:00,,,,,Excipient,,,,,,,Low,
MAT00923,,,,,,,,,,2024-10-10T08:00:00,,,,,Component,,,,,,,Low,
MAT00924,,,,,,,,,,2024-09-12T08:00:00,,,,,API,,,,,,,Low,
MAT00925,,,,,,,,,,2024-09-10T08:00:00,,,,,API,,,,,,,Medium,
MAT00926,,,,,,,,,,2024-05-25T08:00:00,,,,,Component,,,,,,,High,
MAT00927,,,,,,,,,,2025-01-19T08:00:00,,,,,Excipient,,,,,,,High,
MAT00928,,,,,,,,,,2025-10-10T08:00:00,,,,,Component,,,,,,,Low,
MAT00929,,,,,,,,,,2025-06-11T08:00:00,,,,,API,,,,,,,High,
MAT00930,,,,,,,,,,2025-04-10T08:00:00,,,,,Excipient,,,,,,,Medium,
MAT00931,,,,,,,,,,2025-08-18T08:00:00,,,,,Component,,,,,,,Medium,
MAT00932,,,,,,,,,,2025-04-14T08:00:00,,,,,API,,,,,,,Low,
MAT00933,,,,,,,,,,2025-07-01T08:00:00,,,,,Excipient,,,,,,,Low,
MAT00934,,,,,,,,,,2025-03-15T08:00:00,,,,,Component,,,,,,,Low,
MAT00935,,,,,,,,,,2024-10-01T08:00:00,,,,,API,,,,,,,High,
MAT00936,,,,,,,,,,2024-12-11T08:00:00,,,,,Excipient,,,,,,,Medium,
MAT00937,,,,,,,,,,2024-12-17T08:00:00,,,,,API,,,,,,,High,
MAT00938,,,,,,,,,,2024-04-11T08:00:00,,,,,API,,,,,,,Low,
MAT00939,,,,,,,,,,2024-05-07T08:00:00,,,,,Component,,,,,,,Low,
MAT00940,,,,,,,,,,2025-04-12T08:00:00,,,,,API,,,,,,,High,
MAT00941,,,,,,,,,,2024-07-26T08:00:00,,,,,API,,,,,,,High,
MAT00942,,,,,,,,,,2024-06-11T08:00:00,,,,,API,,,,,,,Medium,
MAT00943,,,,,,,,,,2025-11-01T08:00:00,,,,,Excipient,,,,,,,Low,
MAT00944,,,,,,,,,,2024-03-25T08:00:00,,,,,Excipient,,,,,,,Medium,
MAT00945,,,,,,,,,,2024-02-23T08:00:00,,,,,Excipient,,,,,,,Low,
MAT00946,,,,,,,,,,2025-12-17T08:00:00,,,,,Component,,,,,,,Medium,
MAT00947,,,,,,,,,,2025-11-02T08:00:00,,,,,API,,,,,,,High,
MAT00948,,,,,,,,,,2024-01-02T08:00:00,,,,,API,,,,,,,Low,
MAT00949,,,,,,,,,,2024-03-20T08:00:00,,,,,API,,,,,,,High,
MAT00950,,,,,,,,,,2025-06-15T08:00:00,,,,,API,,,,,,,Low,
MAT00951,,,,,,,,,,2024-01-09T08:00:00,,,,,Component,,,,,,,Low,
MAT00952,,,,,,,,,,2025-03-08T08:00:00,,,,,Excipient,,,,,,,Low,
MAT00953,,,,,,,,,,2024-03-13T08:00:00,,,,,API,,,,,,,High,
MAT00954,,,,,,,,,,2024-04-01T08:00:00,,,,,API,,,,,,,High,
MAT00955,,,,,,,,,,2024-11-16T08:00:00,,,,,API,,,,,,,Low,
MAT00956,,,,,,,,,,2024-05-20T08:00:00,,,,,Excipient,,,,,,,Medium,
MAT00957,,,,,,,,,,2025-10-18T08:00:00,,,,,Component,,,,,,,Low,
MAT00958,,,,,,,,,,2025-06-27T08:00:00,,,,,API,,,,,,,Low,
MAT00959,,,,,,,,,,2025-03-26T08:00:00,,,,,API,,,,,,,Low,
MAT00960,,,,,,,,,,2025-10-05T08:00:00,,,,,Excipient,,,,,,,Low,
MAT00961,,,,,,,,,,2025-09-22T08:00:00,,,,,API,,,,,,,High,
MAT00962,,,,,,,,,,2024-03-29T08:00:00,,,,,Component,,,,,,,Low,
MAT00963,,,,,,,,,,2024-05-06T08:00:00,,,,,API,,,,,,,Low,
MAT00964,,,,,,,,,,2025-03-15T08:00:00,,,,,Component,,,,,,,Medium,
MAT00965,,,,,,,,,,2024-09-10T08:00:00,,,,,Excipient,,,,,,,Low,
MAT00966,,,,,,,,,,2024-09-11T08:00:00,,,,,Excipient,,,,,,,Low,
MAT00967,,,,,,,,,,2025-11-05T08:00:00,,,,,Excipient,,,,,,,Low,
MAT00968,,,,,,,,,,2025-06-14T08:00:00,,,,,Excipient,,,,,,,Low,
MAT00969,,,,,,,,,,2024-10-29T08:00:00,,,,,API,,,,,,,High,
MAT00970,,,,,,,,,,2025-05-21T08:00:00,,,,,API,,,,,,,Low,
MAT00971,,,,,,,,,,2024-09-03T08:00:00,,,,,Component,,,,,,,Low,
MAT00972,,,,,,,,,,2025-06-24T08:00:00,,,,,Component,,,,,,,Low,
MAT00973,,,,,,,,,,2024-11-20T08:00:00,,,,,API,,,,,,,Medium,
MAT00974,,,,,,,,,,2025-08-05T08:00:00,,,,,API,,,,,,,High,
MAT00975,,,,,,,,,,2025-07-13T08:00:00,,,,,Component,,,,,,,Medium,
MAT00976,,,,,,,,,,2024-03-15T08:00:00,,,,,API,,,,,,,High,
MAT00977,,,,,,,,,,2024-01-15T08:00:00,,,,,API,,,,,,,Low,
MAT00978,,,,,,,,,,2024-02-10T08:00:00,,,,,Excipient,,,,,,,Low,
MAT00979,,,,,,,,,,2025-06-02T08:00:00,,,,,API,,,,,,,High,
MAT00980,,,,,,,,,,2025-03-09T08:00:00,,,,,Excipient,,,,,,,High,
MAT00981,,,,,,,,,,2025-10-17T08:00:00,,,,,Component,,,,,,,Low,
MAT00982,,,,,,,,,,2024-03-26T08:00:00,,,,,API,,,,,,,Medium,
MAT00983,,,,,,,,,,2025-06-07T08:00:00,,,,,Excipient,,,,,,,Low,
MAT00984,,,,,,,,,,2025-07-03T08:00:00,,,,,API,,,,,,,Low,
MAT00985,,,,,,,,,,2025-08-23T08:00:00,,,,,Excipient,,,,,,,High,
MAT00986,,,,,,,,,,2025-12-16T08:00:00,,,,,API,,,,,,,Medium,
MAT00987,,,,,,,,,,2024-02-29T08:00:00,,,,,Component,,,,,,,Low,
MAT00988,,,,,,,,,,2025-03-20T08:00:00,,,,,API,,,,,,,Low,
MAT00989,,,,,,,,,,2025-09-18T08:00:00,,,,,API,,,,,,,High,
MAT00990,,,,,,,,,,2025-11-13T08:00:00,,,,,API,,,,,,,Medium,
MAT00991,,,,,,,,,,2024-01-13T08:00:00,,,,,API,,,,,,,Low,
MAT00992,,,,,,,,,,2024-06-16T08:00:00,,,,,API,,,,,,,Low,
MAT00993,,,,,,,,,,2025-06-19T08:00:00,,,,,Component,,,,,,,Medium,
MAT00994,,,,,,,,,,2025-01-15T08:00:00,,,,,Excipient,,,,,,,Low,
MAT00995,,,,,,,,,,2024-04-30T08:00:00,,,,,API,,,,,,,Medium,
MAT00996,,,,,,,,,,2025-03-15T08:00:00,,,,,API,,,,,,,Medium,
MAT00997,,,,,,,,,,2024-09-26T08:00:00,,,,,Excipient,,,,,,,Low,
MAT00998,,,,,,,,,,2025-04-11T08:00:00,,,,,API,,,,,,,High,
MAT00999,,,,,,,,,,2025-05-26T08:00:00,,,,,Excipient,,,,,,,Low,
MAT01000,,,,,,,,,,2024-06-10T08:00:00,,,,,API,,,,,,,Medium,
MAT01001,,,,,,,,,,2025-08-10T08:00:00,,,,,Excipient,,,,,,,Low,
MAT01002,,,,,,,,,,2025-06-05T08:00:00,,,,,API,,,,,,,Low,
MAT01003,,,,,,,,,,2024-01-13T08:00:00,,,,,API,,,,,,,Low,
MAT01004,,,,,,,,,,2025-04-28T08:00:00,,,,,API,,,,,,,Low,
MAT01005,,,,,,,,,,2024-06-02T08:00:00,,,,,Excipient,,,,,,,High,
MAT01006,,,,,,,,,,2025-07-20T08:00:00,,,,,API,,,,,,,Low,
MAT01007,,,,,,,,,,2024-11-25T08:00:00,,,,,Component,,,,,,,Low,
MAT01008,,,,,,,,,,2024-11-23T08:00:00,,,,,API,,,,,,,High,
MAT01009,,,,,,,,,,2025-08-08T08:00:00,,,,,Excipient,,,,,,,Low,
MAT01010,,,,,,,,,,2025-05-29T08:00:00,,,,,Excipient,,,,,,,Low,
MAT01011,,,,,,,,,,2024-08-16T08:00:00,,,,,API,,,,,,,Low,
MAT01012,,,,,,,,,,2024-03-11T08:00:00,,,,,API,,,,,,,High,
MAT01013,,,,,,,,,,2024-11-14T08:00:00,,,,,Component,,,,,,,Medium,
MAT01014,,,,,,,,,,2025-07-20T08:00:00,,,,,Excipient,,,,,,,Low,
MAT01015,,,,,,,,,,2025-01-12T08:00:00,,,,,Component,,,,,,,Low,
MAT01016,,,,,,,,,,2025-07-31T08:00:00,,,,,API,,,,,,,Medium,
MAT01017,,,,,,,,,,2025-04-20T08:00:00,,,,,Excipient,,,,,,,Low,
MAT01018,,,,,,,,,,2024-07-19T08:00:00,,,,,Excipient,,,,,,,High,
MAT01019,,,,,,,,,,2024-01-07T08:00:00,,,,,API,,,,,,,Low,
MAT01020,,,,,,,,,,2024-08-26T08:00:00,,,,,Component,,,,,,,Low,
MAT01021,,,,,,,,,,2024-12-09T08:00:00,,,,,Excipient,,,,,,,Low,
MAT01022,,,,,,,,,,2024-11-10T08:00:00,,,,,API,,,,,,,High,
MAT01023,,,,,,,,,,2025-06-26T08:00:00,,,,,API,,,,,,,Low,
MAT01024,,,,,,,,,,2025-05-18T08:00:00,,,,,API,,,,,,,High,
MAT01025,,,,,,,,,,2025-12-29T08:00:00,,,,,API,,,,,,,Low,
MAT01026,,,,,,,,,,2024-02-14T08:00:00,,,,,Excipient,,,,,,,Low,
MAT01027,,,,,,,,,,2025-12-18T08:00:00,,,,,API,,,,,,,High,
MAT01028,,,,,,,,,,2024-03-27T08:00:00,,,,,Excipient,,,,,,,High,
MAT01029,,,,,,,,,,2025-10-14T08:00:00,,,,,API,,,,,,,Low,
MAT01030,,,,,,,,,,2025-08-29T08:00:00,,,,,Component,,,,,,,Low,
MAT01031,,,,,,,,,,2025-11-09T08:00:00,,,,,API,,,,,,,High,
MAT01032,,,,,,,,,,2024-10-25T08:00:00,,,,,API,,,,,,,Low,
MAT01033,,,,,,,,,,2025-02-06T08:00:00,,,,,Excipient,,,,,,,Medium,
MAT01034,,,,,,,,,,2025-04-08T08:00:00,,,,,Excipient,,,,,,,Medium,
MAT01035,,,,,,,,,,2024-03-17T08:00:00,,,,,Excipient,,,,,,,Low,
MAT01036,,,,,,,,,,2025-08-21T08:00:00,,,,,API,,,,,,,Low,
MAT01037,,,,,,,,,,2024-04-18T08:00:00,,,,,API,,,,,,,Low,
MAT01038,,,,,,,,,,2025-04-22T08:00:00,,,,,API,,,,,,,High,
MAT01039,,,,,,,,,,2024-05-03T08:00:00,,,,,Excipient,,,,,,,High,
MAT01040,,,,,,,,,,2025-04-07T08:00:00,,,,,Excipient,,,,,,,Low,
MAT01041,,,,,,,,,,2024-09-28T08:00:00,,,,,Excipient,,,,,,,High,
MAT01042,,,,,,,,,,2024-06-10T08:00:00,,,,,API,,,,,,,Low,
MAT01043,,,,,,,,,,2024-08-08T08:00:00,,,,,Excipient,,,,,,,Low,
MAT01044,,,,,,,,,,2024-04-03T08:00:00,,,,,Excipient,,,,,,,Low,
MAT01045,,,,,,,,,,2025-02-09T08:00:00,,,,,API,,,,,,,Medium,
MAT01046,,,,,,,,,,2024-09-23T08:00:00,,,,,API,,,,,,,Medium,
MAT01047,,,,,,,,,,2025-02-18T08:00:00,,,,,API,,,,,,,Low,
MAT01048,,,,,,,,,,2024-04-06T08:00:00,,,,,Component,,,,,,,Low,
MAT01049,,,,,,,,,,2024-05-23T08:00:00,,,,,Component,,,,,,,Low,
MAT01050,,,,,,,,,,2024-03-04T08:00:00,,,,,API,,,,,,,Low,
MAT01051,,,,,,,,,,2024-07-21T08:00:00,,,,,API,,,,,,,Low,
MAT01052,,,,,,,,,,2025-12-03T08:00:00,,,,,Component,,,,,,,Medium,
MAT01053,,,,,,,,,,2024-03-17T08:00:00,,,,,API,,,,,,,Medium,
MAT01054,,,,,,,,,,2024-07-21T08:00:00,,,,,API,,,,,,,Low,
MAT01055,,,,,,,,,,2024-04-04T08:00:00,,,,,Component,,,,,,,Low,
MAT01056,,,,,,,,,,2024-02-13T08:00:00,,,,,Excipient,,,,,,,Low,
MAT01057,,,,,,,,,,2024-06-21T08:00:00,,,,,Component,,,,,,,Low,
MAT01058,,,,,,,,,,2025-05-23T08:00:00,,,,,Component,,,,,,,High,
MAT01059,,,,,,,,,,2025-11-30T08:00:00,,,,,API,,,,,,,High,
MAT01060,,,,,,,,,,2024-12-28T08:00:00,,,,,Component,,,,,,,Low,
MAT01061,,,,,,,,,,2024-10-08T08:00:00,,,,,API,,,,,,,Low,
MAT01062,,,,,,,,,,2024-06-01T08:00:00,,,,,Excipient,,,,,,,High,
MAT01063,,,,,,,,,,2025-10-24T08:00:00,,,,,API,,,,,,,Low,
MAT01064,,,,,,,,,,2025-02-25T08:00:00,,,,,Excipient,,,,,,,High,
MAT01065,,,,,,,,,,2024-03-30T08:00:00,,,,,Component,,,,,,,Low,
MAT01066,,,,,,,,,,2024-05-20T08:00:00,,,,,Excipient,,,,,,,High,
MAT01067,,,,,,,,,,2025-10-20T08:00:00,,,,,Component,,,,,,,Low,
MAT01068,,,,,,,,,,2025-01-26T08:00:00,,,,,API,,,,,,,Low,
MAT01069,,,,,,,,,,2025-07-11T08:00:00,,,,,Excipient,,,,,,,High,
MAT01070,,,,,,,,,,2025-08-02T08:00:00,,,,,Component,,,,,,,Medium,
MAT01071,,,,,,,,,,2024-10-03T08:00:00,,,,,Excipient,,,,,,,High,
MAT01072,,,,,,,,,,2024-11-22T08:00:00,,,,,API,,,,,,,Low,
MAT01073,,,,,,,,,,2024-10-14T08:00:00,,,,,API,,,,,,,Low,
MAT01074,,,,,,,,,,2025-06-26T08:00:00,,,,,API,,,,,,,High,
MAT01075,,,,,,,,,,2024-06-12T08:00:00,,,,,Excipient,,,,,,,Low,
MAT01076,,,,,,,,,,2025-11-03T08:00:00,,,,,API,,,,,,,Low,
MAT01077,,,,,,,,,,2025-06-30T08:00:00,,,,,API,,,,,,,Medium,
MAT01078,,,,,,,,,,2025-08-12T08:00:00,,,,,API,,,,,,,Low,
MAT01079,,,,,,,,,,2024-06-26T08:00:00,,,,,Component,,,,,,,Medium,
MAT01080,,,,,,,,,,2025-08-29T08:00:00,,,,,API,,,,,,,Low,
MAT01081,,,,,,,,,,2025-08-28T08:00:00,,,,,Excipient,,,,,,,Medium,
MAT01082,,,,,,,,,,2025-08-04T08:00:00,,,,,API,,,,,,,Medium,
MAT01083,,,,,,,,,,2025-05-19T08:00:00,,,,,API,,,,,,,Low,
MAT01084,,,,,,,,,,2025-05-17T08:00:00,,,,,Excipient,,,,,,,Low,
MAT01085,,,,,,,,,,2024-02-27T08:00:00,,,,,API,,,,,,,Low,
MAT01086,,,,,,,,,,2024-01-21T08:00:00,,,,,API,,,,,,,Low,
MAT01087,,,,,,,,,,2024-12-05T08:00:00,,,,,Component,,,,,,,Low,
MAT01088,,,,,,,,,,2024-12-14T08:00:00,,,,,API,,,,,,,Low,
MAT01089,,,,,,,,,,2024-03-01T08:00:00,,,,,API,,,,,,,Medium,
MAT01090,,,,,,,,,,2025-08-23T08:00:00,,,,,API,,,,,,,Low,
MAT01091,,,,,,,,,,2025-06-22T08:00:00,,,,,API,,,,,,,Low,
MAT01092,,,,,,,,,,2025-01-17T08:00:00,,,,,Excipient,,,,,,,Low,
MAT01093,,,,,,,,,,2024-12-10T08:00:00,,,,,Component,,,,,,,Low,
MAT01094,,,,,,,,,,2024-05-19T08:00:00,,,,,Excipient,,,,,,,Medium,
MAT01095,,,,,,,,,,2025-10-16T08:00:00,,,,,API,,,,,,,High,
MAT01096,,,,,,,,,,2024-06-27T08:00:00,,,,,Component,,,,,,,Medium,
MAT01097,,,,,,,,,,2025-11-12T08:00:00,,,,,Excipient,,,,,,,Low,
MAT01098,,,,,,,,,,2024-11-10T08:00:00,,,,,API,,,,,,,High,
MAT01099,,,,,,,,,,2024-06-30T08:00:00,,,,,Excipient,,,,,,,Low,
MAT01100,,,,,,,,,,2025-08-04T08:00:00,,,,,API,,,,,,,High,
MAT01101,,,,,,,,,,2025-09-08T08:00:00,,,,,API,,,,,,,Low,
MAT01102,,,,,,,,,,2025-10-16T08:00:00,,,,,Excipient,,,,,,,Low,
MAT01103,,,,,,,,,,2024-05-24T08:00:00,,,,,API,,,,,,,High,
MAT01104,,,,,,,,,,2024-08-31T08:00:00,,,,,Excipient,,,,,,,Low,
MAT01105,,,,,,,,,,2024-06-20T08:00:00,,,,,Excipient,,,,,,,Medium,
MAT01106,,,,,,,,,,2025-04-02T08:00:00,,,,,API,,,,,,,Medium,
MAT01107,,,,,,,,,,2024-08-02T08:00:00,,,,,API,,,,,,,Medium,
MAT01108,,,,,,,,,,2024-12-24T08:00:00,,,,,API,,,,,,,Low,
MAT01109,,,,,,,,,,2024-01-02T08:00:00,,,,,Excipient,,,,,,,Low,
MAT01110,,,,,,,,,,2025-03-24T08:00:00,,,,,API,,,,,,,High,
MAT01111,,,,,,,,,,2025-02-27T08:00:00,,,,,Component,,,,,,,Low,
MAT01112,,,,,,,,,,2024-12-25T08:00:00,,,,,Component,,,,,,,High,
MAT01113,,,,,,,,,,2025-05-05T08:00:00,,,,,Component,,,,,,,Low,
MAT01114,,,,,,,,,,2025-04-07T08:00:00,,,,,API,,,,,,,Low,
MAT01115,,,,,,,,,,2024-10-28T08:00:00,,,,,API,,,,,,,Low,
MAT01116,,,,,,,,,,2024-09-24T08:00:00,,,,,API,,,,,,,Medium,
MAT01117,,,,,,,,,,2024-12-16T08:00:00,,,,,API,,,,,,,Low,
MAT01118,,,,,,,,,,2024-06-13T08:00:00,,,,,API,,,,,,,High,
MAT01119,,,,,,,,,,2024-12-12T08:00:00,,,,,API,,,,,,,Low,
MAT01120,,,,,,,,,,2025-03-17T08:00:00,,,,,Component,,,,,,,Low,
MAT01121,,,,,,,,,,2024-06-09T08:00:00,,,,,API,,,,,,,High,
MAT01122,,,,,,,,,,2024-12-05T08:00:00,,,,,API,,,,,,,Low,
MAT01123,,,,,,,,,,2025-02-23T08:00:00,,,,,API,,,,,,,Low,
MAT01124,,,,,,,,,,2024-10-31T08:00:00,,,,,Excipient,,,,,,,Medium,
MAT01125,,,,,,,,,,2024-02-20T08:00:00,,,,,API,,,,,,,Low,
MAT01126,,,,,,,,,,2024-06-06T08:00:00,,,,,Component,,,,,,,High,
MAT01127,,,,,,,,,,2024-01-04T08:00:00,,,,,API,,,,,,,Medium,
MAT01128,,,,,,,,,,2024-10-28T08:00:00,,,,,Component,,,,,,,Low,
MAT01129,,,,,,,,,,2024-04-09T08:00:00,,,,,Component,,,,,,,Low,
MAT01130,,,,,,,,,,2024-06-23T08:00:00,,,,,API,,,,,,,Low,
MAT01131,,,,,,,,,,2025-04-29T08:00:00,,,,,Excipient,,,,,,,Low,
MAT01132,,,,,,,,,,2025-02-11T08:00:00,,,,,API,,,,,,,Medium,
MAT01133,,,,,,,,,,2025-11-07T08:00:00,,,,,Component,,,,,,,High,
MAT01134,,,,,,,,,,2025-10-19T08:00:00,,,,,Excipient,,,,,,,Low,
MAT01135,,,,,,,,,,2025-01-14T08:00:00,,,,,Component,,,,,,,Low,
MAT01136,,,,,,,,,,2024-07-10T08:00:00,,,,,Component,,,,,,,Medium,
MAT01137,,,,,,,,,,2024-09-26T08:00:00,,,,,Component,,,,,,,Low,
MAT01138,,,,,,,,,,2024-09-26T08:00:00,,,,,Component,,,,,,,High,
MAT01139,,,,,,,,,,2025-07-31T08:00:00,,,,,API,,,,,,,Medium,
MAT01140,,,,,,,,,,2025-12-14T08:00:00,,,,,API,,,,,,,Low,
MAT01141,,,,,,,,,,2025-11-15T08:00:00,,,,,API,,,,,,,Low,
MAT01142,,,,,,,,,,2025-08-26T08:00:00,,,,,Excipient,,,,,,,High,
MAT01143,,,,,,,,,,2025-01-31T08:00:00,,,,,API,,,,,,,Low,
MAT01144,,,,,,,,,,2025-08-09T08:00:00,,,,,Component,,,,,,,High,
MAT01145,,,,,,,,,,2024-11-02T08:00:00,,,,,API,,,,,,,High,
MAT01146,,,,,,,,,,2024-02-05T08:00:00,,,,,API,,,,,,,High,
MAT01147,,,,,,,,,,2025-04-04T08:00:00,,,,,API,,,,,,,Low,
MAT01148,,,,,,,,,,2024-08-04T08:00:00,,,,,API,,,,,,,Low,
MAT01149,,,,,,,,,,2024-02-13T08:00:00,,,,,API,,,,,,,Low,
MAT01150,,,,,,,,,,2025-11-30T08:00:00,,,,,Component,,,,,,,Low,
MAT01151,,,,,,,,,,2025-10-04T08:00:00,,,,,Component,,,,,,,Low,
MAT01152,,,,,,,,,,2024-11-23T08:00:00,,,,,API,,,,,,,Medium,
MAT01153,,,,,,,,,,2025-02-01T08:00:00,,,,,API,,,,,,,Low,
MAT01154,,,,,,,,,,2024-10-09T08:00:00,,,,,Component,,,,,,,Medium,
MAT01155,,,,,,,,,,2025-12-18T08:00:00,,,,,Component,,,,,,,Low,
MAT01156,,,,,,,,,,2025-02-28T08:00:00,,,,,Component,,,,,,,Low,
MAT01157,,,,,,,,,,2025-08-03T08:00:00,,,,,API,,,,,,,Low,
MAT01158,,,,,,,,,,2025-07-30T08:00:00,,,,,API,,,,,,,Low,
MAT01159,,,,,,,,,,2025-07-02T08:00:00,,,,,API,,,,,,,Medium,
MAT01160,,,,,,,,,,2024-09-27T08:00:00,,,,,Excipient,,,,,,,High,
MAT01161,,,,,,,,,,2025-08-08T08:00:00,,,,,Component,,,,,,,High,
MAT01162,,,,,,,,,,2024-06-25T08:00:00,,,,,Component,,,,,,,Low,
MAT01163,,,,,,,,,,2024-05-27T08:00:00,,,,,Excipient,,,,,,,High,
MAT01164,,,,,,,,,,2025-02-09T08:00:00,,,,,Component,,,,,,,Low,
MAT01165,,,,,,,,,,2024-02-20T08:00:00,,,,,Excipient,,,,,,,Low,
MAT01166,,,,,,,,,,2025-01-16T08:00:00,,,,,Component,,,,,,,Medium,
MAT01167,,,,,,,,,,2024-11-06T08:00:00,,,,,API,,,,,,,Medium,
MAT01168,,,,,,,,,,2025-05-18T08:00:00,,,,,Excipient,,,,,,,Medium,
MAT01169,,,,,,,,,,2024-05-17T08:00:00,,,,,API,,,,,,,Low,
MAT01170,,,,,,,,,,2024-11-24T08:00:00,,,,,Excipient,,,,,,,High,
MAT01171,,,,,,,,,,2025-09-11T08:00:00,,,,,Excipient,,,,,,,High,
MAT01172,,,,,,,,,,2025-03-28T08:00:00,,,,,API,,,,,,,Low,
MAT01173,,,,,,,,,,2025-05-11T08:00:00,,,,,API,,,,,,,High,
MAT01174,,,,,,,,,,2025-06-11T08:00:00,,,,,Excipient,,,,,,,Low,
MAT01175,,,,,,,,,,2024-11-14T08:00:00,,,,,API,,,,,,,Low,
MAT01176,,,,,,,,,,2025-06-20T08:00:00,,,,,Component,,,,,,,Low,
MAT01177,,,,,,,,,,2024-07-16T08:00:00,,,,,API,,,,,,,Low,
MAT01178,,,,,,,,,,2024-09-12T08:00:00,,,,,API,,,,,,,Low,
MAT01179,,,,,,,,,,2024-02-21T08:00:00,,,,,API,,,,,,,High,
MAT01180,,,,,,,,,,2024-10-07T08:00:00,,,,,Excipient,,,,,,,Low,
MAT01181,,,,,,,,,,2025-06-01T08:00:00,,,,,Excipient,,,,,,,High,
MAT01182,,,,,,,,,,2025-11-28T08:00:00,,,,,Component,,,,,,,Low,
MAT01183,,,,,,,,,,2025-01-16T08:00:00,,,,,API,,,,,,,Low,
MAT01184,,,,,,,,,,2024-06-30T08:00:00,,,,,Component,,,,,,,High,
MAT01185,,,,,,,,,,2024-12-18T08:00:00,,,,,Component,,,,,,,Medium,
MAT01186,,,,,,,,,,2025-12-06T08:00:00,,,,,API,,,,,,,Medium,
MAT01187,,,,,,,,,,2024-01-29T08:00:00,,,,,API,,,,,,,Medium,
MAT01188,,,,,,,,,,2024-06-15T08:00:00,,,,,Component,,,,,,,Low,
MAT01189,,,,,,,,,,2025-10-24T08:00:00,,,,,API,,,,,,,Low,
MAT01190,,,,,,,,,,2024-10-02T08:00:00,,,,,API,,,,,,,Low,
MAT01191,,,,,,,,,,2025-11-29T08:00:00,,,,,Component,,,,,,,Low,
MAT01192,,,,,,,,,,2024-05-15T08:00:00,,,,,API,,,,,,,High,
MAT01193,,,,,,,,,,2024-08-17T08:00:00,,,,,API,,,,,,,Low,
MAT01194,,,,,,,,,,2025-12-30T08:00:00,,,,,Excipient,,,,,,,Medium,
MAT01195,,,,,,,,,,2025-01-20T08:00:00,,,,,Excipient,,,,,,,High,
MAT01196,,,,,,,,,,2024-09-15T08:00:00,,,,,Excipient,,,,,,,High,
MAT01197,,,,,,,,,,2024-11-05T08:00:00,,,,,API,,,,,,,High,
MAT01198,,,,,,,,,,2024-01-08T08:00:00,,,,,Component,,,,,,,Low,
MAT01199,,,,,,,,,,2024-11-01T08:00:00,,,,,Excipient,,,,,,,Medium,
MAT01200,,,,,,,,,,2024-03-06T08:00:00,,,,,API,,,,,,,High,
MAT01201,,,,,,,,,,2025-10-17T08:00:00,,,,,Excipient,,,,,,,Medium,
MAT01202,,,,,,,,,,2024-09-24T08:00:00,,,,,Excipient,,,,,,,Medium,
MAT01203,,,,,,,,,,2024-06-02T08:00:00,,,,,Excipient,,,,,,,Low,
MAT01204,,,,,,,,,,2025-09-06T08:00:00,,,,,API,,,,,,,Low,
MAT01205,,,,,,,,,,2025-11-28T08:00:00,,,,,Component,,,,,,,Medium,
MAT01206,,,,,,,,,,2025-11-02T08:00:00,,,,,API,,,,,,,Low,
MAT01207,,,,,,,,,,2024-09-22T08:00:00,,,,,Component,,,,,,,Medium,
MAT01208,,,,,,,,,,2025-02-01T08:00:00,,,,,Component,,,,,,,High,
MAT01209,,,,,,,,,,2024-12-17T08:00:00,,,,,API,,,,,,,Low,
MAT01210,,,,,,,,,,2025-11-18T08:00:00,,,,,API,,,,,,,High,
MAT01211,,,,,,,,,,2024-06-23T08:00:00,,,,,Excipient,,,,,,,Medium,
MAT01212,,,,,,,,,,2024-04-09T08:00:00,,,,,API,,,,,,,Medium,
MAT01213,,,,,,,,,,2024-09-21T08:00:00,,,,,Component,,,,,,,Low,
MAT01214,,,,,,,,,,2025-11-01T08:00:00,,,,,API,,,,,,,Medium,
MAT01215,,,,,,,,,,2024-12-29T08:00:00,,,,,API,,,,,,,Low,
MAT01216,,,,,,,,,,2025-03-06T08:00:00,,,,,API,,,,,,,Medium,
MAT01217,,,,,,,,,,2024-09-23T08:00:00,,,,,Excipient,,,,,,,Medium,
MAT01218,,,,,,,,,,2024-04-30T08:00:00,,,,,Excipient,,,,,,,High,
MAT01219,,,,,,,,,,2025-10-11T08:00:00,,,,,Component,,,,,,,Low,
MAT01220,,,,,,,,,,2024-07-18T08:00:00,,,,,API,,,,,,,High,
MAT01221,,,,,,,,,,2025-06-26T08:00:00,,,,,API,,,,,,,High,
MAT01222,,,,,,,,,,2024-02-25T08:00:00,,,,,Excipient,,,,,,,High,
MAT01223,,,,,,,,,,2024-07-24T08:00:00,,,,,API,,,,,,,Low,
MAT01224,,,,,,,,,,2025-08-06T08:00:00,,,,,Excipient,,,,,,,High,
MAT01225,,,,,,,,,,2024-11-19T08:00:00,,,,,Component,,,,,,,Low,
MAT01226,,,,,,,,,,2025-05-14T08:00:00,,,,,API,,,,,,,Low,
MAT01227,,,,,,,,,,2024-11-16T08:00:00,,,,,Excipient,,,,,,,Low,
MAT01228,,,,,,,,,,2025-04-07T08:00:00,,,,,API,,,,,,,Low,
MAT01229,,,,,,,,,,2024-06-21T08:00:00,,,,,Excipient,,,,,,,Low,
MAT01230,,,,,,,,,,2024-03-31T08:00:00,,,,,API,,,,,,,High,
MAT01231,,,,,,,,,,2025-10-10T08:00:00,,,,,API,,,,,,,High,
MAT01232,,,,,,,,,,2025-03-15T08:00:00,,,,,Component,,,,,,,High,
MAT01233,,,,,,,,,,2024-01-05T08:00:00,,,,,Component,,,,,,,High,
MAT01234,,,,,,,,,,2025-01-17T08:00:00,,,,,API,,,,,,,Low,
MAT01235,,,,,,,,,,2025-06-27T08:00:00,,,,,API,,,,,,,Medium,
MAT01236,,,,,,,,,,2025-11-23T08:00:00,,,,,API,,,,,,,Low,
MAT01237,,,,,,,,,,2024-08-19T08:00:00,,,,,API,,,,,,,Low,
MAT01238,,,,,,,,,,2024-05-12T08:00:00,,,,,Excipient,,,,,,,Medium,
MAT01239,,,,,,,,,,2025-05-30T08:00:00,,,,,API,,,,,,,High,
MAT01240,,,,,,,,,,2024-03-07T08:00:00,,,,,Excipient,,,,,,,Low,
MAT01241,,,,,,,,,,2024-10-24T08:00:00,,,,,API,,,,,,,Medium,
MAT01242,,,,,,,,,,2025-03-20T08:00:00,,,,,Component,,,,,,,Medium,
MAT01243,,,,,,,,,,2025-05-16T08:00:00,,,,,API,,,,,,,Medium,
MAT01244,,,,,,,,,,2024-06-17T08:00:00,,,,,Excipient,,,,,,,Low,
MAT01245,,,,,,,,,,2024-08-21T08:00:00,,,,,Component,,,,,,,Low,
MAT01246,,,,,,,,,,2024-08-04T08:00:00,,,,,API,,,,,,,Low,
MAT01247,,,,,,,,,,2024-05-06T08:00:00,,,,,API,,,,,,,Low,
MAT01248,,,,,,,,,,2025-01-19T08:00:00,,,,,Excipient,,,,,,,Low,
MAT01249,,,,,,,,,,2025-08-31T08:00:00,,,,,Excipient,,,,,,,Low,
MAT01250,,,,,,,,,,2025-10-31T08:00:00,,,,,API,,,,,,,Low,
MAT01251,,,,,,,,,,2025-12-07T08:00:00,,,,,API,,,,,,,Low,
MAT01252,,,,,,,,,,2025-03-30T08:00:00,,,,,API,,,,,,,High,
MAT01253,,,,,,,,,,2025-07-14T08:00:00,,,,,Component,,,,,,,Low,
MAT01254,,,,,,,,,,2025-12-19T08:00:00,,,,,Excipient,,,,,,,High,
MAT01255,,,,,,,,,,2025-12-12T08:00:00,,,,,API,,,,,,,Low,
MAT01256,,,,,,,,,,2025-03-06T08:00:00,,,,,API,,,,,,,Medium,
MAT01257,,,,,,,,,,2025-09-29T08:00:00,,,,,API,,,,,,,Medium,
MAT01258,,,,,,,,,,2024-04-17T08:00:00,,,,,API,,,,,,,High,
MAT01259,,,,,,,,,,2024-04-26T08:00:00,,,,,API,,,,,,,Medium,
MAT01260,,,,,,,,,,2024-07-22T08:00:00,,,,,API,,,,,,,High,
MAT01261,,,,,,,,,,2025-06-19T08:00:00,,,,,API,,,,,,,Medium,
MAT01262,,,,,,,,,,2025-12-21T08:00:00,,,,,API,,,,,,,Medium,
MAT01263,,,,,,,,,,2024-06-13T08:00:00,,,,,Component,,,,,,,Medium,
MAT01264,,,,,,,,,,2024-07-31T08:00:00,,,,,API,,,,,,,High,
MAT01265,,,,,,,,,,2024-08-28T08:00:00,,,,,Component,,,,,,,Medium,
MAT01266,,,,,,,,,,2025-11-18T08:00:00,,,,,API,,,,,,,Low,
MAT01267,,,,,,,,,,2025-08-10T08:00:00,,,,,API,,,,,,,Low,
MAT01268,,,,,,,,,,2024-04-02T08:00:00,,,,,Component,,,,,,,Low,
MAT01269,,,,,,,,,,2024-09-19T08:00:00,,,,,API,,,,,,,Low,
MAT01270,,,,,,,,,,2024-10-30T08:00:00,,,,,API,,,,,,,High,
MAT01271,,,,,,,,,,2024-02-21T08:00:00,,,,,Excipient,,,,,,,High,
MAT01272,,,,,,,,,,2024-02-10T08:00:00,,,,,API,,,,,,,Low,
MAT01273,,,,,,,,,,2025-11-24T08:00:00,,,,,Excipient,,,,,,,Medium,
MAT01274,,,,,,,,,,2024-04-28T08:00:00,,,,,Excipient,,,,,,,High,
MAT01275,,,,,,,,,,2024-01-10T08:00:00,,,,,API,,,,,,,Low,
MAT01276,,,,,,,,,,2024-12-02T08:00:00,,,,,API,,,,,,,Low,
MAT01277,,,,,,,,,,2025-09-28T08:00:00,,,,,Excipient,,,,,,,High,
MAT01278,,,,,,,,,,2025-01-16T08:00:00,,,,,Excipient,,,,,,,Low,
MAT01279,,,,,,,,,,2024-04-26T08:00:00,,,,,Excipient,,,,,,,Low,
MAT01280,,,,,,,,,,2025-04-12T08:00:00,,,,,Component,,,,,,,High,
MAT01281,,,,,,,,,,2025-12-07T08:00:00,,,,,Excipient,,,,,,,High,
MAT01282,,,,,,,,,,2025-10-26T08:00:00,,,,,Component,,,,,,,High,
MAT01283,,,,,,,,,,2024-05-15T08:00:00,,,,,API,,,,,,,Low,
MAT01284,,,,,,,,,,2024-04-16T08:00:00,,,,,API,,,,,,,Low,
MAT01285,,,,,,,,,,2025-08-05T08:00:00,,,,,Component,,,,,,,High,
MAT01286,,,,,,,,,,2025-09-17T08:00:00,,,,,Component,,,,,,,Low,
MAT01287,,,,,,,,,,2025-09-18T08:00:00,,,,,Component,,,,,,,Medium,
MAT01288,,,,,,,,,,2025-05-09T08:00:00,,,,,API,,,,,,,Low,
MAT01289,,,,,,,,,,2025-02-25T08:00:00,,,,,Component,,,,,,,Low,
MAT01290,,,,,,,,,,2024-03-05T08:00:00,,,,,Component,,,,,,,Low,
MAT01291,,,,,,,,,,2024-01-13T08:00:00,,,,,Excipient,,,,,,,Medium,
MAT01292,,,,,,,,,,2025-06-15T08:00:00,,,,,API,,,,,,,Medium,
MAT01293,,,,,,,,,,2025-11-08T08:00:00,,,,,API,,,,,,,High,
MAT01294,,,,,,,,,,2024-12-20T08:00:00,,,,,API,,,,,,,High,
MAT01295,,,,,,,,,,2025-07-25T08:00:00,,,,,Component,,,,,,,Low,
MAT01296,,,,,,,,,,2025-10-20T08:00:00,,,,,API,,,,,,,Low,
MAT01297,,,,,,,,,,2025-05-22T08:00:00,,,,,API,,,,,,,High,
MAT01298,,,,,,,,,,2025-05-18T08:00:00,,,,,API,,,,,,,Low,
MAT01299,,,,,,,,,,2024-12-04T08:00:00,,,,,Excipient,,,,,,,Low,
MAT01300,,,,,,,,,,2025-06-03T08:00:00,,,,,Excipient,,,,,,,Low,
MAT01301,,,,,,,,,,2025-02-16T08:00:00,,,,,API,,,,,,,High,
MAT01302,,,,,,,,,,2025-04-15T08:00:00,,,,,API,,,,,,,Low,
MAT01303,,,,,,,,,,2024-03-31T08:00:00,,,,,Component,,,,,,,High,
MAT01304,,,,,,,,,,2024-11-19T08:00:00,,,,,Component,,,,,,,High,
MAT01305,,,,,,,,,,2025-10-31T08:00:00,,,,,API,,,,,,,High,
MAT01306,,,,,,,,,,2025-02-17T08:00:00,,,,,API,,,,,,,Low,
MAT01307,,,,,,,,,,2025-07-24T08:00:00,,,,,Component,,,,,,,Low,
MAT01308,,,,,,,,,,2025-09-10T08:00:00,,,,,API,,,,,,,Low,
MAT01309,,,,,,,,,,2025-11-01T08:00:00,,,,,Excipient,,,,,,,Low,
MAT01310,,,,,,,,,,2025-01-07T08:00:00,,,,,Component,,,,,,,Medium,
MAT01311,,,,,,,,,,2025-04-10T08:00:00,,,,,API,,,,,,,Low,
MAT01312,,,,,,,,,,2025-11-03T08:00:00,,,,,Excipient,,,,,,,High,
MAT01313,,,,,,,,,,2024-04-26T08:00:00,,,,,Excipient,,,,,,,High,
MAT01314,,,,,,,,,,2024-01-03T08:00:00,,,,,API,,,,,,,Low,
MAT01315,,,,,,,,,,2025-10-10T08:00:00,,,,,Excipient,,,,,,,Medium,
MAT01316,,,,,,,,,,2025-12-19T08:00:00,,,,,Excipient,,,,,,,Medium,
MAT01317,,,,,,,,,,2024-06-17T08:00:00,,,,,API,,,,,,,Low,
MAT01318,,,,,,,,,,2025-02-23T08:00:00,,,,,Component,,,,,,,Low,
MAT01319,,,,,,,,,,2025-09-17T08:00:00,,,,,API,,,,,,,Medium,
MAT01320,,,,,,,,,,2024-05-03T08:00:00,,,,,API,,,,,,,Low,
MAT01321,,,,,,,,,,2025-04-13T08:00:00,,,,,Component,,,,,,,Low,
MAT01322,,,,,,,,,,2024-04-20T08:00:00,,,,,API,,,,,,,Medium,
MAT01323,,,,,,,,,,2025-10-10T08:00:00,,,,,Component,,,,,,,Low,
MAT01324,,,,,,,,,,2025-04-13T08:00:00,,,,,API,,,,,,,High,
MAT01325,,,,,,,,,,2024-01-05T08:00:00,,,,,API,,,,,,,High,
MAT01326,,,,,,,,,,2025-08-22T08:00:00,,,,,API,,,,,,,High,
MAT01327,,,,,,,,,,2025-12-09T08:00:00,,,,,Component,,,,,,,Low,
MAT01328,,,,,,,,,,2024-04-16T08:00:00,,,,,API,,,,,,,Low,
MAT01329,,,,,,,,,,2025-05-31T08:00:00,,,,,Component,,,,,,,Medium,
MAT01330,,,,,,,,,,2025-09-15T08:00:00,,,,,Component,,,,,,,High,
MAT01331,,,,,,,,,,2025-02-11T08:00:00,,,,,API,,,,,,,Medium,
MAT01332,,,,,,,,,,2025-04-08T08:00:00,,,,,Excipient,,,,,,,Medium,
MAT01333,,,,,,,,,,2025-02-26T08:00:00,,,,,API,,,,,,,Low,
MAT01334,,,,,,,,,,2025-12-29T08:00:00,,,,,Excipient,,,,,,,Medium,
MAT01335,,,,,,,,,,2024-08-02T08:00:00,,,,,API,,,,,,,Low,
MAT01336,,,,,,,,,,2025-11-19T08:00:00,,,,,Excipient,,,,,,,Medium,
MAT01337,,,,,,,,,,2025-05-30T08:00:00,,,,,API,,,,,,,Low,
MAT01338,,,,,,,,,,2024-12-26T08:00:00,,,,,Excipient,,,,,,,Low,
MAT01339,,,,,,,,,,2025-11-21T08:00:00,,,,,Component,,,,,,,High,
MAT01340,,,,,,,,,,2024-01-14T08:00:00,,,,,Excipient,,,,,,,High,
MAT01341,,,,,,,,,,2025-01-25T08:00:00,,,,,API,,,,,,,Low,
MAT01342,,,,,,,,,,2025-11-17T08:00:00,,,,,API,,,,,,,Low,
MAT01343,,,,,,,,,,2024-09-30T08:00:00,,,,,API,,,,,,,Low,
MAT01344,,,,,,,,,,2025-11-30T08:00:00,,,,,API,,,,,,,Medium,
MAT01345,,,,,,,,,,2024-03-04T08:00:00,,,,,Excipient,,,,,,,Low,
MAT01346,,,,,,,,,,2025-07-08T08:00:00,,,,,Excipient,,,,,,,Low,
MAT01347,,,,,,,,,,2025-04-08T08:00:00,,,,,API,,,,,,,Medium,
MAT01348,,,,,,,,,,2025-10-24T08:00:00,,,,,API,,,,,,,Low,
MAT01349,,,,,,,,,,2025-06-07T08:00:00,,,,,Component,,,,,,,Low,
MAT01350,,,,,,,,,,2025-01-25T08:00:00,,,,,Excipient,,,,,,,Low,
MAT01351,,,,,,,,,,2025-12-02T08:00:00,,,,,Component,,,,,,,High,
MAT01352,,,,,,,,,,2024-01-14T08:00:00,,,,,Excipient,,,,,,,Low,
MAT01353,,,,,,,,,,2025-09-27T08:00:00,,,,,Excipient,,,,,,,Low,
MAT01354,,,,,,,,,,2025-10-10T08:00:00,,,,,Component,,,,,,,Low,
MAT01355,,,,,,,,,,2024-07-17T08:00:00,,,,,Excipient,,,,,,,Low,
MAT01356,,,,,,,,,,2024-06-30T08:00:00,,,,,Excipient,,,,,,,High,
MAT01357,,,,,,,,,,2024-06-26T08:00:00,,,,,API,,,,,,,Low,
MAT01358,,,,,,,,,,2024-02-11T08:00:00,,,,,API,,,,,,,High,
MAT01359,,,,,,,,,,2025-07-23T08:00:00,,,,,Component,,,,,,,Medium,
MAT01360,,,,,,,,,,2024-06-13T08:00:00,,,,,Excipient,,,,,,,Low,
MAT01361,,,,,,,,,,2024-12-04T08:00:00,,,,,Excipient,,,,,,,Low,
MAT01362,,,,,,,,,,2024-02-10T08:00:00,,,,,Component,,,,,,,Low,
MAT01363,,,,,,,,,,2025-09-03T08:00:00,,,,,API,,,,,,,Medium,
MAT01364,,,,,,,,,,2025-05-17T08:00:00,,,,,API,,,,,,,Medium,
MAT01365,,,,,,,,,,2025-12-25T08:00:00,,,,,Excipient,,,,,,,Low,
MAT01366,,,,,,,,,,2024-07-07T08:00:00,,,,,Excipient,,,,,,,Low,
MAT01367,,,,,,,,,,2025-03-01T08:00:00,,,,,API,,,,,,,Low,
MAT01368,,,,,,,,,,2024-12-23T08:00:00,,,,,Component,,,,,,,Low,
MAT01369,,,,,,,,,,2025-11-10T08:00:00,,,,,API,,,,,,,Low,
MAT01370,,,,,,,,,,2025-01-04T08:00:00,,,,,Excipient,,,,,,,Medium,
MAT01371,,,,,,,,,,2025-09-25T08:00:00,,,,,Excipient,,,,,,,Low,
MAT01372,,,,,,,,,,2024-04-27T08:00:00,,,,,Component,,,,,,,Low,
MAT01373,,,,,,,,,,2024-09-03T08:00:00,,,,,Excipient,,,,,,,High,
MAT01374,,,,,,,,,,2025-11-29T08:00:00,,,,,API,,,,,,,Low,
MAT01375,,,,,,,,,,2024-04-26T08:00:00,,,,,Excipient,,,,,,,High,
MAT01376,,,,,,,,,,2025-07-07T08:00:00,,,,,Component,,,,,,,Medium,
MAT01377,,,,,,,,,,2025-06-13T08:00:00,,,,,Excipient,,,,,,,Low,
MAT01378,,,,,,,,,,2025-05-13T08:00:00,,,,,Excipient,,,,,,,High,
MAT01379,,,,,,,,,,2025-10-29T08:00:00,,,,,API,,,,,,,Medium,
MAT01380,,,,,,,,,,2025-06-10T08:00:00,,,,,API,,,,,,,Medium,
MAT01381,,,,,,,,,,2024-06-20T08:00:00,,,,,API,,,,,,,Low,
MAT01382,,,,,,,,,,2024-08-03T08:00:00,,,,,API,,,,,,,Low,
MAT01383,,,,,,,,,,2024-04-16T08:00:00,,,,,API,,,,,,,High,
MAT01384,,,,,,,,,,2025-10-24T08:00:00,,,,,API,,,,,,,High,
MAT01385,,,,,,,,,,2024-01-25T08:00:00,,,,,API,,,,,,,Low,
MAT01386,,,,,,,,,,2024-02-08T08:00:00,,,,,Component,,,,,,,Medium,
MAT01387,,,,,,,,,,2024-02-25T08:00:00,,,,,API,,,,,,,Low,
MAT01388,,,,,,,,,,2025-07-25T08:00:00,,,,,API,,,,,,,Medium,
MAT01389,,,,,,,,,,2024-09-21T08:00:00,,,,,API,,,,,,,Low,
MAT01390,,,,,,,,,,2025-04-06T08:00:00,,,,,Component,,,,,,,High,
MAT01391,,,,,,,,,,2024-11-19T08:00:00,,,,,Component,,,,,,,High,
MAT01392,,,,,,,,,,2025-11-20T08:00:00,,,,,API,,,,,,,High,
MAT01393,,,,,,,,,,2025-10-18T08:00:00,,,,,API,,,,,,,Low,
MAT01394,,,,,,,,,,2025-12-18T08:00:00,,,,,API,,,,,,,Low,
MAT01395,,,,,,,,,,2025-05-29T08:00:00,,,,,API,,,,,,,Medium,
MAT01396,,,,,,,,,,2025-12-03T08:00:00,,,,,API,,,,,,,Medium,
MAT01397,,,,,,,,,,2024-10-15T08:00:00,,,,,Excipient,,,,,,,Low,
MAT01398,,,,,,,,,,2025-02-08T08:00:00,,,,,Component,,,,,,,High,
MAT01399,,,,,,,,,,2024-06-09T08:00:00,,,,,API,,,,,,,High,
MAT01400,,,,,,,,,,2025-02-04T08:00:00,,,,,API,,,,,,,Low,
MAT01401,,,,,,,,,,2024-11-01T08:00:00,,,,,Excipient,,,,,,,Low,
MAT01402,,,,,,,,,,2025-07-20T08:00:00,,,,,Excipient,,,,,,,Low,
MAT01403,,,,,,,,,,2024-02-12T08:00:00,,,,,API,,,,,,,Low,
MAT01404,,,,,,,,,,2025-07-04T08:00:00,,,,,API,,,,,,,High,
MAT01405,,,,,,,,,,2024-08-03T08:00:00,,,,,API,,,,,,,Medium,
MAT01406,,,,,,,,,,2025-02-26T08:00:00,,,,,Excipient,,,,,,,Low,
MAT01407,,,,,,,,,,2024-07-07T08:00:00,,,,,API,,,,,,,Low,
MAT01408,,,,,,,,,,2024-07-17T08:00:00,,,,,API,,,,,,,Medium,
MAT01409,,,,,,,,,,2025-11-18T08:00:00,,,,,API,,,,,,,Low,
MAT01410,,,,,,,,,,2025-10-22T08:00:00,,,,,API,,,,,,,High,
MAT01411,,,,,,,,,,2025-11-18T08:00:00,,,,,API,,,,,,,Medium,
MAT01412,,,,,,,,,,2024-04-10T08:00:00,,,,,API,,,,,,,Medium,
MAT01413,,,,,,,,,,2024-12-04T08:00:00,,,,,API,,,,,,,High,
MAT01414,,,,,,,,,,2025-11-18T08:00:00,,,,,Excipient,,,,,,,Low,
MAT01415,,,,,,,,,,2024-10-18T08:00:00,,,,,API,,,,,,,Low,
MAT01416,,,,,,,,,,2024-11-21T08:00:00,,,,,API,,,,,,,Low,
MAT01417,,,,,,,,,,2024-12-02T08:00:00,,,,,Component,,,,,,,High,
MAT01418,,,,,,,,,,2025-08-02T08:00:00,,,,,Excipient,,,,,,,Low,
MAT01419,,,,,,,,,,2025-03-14T08:00:00,,,,,Excipient,,,,,,,Medium,
MAT01420,,,,,,,,,,2024-11-16T08:00:00,,,,,API,,,,,,,Low,
MAT01421,,,,,,,,,,2025-12-30T08:00:00,,,,,API,,,,,,,Low,
MAT01422,,,,,,,,,,2025-01-03T08:00:00,,,,,Component,,,,,,,Medium,
MAT01423,,,,,,,,,,2025-05-06T08:00:00,,,,,API,,,,,,,Medium,
MAT01424,,,,,,,,,,2025-01-02T08:00:00,,,,,Component,,,,,,,High,
MAT01425,,,,,,,,,,2025-07-18T08:00:00,,,,,Excipient,,,,,,,High,
MAT01426,,,,,,,,,,2025-10-23T08:00:00,,,,,API,,,,,,,Low,
MAT01427,,,,,,,,,,2024-05-23T08:00:00,,,,,API,,,,,,,Medium,
MAT01428,,,,,,,,,,2025-10-03T08:00:00,,,,,API,,,,,,,Medium,
MAT01429,,,,,,,,,,2024-01-20T08:00:00,,,,,API,,,,,,,Low,
MAT01430,,,,,,,,,,2025-08-27T08:00:00,,,,,API,,,,,,,High,
MAT01431,,,,,,,,,,2025-07-18T08:00:00,,,,,API,,,,,,,Low,
MAT01432,,,,,,,,,,2025-10-31T08:00:00,,,,,Excipient,,,,,,,High,
MAT01433,,,,,,,,,,2025-02-05T08:00:00,,,,,API,,,,,,,Medium,
MAT01434,,,,,,,,,,2024-05-17T08:00:00,,,,,API,,,,,,,Medium,
MAT01435,,,,,,,,,,2025-02-10T08:00:00,,,,,Component,,,,,,,Low,
MAT01436,,,,,,,,,,2025-11-09T08:00:00,,,,,Excipient,,,,,,,Low,
MAT01437,,,,,,,,,,2025-06-10T08:00:00,,,,,API,,,,,,,Low,
MAT01438,,,,,,,,,,2024-06-12T08:00:00,,,,,API,,,,,,,High,
MAT01439,,,,,,,,,,2025-05-10T08:00:00,,,,,API,,,,,,,Low,
MAT01440,,,,,,,,,,2024-08-12T08:00:00,,,,,Excipient,,,,,,,Low,
MAT01441,,,,,,,,,,2024-03-05T08:00:00,,,,,Component,,,,,,,Low,
MAT01442,,,,,,,,,,2024-08-27T08:00:00,,,,,Excipient,,,,,,,Medium,
MAT01443,,,,,,,,,,2025-06-14T08:00:00,,,,,API,,,,,,,Low,
MAT01444,,,,,,,,,,2025-04-25T08:00:00,,,,,Excipient,,,,,,,High,
MAT01445,,,,,,,,,,2024-02-10T08:00:00,,,,,Component,,,,,,,Low,
MAT01446,,,,,,,,,,2025-12-21T08:00:00,,,,,Excipient,,,,,,,Low,
MAT01447,,,,,,,,,,2025-08-15T08:00:00,,,,,Excipient,,,,,,,Medium,
MAT01448,,,,,,,,,,2025-10-31T08:00:00,,,,,API,,,,,,,High,
MAT01449,,,,,,,,,,2025-08-24T08:00:00,,,,,Component,,,,,,,Medium,
MAT01450,,,,,,,,,,2025-01-20T08:00:00,,,,,API,,,,,,,Medium,
MAT01451,,,,,,,,,,2024-12-27T08:00:00,,,,,API,,,,,,,High,
MAT01452,,,,,,,,,,2025-05-08T08:00:00,,,,,Excipient,,,,,,,High,
MAT01453,,,,,,,,,,2025-03-26T08:00:00,,,,,API,,,,,,,Low,
MAT01454,,,,,,,,,,2024-03-19T08:00:00,,,,,API,,,,,,,Low,
MAT01455,,,,,,,,,,2024-06-02T08:00:00,,,,,Excipient,,,,,,,Low,
MAT01456,,,,,,,,,,2025-01-05T08:00:00,,,,,API,,,,,,,Low,
MAT01457,,,,,,,,,,2025-02-28T08:00:00,,,,,API,,,,,,,Low,
MAT01458,,,,,,,,,,2025-05-08T08:00:00,,,,,Excipient,,,,,,,Low,
MAT01459,,,,,,,,,,2024-08-03T08:00:00,,,,,Component,,,,,,,High,
MAT01460,,,,,,,,,,2024-01-23T08:00:00,,,,,API,,,,,,,High,
MAT01461,,,,,,,,,,2024-05-10T08:00:00,,,,,API,,,,,,,Low,
MAT01462,,,,,,,,,,2025-10-06T08:00:00,,,,,API,,,,,,,Low,
MAT01463,,,,,,,,,,2024-02-27T08:00:00,,,,,API,,,,,,,Low,
MAT01464,,,,,,,,,,2024-07-03T08:00:00,,,,,API,,,,,,,Medium,
MAT01465,,,,,,,,,,2025-11-08T08:00:00,,,,,Component,,,,,,,Low,
MAT01466,,,,,,,,,,2024-08-09T08:00:00,,,,,Excipient,,,,,,,Low,
MAT01467,,,,,,,,,,2025-05-08T08:00:00,,,,,Component,,,,,,,High,
MAT01468,,,,,,,,,,2025-02-24T08:00:00,,,,,API,,,,,,,Low,
MAT01469,,,,,,,,,,2025-09-30T08:00:00,,,,,API,,,,,,,Low,
MAT01470,,,,,,,,,,2025-12-03T08:00:00,,,,,Excipient,,,,,,,Low,
MAT01471,,,,,,,,,,2025-09-02T08:00:00,,,,,Excipient,,,,,,,High,
MAT01472,,,,,,,,,,2025-01-22T08:00:00,,,,,API,,,,,,,Low,
MAT01473,,,,,,,,,,2024-04-21T08:00:00,,,,,Component,,,,,,,Low,
MAT01474,,,,,,,,,,2025-06-19T08:00:00,,,,,API,,,,,,,Low,
MAT01475,,,,,,,,,,2025-09-12T08:00:00,,,,,Component,,,,,,,Low,
MAT01476,,,,,,,,,,2025-05-02T08:00:00,,,,,API,,,,,,,Low,
MAT01477,,,,,,,,,,2024-04-05T08:00:00,,,,,API,,,,,,,Low,
MAT01478,,,,,,,,,,2025-09-09T08:00:00,,,,,Component,,,,,,,Low,
MAT01479,,,,,,,,,,2025-06-18T08:00:00,,,,,API,,,,,,,High,
MAT01480,,,,,,,,,,2024-02-14T08:00:00,,,,,Component,,,,,,,Medium,
MAT01481,,,,,,,,,,2025-05-08T08:00:00,,,,,Component,,,,,,,Low,
MAT01482,,,,,,,,,,2025-08-26T08:00:00,,,,,Component,,,,,,,Medium,
MAT01483,,,,,,,,,,2024-05-17T08:00:00,,,,,API,,,,,,,High,
MAT01484,,,,,,,,,,2024-08-26T08:00:00,,,,,Excipient,,,,,,,High,
MAT01485,,,,,,,,,,2025-09-04T08:00:00,,,,,API,,,,,,,Medium,
MAT01486,,,,,,,,,,2024-07-12T08:00:00,,,,,Component,,,,,,,Medium,
MAT01487,,,,,,,,,,2025-08-14T08:00:00,,,,,API,,,,,,,Low,
MAT01488,,,,,,,,,,2025-01-19T08:00:00,,,,,API,,,,,,,Low,
MAT01489,,,,,,,,,,2025-02-22T08:00:00,,,,,API,,,,,,,Medium,
MAT01490,,,,,,,,,,2024-06-07T08:00:00,,,,,Excipient,,,,,,,Low,
MAT01491,,,,,,,,,,2024-09-24T08:00:00,,,,,Component,,,,,,,Medium,
MAT01492,,,,,,,,,,2025-09-18T08:00:00,,,,,Component,,,,,,,Medium,
MAT01493,,,,,,,,,,2024-07-27T08:00:00,,,,,Excipient,,,,,,,High,
MAT01494,,,,,,,,,,2024-07-02T08:00:00,,,,,Component,,,,,,,High,
MAT01495,,,,,,,,,,2024-09-16T08:00:00,,,,,Excipient,,,,,,,High,
MAT01496,,,,,,,,,,2025-12-23T08:00:00,,,,,Excipient,,,,,,,Medium,
MAT01497,,,,,,,,,,2025-11-06T08:00:00,,,,,Component,,,,,,,Low,
MAT01498,,,,,,,,,,2025-04-02T08:00:00,,,,,API,,,,,,,Low,
MAT01499,,,,,,,,,,2024-08-07T08:00:00,,,,,API,,,,,,,Low,
MAT01500,,,,,,,,,,2025-07-17T08:00:00,,,,,Component,,,,,,,Medium,
MAT01501,,,,,,,,,,2025-02-02T08:00:00,,,,,API,,,,,,,Low,
MAT01502,,,,,,,,,,2024-05-28T08:00:00,,,,,API,,,,,,,Low,
MAT01503,,,,,,,,,,2024-03-31T08:00:00,,,,,Component,,,,,,,High,
MAT01504,,,,,,,,,,2024-08-15T08:00:00,,,,,API,,,,,,,Medium,
MAT01505,,,,,,,,,,2025-09-15T08:00:00,,,,,Excipient,,,,,,,Low,
MAT01506,,,,,,,,,,2025-02-14T08:00:00,,,,,API,,,,,,,High,
MAT01507,,,,,,,,,,2024-06-28T08:00:00,,,,,Excipient,,,,,,,Low,
MAT01508,,,,,,,,,,2024-01-11T08:00:00,,,,,Component,,,,,,,High,
MAT01509,,,,,,,,,,2024-07-18T08:00:00,,,,,API,,,,,,,Medium,
MAT01510,,,,,,,,,,2025-09-21T08:00:00,,,,,API,,,,,,,Low,
MAT01511,,,,,,,,,,2025-01-03T08:00:00,,,,,API,,,,,,,Low,
MAT01512,,,,,,,,,,2024-06-10T08:00:00,,,,,API,,,,,,,Low,
MAT01513,,,,,,,,,,2025-02-13T08:00:00,,,,,API,,,,,,,Medium,
MAT01514,,,,,,,,,,2025-02-19T08:00:00,,,,,Excipient,,,,,,,High,
MAT01515,,,,,,,,,,2025-12-21T08:00:00,,,,,API,,,,,,,Low,
MAT01516,,,,,,,,,,2025-07-16T08:00:00,,,,,API,,,,,,,Low,
MAT01517,,,,,,,,,,2024-12-21T08:00:00,,,,,Excipient,,,,,,,Medium,
MAT01518,,,,,,,,,,2025-09-12T08:00:00,,,,,Excipient,,,,,,,Low,
MAT01519,,,,,,,,,,2025-02-17T08:00:00,,,,,API,,,,,,,High,
MAT01520,,,,,,,,,,2024-06-28T08:00:00,,,,,API,,,,,,,Medium,
MAT01521,,,,,,,,,,2025-07-26T08:00:00,,,,,Component,,,,,,,Low,
MAT01522,,,,,,,,,,2024-12-14T08:00:00,,,,,API,,,,,,,Medium,
MAT01523,,,,,,,,,,2025-07-04T08:00:00,,,,,API,,,,,,,Medium,
MAT01524,,,,,,,,,,2025-01-21T08:00:00,,,,,Excipient,,,,,,,High,
MAT01525,,,,,,,,,,2024-12-13T08:00:00,,,,,Component,,,,,,,Low,
MAT01526,,,,,,,,,,2025-08-23T08:00:00,,,,,Component,,,,,,,High,
MAT01527,,,,,,,,,,2024-04-29T08:00:00,,,,,API,,,,,,,High,
MAT01528,,,,,,,,,,2025-01-26T08:00:00,,,,,Excipient,,,,,,,Low,
MAT01529,,,,,,,,,,2024-11-19T08:00:00,,,,,API,,,,,,,Low,
MAT01530,,,,,,,,,,2025-06-12T08:00:00,,,,,Component,,,,,,,Medium,
MAT01531,,,,,,,,,,2024-09-11T08:00:00,,,,,API,,,,,,,Medium,
MAT01532,,,,,,,,,,2025-02-12T08:00:00,,,,,Excipient,,,,,,,Low,
MAT01533,,,,,,,,,,2025-07-21T08:00:00,,,,,Excipient,,,,,,,Low,
MAT01534,,,,,,,,,,2024-11-17T08:00:00,,,,,API,,,,,,,High,
MAT01535,,,,,,,,,,2025-08-10T08:00:00,,,,,Excipient,,,,,,,Low,
MAT01536,,,,,,,,,,2025-11-30T08:00:00,,,,,Excipient,,,,,,,Low,
MAT01537,,,,,,,,,,2024-07-23T08:00:00,,,,,API,,,,,,,High,
MAT01538,,,,,,,,,,2024-09-28T08:00:00,,,,,API,,,,,,,Low,
MAT01539,,,,,,,,,,2024-07-26T08:00:00,,,,,API,,,,,,,Low,
MAT01540,,,,,,,,,,2024-06-08T08:00:00,,,,,API,,,,,,,Medium,
MAT01541,,,,,,,,,,2024-03-21T08:00:00,,,,,API,,,,,,,Low,
MAT01542,,,,,,,,,,2025-07-08T08:00:00,,,,,Component,,,,,,,Low,
MAT01543,,,,,,,,,,2025-01-15T08:00:00,,,,,API,,,,,,,High,
MAT01544,,,,,,,,,,2025-08-11T08:00:00,,,,,Excipient,,,,,,,High,
MAT01545,,,,,,,,,,2024-07-06T08:00:00,,,,,Excipient,,,,,,,High,
MAT01546,,,,,,,,,,2024-08-15T08:00:00,,,,,Excipient,,,,,,,High,
MAT01547,,,,,,,,,,2025-06-22T08:00:00,,,,,API,,,,,,,Low,
MAT01548,,,,,,,,,,2025-07-07T08:00:00,,,,,Component,,,,,,,High,
MAT01549,,,,,,,,,,2025-02-07T08:00:00,,,,,API,,,,,,,Medium,
MAT01550,,,,,,,,,,2024-05-03T08:00:00,,,,,API,,,,,,,High,
MAT01551,,,,,,,,,,2025-12-06T08:00:00,,,,,Component,,,,,,,Medium,
MAT01552,,,,,,,,,,2025-11-21T08:00:00,,,,,API,,,,,,,Low,
MAT01553,,,,,,,,,,2025-08-17T08:00:00,,,,,API,,,,,,,High,
MAT01554,,,,,,,,,,2025-01-05T08:00:00,,,,,API,,,,,,,Medium,
MAT01555,,,,,,,,,,2025-07-15T08:00:00,,,,,Excipient,,,,,,,Low,
MAT01556,,,,,,,,,,2024-10-02T08:00:00,,,,,Excipient,,,,,,,Low,
MAT01557,,,,,,,,,,2025-01-09T08:00:00,,,,,Component,,,,,,,Medium,
MAT01558,,,,,,,,,,2025-03-10T08:00:00,,,,,API,,,,,,,High,
MAT01559,,,,,,,,,,2025-12-18T08:00:00,,,,,API,,,,,,,High,
MAT01560,,,,,,,,,,2025-02-14T08:00:00,,,,,Excipient,,,,,,,Medium,
MAT01561,,,,,,,,,,2024-07-03T08:00:00,,,,,Excipient,,,,,,,High,
MAT01562,,,,,,,,,,2024-04-12T08:00:00,,,,,API,,,,,,,Low,
MAT01563,,,,,,,,,,2025-07-22T08:00:00,,,,,Excipient,,,,,,,Low,
MAT01564,,,,,,,,,,2024-07-19T08:00:00,,,,,Component,,,,,,,High,
MAT01565,,,,,,,,,,2025-04-29T08:00:00,,,,,API,,,,,,,Low,
MAT01566,,,,,,,,,,2025-03-07T08:00:00,,,,,API,,,,,,,Low,
MAT01567,,,,,,,,,,2025-10-07T08:00:00,,,,,Component,,,,,,,Low,
MAT01568,,,,,,,,,,2024-11-03T08:00:00,,,,,Excipient,,,,,,,High,
MAT01569,,,,,,,,,,2025-02-11T08:00:00,,,,,Excipient,,,,,,,Low,
MAT01570,,,,,,,,,,2024-03-02T08:00:00,,,,,API,,,,,,,Low,
MAT01571,,,,,,,,,,2025-05-02T08:00:00,,,,,API,,,,,,,Medium,
MAT01572,,,,,,,,,,2024-12-08T08:00:00,,,,,API,,,,,,,High,
MAT01573,,,,,,,,,,2025-01-03T08:00:00,,,,,Excipient,,,,,,,Medium,
MAT01574,,,,,,,,,,2024-01-21T08:00:00,,,,,Excipient,,,,,,,Medium,
MAT01575,,,,,,,,,,2024-12-25T08:00:00,,,,,Component,,,,,,,Low,
MAT01576,,,,,,,,,,2024-10-18T08:00:00,,,,,API,,,,,,,Low,
MAT01577,,,,,,,,,,2025-11-20T08:00:00,,,,,Excipient,,,,,,,Medium,
MAT01578,,,,,,,,,,2024-03-21T08:00:00,,,,,Component,,,,,,,High,
MAT01579,,,,,,,,,,2025-04-19T08:00:00,,,,,Component,,,,,,,Medium,
MAT01580,,,,,,,,,,2025-10-17T08:00:00,,,,,API,,,,,,,Low,
MAT01581,,,,,,,,,,2025-10-08T08:00:00,,,,,Excipient,,,,,,,High,
MAT01582,,,,,,,,,,2024-03-22T08:00:00,,,,,Component,,,,,,,Low,
MAT01583,,,,,,,,,,2024-08-21T08:00:00,,,,,API,,,,,,,Medium,
MAT01584,,,,,,,,,,2025-10-30T08:00:00,,,,,Excipient,,,,,,,Medium,
MAT01585,,,,,,,,,,2025-09-11T08:00:00,,,,,Excipient,,,,,,,Medium,
MAT01586,,,,,,,,,,2025-03-31T08:00:00,,,,,Component,,,,,,,Medium,
MAT01587,,,,,,,,,,2025-02-27T08:00:00,,,,,Excipient,,,,,,,High,
MAT01588,,,,,,,,,,2024-01-24T08:00:00,,,,,API,,,,,,,Low,
MAT01589,,,,,,,,,,2025-11-08T08:00:00,,,,,API,,,,,,,Low,
MAT01590,,,,,,,,,,2024-08-03T08:00:00,,,,,Excipient,,,,,,,Low,
MAT01591,,,,,,,,,,2024-04-15T08:00:00,,,,,API,,,,,,,High,
MAT01592,,,,,,,,,,2025-04-29T08:00:00,,,,,API,,,,,,,Low,
MAT01593,,,,,,,,,,2025-02-10T08:00:00,,,,,API,,,,,,,Low,
MAT01594,,,,,,,,,,2024-09-25T08:00:00,,,,,API,,,,,,,Low,
MAT01595,,,,,,,,,,2025-11-01T08:00:00,,,,,API,,,,,,,Low,
MAT01596,,,,,,,,,,2024-08-22T08:00:00,,,,,Component,,,,,,,Medium,
MAT01597,,,,,,,,,,2025-03-29T08:00:00,,,,,API,,,,,,,Medium,
MAT01598,,,,,,,,,,2025-06-23T08:00:00,,,,,API,,,,,,,Low,
MAT01599,,,,,,,,,,2024-02-05T08:00:00,,,,,API,,,,,,,Low,
MAT01600,,,,,,,,,,2025-05-02T08:00:00,,,,,Excipient,,,,,,,Medium,
MAT01601,,,,,,,,,,2025-07-15T08:00:00,,,,,Component,,,,,,,Medium,
MAT01602,,,,,,,,,,2025-12-15T08:00:00,,,,,Component,,,,,,,Low,
MAT01603,,,,,,,,,,2025-10-08T08:00:00,,,,,API,,,,,,,High,
MAT01604,,,,,,,,,,2024-12-21T08:00:00,,,,,Component,,,,,,,Medium,
MAT01605,,,,,,,,,,2024-04-01T08:00:00,,,,,Component,,,,,,,Low,
MAT01606,,,,,,,,,,2025-01-09T08:00:00,,,,,Component,,,,,,,Medium,
MAT01607,,,,,,,,,,2024-06-08T08:00:00,,,,,Component,,,,,,,Medium,
MAT01608,,,,,,,,,,2024-01-01T08:00:00,,,,,Excipient,,,,,,,Low,
MAT01609,,,,,,,,,,2024-10-20T08:00:00,,,,,API,,,,,,,Medium,
MAT01610,,,,,,,,,,2025-12-05T08:00:00,,,,,Component,,,,,,,Low,
MAT01611,,,,,,,,,,2024-11-02T08:00:00,,,,,Component,,,,,,,High,
MAT01612,,,,,,,,,,2024-10-26T08:00:00,,,,,API,,,,,,,High,
MAT01613,,,,,,,,,,2025-07-15T08:00:00,,,,,API,,,,,,,Low,
MAT01614,,,,,,,,,,2025-02-25T08:00:00,,,,,Excipient,,,,,,,Low,
MAT01615,,,,,,,,,,2024-09-12T08:00:00,,,,,Component,,,,,,,High,
MAT01616,,,,,,,,,,2025-01-22T08:00:00,,,,,API,,,,,,,High,
MAT01617,,,,,,,,,,2024-03-22T08:00:00,,,,,API,,,,,,,Medium,
MAT01618,,,,,,,,,,2025-06-13T08:00:00,,,,,Component,,,,,,,Low,
MAT01619,,,,,,,,,,2025-10-26T08:00:00,,,,,Excipient,,,,,,,Medium,
MAT01620,,,,,,,,,,2024-07-11T08:00:00,,,,,Excipient,,,,,,,High,
MAT01621,,,,,,,,,,2024-05-19T08:00:00,,,,,API,,,,,,,Low,
MAT01622,,,,,,,,,,2025-10-14T08:00:00,,,,,Excipient,,,,,,,Low,
MAT01623,,,,,,,,,,2024-10-05T08:00:00,,,,,Component,,,,,,,High,
MAT01624,,,,,,,,,,2024-11-24T08:00:00,,,,,Component,,,,,,,Low,
MAT01625,,,,,,,,,,2024-02-20T08:00:00,,,,,API,,,,,,,Low,
MAT01626,,,,,,,,,,2024-04-14T08:00:00,,,,,API,,,,,,,Low,
MAT01627,,,,,,,,,,2024-05-08T08:00:00,,,,,Excipient,,,,,,,Medium,
MAT01628,,,,,,,,,,2024-08-26T08:00:00,,,,,Component,,,,,,,Low,
MAT01629,,,,,,,,,,2024-01-16T08:00:00,,,,,API,,,,,,,Low,
MAT01630,,,,,,,,,,2024-12-16T08:00:00,,,,,Component,,,,,,,Low,
MAT01631,,,,,,,,,,2025-05-25T08:00:00,,,,,Component,,,,,,,Medium,
MAT01632,,,,,,,,,,2025-12-14T08:00:00,,,,,Excipient,,,,,,,High,
MAT01633,,,,,,,,,,2024-03-23T08:00:00,,,,,API,,,,,,,Medium,
MAT01634,,,,,,,,,,2024-09-29T08:00:00,,,,,API,,,,,,,Low,
MAT01635,,,,,,,,,,2025-07-10T08:00:00,,,,,Component,,,,,,,Low,
MAT01636,,,,,,,,,,2024-07-15T08:00:00,,,,,Component,,,,,,,Low,
MAT01637,,,,,,,,,,2024-01-13T08:00:00,,,,,Excipient,,,,,,,High,
MAT01638,,,,,,,,,,2025-01-29T08:00:00,,,,,API,,,,,,,Low,
MAT01639,,,,,,,,,,2024-02-04T08:00:00,,,,,Component,,,,,,,Low,
MAT01640,,,,,,,,,,2024-04-06T08:00:00,,,,,API,,,,,,,High,
MAT01641,,,,,,,,,,2025-02-02T08:00:00,,,,,API,,,,,,,High,
MAT01642,,,,,,,,,,2024-06-11T08:00:00,,,,,Excipient,,,,,,,Medium,
MAT01643,,,,,,,,,,2024-09-16T08:00:00,,,,,API,,,,,,,Low,
MAT01644,,,,,,,,,,2024-07-22T08:00:00,,,,,Component,,,,,,,Medium,
MAT01645,,,,,,,,,,2025-11-13T08:00:00,,,,,Excipient,,,,,,,Low,
MAT01646,,,,,,,,,,2024-08-29T08:00:00,,,,,API,,,,,,,Low,
MAT01647,,,,,,,,,,2024-01-16T08:00:00,,,,,Component,,,,,,,Medium,
MAT01648,,,,,,,,,,2025-08-21T08:00:00,,,,,API,,,,,,,Medium,
MAT01649,,,,,,,,,,2024-09-05T08:00:00,,,,,API,,,,,,,High,
MAT01650,,,,,,,,,,2025-08-18T08:00:00,,,,,API,,,,,,,Low,
MAT01651,,,,,,,,,,2025-01-15T08:00:00,,,,,Component,,,,,,,Low,
MAT01652,,,,,,,,,,2024-06-10T08:00:00,,,,,API,,,,,,,Low,
MAT01653,,,,,,,,,,2025-12-03T08:00:00,,,,,Component,,,,,,,Low,
MAT01654,,,,,,,,,,2024-03-02T08:00:00,,,,,Excipient,,,,,,,Low,
MAT01655,,,,,,,,,,2025-12-19T08:00:00,,,,,Excipient,,,,,,,Low,
MAT01656,,,,,,,,,,2025-05-14T08:00:00,,,,,API,,,,,,,Low,
MAT01657,,,,,,,,,,2025-07-25T08:00:00,,,,,API,,,,,,,Medium,
MAT01658,,,,,,,,,,2024-07-16T08:00:00,,,,,Excipient,,,,,,,High,
MAT01659,,,,,,,,,,2025-01-01T08:00:00,,,,,API,,,,,,,High,
MAT01660,,,,,,,,,,2024-02-10T08:00:00,,,,,API,,,,,,,Medium,
MAT01661,,,,,,,,,,2025-07-26T08:00:00,,,,,Component,,,,,,,High,
MAT01662,,,,,,,,,,2024-07-13T08:00:00,,,,,Excipient,,,,,,,High,
MAT01663,,,,,,,,,,2024-11-27T08:00:00,,,,,API,,,,,,,Medium,
MAT01664,,,,,,,,,,2025-09-05T08:00:00,,,,,Component,,,,,,,Medium,
MAT01665,,,,,,,,,,2025-06-27T08:00:00,,,,,API,,,,,,,Low,
MAT01666,,,,,,,,,,2024-10-29T08:00:00,,,,,API,,,,,,,High,
MAT01667,,,,,,,,,,2025-04-09T08:00:00,,,,,Excipient,,,,,,,Medium,
MAT01668,,,,,,,,,,2024-07-08T08:00:00,,,,,API,,,,,,,High,
MAT01669,,,,,,,,,,2025-09-27T08:00:00,,,,,API,,,,,,,Medium,
MAT01670,,,,,,,,,,2024-03-05T08:00:00,,,,,API,,,,,,,Medium,
MAT01671,,,,,,,,,,2025-06-20T08:00:00,,,,,Component,,,,,,,Low,
MAT01672,,,,,,,,,,2025-09-19T08:00:00,,,,,Component,,,,,,,Low,
MAT01673,,,,,,,,,,2025-02-23T08:00:00,,,,,Excipient,,,,,,,Medium,
MAT01674,,,,,,,,,,2024-04-08T08:00:00,,,,,Excipient,,,,,,,Low,
MAT01675,,,,,,,,,,2024-05-12T08:00:00,,,,,API,,,,,,,Low,
MAT01676,,,,,,,,,,2024-07-25T08:00:00,,,,,API,,,,,,,Low,
MAT01677,,,,,,,,,,2024-07-15T08:00:00,,,,,API,,,,,,,High,
MAT01678,,,,,,,,,,2025-08-07T08:00:00,,,,,API,,,,,,,Low,
MAT01679,,,,,,,,,,2025-06-22T08:00:00,,,,,Component,,,,,,,High,
MAT01680,,,,,,,,,,2025-01-10T08:00:00,,,,,Excipient,,,,,,,Low,
MAT01681,,,,,,,,,,2024-01-14T08:00:00,,,,,API,,,,,,,Low,
MAT01682,,,,,,,,,,2024-03-22T08:00:00,,,,,API,,,,,,,High,
MAT01683,,,,,,,,,,2025-01-04T08:00:00,,,,,Component,,,,,,,Low,
MAT01684,,,,,,,,,,2025-12-26T08:00:00,,,,,Component,,,,,,,Medium,
MAT01685,,,,,,,,,,2025-06-25T08:00:00,,,,,API,,,,,,,Medium,
MAT01686,,,,,,,,,,2024-11-07T08:00:00,,,,,API,,,,,,,Low,
MAT01687,,,,,,,,,,2025-06-15T08:00:00,,,,,API,,,,,,,Low,
MAT01688,,,,,,,,,,2024-08-24T08:00:00,,,,,API,,,,,,,Low,
MAT01689,,,,,,,,,,2024-07-16T08:00:00,,,,,Component,,,,,,,Low,
MAT01690,,,,,,,,,,2025-07-25T08:00:00,,,,,API,,,,,,,Low,
MAT01691,,,,,,,,,,2025-10-15T08:00:00,,,,,Component,,,,,,,Low,
MAT01692,,,,,,,,,,2025-12-20T08:00:00,,,,,Excipient,,,,,,,High,
MAT01693,,,,,,,,,,2024-06-19T08:00:00,,,,,Component,,,,,,,Low,
MAT01694,,,,,,,,,,2025-05-31T08:00:00,,,,,API,,,,,,,High,
MAT01695,,,,,,,,,,2025-06-30T08:00:00,,,,,Excipient,,,,,,,Low,
MAT01696,,,,,,,,,,2024-11-18T08:00:00,,,,,Component,,,,,,,Medium,
MAT01697,,,,,,,,,,2025-02-26T08:00:00,,,,,Excipient,,,,,,,Medium,
MAT01698,,,,,,,,,,2025-09-15T08:00:00,,,,,Component,,,,,,,Medium,
MAT01699,,,,,,,,,,2025-01-19T08:00:00,,,,,API,,,,,,,Low,
MAT01700,,,,,,,,,,2025-04-08T08:00:00,,,,,Excipient,,,,,,,Medium,
MAT01701,,,,,,,,,,2024-01-01T08:00:00,,,,,Component,,,,,,,High,
MAT01702,,,,,,,,,,2025-09-02T08:00:00,,,,,API,,,,,,,Medium,
MAT01703,,,,,,,,,,2024-11-05T08:00:00,,,,,API,,,,,,,Low,
MAT01704,,,,,,,,,,2024-08-15T08:00:00,,,,,API,,,,,,,Medium,
MAT01705,,,,,,,,,,2024-01-23T08:00:00,,,,,API,,,,,,,Medium,
MAT01706,,,,,,,,,,2024-04-06T08:00:00,,,,,Excipient,,,,,,,Low,
MAT01707,,,,,,,,,,2024-12-30T08:00:00,,,,,API,,,,,,,High,
MAT01708,,,,,,,,,,2024-09-28T08:00:00,,,,,API,,,,,,,Low,
MAT01709,,,,,,,,,,2024-08-26T08:00:00,,,,,Excipient,,,,,,,Low,
MAT01710,,,,,,,,,,2024-04-04T08:00:00,,,,,Excipient,,,,,,,Medium,
MAT01711,,,,,,,,,,2024-03-20T08:00:00,,,,,Component,,,,,,,Low,
MAT01712,,,,,,,,,,2024-06-26T08:00:00,,,,,Excipient,,,,,,,High,
MAT01713,,,,,,,,,,2025-09-01T08:00:00,,,,,Component,,,,,,,Low,
MAT01714,,,,,,,,,,2025-08-13T08:00:00,,,,,Excipient,,,,,,,Low,
MAT01715,,,,,,,,,,2024-02-27T08:00:00,,,,,Component,,,,,,,Low,
MAT01716,,,,,,,,,,2025-03-20T08:00:00,,,,,Excipient,,,,,,,Medium,
MAT01717,,,,,,,,,,2024-08-20T08:00:00,,,,,Component,,,,,,,Low,
MAT01718,,,,,,,,,,2024-02-25T08:00:00,,,,,API,,,,,,,High,
MAT01719,,,,,,,,,,2024-11-22T08:00:00,,,,,Excipient,,,,,,,Low,
MAT01720,,,,,,,,,,2025-05-29T08:00:00,,,,,API,,,,,,,Medium,
MAT01721,,,,,,,,,,2024-02-21T08:00:00,,,,,API,,,,,,,Low,
MAT01722,,,,,,,,,,2025-09-01T08:00:00,,,,,Component,,,,,,,High,
MAT01723,,,,,,,,,,2025-03-18T08:00:00,,,,,API,,,,,,,Low,
MAT01724,,,,,,,,,,2024-05-31T08:00:00,,,,,Excipient,,,,,,,High,
MAT01725,,,,,,,,,,2024-03-25T08:00:00,,,,,API,,,,,,,Medium,
MAT01726,,,,,,,,,,2025-07-15T08:00:00,,,,,Component,,,,,,,Low,
MAT01727,,,,,,,,,,2024-03-28T08:00:00,,,,,Component,,,,,,,Medium,
MAT01728,,,,,,,,,,2025-12-15T08:00:00,,,,,Component,,,,,,,High,
MAT01729,,,,,,,,,,2025-05-07T08:00:00,,,,,API,,,,,,,Low,
MAT01730,,,,,,,,,,2025-02-08T08:00:00,,,,,API,,,,,,,High,
MAT01731,,,,,,,,,,2024-09-05T08:00:00,,,,,API,,,,,,,Low,
MAT01732,,,,,,,,,,2025-03-16T08:00:00,,,,,API,,,,,,,Medium,
MAT01733,,,,,,,,,,2024-04-25T08:00:00,,,,,Excipient,,,,,,,Low,
MAT01734,,,,,,,,,,2025-01-09T08:00:00,,,,,Component,,,,,,,High,
MAT01735,,,,,,,,,,2024-11-24T08:00:00,,,,,Excipient,,,,,,,Low,
MAT01736,,,,,,,,,,2024-11-08T08:00:00,,,,,Excipient,,,,,,,Low,
MAT01737,,,,,,,,,,2025-09-23T08:00:00,,,,,API,,,,,,,Medium,
MAT01738,,,,,,,,,,2025-03-27T08:00:00,,,,,Component,,,,,,,Low,
MAT01739,,,,,,,,,,2024-07-23T08:00:00,,,,,API,,,,,,,Low,
MAT01740,,,,,,,,,,2024-03-28T08:00:00,,,,,Excipient,,,,,,,Low,
MAT01741,,,,,,,,,,2024-09-05T08:00:00,,,,,API,,,,,,,Low,
MAT01742,,,,,,,,,,2024-01-15T08:00:00,,,,,API,,,,,,,Medium,
MAT01743,,,,,,,,,,2024-11-08T08:00:00,,,,,Excipient,,,,,,,Low,
MAT01744,,,,,,,,,,2024-01-24T08:00:00,,,,,Component,,,,,,,High,
MAT01745,,,,,,,,,,2025-07-04T08:00:00,,,,,Excipient,,,,,,,Low,
MAT01746,,,,,,,,,,2025-07-13T08:00:00,,,,,API,,,,,,,Low,
MAT01747,,,,,,,,,,2025-09-29T08:00:00,,,,,Excipient,,,,,,,High,
MAT01748,,,,,,,,,,2025-01-20T08:00:00,,,,,API,,,,,,,Low,
MAT01749,,,,,,,,,,2024-06-23T08:00:00,,,,,API,,,,,,,Medium,
MAT01750,,,,,,,,,,2024-07-24T08:00:00,,,,,API,,,,,,,Medium,
MAT01751,,,,,,,,,,2025-04-21T08:00:00,,,,,Excipient,,,,,,,Low,
MAT01752,,,,,,,,,,2025-02-01T08:00:00,,,,,API,,,,,,,Low,
MAT01753,,,,,,,,,,2024-04-20T08:00:00,,,,,Excipient,,,,,,,Medium,
MAT01754,,,,,,,,,,2025-10-26T08:00:00,,,,,API,,,,,,,Medium,
MAT01755,,,,,,,,,,2025-01-24T08:00:00,,,,,Component,,,,,,,Low,
MAT01756,,,,,,,,,,2025-05-11T08:00:00,,,,,API,,,,,,,Medium,
MAT01757,,,,,,,,,,2024-07-22T08:00:00,,,,,API,,,,,,,Low,
MAT01758,,,,,,,,,,2024-02-10T08:00:00,,,,,Component,,,,,,,Low,
MAT01759,,,,,,,,,,2024-12-07T08:00:00,,,,,API,,,,,,,Medium,
MAT01760,,,,,,,,,,2024-06-09T08:00:00,,,,,Component,,,,,,,High,
MAT01761,,,,,,,,,,2025-12-01T08:00:00,,,,,API,,,,,,,Medium,
MAT01762,,,,,,,,,,2025-10-02T08:00:00,,,,,Excipient,,,,,,,Medium,
MAT01763,,,,,,,,,,2025-05-28T08:00:00,,,,,Excipient,,,,,,,Low,
MAT01764,,,,,,,,,,2025-10-02T08:00:00,,,,,Excipient,,,,,,,Low,
MAT01765,,,,,,,,,,2024-01-31T08:00:00,,,,,Excipient,,,,,,,High,
MAT01766,,,,,,,,,,2024-06-04T08:00:00,,,,,Excipient,,,,,,,Low,
MAT01767,,,,,,,,,,2025-11-03T08:00:00,,,,,Excipient,,,,,,,High,
MAT01768,,,,,,,,,,2025-01-26T08:00:00,,,,,API,,,,,,,Low,
MAT01769,,,,,,,,,,2024-09-03T08:00:00,,,,,API,,,,,,,High,
MAT01770,,,,,,,,,,2024-11-15T08:00:00,,,,,API,,,,,,,High,
MAT01771,,,,,,,,,,2025-07-09T08:00:00,,,,,Excipient,,,,,,,High,
MAT01772,,,,,,,,,,2025-10-30T08:00:00,,,,,API,,,,,,,Low,
MAT01773,,,,,,,,,,2024-05-21T08:00:00,,,,,API,,,,,,,Low,
MAT01774,,,,,,,,,,2025-03-16T08:00:00,,,,,Excipient,,,,,,,Low,
MAT01775,,,,,,,,,,2024-11-21T08:00:00,,,,,API,,,,,,,Low,
MAT01776,,,,,,,,,,2024-07-07T08:00:00,,,,,API,,,,,,,Low,
MAT01777,,,,,,,,,,2024-01-31T08:00:00,,,,,Excipient,,,,,,,Low,
MAT01778,,,,,,,,,,2025-02-25T08:00:00,,,,,Excipient,,,,,,,High,
MAT01779,,,,,,,,,,2025-10-14T08:00:00,,,,,Excipient,,,,,,,High,
MAT01780,,,,,,,,,,2024-07-11T08:00:00,,,,,Excipient,,,,,,,Low,
MAT01781,,,,,,,,,,2024-07-08T08:00:00,,,,,API,,,,,,,Low,
MAT01782,,,,,,,,,,2025-09-12T08:00:00,,,,,API,,,,,,,Medium,
MAT01783,,,,,,,,,,2024-08-24T08:00:00,,,,,API,,,,,,,Low,
MAT01784,,,,,,,,,,2024-03-22T08:00:00,,,,,API,,,,,,,Medium,
MAT01785,,,,,,,,,,2025-05-29T08:00:00,,,,,Component,,,,,,,Low,
MAT01786,,,,,,,,,,2024-07-07T08:00:00,,,,,Component,,,,,,,Medium,
MAT01787,,,,,,,,,,2025-04-30T08:00:00,,,,,Component,,,,,,,High,
MAT01788,,,,,,,,,,2024-07-16T08:00:00,,,,,API,,,,,,,Low,
MAT01789,,,,,,,,,,2025-02-22T08:00:00,,,,,API,,,,,,,Low,
MAT01790,,,,,,,,,,2025-02-26T08:00:00,,,,,API,,,,,,,Medium,
MAT01791,,,,,,,,,,2024-07-28T08:00:00,,,,,API,,,,,,,Low,
MAT01792,,,,,,,,,,2025-03-25T08:00:00,,,,,API,,,,,,,Low,
MAT01793,,,,,,,,,,2025-04-13T08:00:00,,,,,Component,,,,,,,Medium,
MAT01794,,,,,,,,,,2025-02-18T08:00:00,,,,,API,,,,,,,High,
MAT01795,,,,,,,,,,2024-11-16T08:00:00,,,,,API,,,,,,,High,
MAT01796,,,,,,,,,,2025-06-17T08:00:00,,,,,Component,,,,,,,Low,
MAT01797,,,,,,,,,,2025-04-12T08:00:00,,,,,API,,,,,,,High,
MAT01798,,,,,,,,,,2025-06-15T08:00:00,,,,,API,,,,,,,Low,
MAT01799,,,,,,,,,,2025-07-25T08:00:00,,,,,Component,,,,,,,Low,
MAT01800,,,,,,,,,,2024-07-13T08:00:00,,,,,Component,,,,,,,Low,
MAT01801,,,,,,,,,,2025-02-11T08:00:00,,,,,Excipient,,,,,,,High,
MAT01802,,,,,,,,,,2025-04-17T08:00:00,,,,,Excipient,,,,,,,Medium,
MAT01803,,,,,,,,,,2024-10-28T08:00:00,,,,,API,,,,,,,High,
MAT01804,,,,,,,,,,2025-04-19T08:00:00,,,,,API,,,,,,,Low,
MAT01805,,,,,,,,,,2025-05-27T08:00:00,,,,,Component,,,,,,,Low,
MAT01806,,,,,,,,,,2025-08-22T08:00:00,,,,,API,,,,,,,Low,
MAT01807,,,,,,,,,,2025-02-27T08:00:00,,,,,API,,,,,,,High,
MAT01808,,,,,,,,,,2024-01-26T08:00:00,,,,,Excipient,,,,,,,High,
MAT01809,,,,,,,,,,2025-08-27T08:00:00,,,,,API,,,,,,,High,
MAT01810,,,,,,,,,,2024-04-02T08:00:00,,,,,API,,,,,,,High,
MAT01811,,,,,,,,,,2025-12-09T08:00:00,,,,,Excipient,,,,,,,Medium,
MAT01812,,,,,,,,,,2024-04-03T08:00:00,,,,,API,,,,,,,Low,
MAT01813,,,,,,,,,,2025-10-11T08:00:00,,,,,API,,,,,,,High,
MAT01814,,,,,,,,,,2025-06-20T08:00:00,,,,,Excipient,,,,,,,Low,
MAT01815,,,,,,,,,,2025-01-22T08:00:00,,,,,Component,,,,,,,Low,
MAT01816,,,,,,,,,,2024-06-23T08:00:00,,,,,Component,,,,,,,Low,
MAT01817,,,,,,,,,,2024-06-15T08:00:00,,,,,Excipient,,,,,,,Low,
MAT01818,,,,,,,,,,2025-12-30T08:00:00,,,,,API,,,,,,,Low,
MAT01819,,,,,,,,,,2024-11-11T08:00:00,,,,,API,,,,,,,High,
MAT01820,,,,,,,,,,2024-10-22T08:00:00,,,,,Excipient,,,,,,,High,
MAT01821,,,,,,,,,,2024-05-14T08:00:00,,,,,API,,,,,,,Low,
MAT01822,,,,,,,,,,2025-09-29T08:00:00,,,,,API,,,,,,,Low,
MAT01823,,,,,,,,,,2025-04-14T08:00:00,,,,,Excipient,,,,,,,Low,
MAT01824,,,,,,,,,,2025-07-10T08:00:00,,,,,Component,,,,,,,High,
MAT01825,,,,,,,,,,2024-08-31T08:00:00,,,,,API,,,,,,,High,
MAT01826,,,,,,,,,,2025-04-09T08:00:00,,,,,API,,,,,,,High,
MAT01827,,,,,,,,,,2024-03-22T08:00:00,,,,,Component,,,,,,,High,
MAT01828,,,,,,,,,,2025-07-14T08:00:00,,,,,API,,,,,,,Low,
MAT01829,,,,,,,,,,2024-02-20T08:00:00,,,,,Excipient,,,,,,,Low,
MAT01830,,,,,,,,,,2024-02-26T08:00:00,,,,,API,,,,,,,Low,
MAT01831,,,,,,,,,,2024-05-28T08:00:00,,,,,Excipient,,,,,,,Low,
MAT01832,,,,,,,,,,2024-12-05T08:00:00,,,,,API,,,,,,,Medium,
MAT01833,,,,,,,,,,2024-04-21T08:00:00,,,,,API,,,,,,,Low,
MAT01834,,,,,,,,,,2024-06-14T08:00:00,,,,,Component,,,,,,,Low,
MAT01835,,,,,,,,,,2025-04-11T08:00:00,,,,,Excipient,,,,,,,Low,
MAT01836,,,,,,,,,,2024-04-05T08:00:00,,,,,Excipient,,,,,,,Low,
MAT01837,,,,,,,,,,2025-01-12T08:00:00,,,,,Excipient,,,,,,,Medium,
MAT01838,,,,,,,,,,2025-03-13T08:00:00,,,,,Component,,,,,,,Low,
MAT01839,,,,,,,,,,2025-04-27T08:00:00,,,,,API,,,,,,,Medium,
MAT01840,,,,,,,,,,2025-12-12T08:00:00,,,,,API,,,,,,,Low,
MAT01841,,,,,,,,,,2025-06-23T08:00:00,,,,,Excipient,,,,,,,Medium,
MAT01842,,,,,,,,,,2025-12-13T08:00:00,,,,,Component,,,,,,,Low,
MAT01843,,,,,,,,,,2024-04-21T08:00:00,,,,,API,,,,,,,Low,
MAT01844,,,,,,,,,,2025-12-06T08:00:00,,,,,API,,,,,,,High,
MAT01845,,,,,,,,,,2025-09-15T08:00:00,,,,,Excipient,,,,,,,High,
MAT01846,,,,,,,,,,2025-06-22T08:00:00,,,,,Excipient,,,,,,,Medium,
MAT01847,,,,,,,,,,2025-09-21T08:00:00,,,,,Excipient,,,,,,,Low,
MAT01848,,,,,,,,,,2025-05-19T08:00:00,,,,,Component,,,,,,,High,
MAT01849,,,,,,,,,,2025-12-26T08:00:00,,,,,API,,,,,,,Low,
MAT01850,,,,,,,,,,2024-01-02T08:00:00,,,,,Excipient,,,,,,,Low,
MAT01851,,,,,,,,,,2025-04-21T08:00:00,,,,,API,,,,,,,Low,
MAT01852,,,,,,,,,,2025-09-22T08:00:00,,,,,API,,,,,,,Low,
MAT01853,,,,,,,,,,2024-02-16T08:00:00,,,,,Component,,,,,,,High,
MAT01854,,,,,,,,,,2025-07-27T08:00:00,,,,,Excipient,,,,,,,Medium,
MAT01855,,,,,,,,,,2025-10-17T08:00:00,,,,,API,,,,,,,Low,
MAT01856,,,,,,,,,,2024-09-17T08:00:00,,,,,API,,,,,,,Medium,
MAT01857,,,,,,,,,,2024-11-03T08:00:00,,,,,API,,,,,,,Medium,
MAT01858,,,,,,,,,,2024-04-26T08:00:00,,,,,Excipient,,,,,,,Low,
MAT01859,,,,,,,,,,2025-02-09T08:00:00,,,,,Excipient,,,,,,,Medium,
MAT01860,,,,,,,,,,2024-07-17T08:00:00,,,,,API,,,,,,,Low,
MAT01861,,,,,,,,,,2025-11-19T08:00:00,,,,,Excipient,,,,,,,Medium,
MAT01862,,,,,,,,,,2024-02-06T08:00:00,,,,,Component,,,,,,,High,
MAT01863,,,,,,,,,,2024-06-08T08:00:00,,,,,API,,,,,,,High,
MAT01864,,,,,,,,,,2025-04-18T08:00:00,,,,,Component,,,,,,,Medium,
MAT01865,,,,,,,,,,2025-06-17T08:00:00,,,,,Component,,,,,,,Low,
MAT01866,,,,,,,,,,2025-07-22T08:00:00,,,,,Excipient,,,,,,,Medium,
MAT01867,,,,,,,,,,2025-08-14T08:00:00,,,,,API,,,,,,,Low,
MAT01868,,,,,,,,,,2024-03-08T08:00:00,,,,,Excipient,,,,,,,Medium,
MAT01869,,,,,,,,,,2024-02-01T08:00:00,,,,,API,,,,,,,Medium,
MAT01870,,,,,,,,,,2025-10-03T08:00:00,,,,,Excipient,,,,,,,High,
MAT01871,,,,,,,,,,2024-07-10T08:00:00,,,,,API,,,,,,,High,
MAT01872,,,,,,,,,,2025-12-23T08:00:00,,,,,API,,,,,,,Medium,
MAT01873,,,,,,,,,,2024-10-05T08:00:00,,,,,Excipient,,,,,,,Low,
MAT01874,,,,,,,,,,2025-05-23T08:00:00,,,,,Component,,,,,,,Low,
MAT01875,,,,,,,,,,2025-04-07T08:00:00,,,,,API,,,,,,,Medium,
MAT01876,,,,,,,,,,2025-06-21T08:00:00,,,,,Excipient,,,,,,,Low,
MAT01877,,,,,,,,,,2024-04-24T08:00:00,,,,,Excipient,,,,,,,Low,
MAT01878,,,,,,,,,,2024-07-25T08:00:00,,,,,Excipient,,,,,,,Low,
MAT01879,,,,,,,,,,2025-06-02T08:00:00,,,,,API,,,,,,,High,
MAT01880,,,,,,,,,,2025-05-27T08:00:00,,,,,API,,,,,,,High,
MAT01881,,,,,,,,,,2024-12-14T08:00:00,,,,,API,,,,,,,Low,
MAT01882,,,,,,,,,,2024-12-01T08:00:00,,,,,Component,,,,,,,Medium,
MAT01883,,,,,,,,,,2025-06-12T08:00:00,,,,,API,,,,,,,Low,
MAT01884,,,,,,,,,,2024-02-07T08:00:00,,,,,API,,,,,,,Low,
MAT01885,,,,,,,,,,2025-12-31T08:00:00,,,,,Component,,,,,,,High,
MAT01886,,,,,,,,,,2024-11-14T08:00:00,,,,,API,,,,,,,Low,
MAT01887,,,,,,,,,,2024-12-07T08:00:00,,,,,API,,,,,,,Low,
MAT01888,,,,,,,,,,2024-04-15T08:00:00,,,,,Component,,,,,,,Low,
MAT01889,,,,,,,,,,2025-08-14T08:00:00,,,,,Excipient,,,,,,,Low,
MAT01890,,,,,,,,,,2024-11-24T08:00:00,,,,,Excipient,,,,,,,Low,
MAT01891,,,,,,,,,,2024-10-20T08:00:00,,,,,API,,,,,,,Low,
MAT01892,,,,,,,,,,2025-03-27T08:00:00,,,,,Excipient,,,,,,,Medium,
MAT01893,,,,,,,,,,2024-06-01T08:00:00,,,,,API,,,,,,,Medium,
MAT01894,,,,,,,,,,2024-04-27T08:00:00,,,,,API,,,,,,,Medium,
MAT01895,,,,,,,,,,2024-07-30T08:00:00,,,,,API,,,,,,,Low,
MAT01896,,,,,,,,,,2024-10-04T08:00:00,,,,,Excipient,,,,,,,Medium,
MAT01897,,,,,,,,,,2025-08-10T08:00:00,,,,,API,,,,,,,Medium,
MAT01898,,,,,,,,,,2024-03-13T08:00:00,,,,,API,,,,,,,Low,
MAT01899,,,,,,,,,,2025-07-07T08:00:00,,,,,Excipient,,,,,,,Medium,
MAT01900,,,,,,,,,,2024-05-13T08:00:00,,,,,Component,,,,,,,Low,
MAT01901,,,,,,,,,,2025-11-22T08:00:00,,,,,API,,,,,,,High,
MAT01902,,,,,,,,,,2025-01-27T08:00:00,,,,,API,,,,,,,Low,
MAT01903,,,,,,,,,,2025-03-12T08:00:00,,,,,API,,,,,,,Low,
MAT01904,,,,,,,,,,2025-12-22T08:00:00,,,,,Component,,,,,,,Low,
MAT01905,,,,,,,,,,2024-11-15T08:00:00,,,,,Component,,,,,,,Medium,
MAT01906,,,,,,,,,,2025-12-31T08:00:00,,,,,Excipient,,,,,,,Low,
MAT01907,,,,,,,,,,2025-08-04T08:00:00,,,,,API,,,,,,,High,
MAT01908,,,,,,,,,,2025-12-16T08:00:00,,,,,API,,,,,,,Low,
MAT01909,,,,,,,,,,2025-04-11T08:00:00,,,,,Component,,,,,,,Low,
MAT01910,,,,,,,,,,2025-04-26T08:00:00,,,,,Excipient,,,,,,,High,
MAT01911,,,,,,,,,,2024-05-27T08:00:00,,,,,API,,,,,,,Low,
MAT01912,,,,,,,,,,2025-02-05T08:00:00,,,,,Excipient,,,,,,,Medium,
MAT01913,,,,,,,,,,2024-11-28T08:00:00,,,,,API,,,,,,,Medium,
MAT01914,,,,,,,,,,2024-01-31T08:00:00,,,,,Component,,,,,,,High,
MAT01915,,,,,,,,,,2024-04-25T08:00:00,,,,,API,,,,,,,High,
MAT01916,,,,,,,,,,2025-04-17T08:00:00,,,,,Excipient,,,,,,,High,
MAT01917,,,,,,,,,,2024-12-22T08:00:00,,,,,API,,,,,,,Medium,
MAT01918,,,,,,,,,,2025-02-19T08:00:00,,,,,API,,,,,,,Low,
MAT01919,,,,,,,,,,2025-07-23T08:00:00,,,,,API,,,,,,,Medium,
MAT01920,,,,,,,,,,2025-06-29T08:00:00,,,,,API,,,,,,,Medium,
MAT01921,,,,,,,,,,2025-08-27T08:00:00,,,,,Component,,,,,,,High,
MAT01922,,,,,,,,,,2025-09-27T08:00:00,,,,,Component,,,,,,,Low,
MAT01923,,,,,,,,,,2025-05-08T08:00:00,,,,,API,,,,,,,Low,
MAT01924,,,,,,,,,,2024-12-14T08:00:00,,,,,Component,,,,,,,Low,
MAT01925,,,,,,,,,,2025-03-21T08:00:00,,,,,API,,,,,,,High,
MAT01926,,,,,,,,,,2024-06-26T08:00:00,,,,,Excipient,,,,,,,Low,
MAT01927,,,,,,,,,,2024-04-27T08:00:00,,,,,API,,,,,,,High,
MAT01928,,,,,,,,,,2025-07-22T08:00:00,,,,,Component,,,,,,,Medium,
MAT01929,,,,,,,,,,2024-06-29T08:00:00,,,,,API,,,,,,,High,
MAT01930,,,,,,,,,,2024-03-12T08:00:00,,,,,Excipient,,,,,,,High,
MAT01931,,,,,,,,,,2024-12-01T08:00:00,,,,,API,,,,,,,High,
MAT01932,,,,,,,,,,2024-04-02T08:00:00,,,,,Component,,,,,,,Low,
MAT01933,,,,,,,,,,2025-08-17T08:00:00,,,,,API,,,,,,,Low,
MAT01934,,,,,,,,,,2025-11-07T08:00:00,,,,,API,,,,,,,Low,
MAT01935,,,,,,,,,,2025-06-28T08:00:00,,,,,API,,,,,,,High,
MAT01936,,,,,,,,,,2025-09-22T08:00:00,,,,,Excipient,,,,,,,High,
MAT01937,,,,,,,,,,2024-07-29T08:00:00,,,,,Component,,,,,,,Low,
MAT01938,,,,,,,,,,2025-08-06T08:00:00,,,,,Excipient,,,,,,,Medium,
MAT01939,,,,,,,,,,2024-12-18T08:00:00,,,,,Excipient,,,,,,,High,
MAT01940,,,,,,,,,,2025-09-18T08:00:00,,,,,API,,,,,,,Low,
MAT01941,,,,,,,,,,2024-10-28T08:00:00,,,,,Component,,,,,,,Low,
MAT01942,,,,,,,,,,2025-07-16T08:00:00,,,,,API,,,,,,,Medium,
MAT01943,,,,,,,,,,2025-12-21T08:00:00,,,,,API,,,,,,,Low,
MAT01944,,,,,,,,,,2024-10-15T08:00:00,,,,,Excipient,,,,,,,Low,
MAT01945,,,,,,,,,,2025-03-18T08:00:00,,,,,API,,,,,,,Low,
MAT01946,,,,,,,,,,2025-12-29T08:00:00,,,,,Component,,,,,,,Medium,
MAT01947,,,,,,,,,,2025-01-25T08:00:00,,,,,Component,,,,,,,High,
MAT01948,,,,,,,,,,2025-11-09T08:00:00,,,,,Component,,,,,,,Low,
MAT01949,,,,,,,,,,2024-05-22T08:00:00,,,,,API,,,,,,,High,
MAT01950,,,,,,,,,,2025-01-03T08:00:00,,,,,API,,,,,,,High,
MAT01951,,,,,,,,,,2024-10-22T08:00:00,,,,,Component,,,,,,,Low,
MAT01952,,,,,,,,,,2024-01-12T08:00:00,,,,,API,,,,,,,Low,
MAT01953,,,,,,,,,,2024-05-27T08:00:00,,,,,API,,,,,,,Low,
MAT01954,,,,,,,,,,2024-05-19T08:00:00,,,,,Component,,,,,,,High,
MAT01955,,,,,,,,,,2025-10-19T08:00:00,,,,,API,,,,,,,Low,
MAT01956,,,,,,,,,,2025-12-13T08:00:00,,,,,Component,,,,,,,High,
MAT01957,,,,,,,,,,2025-04-10T08:00:00,,,,,Component,,,,,,,Low,
MAT01958,,,,,,,,,,2025-01-28T08:00:00,,,,,Component,,,,,,,High,
MAT01959,,,,,,,,,,2024-07-09T08:00:00,,,,,Excipient,,,,,,,Low,
MAT01960,,,,,,,,,,2025-08-14T08:00:00,,,,,Component,,,,,,,Low,
MAT01961,,,,,,,,,,2025-12-30T08:00:00,,,,,Component,,,,,,,Low,
MAT01962,,,,,,,,,,2025-07-13T08:00:00,,,,,Excipient,,,,,,,High,
MAT01963,,,,,,,,,,2024-02-08T08:00:00,,,,,Excipient,,,,,,,Low,
MAT01964,,,,,,,,,,2024-04-25T08:00:00,,,,,Component,,,,,,,Medium,
MAT01965,,,,,,,,,,2024-05-25T08:00:00,,,,,Component,,,,,,,Low,
MAT01966,,,,,,,,,,2025-06-13T08:00:00,,,,,Excipient,,,,,,,High,
MAT01967,,,,,,,,,,2024-09-08T08:00:00,,,,,API,,,,,,,Low,
MAT01968,,,,,,,,,,2025-12-01T08:00:00,,,,,Component,,,,,,,Low,
MAT01969,,,,,,,,,,2024-12-17T08:00:00,,,,,Excipient,,,,,,,Low,
MAT01970,,,,,,,,,,2025-04-09T08:00:00,,,,,API,,,,,,,High,
MAT01971,,,,,,,,,,2025-03-07T08:00:00,,,,,Component,,,,,,,Medium,
MAT01972,,,,,,,,,,2024-10-23T08:00:00,,,,,Excipient,,,,,,,Medium,
MAT01973,,,,,,,,,,2025-12-12T08:00:00,,,,,API,,,,,,,Low,
MAT01974,,,,,,,,,,2024-03-03T08:00:00,,,,,Excipient,,,,,,,Medium,
MAT01975,,,,,,,,,,2025-08-09T08:00:00,,,,,Component,,,,,,,Low,
MAT01976,,,,,,,,,,2025-10-01T08:00:00,,,,,API,,,,,,,Medium,
MAT01977,,,,,,,,,,2025-05-11T08:00:00,,,,,API,,,,,,,Medium,
MAT01978,,,,,,,,,,2025-06-01T08:00:00,,,,,API,,,,,,,Low,
MAT01979,,,,,,,,,,2024-09-15T08:00:00,,,,,API,,,,,,,Medium,
MAT01980,,,,,,,,,,2024-10-08T08:00:00,,,,,API,,,,,,,Medium,
MAT01981,,,,,,,,,,2024-04-24T08:00:00,,,,,Excipient,,,,,,,Low,
MAT01982,,,,,,,,,,2025-11-05T08:00:00,,,,,API,,,,,,,Low,
MAT01983,,,,,,,,,,2024-06-28T08:00:00,,,,,Component,,,,,,,Medium,
MAT01984,,,,,,,,,,2025-05-11T08:00:00,,,,,Excipient,,,,,,,Low,
MAT01985,,,,,,,,,,2024-12-17T08:00:00,,,,,API,,,,,,,Low,
MAT01986,,,,,,,,,,2025-09-01T08:00:00,,,,,API,,,,,,,Low,
MAT01987,,,,,,,,,,2025-02-26T08:00:00,,,,,API,,,,,,,High,
MAT01988,,,,,,,,,,2025-11-07T08:00:00,,,,,Component,,,,,,,Low,
MAT01989,,,,,,,,,,2024-08-03T08:00:00,,,,,Component,,,,,,,Low,
MAT01990,,,,,,,,,,2025-10-19T08:00:00,,,,,Excipient,,,,,,,Low,
MAT01991,,,,,,,,,,2024-02-23T08:00:00,,,,,Excipient,,,,,,,Low,
MAT01992,,,,,,,,,,2025-02-12T08:00:00,,,,,API,,,,,,,High,
MAT01993,,,,,,,,,,2025-05-02T08:00:00,,,,,Component,,,,,,,Medium,
MAT01994,,,,,,,,,,2025-11-30T08:00:00,,,,,API,,,,,,,High,
MAT01995,,,,,,,,,,2024-09-25T08:00:00,,,,,Component,,,,,,,High,
MAT01996,,,,,,,,,,2024-01-13T08:00:00,,,,,API,,,,,,,High,
MAT01997,,,,,,,,,,2025-01-26T08:00:00,,,,,Excipient,,,,,,,High,
MAT01998,,,,,,,,,,2024-04-09T08:00:00,,,,,Excipient,,,,,,,Low,
MAT01999,,,,,,,,,,2025-09-17T08:00:00,,,,,Excipient,,,,,,,High,
MAT02000,,,,,,,,,,2024-10-03T08:00:00,,,,,Excipient,,,,,,,Medium,
MAT02001,,,,,,,,,,2024-09-18T08:00:00,,,,,Excipient,,,,,,,Low,
MAT02002,,,,,,,,,,2025-11-22T08:00:00,,,,,Component,,,,,,,High,
MAT02003,,,,,,,,,,2025-06-16T08:00:00,,,,,API,,,,,,,Low,
MAT02004,,,,,,,,,,2024-11-16T08:00:00,,,,,Excipient,,,,,,,Low,
MAT02005,,,,,,,,,,2024-03-10T08:00:00,,,,,API,,,,,,,Low,
MAT02006,,,,,,,,,,2024-04-10T08:00:00,,,,,API,,,,,,,High,
MAT02007,,,,,,,,,,2024-12-25T08:00:00,,,,,API,,,,,,,High,
MAT02008,,,,,,,,,,2024-09-14T08:00:00,,,,,API,,,,,,,Medium,
MAT02009,,,,,,,,,,2024-01-25T08:00:00,,,,,API,,,,,,,Low,
MAT02010,,,,,,,,,,2025-08-31T08:00:00,,,,,API,,,,,,,Low,
MAT02011,,,,,,,,,,2025-12-26T08:00:00,,,,,API,,,,,,,Low,
MAT02012,,,,,,,,,,2025-09-11T08:00:00,,,,,API,,,,,,,Low,
MAT02013,,,,,,,,,,2025-11-03T08:00:00,,,,,API,,,,,,,High,
MAT02014,,,,,,,,,,2025-12-13T08:00:00,,,,,API,,,,,,,Low,
MAT02015,,,,,,,,,,2024-10-28T08:00:00,,,,,API,,,,,,,Medium,
MAT02016,,,,,,,,,,2025-10-16T08:00:00,,,,,Component,,,,,,,Low,
MAT02017,,,,,,,,,,2025-03-13T08:00:00,,,,,Component,,,,,,,Medium,
MAT02018,,,,,,,,,,2024-06-14T08:00:00,,,,,Excipient,,,,,,,Medium,
MAT02019,,,,,,,,,,2024-03-04T08:00:00,,,,,API,,,,,,,Medium,
MAT02020,,,,,,,,,,2024-12-06T08:00:00,,,,,Component,,,,,,,High,
MAT02021,,,,,,,,,,2024-09-28T08:00:00,,,,,API,,,,,,,Medium,
MAT02022,,,,,,,,,,2024-03-12T08:00:00,,,,,API,,,,,,,High,
MAT02023,,,,,,,,,,2025-09-16T08:00:00,,,,,Component,,,,,,,Low,
MAT02024,,,,,,,,,,2025-10-22T08:00:00,,,,,Component,,,,,,,Low,
MAT02025,,,,,,,,,,2024-05-27T08:00:00,,,,,Component,,,,,,,Low,
MAT02026,,,,,,,,,,2025-09-20T08:00:00,,,,,Component,,,,,,,Low,
MAT02027,,,,,,,,,,2024-09-22T08:00:00,,,,,API,,,,,,,High,
MAT02028,,,,,,,,,,2024-03-15T08:00:00,,,,,API,,,,,,,Low,
MAT02029,,,,,,,,,,2025-04-01T08:00:00,,,,,API,,,,,,,Medium,
MAT02030,,,,,,,,,,2024-06-01T08:00:00,,,,,API,,,,,,,High,
MAT02031,,,,,,,,,,2025-11-11T08:00:00,,,,,API,,,,,,,Low,
MAT02032,,,,,,,,,,2024-06-04T08:00:00,,,,,Component,,,,,,,Medium,
MAT02033,,,,,,,,,,2025-08-11T08:00:00,,,,,Excipient,,,,,,,High,
MAT02034,,,,,,,,,,2025-05-04T08:00:00,,,,,API,,,,,,,High,
MAT02035,,,,,,,,,,2024-03-12T08:00:00,,,,,Component,,,,,,,High,
MAT02036,,,,,,,,,,2025-01-28T08:00:00,,,,,API,,,,,,,Low,
MAT02037,,,,,,,,,,2025-08-03T08:00:00,,,,,Component,,,,,,,Low,
MAT02038,,,,,,,,,,2025-11-29T08:00:00,,,,,Excipient,,,,,,,Medium,
MAT02039,,,,,,,,,,2024-02-26T08:00:00,,,,,Excipient,,,,,,,High,
MAT02040,,,,,,,,,,2025-07-01T08:00:00,,,,,API,,,,,,,Medium,
MAT02041,,,,,,,,,,2025-04-15T08:00:00,,,,,Excipient,,,,,,,Low,
MAT02042,,,,,,,,,,2024-06-29T08:00:00,,,,,Excipient,,,,,,,Low,
MAT02043,,,,,,,,,,2025-11-07T08:00:00,,,,,API,,,,,,,High,
MAT02044,,,,,,,,,,2025-12-13T08:00:00,,,,,API,,,,,,,Medium,
MAT02045,,,,,,,,,,2025-10-07T08:00:00,,,,,Component,,,,,,,Low,
MAT02046,,,,,,,,,,2024-03-27T08:00:00,,,,,Excipient,,,,,,,High,
MAT02047,,,,,,,,,,2024-05-23T08:00:00,,,,,Component,,,,,,,Low,
MAT02048,,,,,,,,,,2024-01-26T08:00:00,,,,,API,,,,,,,Low,
MAT02049,,,,,,,,,,2025-02-02T08:00:00,,,,,API,,,,,,,High,
MAT02050,,,,,,,,,,2025-05-26T08:00:00,,,,,API,,,,,,,Medium,
MAT02051,,,,,,,,,,2024-02-07T08:00:00,,,,,Component,,,,,,,Low,
MAT02052,,,,,,,,,,2024-12-11T08:00:00,,,,,Excipient,,,,,,,Low,
MAT02053,,,,,,,,,,2024-05-01T08:00:00,,,,,API,,,,,,,High,
MAT02054,,,,,,,,,,2025-11-25T08:00:00,,,,,API,,,,,,,High,
MAT02055,,,,,,,,,,2024-03-14T08:00:00,,,,,API,,,,,,,Low,
MAT02056,,,,,,,,,,2025-05-15T08:00:00,,,,,API,,,,,,,Low,
MAT02057,,,,,,,,,,2025-09-25T08:00:00,,,,,API,,,,,,,High,
MAT02058,,,,,,,,,,2025-12-19T08:00:00,,,,,API,,,,,,,Low,
MAT02059,,,,,,,,,,2024-06-25T08:00:00,,,,,API,,,,,,,Low,
MAT02060,,,,,,,,,,2024-04-09T08:00:00,,,,,API,,,,,,,Medium,
MAT02061,,,,,,,,,,2025-08-28T08:00:00,,,,,Component,,,,,,,Low,
MAT02062,,,,,,,,,,2024-04-26T08:00:00,,,,,API,,,,,,,Low,
MAT02063,,,,,,,,,,2024-03-05T08:00:00,,,,,Component,,,,,,,Low,
MAT02064,,,,,,,,,,2024-12-11T08:00:00,,,,,API,,,,,,,High,
MAT02065,,,,,,,,,,2024-05-03T08:00:00,,,,,Component,,,,,,,Medium,
MAT02066,,,,,,,,,,2024-08-06T08:00:00,,,,,API,,,,,,,Medium,
MAT02067,,,,,,,,,,2024-12-09T08:00:00,,,,,API,,,,,,,Low,
MAT02068,,,,,,,,,,2024-10-07T08:00:00,,,,,API,,,,,,,Low,
MAT02069,,,,,,,,,,2024-06-21T08:00:00,,,,,API,,,,,,,High,
MAT02070,,,,,,,,,,2025-03-25T08:00:00,,,,,Excipient,,,,,,,Low,
MAT02071,,,,,,,,,,2024-05-16T08:00:00,,,,,API,,,,,,,Low,
MAT02072,,,,,,,,,,2024-06-10T08:00:00,,,,,API,,,,,,,High,
MAT02073,,,,,,,,,,2024-03-23T08:00:00,,,,,API,,,,,,,High,
MAT02074,,,,,,,,,,2024-07-02T08:00:00,,,,,API,,,,,,,Low,
MAT02075,,,,,,,,,,2025-03-02T08:00:00,,,,,API,,,,,,,Medium,
MAT02076,,,,,,,,,,2024-07-30T08:00:00,,,,,Component,,,,,,,Low,
MAT02077,,,,,,,,,,2025-06-19T08:00:00,,,,,API,,,,,,,Medium,
MAT02078,,,,,,,,,,2024-09-01T08:00:00,,,,,Component,,,,,,,High,
MAT02079,,,,,,,,,,2025-09-02T08:00:00,,,,,API,,,,,,,Low,
MAT02080,,,,,,,,,,2025-09-18T08:00:00,,,,,API,,,,,,,High,
MAT02081,,,,,,,,,,2024-12-22T08:00:00,,,,,API,,,,,,,Medium,
MAT02082,,,,,,,,,,2025-07-25T08:00:00,,,,,Component,,,,,,,Low,
MAT02083,,,,,,,,,,2024-04-30T08:00:00,,,,,API,,,,,,,Low,
MAT02084,,,,,,,,,,2025-07-06T08:00:00,,,,,API,,,,,,,Medium,
MAT02085,,,,,,,,,,2025-10-03T08:00:00,,,,,API,,,,,,,High,
MAT02086,,,,,,,,,,2024-02-24T08:00:00,,,,,API,,,,,,,Medium,
MAT02087,,,,,,,,,,2024-06-01T08:00:00,,,,,API,,,,,,,Low,
MAT02088,,,,,,,,,,2024-06-29T08:00:00,,,,,Component,,,,,,,High,
MAT02089,,,,,,,,,,2024-02-25T08:00:00,,,,,API,,,,,,,Low,
MAT02090,,,,,,,,,,2024-08-02T08:00:00,,,,,Excipient,,,,,,,Medium,
MAT02091,,,,,,,,,,2024-12-08T08:00:00,,,,,Component,,,,,,,Medium,
MAT02092,,,,,,,,,,2024-04-16T08:00:00,,,,,Component,,,,,,,Low,
MAT02093,,,,,,,,,,2024-06-10T08:00:00,,,,,API,,,,,,,Low,
MAT02094,,,,,,,,,,2025-06-11T08:00:00,,,,,API,,,,,,,High,
MAT02095,,,,,,,,,,2024-08-28T08:00:00,,,,,API,,,,,,,Low,
MAT02096,,,,,,,,,,2025-03-05T08:00:00,,,,,Component,,,,,,,Medium,
MAT02097,,,,,,,,,,2024-08-23T08:00:00,,,,,API,,,,,,,Medium,
MAT02098,,,,,,,,,,2024-08-21T08:00:00,,,,,API,,,,,,,Medium,
MAT02099,,,,,,,,,,2025-02-26T08:00:00,,,,,API,,,,,,,Low,
MAT02100,,,,,,,,,,2024-08-13T08:00:00,,,,,API,,,,,,,High,
MAT02101,,,,,,,,,,2025-08-22T08:00:00,,,,,API,,,,,,,High,
MAT02102,,,,,,,,,,2025-03-22T08:00:00,,,,,Component,,,,,,,Low,
MAT02103,,,,,,,,,,2025-09-16T08:00:00,,,,,API,,,,,,,Low,
MAT02104,,,,,,,,,,2025-01-31T08:00:00,,,,,Component,,,,,,,Low,
MAT02105,,,,,,,,,,2025-04-13T08:00:00,,,,,Excipient,,,,,,,Low,
MAT02106,,,,,,,,,,2024-10-03T08:00:00,,,,,API,,,,,,,Medium,
MAT02107,,,,,,,,,,2024-05-10T08:00:00,,,,,API,,,,,,,Medium,
MAT02108,,,,,,,,,,2024-10-14T08:00:00,,,,,API,,,,,,,Low,
MAT02109,,,,,,,,,,2025-04-21T08:00:00,,,,,API,,,,,,,Low,
MAT02110,,,,,,,,,,2024-06-24T08:00:00,,,,,Component,,,,,,,High,
MAT02111,,,,,,,,,,2024-10-29T08:00:00,,,,,Excipient,,,,,,,Low,
MAT02112,,,,,,,,,,2025-08-14T08:00:00,,,,,API,,,,,,,Low,
MAT02113,,,,,,,,,,2025-02-25T08:00:00,,,,,API,,,,,,,Low,
MAT02114,,,,,,,,,,2025-08-28T08:00:00,,,,,Component,,,,,,,Low,
MAT02115,,,,,,,,,,2024-10-12T08:00:00,,,,,Component,,,,,,,High,
MAT02116,,,,,,,,,,2024-09-09T08:00:00,,,,,API,,,,,,,High,
MAT02117,,,,,,,,,,2025-03-20T08:00:00,,,,,API,,,,,,,Medium,
MAT02118,,,,,,,,,,2025-08-10T08:00:00,,,,,API,,,,,,,Low,
MAT02119,,,,,,,,,,2024-02-15T08:00:00,,,,,API,,,,,,,High,
MAT02120,,,,,,,,,,2025-05-31T08:00:00,,,,,API,,,,,,,High,
MAT02121,,,,,,,,,,2025-06-27T08:00:00,,,,,API,,,,,,,High,
MAT02122,,,,,,,,,,2025-12-14T08:00:00,,,,,Component,,,,,,,High,
MAT02123,,,,,,,,,,2025-05-22T08:00:00,,,,,API,,,,,,,High,
MAT02124,,,,,,,,,,2025-07-25T08:00:00,,,,,API,,,,,,,Low,
MAT02125,,,,,,,,,,2024-08-11T08:00:00,,,,,API,,,,,,,High,
MAT02126,,,,,,,,,,2024-10-29T08:00:00,,,,,API,,,,,,,Medium,
MAT02127,,,,,,,,,,2024-01-17T08:00:00,,,,,API,,,,,,,Low,
MAT02128,,,,,,,,,,2024-06-14T08:00:00,,,,,Component,,,,,,,Medium,
MAT02129,,,,,,,,,,2025-04-10T08:00:00,,,,,Component,,,,,,,Low,
MAT02130,,,,,,,,,,2025-12-21T08:00:00,,,,,Component,,,,,,,Low,
MAT02131,,,,,,,,,,2025-01-14T08:00:00,,,,,Component,,,,,,,Low,
MAT02132,,,,,,,,,,2025-10-04T08:00:00,,,,,Component,,,,,,,Low,
MAT02133,,,,,,,,,,2025-12-08T08:00:00,,,,,API,,,,,,,High,
MAT02134,,,,,,,,,,2024-10-30T08:00:00,,,,,Excipient,,,,,,,Low,
MAT02135,,,,,,,,,,2025-12-15T08:00:00,,,,,Component,,,,,,,Medium,
MAT02136,,,,,,,,,,2025-09-27T08:00:00,,,,,API,,,,,,,Low,
MAT02137,,,,,,,,,,2025-06-11T08:00:00,,,,,Excipient,,,,,,,Low,
MAT02138,,,,,,,,,,2024-04-23T08:00:00,,,,,Excipient,,,,,,,Low,
MAT02139,,,,,,,,,,2025-04-21T08:00:00,,,,,Component,,,,,,,Medium,
MAT02140,,,,,,,,,,2025-01-10T08:00:00,,,,,API,,,,,,,Medium,
MAT02141,,,,,,,,,,2025-07-28T08:00:00,,,,,API,,,,,,,Low,
MAT02142,,,,,,,,,,2024-12-08T08:00:00,,,,,API,,,,,,,Low,
MAT02143,,,,,,,,,,2025-10-26T08:00:00,,,,,API,,,,,,,Low,
MAT02144,,,,,,,,,,2024-08-18T08:00:00,,,,,Component,,,,,,,Low,
MAT02145,,,,,,,,,,2024-09-30T08:00:00,,,,,Excipient,,,,,,,Medium,
MAT02146,,,,,,,,,,2024-02-25T08:00:00,,,,,Component,,,,,,,Medium,
MAT02147,,,,,,,,,,2024-12-19T08:00:00,,,,,API,,,,,,,Medium,
MAT02148,,,,,,,,,,2025-05-28T08:00:00,,,,,Component,,,,,,,High,
MAT02149,,,,,,,,,,2025-12-27T08:00:00,,,,,API,,,,,,,High,
MAT02150,,,,,,,,,,2025-09-27T08:00:00,,,,,Excipient,,,,,,,High,
MAT02151,,,,,,,,,,2024-07-11T08:00:00,,,,,Excipient,,,,,,,Low,
MAT02152,,,,,,,,,,2024-03-23T08:00:00,,,,,Component,,,,,,,Low,
MAT02153,,,,,,,,,,2024-10-22T08:00:00,,,,,Component,,,,,,,Low,
MAT02154,,,,,,,,,,2024-06-17T08:00:00,,,,,API,,,,,,,Low,
MAT02155,,,,,,,,,,2025-12-14T08:00:00,,,,,Excipient,,,,,,,Low,
MAT02156,,,,,,,,,,2024-06-03T08:00:00,,,,,API,,,,,,,High,
MAT02157,,,,,,,,,,2024-10-27T08:00:00,,,,,API,,,,,,,Low,
MAT02158,,,,,,,,,,2025-04-30T08:00:00,,,,,Component,,,,,,,Low,
MAT02159,,,,,,,,,,2025-03-30T08:00:00,,,,,Excipient,,,,,,,High,
MAT02160,,,,,,,,,,2024-07-12T08:00:00,,,,,API,,,,,,,Medium,
MAT02161,,,,,,,,,,2024-08-25T08:00:00,,,,,API,,,,,,,Low,
MAT02162,,,,,,,,,,2025-08-15T08:00:00,,,,,Excipient,,,,,,,High,
MAT02163,,,,,,,,,,2025-05-12T08:00:00,,,,,Excipient,,,,,,,Medium,
MAT02164,,,,,,,,,,2024-11-07T08:00:00,,,,,Component,,,,,,,High,
MAT02165,,,,,,,,,,2024-06-24T08:00:00,,,,,API,,,,,,,Medium,
MAT02166,,,,,,,,,,2025-05-10T08:00:00,,,,,Excipient,,,,,,,Low,
MAT02167,,,,,,,,,,2024-02-18T08:00:00,,,,,Excipient,,,,,,,Medium,
MAT02168,,,,,,,,,,2024-10-18T08:00:00,,,,,API,,,,,,,Medium,
MAT02169,,,,,,,,,,2025-09-25T08:00:00,,,,,Component,,,,,,,Low,
MAT02170,,,,,,,,,,2024-07-05T08:00:00,,,,,API,,,,,,,Medium,
MAT02171,,,,,,,,,,2024-06-14T08:00:00,,,,,API,,,,,,,Low,
MAT02172,,,,,,,,,,2024-02-12T08:00:00,,,,,API,,,,,,,Low,
MAT02173,,,,,,,,,,2025-03-27T08:00:00,,,,,Excipient,,,,,,,Low,
MAT02174,,,,,,,,,,2024-07-07T08:00:00,,,,,Excipient,,,,,,,Medium,
MAT02175,,,,,,,,,,2025-11-12T08:00:00,,,,,API,,,,,,,Low,
MAT02176,,,,,,,,,,2024-05-31T08:00:00,,,,,Excipient,,,,,,,Medium,
MAT02177,,,,,,,,,,2025-07-06T08:00:00,,,,,Excipient,,,,,,,High,
MAT02178,,,,,,,,,,2024-05-04T08:00:00,,,,,API,,,,,,,Medium,
MAT02179,,,,,,,,,,2025-05-26T08:00:00,,,,,API,,,,,,,High,
MAT02180,,,,,,,,,,2024-11-23T08:00:00,,,,,API,,,,,,,High,
MAT02181,,,,,,,,,,2025-07-13T08:00:00,,,,,API,,,,,,,Low,
MAT02182,,,,,,,,,,2025-04-30T08:00:00,,,,,Excipient,,,,,,,Medium,
MAT02183,,,,,,,,,,2025-08-01T08:00:00,,,,,Excipient,,,,,,,Low,
MAT02184,,,,,,,,,,2025-12-06T08:00:00,,,,,Component,,,,,,,Medium,
MAT02185,,,,,,,,,,2024-02-11T08:00:00,,,,,API,,,,,,,High,
MAT02186,,,,,,,,,,2024-11-11T08:00:00,,,,,API,,,,,,,Low,
MAT02187,,,,,,,,,,2025-09-24T08:00:00,,,,,API,,,,,,,High,
MAT02188,,,,,,,,,,2024-12-31T08:00:00,,,,,API,,,,,,,High,
MAT02189,,,,,,,,,,2024-02-26T08:00:00,,,,,API,,,,,,,Medium,
MAT02190,,,,,,,,,,2024-10-11T08:00:00,,,,,API,,,,,,,Low,
MAT02191,,,,,,,,,,2024-03-26T08:00:00,,,,,API,,,,,,,Low,
MAT02192,,,,,,,,,,2025-06-08T08:00:00,,,,,Component,,,,,,,Low,
MAT02193,,,,,,,,,,2025-05-17T08:00:00,,,,,Component,,,,,,,Low,
MAT02194,,,,,,,,,,2025-11-13T08:00:00,,,,,Excipient,,,,,,,Low,
MAT02195,,,,,,,,,,2024-05-31T08:00:00,,,,,Excipient,,,,,,,High,
MAT02196,,,,,,,,,,2025-01-30T08:00:00,,,,,Component,,,,,,,Medium,
MAT02197,,,,,,,,,,2024-10-18T08:00:00,,,,,Excipient,,,,,,,Low,
MAT02198,,,,,,,,,,2024-11-11T08:00:00,,,,,Excipient,,,,,,,Medium,
MAT02199,,,,,,,,,,2024-08-08T08:00:00,,,,,Component,,,,,,,Low,
MAT02200,,,,,,,,,,2025-03-29T08:00:00,,,,,Component,,,,,,,High,
MAT02201,,,,,,,,,,2025-03-10T08:00:00,,,,,Excipient,,,,,,,Low,
MAT02202,,,,,,,,,,2025-08-24T08:00:00,,,,,Component,,,,,,,Low,
MAT02203,,,,,,,,,,2024-07-31T08:00:00,,,,,API,,,,,,,Low,
MAT02204,,,,,,,,,,2025-06-21T08:00:00,,,,,Excipient,,,,,,,High,
MAT02205,,,,,,,,,,2025-08-27T08:00:00,,,,,Excipient,,,,,,,Low,
MAT02206,,,,,,,,,,2024-01-07T08:00:00,,,,,Component,,,,,,,Low,
MAT02207,,,,,,,,,,2025-02-28T08:00:00,,,,,Component,,,,,,,Medium,
MAT02208,,,,,,,,,,2025-12-28T08:00:00,,,,,API,,,,,,,High,
MAT02209,,,,,,,,,,2024-07-09T08:00:00,,,,,API,,,,,,,Low,
MAT02210,,,,,,,,,,2025-07-21T08:00:00,,,,,Component,,,,,,,Medium,
MAT02211,,,,,,,,,,2024-11-05T08:00:00,,,,,Component,,,,,,,Low,
MAT02212,,,,,,,,,,2025-07-26T08:00:00,,,,,Excipient,,,,,,,High,
MAT02213,,,,,,,,,,2024-01-28T08:00:00,,,,,Component,,,,,,,Low,
MAT02214,,,,,,,,,,2024-09-25T08:00:00,,,,,API,,,,,,,Low,
MAT02215,,,,,,,,,,2024-05-07T08:00:00,,,,,Excipient,,,,,,,High,
MAT02216,,,,,,,,,,2024-07-02T08:00:00,,,,,Excipient,,,,,,,High,
MAT02217,,,,,,,,,,2024-01-30T08:00:00,,,,,Component,,,,,,,Low,
MAT02218,,,,,,,,,,2025-05-19T08:00:00,,,,,API,,,,,,,Medium,
MAT02219,,,,,,,,,,2025-08-18T08:00:00,,,,,API,,,,,,,Medium,
MAT02220,,,,,,,,,,2024-09-21T08:00:00,,,,,Component,,,,,,,High,
MAT02221,,,,,,,,,,2025-01-17T08:00:00,,,,,Component,,,,,,,Low,
MAT02222,,,,,,,,,,2024-06-15T08:00:00,,,,,API,,,,,,,Medium,
MAT02223,,,,,,,,,,2024-11-23T08:00:00,,,,,API,,,,,,,Low,
MAT02224,,,,,,,,,,2024-12-31T08:00:00,,,,,Component,,,,,,,Low,
MAT02225,,,,,,,,,,2024-10-06T08:00:00,,,,,API,,,,,,,Low,
MAT02226,,,,,,,,,,2025-10-13T08:00:00,,,,,Excipient,,,,,,,High,
MAT02227,,,,,,,,,,2024-10-23T08:00:00,,,,,Excipient,,,,,,,Low,
MAT02228,,,,,,,,,,2025-06-10T08:00:00,,,,,Excipient,,,,,,,Low,
MAT02229,,,,,,,,,,2024-04-06T08:00:00,,,,,API,,,,,,,Low,
MAT02230,,,,,,,,,,2024-11-19T08:00:00,,,,,API,,,,,,,Medium,
MAT02231,,,,,,,,,,2025-12-02T08:00:00,,,,,Excipient,,,,,,,Medium,
MAT02232,,,,,,,,,,2025-07-01T08:00:00,,,,,Excipient,,,,,,,Low,
MAT02233,,,,,,,,,,2024-01-14T08:00:00,,,,,Excipient,,,,,,,Low,
MAT02234,,,,,,,,,,2025-01-16T08:00:00,,,,,API,,,,,,,Medium,
MAT02235,,,,,,,,,,2024-12-14T08:00:00,,,,,Component,,,,,,,High,
MAT02236,,,,,,,,,,2024-08-11T08:00:00,,,,,API,,,,,,,Low,
MAT02237,,,,,,,,,,2024-07-11T08:00:00,,,,,API,,,,,,,Low,
MAT02238,,,,,,,,,,2025-04-16T08:00:00,,,,,API,,,,,,,High,
MAT02239,,,,,,,,,,2024-05-14T08:00:00,,,,,API,,,,,,,Low,
MAT02240,,,,,,,,,,2024-12-22T08:00:00,,,,,API,,,,,,,High,
MAT02241,,,,,,,,,,2024-05-22T08:00:00,,,,,Excipient,,,,,,,Medium,
MAT02242,,,,,,,,,,2024-06-25T08:00:00,,,,,Component,,,,,,,Medium,
MAT02243,,,,,,,,,,2024-05-01T08:00:00,,,,,Excipient,,,,,,,Low,
MAT02244,,,,,,,,,,2025-12-11T08:00:00,,,,,API,,,,,,,Low,
MAT02245,,,,,,,,,,2024-11-10T08:00:00,,,,,API,,,,,,,Low,
MAT02246,,,,,,,,,,2024-05-13T08:00:00,,,,,API,,,,,,,Low,
MAT02247,,,,,,,,,,2025-12-08T08:00:00,,,,,API,,,,,,,High,
MAT02248,,,,,,,,,,2024-01-20T08:00:00,,,,,API,,,,,,,Low,
MAT02249,,,,,,,,,,2024-02-13T08:00:00,,,,,Component,,,,,,,High,
MAT02250,,,,,,,,,,2024-02-03T08:00:00,,,,,API,,,,,,,Low,
MAT02251,,,,,,,,,,2024-05-01T08:00:00,,,,,API,,,,,,,High,
MAT02252,,,,,,,,,,2024-03-08T08:00:00,,,,,Excipient,,,,,,,Low,
MAT02253,,,,,,,,,,2024-04-08T08:00:00,,,,,Excipient,,,,,,,Low,
MAT02254,,,,,,,,,,2025-08-24T08:00:00,,,,,API,,,,,,,Low,
MAT02255,,,,,,,,,,2025-11-17T08:00:00,,,,,API,,,,,,,Low,
MAT02256,,,,,,,,,,2024-04-02T08:00:00,,,,,Excipient,,,,,,,Low,
MAT02257,,,,,,,,,,2025-08-16T08:00:00,,,,,API,,,,,,,Medium,
MAT02258,,,,,,,,,,2024-06-13T08:00:00,,,,,Excipient,,,,,,,Medium,
MAT02259,,,,,,,,,,2024-04-11T08:00:00,,,,,API,,,,,,,Low,
MAT02260,,,,,,,,,,2024-07-15T08:00:00,,,,,API,,,,,,,Low,
MAT02261,,,,,,,,,,2025-07-04T08:00:00,,,,,Excipient,,,,,,,Low,
MAT02262,,,,,,,,,,2024-08-07T08:00:00,,,,,API,,,,,,,Low,
MAT02263,,,,,,,,,,2025-12-15T08:00:00,,,,,Component,,,,,,,Medium,
MAT02264,,,,,,,,,,2025-11-20T08:00:00,,,,,API,,,,,,,High,
MAT02265,,,,,,,,,,2024-12-29T08:00:00,,,,,API,,,,,,,Low,
MAT02266,,,,,,,,,,2024-08-07T08:00:00,,,,,Component,,,,,,,High,
MAT02267,,,,,,,,,,2024-04-25T08:00:00,,,,,API,,,,,,,High,
MAT02268,,,,,,,,,,2025-04-22T08:00:00,,,,,Excipient,,,,,,,Low,
MAT02269,,,,,,,,,,2025-05-22T08:00:00,,,,,API,,,,,,,Low,
MAT02270,,,,,,,,,,2025-07-24T08:00:00,,,,,Excipient,,,,,,,Medium,
MAT02271,,,,,,,,,,2024-12-01T08:00:00,,,,,API,,,,,,,Low,
MAT02272,,,,,,,,,,2025-01-29T08:00:00,,,,,Component,,,,,,,Low,
MAT02273,,,,,,,,,,2025-09-06T08:00:00,,,,,Excipient,,,,,,,High,
MAT02274,,,,,,,,,,2024-08-19T08:00:00,,,,,Excipient,,,,,,,High,
MAT02275,,,,,,,,,,2025-03-14T08:00:00,,,,,Component,,,,,,,Medium,
MAT02276,,,,,,,,,,2025-05-02T08:00:00,,,,,API,,,,,,,Low,
MAT02277,,,,,,,,,,2024-01-14T08:00:00,,,,,Excipient,,,,,,,Low,
MAT02278,,,,,,,,,,2025-02-09T08:00:00,,,,,Component,,,,,,,Low,
MAT02279,,,,,,,,,,2024-05-02T08:00:00,,,,,Component,,,,,,,Low,
MAT02280,,,,,,,,,,2025-02-14T08:00:00,,,,,API,,,,,,,High,
MAT02281,,,,,,,,,,2024-03-07T08:00:00,,,,,API,,,,,,,Low,
MAT02282,,,,,,,,,,2024-12-12T08:00:00,,,,,Excipient,,,,,,,Low,
MAT02283,,,,,,,,,,2024-05-05T08:00:00,,,,,API,,,,,,,High,
MAT02284,,,,,,,,,,2025-05-26T08:00:00,,,,,API,,,,,,,High,
MAT02285,,,,,,,,,,2025-10-21T08:00:00,,,,,Excipient,,,,,,,Medium,
MAT02286,,,,,,,,,,2025-05-02T08:00:00,,,,,Component,,,,,,,Medium,
MAT02287,,,,,,,,,,2025-06-07T08:00:00,,,,,Component,,,,,,,High,
MAT02288,,,,,,,,,,2025-04-10T08:00:00,,,,,Excipient,,,,,,,Low,
MAT02289,,,,,,,,,,2024-09-13T08:00:00,,,,,API,,,,,,,Low,
MAT02290,,,,,,,,,,2024-08-24T08:00:00,,,,,Component,,,,,,,High,
MAT02291,,,,,,,,,,2024-04-11T08:00:00,,,,,API,,,,,,,Low,
MAT02292,,,,,,,,,,2025-05-25T08:00:00,,,,,API,,,,,,,Low,
MAT02293,,,,,,,,,,2025-01-26T08:00:00,,,,,API,,,,,,,Low,
MAT02294,,,,,,,,,,2024-11-06T08:00:00,,,,,Excipient,,,,,,,Low,
MAT02295,,,,,,,,,,2025-11-07T08:00:00,,,,,API,,,,,,,Low,
MAT02296,,,,,,,,,,2024-07-25T08:00:00,,,,,Component,,,,,,,High,
MAT02297,,,,,,,,,,2025-05-17T08:00:00,,,,,Excipient,,,,,,,High,
MAT02298,,,,,,,,,,2025-07-07T08:00:00,,,,,Excipient,,,,,,,Medium,
MAT02299,,,,,,,,,,2025-03-16T08:00:00,,,,,API,,,,,,,Low,
MAT02300,,,,,,,,,,2025-04-05T08:00:00,,,,,API,,,,,,,High,
MAT02301,,,,,,,,,,2025-03-29T08:00:00,,,,,Excipient,,,,,,,High,
MAT02302,,,,,,,,,,2024-02-03T08:00:00,,,,,Component,,,,,,,Low,
MAT02303,,,,,,,,,,2025-12-24T08:00:00,,,,,API,,,,,,,Medium,
MAT02304,,,,,,,,,,2025-03-17T08:00:00,,,,,API,,,,,,,High,
MAT02305,,,,,,,,,,2025-02-02T08:00:00,,,,,API,,,,,,,Medium,
MAT02306,,,,,,,,,,2025-08-05T08:00:00,,,,,Component,,,,,,,Low,
MAT02307,,,,,,,,,,2025-05-02T08:00:00,,,,,Component,,,,,,,High,
MAT02308,,,,,,,,,,2025-02-04T08:00:00,,,,,API,,,,,,,Low,
MAT02309,,,,,,,,,,2025-08-28T08:00:00,,,,,Excipient,,,,,,,High,
MAT02310,,,,,,,,,,2024-10-18T08:00:00,,,,,Component,,,,,,,Medium,
MAT02311,,,,,,,,,,2024-01-29T08:00:00,,,,,Excipient,,,,,,,Low,
MAT02312,,,,,,,,,,2025-01-10T08:00:00,,,,,API,,,,,,,Low,
MAT02313,,,,,,,,,,2025-10-02T08:00:00,,,,,Excipient,,,,,,,Low,
MAT02314,,,,,,,,,,2024-04-09T08:00:00,,,,,Excipient,,,,,,,High,
MAT02315,,,,,,,,,,2024-12-31T08:00:00,,,,,Component,,,,,,,Medium,
MAT02316,,,,,,,,,,2024-02-27T08:00:00,,,,,Component,,,,,,,Medium,
MAT02317,,,,,,,,,,2024-08-28T08:00:00,,,,,API,,,,,,,Low,
MAT02318,,,,,,,,,,2025-12-05T08:00:00,,,,,Excipient,,,,,,,Low,
MAT02319,,,,,,,,,,2024-04-27T08:00:00,,,,,API,,,,,,,Medium,
MAT02320,,,,,,,,,,2024-01-21T08:00:00,,,,,Excipient,,,,,,,Low,
MAT02321,,,,,,,,,,2025-04-16T08:00:00,,,,,Excipient,,,,,,,Low,
MAT02322,,,,,,,,,,2024-09-30T08:00:00,,,,,Component,,,,,,,High,
MAT02323,,,,,,,,,,2025-08-25T08:00:00,,,,,API,,,,,,,High,
MAT02324,,,,,,,,,,2025-01-21T08:00:00,,,,,API,,,,,,,Medium,
MAT02325,,,,,,,,,,2025-08-09T08:00:00,,,,,Component,,,,,,,Medium,
MAT02326,,,,,,,,,,2024-04-12T08:00:00,,,,,API,,,,,,,High,
MAT02327,,,,,,,,,,2025-05-23T08:00:00,,,,,API,,,,,,,Medium,
MAT02328,,,,,,,,,,2025-09-21T08:00:00,,,,,Excipient,,,,,,,Low,
MAT02329,,,,,,,,,,2025-03-22T08:00:00,,,,,Excipient,,,,,,,Medium,
MAT02330,,,,,,,,,,2025-10-12T08:00:00,,,,,API,,,,,,,High,
MAT02331,,,,,,,,,,2024-10-21T08:00:00,,,,,API,,,,,,,Low,
MAT02332,,,,,,,,,,2024-10-31T08:00:00,,,,,Excipient,,,,,,,Low,
MAT02333,,,,,,,,,,2025-10-01T08:00:00,,,,,Component,,,,,,,Low,
MAT02334,,,,,,,,,,2025-08-29T08:00:00,,,,,API,,,,,,,Low,
MAT02335,,,,,,,,,,2024-03-09T08:00:00,,,,,Excipient,,,,,,,Medium,
MAT02336,,,,,,,,,,2024-08-02T08:00:00,,,,,Component,,,,,,,High,
MAT02337,,,,,,,,,,2025-10-29T08:00:00,,,,,Excipient,,,,,,,Low,
MAT02338,,,,,,,,,,2025-03-19T08:00:00,,,,,Excipient,,,,,,,Medium,
MAT02339,,,,,,,,,,2025-02-28T08:00:00,,,,,Excipient,,,,,,,Low,
MAT02340,,,,,,,,,,2025-10-01T08:00:00,,,,,Component,,,,,,,Medium,
MAT02341,,,,,,,,,,2024-01-20T08:00:00,,,,,Component,,,,,,,Low,
MAT02342,,,,,,,,,,2024-08-06T08:00:00,,,,,API,,,,,,,High,
MAT02343,,,,,,,,,,2025-10-15T08:00:00,,,,,Component,,,,,,,Medium,
MAT02344,,,,,,,,,,2025-06-18T08:00:00,,,,,Component,,,,,,,Low,
MAT02345,,,,,,,,,,2025-04-18T08:00:00,,,,,API,,,,,,,Medium,
MAT02346,,,,,,,,,,2024-06-03T08:00:00,,,,,API,,,,,,,Low,
MAT02347,,,,,,,,,,2025-02-24T08:00:00,,,,,Excipient,,,,,,,High,
MAT02348,,,,,,,,,,2025-10-11T08:00:00,,,,,Excipient,,,,,,,Low,
MAT02349,,,,,,,,,,2024-09-30T08:00:00,,,,,API,,,,,,,High,
MAT02350,,,,,,,,,,2024-09-19T08:00:00,,,,,Excipient,,,,,,,Low,
MAT02351,,,,,,,,,,2024-09-01T08:00:00,,,,,API,,,,,,,High,
MAT02352,,,,,,,,,,2024-07-15T08:00:00,,,,,API,,,,,,,Low,
MAT02353,,,,,,,,,,2024-11-13T08:00:00,,,,,API,,,,,,,Low,
MAT02354,,,,,,,,,,2025-07-27T08:00:00,,,,,Component,,,,,,,High,
MAT02355,,,,,,,,,,2025-10-24T08:00:00,,,,,Component,,,,,,,High,
MAT02356,,,,,,,,,,2024-06-12T08:00:00,,,,,API,,,,,,,Low,
MAT02357,,,,,,,,,,2024-01-30T08:00:00,,,,,Excipient,,,,,,,Low,
MAT02358,,,,,,,,,,2025-11-05T08:00:00,,,,,Excipient,,,,,,,Medium,
MAT02359,,,,,,,,,,2025-05-12T08:00:00,,,,,API,,,,,,,Low,
MAT02360,,,,,,,,,,2024-03-26T08:00:00,,,,,API,,,,,,,Low,
MAT02361,,,,,,,,,,2024-03-06T08:00:00,,,,,Excipient,,,,,,,Medium,
MAT02362,,,,,,,,,,2025-11-18T08:00:00,,,,,Component,,,,,,,Medium,
MAT02363,,,,,,,,,,2024-05-23T08:00:00,,,,,API,,,,,,,High,
MAT02364,,,,,,,,,,2025-08-07T08:00:00,,,,,API,,,,,,,Low,
MAT02365,,,,,,,,,,2025-05-23T08:00:00,,,,,API,,,,,,,Medium,
MAT02366,,,,,,,,,,2025-09-06T08:00:00,,,,,API,,,,,,,Low,
MAT02367,,,,,,,,,,2024-12-03T08:00:00,,,,,API,,,,,,,Medium,
MAT02368,,,,,,,,,,2025-03-09T08:00:00,,,,,Component,,,,,,,Low,
MAT02369,,,,,,,,,,2024-04-19T08:00:00,,,,,API,,,,,,,Low,
MAT02370,,,,,,,,,,2024-10-08T08:00:00,,,,,API,,,,,,,Low,
MAT02371,,,,,,,,,,2024-09-17T08:00:00,,,,,Component,,,,,,,High,
MAT02372,,,,,,,,,,2025-06-30T08:00:00,,,,,API,,,,,,,High,
MAT02373,,,,,,,,,,2024-11-20T08:00:00,,,,,Excipient,,,,,,,Low,
MAT02374,,,,,,,,,,2025-11-30T08:00:00,,,,,Component,,,,,,,High,
MAT02375,,,,,,,,,,2024-05-28T08:00:00,,,,,API,,,,,,,Medium,
MAT02376,,,,,,,,,,2025-01-11T08:00:00,,,,,Excipient,,,,,,,High,
MAT02377,,,,,,,,,,2025-10-22T08:00:00,,,,,Excipient,,,,,,,Low,
MAT02378,,,,,,,,,,2025-12-08T08:00:00,,,,,API,,,,,,,Low,
MAT02379,,,,,,,,,,2025-07-19T08:00:00,,,,,API,,,,,,,Medium,
MAT02380,,,,,,,,,,2025-10-16T08:00:00,,,,,Component,,,,,,,Medium,
MAT02381,,,,,,,,,,2025-07-01T08:00:00,,,,,Excipient,,,,,,,Low,
MAT02382,,,,,,,,,,2025-02-01T08:00:00,,,,,API,,,,,,,High,
MAT02383,,,,,,,,,,2024-09-18T08:00:00,,,,,API,,,,,,,High,
MAT02384,,,,,,,,,,2024-08-29T08:00:00,,,,,Excipient,,,,,,,Low,
MAT02385,,,,,,,,,,2024-06-13T08:00:00,,,,,Excipient,,,,,,,Low,
MAT02386,,,,,,,,,,2025-10-21T08:00:00,,,,,Component,,,,,,,Medium,
MAT02387,,,,,,,,,,2024-10-07T08:00:00,,,,,Component,,,,,,,Low,
MAT02388,,,,,,,,,,2025-04-27T08:00:00,,,,,API,,,,,,,High,
MAT02389,,,,,,,,,,2025-03-08T08:00:00,,,,,Component,,,,,,,Medium,
MAT02390,,,,,,,,,,2025-12-16T08:00:00,,,,,API,,,,,,,Low,
MAT02391,,,,,,,,,,2024-12-26T08:00:00,,,,,Excipient,,,,,,,Low,
MAT02392,,,,,,,,,,2025-04-09T08:00:00,,,,,Component,,,,,,,Medium,
MAT02393,,,,,,,,,,2025-10-18T08:00:00,,,,,API,,,,,,,Low,
MAT02394,,,,,,,,,,2025-10-18T08:00:00,,,,,API,,,,,,,High,
MAT02395,,,,,,,,,,2025-02-14T08:00:00,,,,,API,,,,,,,Low,
MAT02396,,,,,,,,,,2024-11-17T08:00:00,,,,,API,,,,,,,Medium,
MAT02397,,,,,,,,,,2024-06-10T08:00:00,,,,,API,,,,,,,Low,
MAT02398,,,,,,,,,,2025-08-31T08:00:00,,,,,API,,,,,,,Low,
MAT02399,,,,,,,,,,2025-04-07T08:00:00,,,,,Component,,,,,,,Medium,
MAT02400,,,,,,,,,,2024-09-23T08:00:00,,,,,Component,,,,,,,Low,
MAT02401,,,,,,,,,,2024-10-15T08:00:00,,,,,API,,,,,,,Medium,
MAT02402,,,,,,,,,,2025-02-28T08:00:00,,,,,API,,,,,,,Low,
MAT02403,,,,,,,,,,2025-02-06T08:00:00,,,,,Excipient,,,,,,,Low,
MAT02404,,,,,,,,,,2024-01-22T08:00:00,,,,,Component,,,,,,,Low,
MAT02405,,,,,,,,,,2024-04-01T08:00:00,,,,,API,,,,,,,Low,
MAT02406,,,,,,,,,,2024-09-25T08:00:00,,,,,Component,,,,,,,Low,
MAT02407,,,,,,,,,,2025-02-14T08:00:00,,,,,API,,,,,,,Low,
MAT02408,,,,,,,,,,2024-06-01T08:00:00,,,,,Component,,,,,,,Medium,
MAT02409,,,,,,,,,,2024-06-23T08:00:00,,,,,API,,,,,,,Medium,
MAT02410,,,,,,,,,,2025-06-22T08:00:00,,,,,API,,,,,,,Low,
MAT02411,,,,,,,,,,2025-11-20T08:00:00,,,,,Component,,,,,,,High,
MAT02412,,,,,,,,,,2024-08-17T08:00:00,,,,,Component,,,,,,,Low,
MAT02413,,,,,,,,,,2024-09-29T08:00:00,,,,,API,,,,,,,Low,
MAT02414,,,,,,,,,,2025-01-26T08:00:00,,,,,Excipient,,,,,,,High,
MAT02415,,,,,,,,,,2024-07-30T08:00:00,,,,,API,,,,,,,High,
MAT02416,,,,,,,,,,2025-11-24T08:00:00,,,,,API,,,,,,,Medium,
MAT02417,,,,,,,,,,2024-07-03T08:00:00,,,,,API,,,,,,,High,
MAT02418,,,,,,,,,,2024-01-30T08:00:00,,,,,Component,,,,,,,Low,
MAT02419,,,,,,,,,,2024-08-29T08:00:00,,,,,Excipient,,,,,,,Medium,
MAT02420,,,,,,,,,,2025-01-13T08:00:00,,,,,Component,,,,,,,Low,
MAT02421,,,,,,,,,,2024-01-11T08:00:00,,,,,Component,,,,,,,Low,
MAT02422,,,,,,,,,,2024-11-27T08:00:00,,,,,Component,,,,,,,Low,
MAT02423,,,,,,,,,,2025-12-31T08:00:00,,,,,Component,,,,,,,Low,
MAT02424,,,,,,,,,,2025-09-03T08:00:00,,,,,Component,,,,,,,High,
MAT02425,,,,,,,,,,2024-04-07T08:00:00,,,,,Excipient,,,,,,,Low,
MAT02426,,,,,,,,,,2024-12-06T08:00:00,,,,,API,,,,,,,Low,
MAT02427,,,,,,,,,,2024-12-28T08:00:00,,,,,API,,,,,,,High,
MAT02428,,,,,,,,,,2024-09-16T08:00:00,,,,,API,,,,,,,Low,
MAT02429,,,,,,,,,,2025-02-08T08:00:00,,,,,Component,,,,,,,Medium,
MAT02430,,,,,,,,,,2025-07-26T08:00:00,,,,,Excipient,,,,,,,Low,
MAT02431,,,,,,,,,,2024-09-23T08:00:00,,,,,API,,,,,,,Low,
MAT02432,,,,,,,,,,2024-12-13T08:00:00,,,,,API,,,,,,,High,
MAT02433,,,,,,,,,,2024-04-01T08:00:00,,,,,Component,,,,,,,Low,
MAT02434,,,,,,,,,,2024-05-25T08:00:00,,,,,Excipient,,,,,,,High,
MAT02435,,,,,,,,,,2024-11-16T08:00:00,,,,,Excipient,,,,,,,Low,
MAT02436,,,,,,,,,,2025-05-26T08:00:00,,,,,API,,,,,,,Low,
MAT02437,,,,,,,,,,2025-03-16T08:00:00,,,,,Excipient,,,,,,,Medium,
MAT02438,,,,,,,,,,2025-09-19T08:00:00,,,,,Excipient,,,,,,,Medium,
MAT02439,,,,,,,,,,2025-03-22T08:00:00,,,,,Excipient,,,,,,,Medium,
MAT02440,,,,,,,,,,2025-05-18T08:00:00,,,,,API,,,,,,,Medium,
MAT02441,,,,,,,,,,2024-02-24T08:00:00,,,,,API,,,,,,,High,
MAT02442,,,,,,,,,,2024-02-25T08:00:00,,,,,API,,,,,,,Low,
MAT02443,,,,,,,,,,2024-02-06T08:00:00,,,,,API,,,,,,,Low,
MAT02444,,,,,,,,,,2024-06-16T08:00:00,,,,,Component,,,,,,,Medium,
MAT02445,,,,,,,,,,2024-04-28T08:00:00,,,,,Component,,,,,,,High,
MAT02446,,,,,,,,,,2025-03-28T08:00:00,,,,,Component,,,,,,,Low,
MAT02447,,,,,,,,,,2025-04-13T08:00:00,,,,,Excipient,,,,,,,High,
MAT02448,,,,,,,,,,2024-05-31T08:00:00,,,,,Component,,,,,,,Low,
MAT02449,,,,,,,,,,2024-04-05T08:00:00,,,,,API,,,,,,,Medium,
MAT02450,,,,,,,,,,2024-07-03T08:00:00,,,,,API,,,,,,,Medium,
MAT02451,,,,,,,,,,2025-07-30T08:00:00,,,,,API,,,,,,,Medium,
MAT02452,,,,,,,,,,2025-06-22T08:00:00,,,,,API,,,,,,,Low,
MAT02453,,,,,,,,,,2024-03-19T08:00:00,,,,,API,,,,,,,High,
MAT02454,,,,,,,,,,2025-11-24T08:00:00,,,,,API,,,,,,,High,
MAT02455,,,,,,,,,,2024-01-27T08:00:00,,,,,API,,,,,,,Medium,
MAT02456,,,,,,,,,,2025-02-07T08:00:00,,,,,Excipient,,,,,,,Low,
MAT02457,,,,,,,,,,2024-11-27T08:00:00,,,,,Excipient,,,,,,,Low,
MAT02458,,,,,,,,,,2024-03-24T08:00:00,,,,,API,,,,,,,Low,
MAT02459,,,,,,,,,,2025-04-09T08:00:00,,,,,Component,,,,,,,High,
MAT02460,,,,,,,,,,2024-12-03T08:00:00,,,,,Excipient,,,,,,,Low,
MAT02461,,,,,,,,,,2024-11-28T08:00:00,,,,,API,,,,,,,High,
MAT02462,,,,,,,,,,2024-02-19T08:00:00,,,,,API,,,,,,,Low,
MAT02463,,,,,,,,,,2024-02-26T08:00:00,,,,,Excipient,,,,,,,Medium,
MAT02464,,,,,,,,,,2024-04-04T08:00:00,,,,,API,,,,,,,High,
MAT02465,,,,,,,,,,2024-07-01T08:00:00,,,,,Component,,,,,,,Medium,
MAT02466,,,,,,,,,,2024-04-01T08:00:00,,,,,API,,,,,,,High,
MAT02467,,,,,,,,,,2024-06-15T08:00:00,,,,,API,,,,,,,Low,
MAT02468,,,,,,,,,,2024-10-18T08:00:00,,,,,Component,,,,,,,High,
MAT02469,,,,,,,,,,2024-11-01T08:00:00,,,,,API,,,,,,,Low,
MAT02470,,,,,,,,,,2024-11-13T08:00:00,,,,,Component,,,,,,,High,
MAT02471,,,,,,,,,,2025-11-12T08:00:00,,,,,API,,,,,,,Medium,
MAT02472,,,,,,,,,,2025-06-08T08:00:00,,,,,API,,,,,,,Medium,
MAT02473,,,,,,,,,,2025-04-01T08:00:00,,,,,API,,,,,,,High,
MAT02474,,,,,,,,,,2024-10-01T08:00:00,,,,,Component,,,,,,,High,
MAT02475,,,,,,,,,,2025-03-08T08:00:00,,,,,Component,,,,,,,Low,
MAT02476,,,,,,,,,,2025-03-20T08:00:00,,,,,Excipient,,,,,,,Low,
MAT02477,,,,,,,,,,2024-02-11T08:00:00,,,,,Component,,,,,,,Low,
MAT02478,,,,,,,,,,2025-11-23T08:00:00,,,,,Excipient,,,,,,,High,
MAT02479,,,,,,,,,,2025-05-22T08:00:00,,,,,API,,,,,,,Low,
MAT02480,,,,,,,,,,2025-04-24T08:00:00,,,,,API,,,,,,,Medium,
MAT02481,,,,,,,,,,2025-05-04T08:00:00,,,,,Component,,,,,,,Low,
MAT02482,,,,,,,,,,2024-05-10T08:00:00,,,,,Excipient,,,,,,,Low,
MAT02483,,,,,,,,,,2025-06-19T08:00:00,,,,,Excipient,,,,,,,Low,
MAT02484,,,,,,,,,,2025-08-05T08:00:00,,,,,Component,,,,,,,Medium,
MAT02485,,,,,,,,,,2024-02-16T08:00:00,,,,,API,,,,,,,Low,
MAT02486,,,,,,,,,,2025-02-26T08:00:00,,,,,API,,,,,,,High,
MAT02487,,,,,,,,,,2025-11-07T08:00:00,,,,,API,,,,,,,High,
MAT02488,,,,,,,,,,2024-09-17T08:00:00,,,,,Excipient,,,,,,,Medium,
MAT02489,,,,,,,,,,2024-04-26T08:00:00,,,,,API,,,,,,,Low,
MAT02490,,,,,,,,,,2024-07-05T08:00:00,,,,,Component,,,,,,,Low,
MAT02491,,,,,,,,,,2024-03-26T08:00:00,,,,,Component,,,,,,,Low,
MAT02492,,,,,,,,,,2024-11-17T08:00:00,,,,,Component,,,,,,,Medium,
MAT02493,,,,,,,,,,2025-09-30T08:00:00,,,,,Component,,,,,,,High,
MAT02494,,,,,,,,,,2024-07-10T08:00:00,,,,,Excipient,,,,,,,Medium,
MAT02495,,,,,,,,,,2024-03-21T08:00:00,,,,,API,,,,,,,Low,
MAT02496,,,,,,,,,,2025-03-20T08:00:00,,,,,Excipient,,,,,,,Low,
MAT02497,,,,,,,,,,2025-02-08T08:00:00,,,,,API,,,,,,,Low,
MAT02498,,,,,,,,,,2024-06-24T08:00:00,,,,,API,,,,,,,Low,
MAT02499,,,,,,,,,,2025-12-09T08:00:00,,,,,Component,,,,,,,High,
MAT02500,,,,,,,,,,2024-11-06T08:00:00,,,,,Component,,,,,,,High,
MAT02501,,,,,,,,,,2024-11-05T08:00:00,,,,,Excipient,,,,,,,High,
MAT02502,,,,,,,,,,2024-05-18T08:00:00,,,,,API,,,,,,,Low,
MAT02503,,,,,,,,,,2024-04-24T08:00:00,,,,,API,,,,,,,Low,
MAT02504,,,,,,,,,,2024-01-28T08:00:00,,,,,API,,,,,,,Low,
MAT02505,,,,,,,,,,2025-10-26T08:00:00,,,,,API,,,,,,,High,
MAT02506,,,,,,,,,,2025-03-22T08:00:00,,,,,API,,,,,,,Low,
MAT02507,,,,,,,,,,2024-11-04T08:00:00,,,,,API,,,,,,,Low,
MAT02508,,,,,,,,,,2025-04-30T08:00:00,,,,,Component,,,,,,,Low,
MAT02509,,,,,,,,,,2024-04-29T08:00:00,,,,,Component,,,,,,,Low,
MAT02510,,,,,,,,,,2025-12-20T08:00:00,,,,,API,,,,,,,Low,
MAT02511,,,,,,,,,,2025-04-27T08:00:00,,,,,Component,,,,,,,High,
MAT02512,,,,,,,,,,2025-08-22T08:00:00,,,,,API,,,,,,,High,
MAT02513,,,,,,,,,,2024-10-28T08:00:00,,,,,API,,,,,,,Low,
MAT02514,,,,,,,,,,2024-12-07T08:00:00,,,,,Component,,,,,,,Low,
MAT02515,,,,,,,,,,2025-10-07T08:00:00,,,,,API,,,,,,,Low,
MAT02516,,,,,,,,,,2025-05-22T08:00:00,,,,,Component,,,,,,,High,
MAT02517,,,,,,,,,,2025-05-14T08:00:00,,,,,Excipient,,,,,,,Low,
MAT02518,,,,,,,,,,2025-06-09T08:00:00,,,,,Component,,,,,,,High,
MAT02519,,,,,,,,,,2024-03-03T08:00:00,,,,,Component,,,,,,,Low,
MAT02520,,,,,,,,,,2025-08-13T08:00:00,,,,,API,,,,,,,High,
MAT02521,,,,,,,,,,2024-10-01T08:00:00,,,,,Excipient,,,,,,,Low,
MAT02522,,,,,,,,,,2024-04-29T08:00:00,,,,,Component,,,,,,,High,
MAT02523,,,,,,,,,,2025-04-04T08:00:00,,,,,Component,,,,,,,Medium,
MAT02524,,,,,,,,,,2024-06-14T08:00:00,,,,,Component,,,,,,,Low,
MAT02525,,,,,,,,,,2025-04-25T08:00:00,,,,,Excipient,,,,,,,Low,
MAT02526,,,,,,,,,,2024-08-25T08:00:00,,,,,Excipient,,,,,,,High,
MAT02527,,,,,,,,,,2025-09-08T08:00:00,,,,,API,,,,,,,Medium,
MAT02528,,,,,,,,,,2024-10-27T08:00:00,,,,,Component,,,,,,,Low,
MAT02529,,,,,,,,,,2025-11-20T08:00:00,,,,,Component,,,,,,,High,
MAT02530,,,,,,,,,,2024-06-14T08:00:00,,,,,Excipient,,,,,,,High,
MAT02531,,,,,,,,,,2025-12-08T08:00:00,,,,,API,,,,,,,Medium,
MAT02532,,,,,,,,,,2024-05-12T08:00:00,,,,,API,,,,,,,High,
MAT02533,,,,,,,,,,2024-06-09T08:00:00,,,,,API,,,,,,,Low,
MAT02534,,,,,,,,,,2025-03-01T08:00:00,,,,,Component,,,,,,,Low,
MAT02535,,,,,,,,,,2024-08-28T08:00:00,,,,,Component,,,,,,,Medium,
MAT02536,,,,,,,,,,2024-01-19T08:00:00,,,,,API,,,,,,,Low,
MAT02537,,,,,,,,,,2024-12-31T08:00:00,,,,,Excipient,,,,,,,Medium,
MAT02538,,,,,,,,,,2025-05-30T08:00:00,,,,,API,,,,,,,Low,
MAT02539,,,,,,,,,,2024-12-11T08:00:00,,,,,API,,,,,,,Low,
MAT02540,,,,,,,,,,2025-09-24T08:00:00,,,,,Component,,,,,,,Low,
MAT02541,,,,,,,,,,2025-07-29T08:00:00,,,,,API,,,,,,,Low,
MAT02542,,,,,,,,,,2024-09-21T08:00:00,,,,,API,,,,,,,High,
MAT02543,,,,,,,,,,2024-02-17T08:00:00,,,,,Excipient,,,,,,,Medium,
MAT02544,,,,,,,,,,2025-12-07T08:00:00,,,,,Excipient,,,,,,,Low,
MAT02545,,,,,,,,,,2025-03-24T08:00:00,,,,,API,,,,,,,Low,
MAT02546,,,,,,,,,,2024-04-18T08:00:00,,,,,Component,,,,,,,Low,
MAT02547,,,,,,,,,,2025-06-03T08:00:00,,,,,API,,,,,,,Low,
MAT02548,,,,,,,,,,2025-10-07T08:00:00,,,,,API,,,,,,,Low,
MAT02549,,,,,,,,,,2025-01-05T08:00:00,,,,,API,,,,,,,Low,
MAT02550,,,,,,,,,,2025-12-26T08:00:00,,,,,API,,,,,,,Medium,
MAT02551,,,,,,,,,,2024-04-11T08:00:00,,,,,Component,,,,,,,High,
MAT02552,,,,,,,,,,2024-12-08T08:00:00,,,,,API,,,,,,,Medium,
MAT02553,,,,,,,,,,2024-07-25T08:00:00,,,,,API,,,,,,,Low,
MAT02554,,,,,,,,,,2024-01-07T08:00:00,,,,,Component,,,,,,,High,
MAT02555,,,,,,,,,,2024-12-15T08:00:00,,,,,API,,,,,,,High,
MAT02556,,,,,,,,,,2024-03-28T08:00:00,,,,,Excipient,,,,,,,Low,
MAT02557,,,,,,,,,,2025-02-28T08:00:00,,,,,Excipient,,,,,,,Medium,
MAT02558,,,,,,,,,,2024-06-04T08:00:00,,,,,Excipient,,,,,,,Low,
MAT02559,,,,,,,,,,2024-05-21T08:00:00,,,,,Component,,,,,,,Low,
MAT02560,,,,,,,,,,2025-02-23T08:00:00,,,,,Component,,,,,,,High,
MAT02561,,,,,,,,,,2024-01-31T08:00:00,,,,,Component,,,,,,,Medium,
MAT02562,,,,,,,,,,2024-01-11T08:00:00,,,,,Component,,,,,,,Low,
MAT02563,,,,,,,,,,2024-12-12T08:00:00,,,,,API,,,,,,,Low,
MAT02564,,,,,,,,,,2024-06-17T08:00:00,,,,,Excipient,,,,,,,High,
MAT02565,,,,,,,,,,2025-02-06T08:00:00,,,,,Component,,,,,,,Low,
MAT02566,,,,,,,,,,2025-08-11T08:00:00,,,,,API,,,,,,,Low,
MAT02567,,,,,,,,,,2025-03-05T08:00:00,,,,,API,,,,,,,Medium,
MAT02568,,,,,,,,,,2024-11-17T08:00:00,,,,,Component,,,,,,,Medium,
MAT02569,,,,,,,,,,2024-10-13T08:00:00,,,,,Excipient,,,,,,,Low,
MAT02570,,,,,,,,,,2025-04-01T08:00:00,,,,,API,,,,,,,High,
MAT02571,,,,,,,,,,2025-12-15T08:00:00,,,,,API,,,,,,,High,
MAT02572,,,,,,,,,,2024-07-21T08:00:00,,,,,Excipient,,,,,,,High,
MAT02573,,,,,,,,,,2024-02-07T08:00:00,,,,,Excipient,,,,,,,Low,
MAT02574,,,,,,,,,,2024-05-09T08:00:00,,,,,Excipient,,,,,,,High,
MAT02575,,,,,,,,,,2024-04-05T08:00:00,,,,,Excipient,,,,,,,Low,
MAT02576,,,,,,,,,,2025-10-12T08:00:00,,,,,Excipient,,,,,,,Medium,
MAT02577,,,,,,,,,,2024-01-29T08:00:00,,,,,API,,,,,,,Low,
MAT02578,,,,,,,,,,2024-11-07T08:00:00,,,,,Excipient,,,,,,,Low,
MAT02579,,,,,,,,,,2024-03-02T08:00:00,,,,,Component,,,,,,,Low,
MAT02580,,,,,,,,,,2025-10-04T08:00:00,,,,,Excipient,,,,,,,Medium,
MAT02581,,,,,,,,,,2024-02-18T08:00:00,,,,,Excipient,,,,,,,Low,
MAT02582,,,,,,,,,,2024-11-01T08:00:00,,,,,API,,,,,,,High,
MAT02583,,,,,,,,,,2024-12-13T08:00:00,,,,,API,,,,,,,High,
MAT02584,,,,,,,,,,2024-12-24T08:00:00,,,,,API,,,,,,,Low,
MAT02585,,,,,,,,,,2025-11-13T08:00:00,,,,,Excipient,,,,,,,Medium,
MAT02586,,,,,,,,,,2025-06-16T08:00:00,,,,,API,,,,,,,High,
MAT02587,,,,,,,,,,2024-12-01T08:00:00,,,,,API,,,,,,,Low,
MAT02588,,,,,,,,,,2025-04-10T08:00:00,,,,,API,,,,,,,Medium,
MAT02589,,,,,,,,,,2025-12-29T08:00:00,,,,,API,,,,,,,Low,
MAT02590,,,,,,,,,,2024-03-24T08:00:00,,,,,Component,,,,,,,High,
MAT02591,,,,,,,,,,2025-03-11T08:00:00,,,,,API,,,,,,,Low,
MAT02592,,,,,,,,,,2024-08-07T08:00:00,,,,,API,,,,,,,High,
MAT02593,,,,,,,,,,2025-01-13T08:00:00,,,,,Component,,,,,,,Low,
MAT02594,,,,,,,,,,2024-09-27T08:00:00,,,,,Component,,,,,,,High,
MAT02595,,,,,,,,,,2025-03-26T08:00:00,,,,,Component,,,,,,,High,
MAT02596,,,,,,,,,,2024-06-15T08:00:00,,,,,Component,,,,,,,High,
MAT02597,,,,,,,,,,2025-05-11T08:00:00,,,,,API,,,,,,,Low,
MAT02598,,,,,,,,,,2025-12-22T08:00:00,,,,,Component,,,,,,,Low,
MAT02599,,,,,,,,,,2025-04-11T08:00:00,,,,,API,,,,,,,Low,
MAT02600,,,,,,,,,,2024-06-09T08:00:00,,,,,Component,,,,,,,Low,
MAT02601,,,,,,,,,,2025-09-08T08:00:00,,,,,Excipient,,,,,,,Low,
MAT02602,,,,,,,,,,2024-05-03T08:00:00,,,,,Component,,,,,,,Low,
MAT02603,,,,,,,,,,2024-02-11T08:00:00,,,,,Excipient,,,,,,,Medium,
MAT02604,,,,,,,,,,2025-01-15T08:00:00,,,,,API,,,,,,,Low,
MAT02605,,,,,,,,,,2024-11-06T08:00:00,,,,,Excipient,,,,,,,Medium,
MAT02606,,,,,,,,,,2024-01-29T08:00:00,,,,,Excipient,,,,,,,High,
MAT02607,,,,,,,,,,2025-08-26T08:00:00,,,,,API,,,,,,,Low,
MAT02608,,,,,,,,,,2024-11-08T08:00:00,,,,,Component,,,,,,,Low,
MAT02609,,,,,,,,,,2024-07-06T08:00:00,,,,,Excipient,,,,,,,Low,
MAT02610,,,,,,,,,,2024-05-05T08:00:00,,,,,Component,,,,,,,Low,
MAT02611,,,,,,,,,,2024-02-15T08:00:00,,,,,Excipient,,,,,,,Low,
MAT02612,,,,,,,,,,2025-08-09T08:00:00,,,,,Component,,,,,,,High,
MAT02613,,,,,,,,,,2024-12-11T08:00:00,,,,,Excipient,,,,,,,High,
MAT02614,,,,,,,,,,2025-09-12T08:00:00,,,,,Component,,,,,,,High,
MAT02615,,,,,,,,,,2025-05-31T08:00:00,,,,,API,,,,,,,Low,
MAT02616,,,,,,,,,,2025-11-14T08:00:00,,,,,Component,,,,,,,High,
MAT02617,,,,,,,,,,2024-11-29T08:00:00,,,,,Component,,,,,,,Low,
MAT02618,,,,,,,,,,2025-01-31T08:00:00,,,,,API,,,,,,,High,
MAT02619,,,,,,,,,,2024-12-13T08:00:00,,,,,API,,,,,,,High,
MAT02620,,,,,,,,,,2024-10-11T08:00:00,,,,,API,,,,,,,High,
MAT02621,,,,,,,,,,2025-12-25T08:00:00,,,,,API,,,,,,,Low,
MAT02622,,,,,,,,,,2025-07-28T08:00:00,,,,,API,,,,,,,Medium,
MAT02623,,,,,,,,,,2024-07-16T08:00:00,,,,,API,,,,,,,Low,
MAT02624,,,,,,,,,,2025-05-02T08:00:00,,,,,API,,,,,,,Low,
MAT02625,,,,,,,,,,2025-11-05T08:00:00,,,,,API,,,,,,,Low,
MAT02626,,,,,,,,,,2024-10-08T08:00:00,,,,,API,,,,,,,Low,
MAT02627,,,,,,,,,,2025-12-23T08:00:00,,,,,API,,,,,,,Low,
MAT02628,,,,,,,,,,2025-06-30T08:00:00,,,,,Component,,,,,,,Low,
MAT02629,,,,,,,,,,2025-08-26T08:00:00,,,,,Excipient,,,,,,,High,
MAT02630,,,,,,,,,,2024-01-24T08:00:00,,,,,API,,,,,,,High,
MAT02631,,,,,,,,,,2024-07-03T08:00:00,,,,,Excipient,,,,,,,High,
MAT02632,,,,,,,,,,2025-06-24T08:00:00,,,,,Component,,,,,,,Low,
MAT02633,,,,,,,,,,2024-09-20T08:00:00,,,,,Excipient,,,,,,,High,
MAT02634,,,,,,,,,,2024-04-11T08:00:00,,,,,API,,,,,,,Low,
MAT02635,,,,,,,,,,2024-05-27T08:00:00,,,,,API,,,,,,,Medium,
MAT02636,,,,,,,,,,2024-04-01T08:00:00,,,,,API,,,,,,,Medium,
MAT02637,,,,,,,,,,2025-02-21T08:00:00,,,,,API,,,,,,,Medium,
MAT02638,,,,,,,,,,2025-09-21T08:00:00,,,,,API,,,,,,,Low,
MAT02639,,,,,,,,,,2024-01-28T08:00:00,,,,,Excipient,,,,,,,Low,
MAT02640,,,,,,,,,,2025-02-03T08:00:00,,,,,API,,,,,,,Medium,
MAT02641,,,,,,,,,,2024-05-25T08:00:00,,,,,API,,,,,,,Medium,
MAT02642,,,,,,,,,,2024-09-21T08:00:00,,,,,Component,,,,,,,Medium,
MAT02643,,,,,,,,,,2024-02-23T08:00:00,,,,,Component,,,,,,,Low,
MAT02644,,,,,,,,,,2025-09-03T08:00:00,,,,,API,,,,,,,Low,
MAT02645,,,,,,,,,,2025-06-04T08:00:00,,,,,API,,,,,,,High,
MAT02646,,,,,,,,,,2024-10-02T08:00:00,,,,,Component,,,,,,,Low,
MAT02647,,,,,,,,,,2025-04-20T08:00:00,,,,,API,,,,,,,Medium,
MAT02648,,,,,,,,,,2025-05-10T08:00:00,,,,,Component,,,,,,,Low,
MAT02649,,,,,,,,,,2025-10-10T08:00:00,,,,,API,,,,,,,High,
MAT02650,,,,,,,,,,2024-10-02T08:00:00,,,,,API,,,,,,,Low,
MAT02651,,,,,,,,,,2025-07-22T08:00:00,,,,,API,,,,,,,Low,
MAT02652,,,,,,,,,,2025-08-04T08:00:00,,,,,API,,,,,,,Medium,
MAT02653,,,,,,,,,,2024-03-26T08:00:00,,,,,Component,,,,,,,High,
MAT02654,,,,,,,,,,2025-01-17T08:00:00,,,,,API,,,,,,,Low,
MAT02655,,,,,,,,,,2025-07-04T08:00:00,,,,,API,,,,,,,Low,
MAT02656,,,,,,,,,,2024-02-12T08:00:00,,,,,Component,,,,,,,High,
MAT02657,,,,,,,,,,2025-09-27T08:00:00,,,,,API,,,,,,,High,
MAT02658,,,,,,,,,,2024-01-01T08:00:00,,,,,Excipient,,,,,,,Low,
MAT02659,,,,,,,,,,2024-10-06T08:00:00,,,,,API,,,,,,,High,
MAT02660,,,,,,,,,,2024-12-25T08:00:00,,,,,Excipient,,,,,,,High,
MAT02661,,,,,,,,,,2024-02-16T08:00:00,,,,,API,,,,,,,Medium,
MAT02662,,,,,,,,,,2024-11-03T08:00:00,,,,,API,,,,,,,Low,
MAT02663,,,,,,,,,,2025-12-16T08:00:00,,,,,API,,,,,,,High,
MAT02664,,,,,,,,,,2025-07-23T08:00:00,,,,,API,,,,,,,Low,
MAT02665,,,,,,,,,,2024-08-03T08:00:00,,,,,Excipient,,,,,,,High,
MAT02666,,,,,,,,,,2025-10-12T08:00:00,,,,,Excipient,,,,,,,Medium,
MAT02667,,,,,,,,,,2024-10-06T08:00:00,,,,,Excipient,,,,,,,High,
MAT02668,,,,,,,,,,2024-12-15T08:00:00,,,,,API,,,,,,,Medium,
MAT02669,,,,,,,,,,2025-09-05T08:00:00,,,,,API,,,,,,,High,
MAT02670,,,,,,,,,,2025-12-09T08:00:00,,,,,Excipient,,,,,,,Low,
MAT02671,,,,,,,,,,2025-09-15T08:00:00,,,,,API,,,,,,,Low,
MAT02672,,,,,,,,,,2024-01-10T08:00:00,,,,,Component,,,,,,,Low,
MAT02673,,,,,,,,,,2025-07-23T08:00:00,,,,,API,,,,,,,High,
MAT02674,,,,,,,,,,2025-07-05T08:00:00,,,,,Component,,,,,,,High,
MAT02675,,,,,,,,,,2025-07-05T08:00:00,,,,,API,,,,,,,Low,
MAT02676,,,,,,,,,,2025-11-19T08:00:00,,,,,API,,,,,,,High,
MAT02677,,,,,,,,,,2025-01-20T08:00:00,,,,,API,,,,,,,Medium,
MAT02678,,,,,,,,,,2024-06-30T08:00:00,,,,,Excipient,,,,,,,High,
MAT02679,,,,,,,,,,2025-04-18T08:00:00,,,,,API,,,,,,,Low,
MAT02680,,,,,,,,,,2025-03-31T08:00:00,,,,,Excipient,,,,,,,Low,
MAT02681,,,,,,,,,,2024-01-21T08:00:00,,,,,API,,,,,,,Low,
MAT02682,,,,,,,,,,2024-07-15T08:00:00,,,,,Excipient,,,,,,,Medium,
MAT02683,,,,,,,,,,2024-08-14T08:00:00,,,,,API,,,,,,,Medium,
MAT02684,,,,,,,,,,2025-01-06T08:00:00,,,,,API,,,,,,,High,
MAT02685,,,,,,,,,,2025-05-19T08:00:00,,,,,API,,,,,,,Medium,
MAT02686,,,,,,,,,,2024-07-19T08:00:00,,,,,API,,,,,,,Low,
MAT02687,,,,,,,,,,2024-10-11T08:00:00,,,,,Component,,,,,,,Low,
MAT02688,,,,,,,,,,2025-07-19T08:00:00,,,,,Component,,,,,,,Low,
MAT02689,,,,,,,,,,2024-03-07T08:00:00,,,,,API,,,,,,,Low,
MAT02690,,,,,,,,,,2024-05-10T08:00:00,,,,,API,,,,,,,Low,
MAT02691,,,,,,,,,,2025-06-19T08:00:00,,,,,Excipient,,,,,,,Low,
MAT02692,,,,,,,,,,2025-11-25T08:00:00,,,,,Excipient,,,,,,,Low,
MAT02693,,,,,,,,,,2025-11-28T08:00:00,,,,,API,,,,,,,Medium,
MAT02694,,,,,,,,,,2025-03-13T08:00:00,,,,,Component,,,,,,,Low,
MAT02695,,,,,,,,,,2025-03-18T08:00:00,,,,,API,,,,,,,Medium,
MAT02696,,,,,,,,,,2024-05-04T08:00:00,,,,,Component,,,,,,,Medium,
MAT02697,,,,,,,,,,2025-01-05T08:00:00,,,,,Component,,,,,,,High,
MAT02698,,,,,,,,,,2024-02-18T08:00:00,,,,,API,,,,,,,Low,
MAT02699,,,,,,,,,,2025-06-29T08:00:00,,,,,Excipient,,,,,,,High,
MAT02700,,,,,,,,,,2024-01-06T08:00:00,,,,,Component,,,,,,,Medium,
MAT02701,,,,,,,,,,2024-12-08T08:00:00,,,,,Component,,,,,,,Low,
MAT02702,,,,,,,,,,2024-08-19T08:00:00,,,,,API,,,,,,,Low,
MAT02703,,,,,,,,,,2024-09-12T08:00:00,,,,,Component,,,,,,,Low,
MAT02704,,,,,,,,,,2024-12-03T08:00:00,,,,,API,,,,,,,Low,
MAT02705,,,,,,,,,,2025-10-03T08:00:00,,,,,Excipient,,,,,,,Low,
MAT02706,,,,,,,,,,2025-05-06T08:00:00,,,,,API,,,,,,,Low,
MAT02707,,,,,,,,,,2025-08-29T08:00:00,,,,,Component,,,,,,,Low,
MAT02708,,,,,,,,,,2024-09-10T08:00:00,,,,,Excipient,,,,,,,Medium,
MAT02709,,,,,,,,,,2024-09-01T08:00:00,,,,,API,,,,,,,High,
MAT02710,,,,,,,,,,2024-12-07T08:00:00,,,,,Excipient,,,,,,,Low,
MAT02711,,,,,,,,,,2025-09-06T08:00:00,,,,,API,,,,,,,Low,
MAT02712,,,,,,,,,,2025-10-02T08:00:00,,,,,Component,,,,,,,Low,
MAT02713,,,,,,,,,,2024-03-28T08:00:00,,,,,Component,,,,,,,Low,
MAT02714,,,,,,,,,,2025-01-21T08:00:00,,,,,API,,,,,,,Low,
MAT02715,,,,,,,,,,2024-05-10T08:00:00,,,,,Excipient,,,,,,,Low,
MAT02716,,,,,,,,,,2024-02-26T08:00:00,,,,,API,,,,,,,High,
MAT02717,,,,,,,,,,2024-03-08T08:00:00,,,,,Excipient,,,,,,,High,
MAT02718,,,,,,,,,,2025-07-26T08:00:00,,,,,API,,,,,,,Low,
MAT02719,,,,,,,,,,2025-01-25T08:00:00,,,,,API,,,,,,,Medium,
MAT02720,,,,,,,,,,2025-09-24T08:00:00,,,,,Component,,,,,,,Low,
MAT02721,,,,,,,,,,2025-09-05T08:00:00,,,,,Component,,,,,,,Low,
MAT02722,,,,,,,,,,2025-01-28T08:00:00,,,,,API,,,,,,,High,
MAT02723,,,,,,,,,,2025-09-27T08:00:00,,,,,Component,,,,,,,High,
MAT02724,,,,,,,,,,2025-10-28T08:00:00,,,,,API,,,,,,,Medium,
MAT02725,,,,,,,,,,2025-06-13T08:00:00,,,,,API,,,,,,,High,
MAT02726,,,,,,,,,,2024-04-20T08:00:00,,,,,Excipient,,,,,,,Low,
MAT02727,,,,,,,,,,2025-09-01T08:00:00,,,,,API,,,,,,,Low,
MAT02728,,,,,,,,,,2025-08-09T08:00:00,,,,,API,,,,,,,Low,
MAT02729,,,,,,,,,,2024-12-29T08:00:00,,,,,API,,,,,,,Medium,
MAT02730,,,,,,,,,,2025-09-27T08:00:00,,,,,Component,,,,,,,High,
MAT02731,,,,,,,,,,2024-09-05T08:00:00,,,,,Component,,,,,,,Low,
MAT02732,,,,,,,,,,2024-03-02T08:00:00,,,,,API,,,,,,,Low,
MAT02733,,,,,,,,,,2025-08-21T08:00:00,,,,,API,,,,,,,Medium,
MAT02734,,,,,,,,,,2024-11-14T08:00:00,,,,,Component,,,,,,,Medium,
MAT02735,,,,,,,,,,2025-04-25T08:00:00,,,,,API,,,,,,,Low,
MAT02736,,,,,,,,,,2024-10-25T08:00:00,,,,,Excipient,,,,,,,Medium,
MAT02737,,,,,,,,,,2025-06-14T08:00:00,,,,,Excipient,,,,,,,Low,
MAT02738,,,,,,,,,,2024-08-31T08:00:00,,,,,API,,,,,,,Low,
MAT02739,,,,,,,,,,2024-12-18T08:00:00,,,,,API,,,,,,,High,
MAT02740,,,,,,,,,,2025-10-17T08:00:00,,,,,API,,,,,,,Low,
MAT02741,,,,,,,,,,2024-12-15T08:00:00,,,,,API,,,,,,,Low,
MAT02742,,,,,,,,,,2025-12-12T08:00:00,,,,,API,,,,,,,High,
MAT02743,,,,,,,,,,2025-08-15T08:00:00,,,,,Component,,,,,,,Medium,
MAT02744,,,,,,,,,,2025-03-04T08:00:00,,,,,Excipient,,,,,,,Medium,
MAT02745,,,,,,,,,,2024-04-17T08:00:00,,,,,Excipient,,,,,,,Low,
MAT02746,,,,,,,,,,2025-05-22T08:00:00,,,,,Component,,,,,,,Low,
MAT02747,,,,,,,,,,2025-10-16T08:00:00,,,,,API,,,,,,,Low,
MAT02748,,,,,,,,,,2025-04-22T08:00:00,,,,,API,,,,,,,Low,
MAT02749,,,,,,,,,,2025-05-07T08:00:00,,,,,API,,,,,,,Low,
MAT02750,,,,,,,,,,2024-07-29T08:00:00,,,,,Excipient,,,,,,,High,
MAT02751,,,,,,,,,,2024-01-07T08:00:00,,,,,Component,,,,,,,Low,
MAT02752,,,,,,,,,,2024-03-16T08:00:00,,,,,Excipient,,,,,,,Low,
MAT02753,,,,,,,,,,2025-07-22T08:00:00,,,,,Excipient,,,,,,,Low,
MAT02754,,,,,,,,,,2024-10-24T08:00:00,,,,,API,,,,,,,Low,
MAT02755,,,,,,,,,,2025-10-08T08:00:00,,,,,Component,,,,,,,Low,
MAT02756,,,,,,,,,,2024-01-31T08:00:00,,,,,Excipient,,,,,,,Low,
MAT02757,,,,,,,,,,2024-10-17T08:00:00,,,,,API,,,,,,,Low,
MAT02758,,,,,,,,,,2024-09-25T08:00:00,,,,,API,,,,,,,Low,
MAT02759,,,,,,,,,,2025-07-21T08:00:00,,,,,API,,,,,,,Medium,
MAT02760,,,,,,,,,,2024-07-19T08:00:00,,,,,API,,,,,,,Low,
MAT02761,,,,,,,,,,2024-09-25T08:00:00,,,,,API,,,,,,,Low,
MAT02762,,,,,,,,,,2025-11-24T08:00:00,,,,,API,,,,,,,Low,
MAT02763,,,,,,,,,,2025-11-01T08:00:00,,,,,API,,,,,,,High,
MAT02764,,,,,,,,,,2024-08-03T08:00:00,,,,,API,,,,,,,Medium,
MAT02765,,,,,,,,,,2024-09-02T08:00:00,,,,,Excipient,,,,,,,High,
MAT02766,,,,,,,,,,2025-11-07T08:00:00,,,,,Excipient,,,,,,,Medium,
MAT02767,,,,,,,,,,2025-12-29T08:00:00,,,,,API,,,,,,,High,
MAT02768,,,,,,,,,,2024-05-27T08:00:00,,,,,API,,,,,,,Low,
MAT02769,,,,,,,,,,2024-07-15T08:00:00,,,,,API,,,,,,,Low,
MAT02770,,,,,,,,,,2024-11-21T08:00:00,,,,,Component,,,,,,,Medium,
MAT02771,,,,,,,,,,2024-02-17T08:00:00,,,,,Component,,,,,,,Low,
MAT02772,,,,,,,,,,2024-06-01T08:00:00,,,,,API,,,,,,,Medium,
MAT02773,,,,,,,,,,2024-02-24T08:00:00,,,,,Excipient,,,,,,,Low,
MAT02774,,,,,,,,,,2025-06-04T08:00:00,,,,,Excipient,,,,,,,Low,
MAT02775,,,,,,,,,,2024-03-24T08:00:00,,,,,Component,,,,,,,Low,
MAT02776,,,,,,,,,,2024-06-20T08:00:00,,,,,Component,,,,,,,Low,
MAT02777,,,,,,,,,,2025-05-25T08:00:00,,,,,Component,,,,,,,Medium,
MAT02778,,,,,,,,,,2024-11-25T08:00:00,,,,,Component,,,,,,,Low,
MAT02779,,,,,,,,,,2025-05-21T08:00:00,,,,,Excipient,,,,,,,High,
MAT02780,,,,,,,,,,2025-08-18T08:00:00,,,,,Component,,,,,,,Medium,
MAT02781,,,,,,,,,,2024-07-31T08:00:00,,,,,Component,,,,,,,Low,
MAT02782,,,,,,,,,,2025-04-07T08:00:00,,,,,API,,,,,,,Low,
MAT02783,,,,,,,,,,2024-08-11T08:00:00,,,,,API,,,,,,,High,
MAT02784,,,,,,,,,,2025-01-21T08:00:00,,,,,Excipient,,,,,,,High,
MAT02785,,,,,,,,,,2024-09-17T08:00:00,,,,,API,,,,,,,Medium,
MAT02786,,,,,,,,,,2024-03-27T08:00:00,,,,,API,,,,,,,Low,
MAT02787,,,,,,,,,,2025-06-15T08:00:00,,,,,Excipient,,,,,,,High,
MAT02788,,,,,,,,,,2025-08-20T08:00:00,,,,,Excipient,,,,,,,Low,
MAT02789,,,,,,,,,,2025-06-08T08:00:00,,,,,API,,,,,,,High,
MAT02790,,,,,,,,,,2025-04-06T08:00:00,,,,,Excipient,,,,,,,High,
MAT02791,,,,,,,,,,2025-02-22T08:00:00,,,,,Component,,,,,,,High,
MAT02792,,,,,,,,,,2024-11-20T08:00:00,,,,,Excipient,,,,,,,High,
MAT02793,,,,,,,,,,2024-01-26T08:00:00,,,,,Excipient,,,,,,,High,
MAT02794,,,,,,,,,,2024-08-27T08:00:00,,,,,API,,,,,,,High,
MAT02795,,,,,,,,,,2025-01-02T08:00:00,,,,,Excipient,,,,,,,Low,
MAT02796,,,,,,,,,,2025-05-28T08:00:00,,,,,API,,,,,,,Medium,
MAT02797,,,,,,,,,,2024-08-21T08:00:00,,,,,API,,,,,,,Medium,
MAT02798,,,,,,,,,,2024-03-14T08:00:00,,,,,API,,,,,,,Low,
MAT02799,,,,,,,,,,2025-07-13T08:00:00,,,,,Excipient,,,,,,,Low,
MAT02800,,,,,,,,,,2024-07-20T08:00:00,,,,,API,,,,,,,Medium,
MAT02801,,,,,,,,,,2024-11-05T08:00:00,,,,,Excipient,,,,,,,Medium,
MAT02802,,,,,,,,,,2025-12-23T08:00:00,,,,,Excipient,,,,,,,Low,
MAT02803,,,,,,,,,,2024-01-09T08:00:00,,,,,API,,,,,,,Medium,
MAT02804,,,,,,,,,,2024-12-20T08:00:00,,,,,Excipient,,,,,,,Medium,
MAT02805,,,,,,,,,,2025-08-16T08:00:00,,,,,Component,,,,,,,High,
MAT02806,,,,,,,,,,2025-10-31T08:00:00,,,,,API,,,,,,,High,
MAT02807,,,,,,,,,,2024-08-21T08:00:00,,,,,API,,,,,,,High,
MAT02808,,,,,,,,,,2025-04-30T08:00:00,,,,,API,,,,,,,Low,
MAT02809,,,,,,,,,,2025-04-17T08:00:00,,,,,API,,,,,,,High,
MAT02810,,,,,,,,,,2024-11-16T08:00:00,,,,,Excipient,,,,,,,Low,
MAT02811,,,,,,,,,,2025-12-15T08:00:00,,,,,API,,,,,,,High,
MAT02812,,,,,,,,,,2025-03-25T08:00:00,,,,,Component,,,,,,,Low,
MAT02813,,,,,,,,,,2025-01-18T08:00:00,,,,,Component,,,,,,,Low,
MAT02814,,,,,,,,,,2024-11-08T08:00:00,,,,,API,,,,,,,Low,
MAT02815,,,,,,,,,,2025-11-05T08:00:00,,,,,API,,,,,,,High,
MAT02816,,,,,,,,,,2024-08-18T08:00:00,,,,,Excipient,,,,,,,Medium,
MAT02817,,,,,,,,,,2025-12-03T08:00:00,,,,,Component,,,,,,,High,
MAT02818,,,,,,,,,,2024-11-29T08:00:00,,,,,Component,,,,,,,Medium,
MAT02819,,,,,,,,,,2024-05-22T08:00:00,,,,,API,,,,,,,Low,
MAT02820,,,,,,,,,,2025-08-04T08:00:00,,,,,API,,,,,,,Medium,
MAT02821,,,,,,,,,,2024-07-28T08:00:00,,,,,Component,,,,,,,High,
MAT02822,,,,,,,,,,2025-07-01T08:00:00,,,,,Component,,,,,,,Low,
MAT02823,,,,,,,,,,2025-05-01T08:00:00,,,,,Component,,,,,,,Low,
MAT02824,,,,,,,,,,2025-08-06T08:00:00,,,,,API,,,,,,,Medium,
MAT02825,,,,,,,,,,2024-04-05T08:00:00,,,,,Component,,,,,,,Medium,
MAT02826,,,,,,,,,,2025-11-22T08:00:00,,,,,API,,,,,,,Low,
MAT02827,,,,,,,,,,2025-12-06T08:00:00,,,,,API,,,,,,,Low,
MAT02828,,,,,,,,,,2024-07-10T08:00:00,,,,,Component,,,,,,,Low,
MAT02829,,,,,,,,,,2025-01-30T08:00:00,,,,,API,,,,,,,Low,
MAT02830,,,,,,,,,,2024-08-26T08:00:00,,,,,Excipient,,,,,,,Low,
MAT02831,,,,,,,,,,2025-04-10T08:00:00,,,,,Excipient,,,,,,,Low,
MAT02832,,,,,,,,,,2025-06-14T08:00:00,,,,,API,,,,,,,Medium,
MAT02833,,,,,,,,,,2024-11-30T08:00:00,,,,,API,,,,,,,Low,
MAT02834,,,,,,,,,,2024-06-09T08:00:00,,,,,Component,,,,,,,High,
MAT02835,,,,,,,,,,2025-07-03T08:00:00,,,,,API,,,,,,,Low,
MAT02836,,,,,,,,,,2024-03-11T08:00:00,,,,,Component,,,,,,,High,
MAT02837,,,,,,,,,,2024-05-13T08:00:00,,,,,Component,,,,,,,Low,
MAT02838,,,,,,,,,,2025-03-18T08:00:00,,,,,API,,,,,,,Medium,
MAT02839,,,,,,,,,,2025-09-10T08:00:00,,,,,Component,,,,,,,Low,
MAT02840,,,,,,,,,,2025-05-29T08:00:00,,,,,Excipient,,,,,,,Low,
MAT02841,,,,,,,,,,2024-07-25T08:00:00,,,,,Component,,,,,,,Medium,
MAT02842,,,,,,,,,,2025-04-01T08:00:00,,,,,API,,,,,,,Low,
MAT02843,,,,,,,,,,2025-09-11T08:00:00,,,,,API,,,,,,,High,
MAT02844,,,,,,,,,,2025-08-05T08:00:00,,,,,API,,,,,,,Medium,
MAT02845,,,,,,,,,,2025-04-18T08:00:00,,,,,Component,,,,,,,High,
MAT02846,,,,,,,,,,2024-10-21T08:00:00,,,,,API,,,,,,,Low,
MAT02847,,,,,,,,,,2025-12-18T08:00:00,,,,,Component,,,,,,,Medium,
MAT02848,,,,,,,,,,2025-09-19T08:00:00,,,,,Excipient,,,,,,,High,
MAT02849,,,,,,,,,,2024-09-12T08:00:00,,,,,API,,,,,,,High,
MAT02850,,,,,,,,,,2025-04-13T08:00:00,,,,,API,,,,,,,High,
MAT02851,,,,,,,,,,2025-12-16T08:00:00,,,,,Component,,,,,,,Low,
MAT02852,,,,,,,,,,2025-12-16T08:00:00,,,,,API,,,,,,,High,
MAT02853,,,,,,,,,,2024-06-10T08:00:00,,,,,API,,,,,,,Low,
MAT02854,,,,,,,,,,2025-11-13T08:00:00,,,,,Excipient,,,,,,,Medium,
MAT02855,,,,,,,,,,2025-05-20T08:00:00,,,,,API,,,,,,,Low,
MAT02856,,,,,,,,,,2025-01-12T08:00:00,,,,,Component,,,,,,,Low,
MAT02857,,,,,,,,,,2025-05-31T08:00:00,,,,,API,,,,,,,Low,
MAT02858,,,,,,,,,,2025-04-06T08:00:00,,,,,Excipient,,,,,,,High,
MAT02859,,,,,,,,,,2024-07-31T08:00:00,,,,,API,,,,,,,Medium,
MAT02860,,,,,,,,,,2024-01-28T08:00:00,,,,,API,,,,,,,High,
MAT02861,,,,,,,,,,2025-01-25T08:00:00,,,,,API,,,,,,,High,
MAT02862,,,,,,,,,,2024-07-18T08:00:00,,,,,Excipient,,,,,,,High,
MAT02863,,,,,,,,,,2024-01-11T08:00:00,,,,,Component,,,,,,,Low,
MAT02864,,,,,,,,,,2025-12-27T08:00:00,,,,,Excipient,,,,,,,Low,
MAT02865,,,,,,,,,,2025-11-17T08:00:00,,,,,API,,,,,,,Medium,
MAT02866,,,,,,,,,,2025-04-17T08:00:00,,,,,Component,,,,,,,High,
MAT02867,,,,,,,,,,2025-07-15T08:00:00,,,,,API,,,,,,,Low,
MAT02868,,,,,,,,,,2024-05-23T08:00:00,,,,,API,,,,,,,High,
MAT02869,,,,,,,,,,2024-06-14T08:00:00,,,,,Component,,,,,,,Medium,
MAT02870,,,,,,,,,,2025-09-13T08:00:00,,,,,API,,,,,,,Low,
MAT02871,,,,,,,,,,2024-10-28T08:00:00,,,,,API,,,,,,,Low,
MAT02872,,,,,,,,,,2024-06-21T08:00:00,,,,,API,,,,,,,High,
MAT02873,,,,,,,,,,2025-11-24T08:00:00,,,,,API,,,,,,,Low,
MAT02874,,,,,,,,,,2025-03-27T08:00:00,,,,,Excipient,,,,,,,Low,
MAT02875,,,,,,,,,,2024-08-09T08:00:00,,,,,Excipient,,,,,,,Low,
MAT02876,,,,,,,,,,2025-03-28T08:00:00,,,,,API,,,,,,,Low,
MAT02877,,,,,,,,,,2025-02-03T08:00:00,,,,,API,,,,,,,Low,
MAT02878,,,,,,,,,,2024-02-23T08:00:00,,,,,Excipient,,,,,,,High,
MAT02879,,,,,,,,,,2025-01-21T08:00:00,,,,,API,,,,,,,Low,
MAT02880,,,,,,,,,,2025-01-18T08:00:00,,,,,API,,,,,,,Low,
MAT02881,,,,,,,,,,2024-04-03T08:00:00,,,,,API,,,,,,,Low,
MAT02882,,,,,,,,,,2024-01-29T08:00:00,,,,,API,,,,,,,High,
MAT02883,,,,,,,,,,2024-07-15T08:00:00,,,,,API,,,,,,,Medium,
MAT02884,,,,,,,,,,2024-04-08T08:00:00,,,,,API,,,,,,,Low,
MAT02885,,,,,,,,,,2024-02-15T08:00:00,,,,,API,,,,,,,Low,
MAT02886,,,,,,,,,,2024-11-30T08:00:00,,,,,Component,,,,,,,Low,
MAT02887,,,,,,,,,,2025-10-01T08:00:00,,,,,Excipient,,,,,,,Low,
MAT02888,,,,,,,,,,2025-03-14T08:00:00,,,,,API,,,,,,,High,
MAT02889,,,,,,,,,,2024-08-06T08:00:00,,,,,API,,,,,,,Low,
MAT02890,,,,,,,,,,2024-11-27T08:00:00,,,,,API,,,,,,,Medium,
MAT02891,,,,,,,,,,2025-02-15T08:00:00,,,,,API,,,,,,,Low,
MAT02892,,,,,,,,,,2025-02-02T08:00:00,,,,,Excipient,,,,,,,Low,
MAT02893,,,,,,,,,,2024-08-13T08:00:00,,,,,API,,,,,,,High,
MAT02894,,,,,,,,,,2025-10-27T08:00:00,,,,,API,,,,,,,Medium,
MAT02895,,,,,,,,,,2024-03-09T08:00:00,,,,,Excipient,,,,,,,Low,
MAT02896,,,,,,,,,,2024-11-04T08:00:00,,,,,API,,,,,,,High,
MAT02897,,,,,,,,,,2025-12-30T08:00:00,,,,,Component,,,,,,,Low,
MAT02898,,,,,,,,,,2024-04-07T08:00:00,,,,,API,,,,,,,Medium,
MAT02899,,,,,,,,,,2025-11-25T08:00:00,,,,,Excipient,,,,,,,High,
MAT02900,,,,,,,,,,2024-06-28T08:00:00,,,,,API,,,,,,,Medium,
MAT02901,,,,,,,,,,2024-03-10T08:00:00,,,,,Excipient,,,,,,,High,
MAT02902,,,,,,,,,,2025-09-15T08:00:00,,,,,Excipient,,,,,,,Low,
MAT02903,,,,,,,,,,2025-06-07T08:00:00,,,,,Component,,,,,,,High,
MAT02904,,,,,,,,,,2024-08-26T08:00:00,,,,,API,,,,,,,Low,
MAT02905,,,,,,,,,,2024-11-12T08:00:00,,,,,API,,,,,,,Low,
MAT02906,,,,,,,,,,2024-09-06T08:00:00,,,,,API,,,,,,,High,
MAT02907,,,,,,,,,,2024-05-20T08:00:00,,,,,API,,,,,,,Low,
MAT02908,,,,,,,,,,2024-10-30T08:00:00,,,,,Excipient,,,,,,,High,
MAT02909,,,,,,,,,,2025-01-19T08:00:00,,,,,API,,,,,,,Low,
MAT02910,,,,,,,,,,2024-08-31T08:00:00,,,,,API,,,,,,,Low,
MAT02911,,,,,,,,,,2024-05-17T08:00:00,,,,,Component,,,,,,,Medium,
MAT02912,,,,,,,,,,2025-10-21T08:00:00,,,,,Excipient,,,,,,,Medium,
MAT02913,,,,,,,,,,2025-10-25T08:00:00,,,,,API,,,,,,,High,
MAT02914,,,,,,,,,,2024-08-22T08:00:00,,,,,Excipient,,,,,,,Low,
MAT02915,,,,,,,,,,2024-09-05T08:00:00,,,,,Excipient,,,,,,,Medium,
MAT02916,,,,,,,,,,2025-11-11T08:00:00,,,,,API,,,,,,,Low,
MAT02917,,,,,,,,,,2025-09-14T08:00:00,,,,,API,,,,,,,Low,
MAT02918,,,,,,,,,,2024-07-06T08:00:00,,,,,Component,,,,,,,Medium,
MAT02919,,,,,,,,,,2024-03-07T08:00:00,,,,,Component,,,,,,,Low,
MAT02920,,,,,,,,,,2024-07-16T08:00:00,,,,,Component,,,,,,,Low,
MAT02921,,,,,,,,,,2024-07-28T08:00:00,,,,,API,,,,,,,Low,
MAT02922,,,,,,,,,,2024-06-26T08:00:00,,,,,API,,,,,,,Low,
MAT02923,,,,,,,,,,2025-06-03T08:00:00,,,,,API,,,,,,,Low,
MAT02924,,,,,,,,,,2025-04-23T08:00:00,,,,,API,,,,,,,High,
MAT02925,,,,,,,,,,2024-07-21T08:00:00,,,,,Excipient,,,,,,,Low,
MAT02926,,,,,,,,,,2024-06-29T08:00:00,,,,,API,,,,,,,High,
MAT02927,,,,,,,,,,2024-10-19T08:00:00,,,,,API,,,,,,,Medium,
MAT02928,,,,,,,,,,2024-10-05T08:00:00,,,,,Component,,,,,,,Low,
MAT02929,,,,,,,,,,2025-01-03T08:00:00,,,,,Component,,,,,,,Low,
MAT02930,,,,,,,,,,2024-06-20T08:00:00,,,,,Component,,,,,,,High,
MAT02931,,,,,,,,,,2025-03-08T08:00:00,,,,,Component,,,,,,,High,
MAT02932,,,,,,,,,,2025-05-08T08:00:00,,,,,Component,,,,,,,Low,
MAT02933,,,,,,,,,,2025-03-13T08:00:00,,,,,API,,,,,,,High,
MAT02934,,,,,,,,,,2025-09-01T08:00:00,,,,,API,,,,,,,Medium,
MAT02935,,,,,,,,,,2024-09-20T08:00:00,,,,,API,,,,,,,Low,
MAT02936,,,,,,,,,,2024-11-09T08:00:00,,,,,Component,,,,,,,High,
MAT02937,,,,,,,,,,2025-01-19T08:00:00,,,,,Component,,,,,,,Medium,
MAT02938,,,,,,,,,,2024-12-07T08:00:00,,,,,Component,,,,,,,Low,
MAT02939,,,,,,,,,,2024-07-19T08:00:00,,,,,API,,,,,,,High,
MAT02940,,,,,,,,,,2024-01-05T08:00:00,,,,,API,,,,,,,Low,
MAT02941,,,,,,,,,,2025-05-18T08:00:00,,,,,API,,,,,,,Medium,
MAT02942,,,,,,,,,,2025-02-08T08:00:00,,,,,Component,,,,,,,High,
MAT02943,,,,,,,,,,2025-05-16T08:00:00,,,,,Excipient,,,,,,,High,
MAT02944,,,,,,,,,,2025-02-22T08:00:00,,,,,Excipient,,,,,,,Low,
MAT02945,,,,,,,,,,2025-01-29T08:00:00,,,,,API,,,,,,,Low,
MAT02946,,,,,,,,,,2025-03-22T08:00:00,,,,,API,,,,,,,Low,
MAT02947,,,,,,,,,,2025-06-05T08:00:00,,,,,Excipient,,,,,,,Medium,
MAT02948,,,,,,,,,,2025-12-14T08:00:00,,,,,Component,,,,,,,Medium,
MAT02949,,,,,,,,,,2025-03-10T08:00:00,,,,,API,,,,,,,High,
MAT02950,,,,,,,,,,2025-05-04T08:00:00,,,,,API,,,,,,,Low,
MAT02951,,,,,,,,,,2025-10-08T08:00:00,,,,,API,,,,,,,Medium,
MAT02952,,,,,,,,,,2024-09-24T08:00:00,,,,,API,,,,,,,Low,
MAT02953,,,,,,,,,,2024-09-17T08:00:00,,,,,Component,,,,,,,Low,
MAT02954,,,,,,,,,,2024-01-13T08:00:00,,,,,API,,,,,,,Low,
MAT02955,,,,,,,,,,2025-10-21T08:00:00,,,,,API,,,,,,,Low,
MAT02956,,,,,,,,,,2025-12-24T08:00:00,,,,,Component,,,,,,,High,
MAT02957,,,,,,,,,,2025-03-09T08:00:00,,,,,API,,,,,,,Low,
MAT02958,,,,,,,,,,2024-09-15T08:00:00,,,,,API,,,,,,,High,
MAT02959,,,,,,,,,,2025-08-23T08:00:00,,,,,Excipient,,,,,,,High,
MAT02960,,,,,,,,,,2024-04-01T08:00:00,,,,,Excipient,,,,,,,High,
MAT02961,,,,,,,,,,2024-05-26T08:00:00,,,,,API,,,,,,,Medium,
MAT02962,,,,,,,,,,2025-02-11T08:00:00,,,,,Excipient,,,,,,,Low,
MAT02963,,,,,,,,,,2024-06-21T08:00:00,,,,,Excipient,,,,,,,Low,
MAT02964,,,,,,,,,,2024-04-09T08:00:00,,,,,Component,,,,,,,Low,
MAT02965,,,,,,,,,,2025-06-21T08:00:00,,,,,API,,,,,,,High,
MAT02966,,,,,,,,,,2025-03-17T08:00:00,,,,,Component,,,,,,,Medium,
MAT02967,,,,,,,,,,2025-01-18T08:00:00,,,,,API,,,,,,,Low,
MAT02968,,,,,,,,,,2024-07-21T08:00:00,,,,,API,,,,,,,Low,
MAT02969,,,,,,,,,,2025-05-29T08:00:00,,,,,Component,,,,,,,Low,
MAT02970,,,,,,,,,,2025-08-03T08:00:00,,,,,API,,,,,,,High,
MAT02971,,,,,,,,,,2024-07-24T08:00:00,,,,,API,,,,,,,Low,
MAT02972,,,,,,,,,,2024-07-15T08:00:00,,,,,API,,,,,,,Low,
MAT02973,,,,,,,,,,2025-03-27T08:00:00,,,,,Excipient,,,,,,,High,
MAT02974,,,,,,,,,,2024-03-22T08:00:00,,,,,API,,,,,,,Low,
MAT02975,,,,,,,,,,2025-01-21T08:00:00,,,,,Excipient,,,,,,,Low,
MAT02976,,,,,,,,,,2024-03-06T08:00:00,,,,,API,,,,,,,Medium,
MAT02977,,,,,,,,,,2025-08-22T08:00:00,,,,,Excipient,,,,,,,Low,
MAT02978,,,,,,,,,,2025-05-11T08:00:00,,,,,API,,,,,,,High,
MAT02979,,,,,,,,,,2024-03-03T08:00:00,,,,,API,,,,,,,Low,
MAT02980,,,,,,,,,,2025-11-12T08:00:00,,,,,Excipient,,,,,,,Low,
MAT02981,,,,,,,,,,2024-08-04T08:00:00,,,,,API,,,,,,,Low,
MAT02982,,,,,,,,,,2025-09-09T08:00:00,,,,,API,,,,,,,High,
MAT02983,,,,,,,,,,2025-04-29T08:00:00,,,,,Excipient,,,,,,,High,
MAT02984,,,,,,,,,,2024-12-10T08:00:00,,,,,Excipient,,,,,,,High,
MAT02985,,,,,,,,,,2024-11-18T08:00:00,,,,,Excipient,,,,,,,Medium,
MAT02986,,,,,,,,,,2025-11-12T08:00:00,,,,,API,,,,,,,Medium,
MAT02987,,,,,,,,,,2025-09-17T08:00:00,,,,,Component,,,,,,,High,
MAT02988,,,,,,,,,,2024-12-04T08:00:00,,,,,API,,,,,,,Medium,
MAT02989,,,,,,,,,,2025-04-12T08:00:00,,,,,API,,,,,,,Low,
MAT02990,,,,,,,,,,2024-01-27T08:00:00,,,,,Component,,,,,,,Low,
MAT02991,,,,,,,,,,2025-12-17T08:00:00,,,,,API,,,,,,,Medium,
MAT02992,,,,,,,,,,2025-04-07T08:00:00,,,,,API,,,,,,,Medium,
MAT02993,,,,,,,,,,2025-11-07T08:00:00,,,,,Component,,,,,,,High,
MAT02994,,,,,,,,,,2025-10-15T08:00:00,,,,,API,,,,,,,Low,
MAT02995,,,,,,,,,,2025-10-10T08:00:00,,,,,Excipient,,,,,,,Low,
MAT02996,,,,,,,,,,2024-11-29T08:00:00,,,,,Excipient,,,,,,,Low,
MAT02997,,,,,,,,,,2025-09-13T08:00:00,,,,,Component,,,,,,,Low,
MAT02998,,,,,,,,,,2025-09-19T08:00:00,,,,,Component,,,,,,,High,
MAT02999,,,,,,,,,,2025-03-14T08:00:00,,,,,API,,,,,,,Medium,
MAT03000,,,,,,,,,,2025-01-29T08:00:00,,,,,Component,,,,,,,Low,
MAT03001,,,,,,,,,,2025-12-30T08:00:00,,,,,Excipient,,,,,,,Low,
MAT03002,,,,,,,,,,2024-05-10T08:00:00,,,,,API,,,,,,,Low,
MAT03003,,,,,,,,,,2024-11-04T08:00:00,,,,,Component,,,,,,,Low,
MAT03004,,,,,,,,,,2025-04-01T08:00:00,,,,,Component,,,,,,,Low,
MAT03005,,,,,,,,,,2025-11-09T08:00:00,,,,,API,,,,,,,High,
MAT03006,,,,,,,,,,2024-08-04T08:00:00,,,,,API,,,,,,,Low,
MAT03007,,,,,,,,,,2024-04-18T08:00:00,,,,,API,,,,,,,Low,
MAT03008,,,,,,,,,,2024-06-13T08:00:00,,,,,Component,,,,,,,Low,
MAT03009,,,,,,,,,,2024-10-14T08:00:00,,,,,Excipient,,,,,,,High,
MAT03010,,,,,,,,,,2025-11-12T08:00:00,,,,,API,,,,,,,Medium,
MAT03011,,,,,,,,,,2025-11-12T08:00:00,,,,,Component,,,,,,,Low,
MAT03012,,,,,,,,,,2024-04-02T08:00:00,,,,,API,,,,,,,High,
MAT03013,,,,,,,,,,2025-08-12T08:00:00,,,,,Excipient,,,,,,,Low,
MAT03014,,,,,,,,,,2025-01-21T08:00:00,,,,,API,,,,,,,Medium,
MAT03015,,,,,,,,,,2024-08-26T08:00:00,,,,,Component,,,,,,,High,
MAT03016,,,,,,,,,,2024-04-28T08:00:00,,,,,API,,,,,,,Medium,
MAT03017,,,,,,,,,,2024-04-24T08:00:00,,,,,Excipient,,,,,,,Low,
MAT03018,,,,,,,,,,2025-08-29T08:00:00,,,,,API,,,,,,,Medium,
MAT03019,,,,,,,,,,2025-08-09T08:00:00,,,,,API,,,,,,,Low,
MAT03020,,,,,,,,,,2024-11-16T08:00:00,,,,,Excipient,,,,,,,Low,
MAT03021,,,,,,,,,,2024-11-14T08:00:00,,,,,Component,,,,,,,Low,
MAT03022,,,,,,,,,,2025-02-01T08:00:00,,,,,API,,,,,,,Low,
MAT03023,,,,,,,,,,2025-01-08T08:00:00,,,,,Component,,,,,,,Medium,
MAT03024,,,,,,,,,,2024-04-19T08:00:00,,,,,API,,,,,,,Low,
MAT03025,,,,,,,,,,2025-07-05T08:00:00,,,,,Component,,,,,,,Low,
MAT03026,,,,,,,,,,2024-05-28T08:00:00,,,,,Component,,,,,,,Medium,
MAT03027,,,,,,,,,,2025-05-26T08:00:00,,,,,Excipient,,,,,,,Low,
MAT03028,,,,,,,,,,2025-09-07T08:00:00,,,,,Component,,,,,,,Low,
MAT03029,,,,,,,,,,2025-11-12T08:00:00,,,,,Excipient,,,,,,,Low,
MAT03030,,,,,,,,,,2024-11-12T08:00:00,,,,,API,,,,,,,Medium,
MAT03031,,,,,,,,,,2025-12-24T08:00:00,,,,,API,,,,,,,Medium,
MAT03032,,,,,,,,,,2025-05-21T08:00:00,,,,,Component,,,,,,,Low,
MAT03033,,,,,,,,,,2024-03-01T08:00:00,,,,,Excipient,,,,,,,High,
MAT03034,,,,,,,,,,2024-08-03T08:00:00,,,,,Excipient,,,,,,,Low,
MAT03035,,,,,,,,,,2024-07-02T08:00:00,,,,,API,,,,,,,Low,
MAT03036,,,,,,,,,,2024-11-02T08:00:00,,,,,Component,,,,,,,High,
MAT03037,,,,,,,,,,2025-07-15T08:00:00,,,,,API,,,,,,,Low,
MAT03038,,,,,,,,,,2025-03-08T08:00:00,,,,,Component,,,,,,,Medium,
MAT03039,,,,,,,,,,2025-02-04T08:00:00,,,,,Component,,,,,,,Medium,
MAT03040,,,,,,,,,,2025-06-24T08:00:00,,,,,Component,,,,,,,Low,
MAT03041,,,,,,,,,,2025-12-14T08:00:00,,,,,Excipient,,,,,,,Medium,
MAT03042,,,,,,,,,,2024-04-09T08:00:00,,,,,API,,,,,,,High,
MAT03043,,,,,,,,,,2025-08-17T08:00:00,,,,,API,,,,,,,Medium,
MAT03044,,,,,,,,,,2025-04-13T08:00:00,,,,,API,,,,,,,Medium,
MAT03045,,,,,,,,,,2025-03-28T08:00:00,,,,,API,,,,,,,Low,
MAT03046,,,,,,,,,,2024-05-28T08:00:00,,,,,Component,,,,,,,Medium,
MAT03047,,,,,,,,,,2024-07-19T08:00:00,,,,,API,,,,,,,Low,
MAT03048,,,,,,,,,,2025-08-12T08:00:00,,,,,API,,,,,,,Medium,
MAT03049,,,,,,,,,,2025-01-20T08:00:00,,,,,API,,,,,,,Low,
MAT03050,,,,,,,,,,2024-02-27T08:00:00,,,,,Component,,,,,,,Low,
MAT03051,,,,,,,,,,2025-04-30T08:00:00,,,,,API,,,,,,,Medium,
MAT03052,,,,,,,,,,2024-04-30T08:00:00,,,,,API,,,,,,,Low,
MAT03053,,,,,,,,,,2024-06-01T08:00:00,,,,,Excipient,,,,,,,High,
MAT03054,,,,,,,,,,2024-02-04T08:00:00,,,,,Component,,,,,,,Low,
MAT03055,,,,,,,,,,2025-02-10T08:00:00,,,,,API,,,,,,,Low,
MAT03056,,,,,,,,,,2025-12-05T08:00:00,,,,,Component,,,,,,,Medium,
MAT03057,,,,,,,,,,2025-12-09T08:00:00,,,,,API,,,,,,,High,
MAT03058,,,,,,,,,,2025-10-27T08:00:00,,,,,API,,,,,,,High,
MAT03059,,,,,,,,,,2025-10-09T08:00:00,,,,,Component,,,,,,,Medium,
MAT03060,,,,,,,,,,2024-01-12T08:00:00,,,,,Component,,,,,,,Medium,
MAT03061,,,,,,,,,,2024-03-25T08:00:00,,,,,API,,,,,,,Low,
MAT03062,,,,,,,,,,2025-10-18T08:00:00,,,,,API,,,,,,,High,
MAT03063,,,,,,,,,,2025-08-23T08:00:00,,,,,API,,,,,,,Low,
MAT03064,,,,,,,,,,2025-12-11T08:00:00,,,,,Component,,,,,,,Medium,
MAT03065,,,,,,,,,,2025-01-28T08:00:00,,,,,API,,,,,,,Low,
MAT03066,,,,,,,,,,2024-11-01T08:00:00,,,,,Component,,,,,,,High,
MAT03067,,,,,,,,,,2024-11-29T08:00:00,,,,,API,,,,,,,Low,
MAT03068,,,,,,,,,,2025-02-19T08:00:00,,,,,API,,,,,,,Low,
MAT03069,,,,,,,,,,2025-07-23T08:00:00,,,,,API,,,,,,,High,
MAT03070,,,,,,,,,,2025-06-15T08:00:00,,,,,Component,,,,,,,Low,
MAT03071,,,,,,,,,,2025-11-05T08:00:00,,,,,API,,,,,,,Low,
MAT03072,,,,,,,,,,2025-09-05T08:00:00,,,,,API,,,,,,,Low,
MAT03073,,,,,,,,,,2025-07-22T08:00:00,,,,,API,,,,,,,Low,
MAT03074,,,,,,,,,,2024-05-05T08:00:00,,,,,Component,,,,,,,Medium,
MAT03075,,,,,,,,,,2025-08-11T08:00:00,,,,,API,,,,,,,Low,
MAT03076,,,,,,,,,,2024-03-30T08:00:00,,,,,API,,,,,,,Low,
MAT03077,,,,,,,,,,2024-03-27T08:00:00,,,,,Excipient,,,,,,,Low,
MAT03078,,,,,,,,,,2025-01-07T08:00:00,,,,,API,,,,,,,Medium,
MAT03079,,,,,,,,,,2025-11-04T08:00:00,,,,,API,,,,,,,High,
MAT03080,,,,,,,,,,2024-11-03T08:00:00,,,,,API,,,,,,,Low,
MAT03081,,,,,,,,,,2025-11-05T08:00:00,,,,,API,,,,,,,Medium,
MAT03082,,,,,,,,,,2025-08-13T08:00:00,,,,,Component,,,,,,,Low,
MAT03083,,,,,,,,,,2025-06-19T08:00:00,,,,,Component,,,,,,,Medium,
MAT03084,,,,,,,,,,2025-12-05T08:00:00,,,,,Excipient,,,,,,,Low,
MAT03085,,,,,,,,,,2024-08-30T08:00:00,,,,,API,,,,,,,Low,
MAT03086,,,,,,,,,,2024-05-25T08:00:00,,,,,API,,,,,,,Low,
MAT03087,,,,,,,,,,2024-05-17T08:00:00,,,,,Excipient,,,,,,,Low,
MAT03088,,,,,,,,,,2024-10-11T08:00:00,,,,,API,,,,,,,Medium,
MAT03089,,,,,,,,,,2024-03-17T08:00:00,,,,,API,,,,,,,High,
MAT03090,,,,,,,,,,2025-01-25T08:00:00,,,,,Excipient,,,,,,,Medium,
MAT03091,,,,,,,,,,2025-04-12T08:00:00,,,,,API,,,,,,,High,
MAT03092,,,,,,,,,,2025-11-23T08:00:00,,,,,API,,,,,,,Medium,
MAT03093,,,,,,,,,,2025-07-02T08:00:00,,,,,Component,,,,,,,Low,
MAT03094,,,,,,,,,,2025-10-06T08:00:00,,,,,API,,,,,,,Low,
MAT03095,,,,,,,,,,2025-01-16T08:00:00,,,,,Excipient,,,,,,,Low,
MAT03096,,,,,,,,,,2024-06-06T08:00:00,,,,,API,,,,,,,High,
MAT03097,,,,,,,,,,2025-01-23T08:00:00,,,,,Excipient,,,,,,,High,
MAT03098,,,,,,,,,,2024-03-20T08:00:00,,,,,API,,,,,,,Low,
MAT03099,,,,,,,,,,2025-06-28T08:00:00,,,,,Excipient,,,,,,,Low,
MAT03100,,,,,,,,,,2024-03-08T08:00:00,,,,,API,,,,,,,High,
MAT03101,,,,,,,,,,2025-01-06T08:00:00,,,,,Excipient,,,,,,,Low,
MAT03102,,,,,,,,,,2024-05-29T08:00:00,,,,,Excipient,,,,,,,Medium,
MAT03103,,,,,,,,,,2024-01-11T08:00:00,,,,,API,,,,,,,Medium,
MAT03104,,,,,,,,,,2024-08-15T08:00:00,,,,,API,,,,,,,High,
MAT03105,,,,,,,,,,2024-05-06T08:00:00,,,,,Component,,,,,,,Low,
MAT03106,,,,,,,,,,2025-08-25T08:00:00,,,,,API,,,,,,,Medium,
MAT03107,,,,,,,,,,2025-06-25T08:00:00,,,,,Component,,,,,,,Low,
MAT03108,,,,,,,,,,2025-07-18T08:00:00,,,,,Excipient,,,,,,,Medium,
MAT03109,,,,,,,,,,2024-02-19T08:00:00,,,,,Excipient,,,,,,,Low,
MAT03110,,,,,,,,,,2025-02-02T08:00:00,,,,,API,,,,,,,Medium,
MAT03111,,,,,,,,,,2025-11-25T08:00:00,,,,,API,,,,,,,Medium,
MAT03112,,,,,,,,,,2025-08-29T08:00:00,,,,,Component,,,,,,,High,
MAT03113,,,,,,,,,,2024-01-10T08:00:00,,,,,API,,,,,,,Medium,
MAT03114,,,,,,,,,,2024-05-26T08:00:00,,,,,API,,,,,,,Low,
MAT03115,,,,,,,,,,2024-02-24T08:00:00,,,,,Component,,,,,,,Medium,
MAT03116,,,,,,,,,,2025-11-25T08:00:00,,,,,Excipient,,,,,,,Low,
MAT03117,,,,,,,,,,2024-07-06T08:00:00,,,,,Component,,,,,,,High,
MAT03118,,,,,,,,,,2025-04-24T08:00:00,,,,,Component,,,,,,,Medium,
MAT03119,,,,,,,,,,2025-03-14T08:00:00,,,,,Excipient,,,,,,,Medium,
MAT03120,,,,,,,,,,2025-10-12T08:00:00,,,,,API,,,,,,,Medium,
MAT03121,,,,,,,,,,2025-02-20T08:00:00,,,,,API,,,,,,,Medium,
MAT03122,,,,,,,,,,2025-10-11T08:00:00,,,,,Excipient,,,,,,,Low,
MAT03123,,,,,,,,,,2024-09-02T08:00:00,,,,,API,,,,,,,Low,
MAT03124,,,,,,,,,,2025-08-12T08:00:00,,,,,API,,,,,,,Low,
MAT03125,,,,,,,,,,2024-10-19T08:00:00,,,,,API,,,,,,,Low,
MAT03126,,,,,,,,,,2025-03-10T08:00:00,,,,,Component,,,,,,,Low,
MAT03127,,,,,,,,,,2025-05-24T08:00:00,,,,,API,,,,,,,High,
MAT03128,,,,,,,,,,2024-01-15T08:00:00,,,,,API,,,,,,,High,
MAT03129,,,,,,,,,,2025-03-11T08:00:00,,,,,API,,,,,,,Low,
MAT03130,,,,,,,,,,2025-11-08T08:00:00,,,,,Excipient,,,,,,,Low,
MAT03131,,,,,,,,,,2024-06-21T08:00:00,,,,,API,,,,,,,High,
MAT03132,,,,,,,,,,2024-03-17T08:00:00,,,,,API,,,,,,,Low,
MAT03133,,,,,,,,,,2025-06-10T08:00:00,,,,,Excipient,,,,,,,Low,
MAT03134,,,,,,,,,,2025-03-08T08:00:00,,,,,Excipient,,,,,,,Low,
MAT03135,,,,,,,,,,2024-06-23T08:00:00,,,,,Component,,,,,,,High,
MAT03136,,,,,,,,,,2024-12-12T08:00:00,,,,,Excipient,,,,,,,Low,
MAT03137,,,,,,,,,,2024-10-24T08:00:00,,,,,API,,,,,,,Low,
MAT03138,,,,,,,,,,2024-10-27T08:00:00,,,,,Excipient,,,,,,,High,
MAT03139,,,,,,,,,,2024-01-03T08:00:00,,,,,Excipient,,,,,,,Low,
MAT03140,,,,,,,,,,2024-11-08T08:00:00,,,,,Component,,,,,,,Low,
MAT03141,,,,,,,,,,2025-09-24T08:00:00,,,,,API,,,,,,,High,
MAT03142,,,,,,,,,,2024-12-30T08:00:00,,,,,Component,,,,,,,Low,
MAT03143,,,,,,,,,,2024-12-02T08:00:00,,,,,API,,,,,,,High,
MAT03144,,,,,,,,,,2024-04-19T08:00:00,,,,,Excipient,,,,,,,Medium,
MAT03145,,,,,,,,,,2024-07-09T08:00:00,,,,,API,,,,,,,Medium,
MAT03146,,,,,,,,,,2024-01-10T08:00:00,,,,,Component,,,,,,,Medium,
MAT03147,,,,,,,,,,2025-05-18T08:00:00,,,,,API,,,,,,,High,
MAT03148,,,,,,,,,,2025-06-25T08:00:00,,,,,API,,,,,,,Low,
MAT03149,,,,,,,,,,2024-05-06T08:00:00,,,,,API,,,,,,,High,
MAT03150,,,,,,,,,,2024-06-08T08:00:00,,,,,Component,,,,,,,Low,
MAT03151,,,,,,,,,,2025-04-26T08:00:00,,,,,Excipient,,,,,,,Low,
MAT03152,,,,,,,,,,2024-11-02T08:00:00,,,,,Component,,,,,,,Medium,
MAT03153,,,,,,,,,,2024-07-05T08:00:00,,,,,Excipient,,,,,,,High,
MAT03154,,,,,,,,,,2025-03-25T08:00:00,,,,,Excipient,,,,,,,Low,
MAT03155,,,,,,,,,,2024-05-23T08:00:00,,,,,Component,,,,,,,Low,
MAT03156,,,,,,,,,,2024-01-06T08:00:00,,,,,Excipient,,,,,,,High,
MAT03157,,,,,,,,,,2024-04-23T08:00:00,,,,,Excipient,,,,,,,Low,
MAT03158,,,,,,,,,,2024-02-11T08:00:00,,,,,API,,,,,,,Medium,
MAT03159,,,,,,,,,,2025-03-07T08:00:00,,,,,API,,,,,,,High,
MAT03160,,,,,,,,,,2024-06-13T08:00:00,,,,,Excipient,,,,,,,Low,
MAT03161,,,,,,,,,,2025-11-12T08:00:00,,,,,API,,,,,,,High,
MAT03162,,,,,,,,,,2025-03-07T08:00:00,,,,,Excipient,,,,,,,Low,
MAT03163,,,,,,,,,,2025-11-29T08:00:00,,,,,Component,,,,,,,High,
MAT03164,,,,,,,,,,2025-02-13T08:00:00,,,,,API,,,,,,,Medium,
MAT03165,,,,,,,,,,2024-04-22T08:00:00,,,,,Component,,,,,,,Low,
MAT03166,,,,,,,,,,2024-05-09T08:00:00,,,,,API,,,,,,,Low,
MAT03167,,,,,,,,,,2025-05-27T08:00:00,,,,,API,,,,,,,Medium,
MAT03168,,,,,,,,,,2024-02-23T08:00:00,,,,,API,,,,,,,Low,
MAT03169,,,,,,,,,,2025-09-03T08:00:00,,,,,Excipient,,,,,,,High,
MAT03170,,,,,,,,,,2025-05-06T08:00:00,,,,,API,,,,,,,High,
MAT03171,,,,,,,,,,2025-05-12T08:00:00,,,,,Excipient,,,,,,,Medium,
MAT03172,,,,,,,,,,2024-09-10T08:00:00,,,,,API,,,,,,,High,
MAT03173,,,,,,,,,,2024-09-12T08:00:00,,,,,API,,,,,,,Low,
MAT03174,,,,,,,,,,2024-09-26T08:00:00,,,,,Excipient,,,,,,,Low,
MAT03175,,,,,,,,,,2024-07-22T08:00:00,,,,,API,,,,,,,High,
MAT03176,,,,,,,,,,2025-12-18T08:00:00,,,,,Component,,,,,,,Low,
MAT03177,,,,,,,,,,2025-08-28T08:00:00,,,,,API,,,,,,,Low,
MAT03178,,,,,,,,,,2024-05-03T08:00:00,,,,,API,,,,,,,Low,
MAT03179,,,,,,,,,,2024-02-09T08:00:00,,,,,API,,,,,,,High,
MAT03180,,,,,,,,,,2024-05-29T08:00:00,,,,,Excipient,,,,,,,Low,
MAT03181,,,,,,,,,,2025-09-23T08:00:00,,,,,Component,,,,,,,Low,
MAT03182,,,,,,,,,,2024-02-22T08:00:00,,,,,API,,,,,,,Low,
MAT03183,,,,,,,,,,2025-06-21T08:00:00,,,,,Component,,,,,,,High,
MAT03184,,,,,,,,,,2024-08-15T08:00:00,,,,,Excipient,,,,,,,Low,
MAT03185,,,,,,,,,,2025-05-05T08:00:00,,,,,Excipient,,,,,,,High,
MAT03186,,,,,,,,,,2025-10-21T08:00:00,,,,,API,,,,,,,High,
MAT03187,,,,,,,,,,2024-04-22T08:00:00,,,,,API,,,,,,,Medium,
MAT03188,,,,,,,,,,2024-10-14T08:00:00,,,,,Excipient,,,,,,,Medium,
MAT03189,,,,,,,,,,2024-09-09T08:00:00,,,,,Excipient,,,,,,,High,
MAT03190,,,,,,,,,,2024-07-05T08:00:00,,,,,Excipient,,,,,,,Low,
MAT03191,,,,,,,,,,2024-02-23T08:00:00,,,,,API,,,,,,,Low,
MAT03192,,,,,,,,,,2024-10-19T08:00:00,,,,,Excipient,,,,,,,Low,
MAT03193,,,,,,,,,,2025-09-13T08:00:00,,,,,Component,,,,,,,Medium,
MAT03194,,,,,,,,,,2024-07-08T08:00:00,,,,,API,,,,,,,High,
MAT03195,,,,,,,,,,2025-01-07T08:00:00,,,,,Excipient,,,,,,,High,
MAT03196,,,,,,,,,,2024-04-24T08:00:00,,,,,Excipient,,,,,,,Medium,
MAT03197,,,,,,,,,,2025-11-30T08:00:00,,,,,API,,,,,,,Low,
MAT03198,,,,,,,,,,2025-01-04T08:00:00,,,,,API,,,,,,,Medium,
MAT03199,,,,,,,,,,2024-08-31T08:00:00,,,,,Excipient,,,,,,,Medium,
MAT03200,,,,,,,,,,2025-08-21T08:00:00,,,,,Excipient,,,,,,,Low,
MAT03201,,,,,,,,,,2024-04-18T08:00:00,,,,,Component,,,,,,,Low,
MAT03202,,,,,,,,,,2024-02-12T08:00:00,,,,,API,,,,,,,Low,
MAT03203,,,,,,,,,,2025-12-22T08:00:00,,,,,API,,,,,,,Low,
MAT03204,,,,,,,,,,2024-03-17T08:00:00,,,,,Component,,,,,,,Low,
MAT03205,,,,,,,,,,2025-04-30T08:00:00,,,,,Excipient,,,,,,,Medium,
MAT03206,,,,,,,,,,2024-02-14T08:00:00,,,,,API,,,,,,,Low,
MAT03207,,,,,,,,,,2025-03-04T08:00:00,,,,,API,,,,,,,Low,
MAT03208,,,,,,,,,,2025-01-09T08:00:00,,,,,Excipient,,,,,,,Medium,
MAT03209,,,,,,,,,,2025-03-22T08:00:00,,,,,Component,,,,,,,Low,
MAT03210,,,,,,,,,,2025-03-05T08:00:00,,,,,API,,,,,,,High,
MAT03211,,,,,,,,,,2025-09-05T08:00:00,,,,,API,,,,,,,Low,
MAT03212,,,,,,,,,,2024-10-23T08:00:00,,,,,Excipient,,,,,,,Low,
MAT03213,,,,,,,,,,2025-12-11T08:00:00,,,,,API,,,,,,,Low,
MAT03214,,,,,,,,,,2025-05-21T08:00:00,,,,,API,,,,,,,High,
MAT03215,,,,,,,,,,2025-03-24T08:00:00,,,,,API,,,,,,,Low,
MAT03216,,,,,,,,,,2025-02-14T08:00:00,,,,,Component,,,,,,,High,
MAT03217,,,,,,,,,,2024-07-07T08:00:00,,,,,Excipient,,,,,,,Low,
MAT03218,,,,,,,,,,2025-08-08T08:00:00,,,,,API,,,,,,,Low,
MAT03219,,,,,,,,,,2025-06-09T08:00:00,,,,,API,,,,,,,Low,
MAT03220,,,,,,,,,,2024-11-06T08:00:00,,,,,Component,,,,,,,Medium,
MAT03221,,,,,,,,,,2025-12-26T08:00:00,,,,,API,,,,,,,Medium,
MAT03222,,,,,,,,,,2024-06-24T08:00:00,,,,,Excipient,,,,,,,Low,
MAT03223,,,,,,,,,,2025-06-30T08:00:00,,,,,API,,,,,,,Low,
MAT03224,,,,,,,,,,2024-02-10T08:00:00,,,,,API,,,,,,,Medium,
MAT03225,,,,,,,,,,2024-05-16T08:00:00,,,,,API,,,,,,,Medium,
MAT03226,,,,,,,,,,2025-10-19T08:00:00,,,,,Excipient,,,,,,,Low,
MAT03227,,,,,,,,,,2025-07-01T08:00:00,,,,,API,,,,,,,Low,
MAT03228,,,,,,,,,,2025-10-26T08:00:00,,,,,API,,,,,,,Low,
MAT03229,,,,,,,,,,2024-11-28T08:00:00,,,,,Excipient,,,,,,,Medium,
MAT03230,,,,,,,,,,2024-05-16T08:00:00,,,,,API,,,,,,,Medium,
MAT03231,,,,,,,,,,2024-11-28T08:00:00,,,,,Component,,,,,,,Medium,
MAT03232,,,,,,,,,,2024-12-30T08:00:00,,,,,API,,,,,,,Low,
MAT03233,,,,,,,,,,2024-06-29T08:00:00,,,,,API,,,,,,,Medium,
MAT03234,,,,,,,,,,2025-07-04T08:00:00,,,,,Excipient,,,,,,,Low,
MAT03235,,,,,,,,,,2025-10-31T08:00:00,,,,,API,,,,,,,High,
MAT03236,,,,,,,,,,2025-03-28T08:00:00,,,,,Excipient,,,,,,,Low,
MAT03237,,,,,,,,,,2024-10-02T08:00:00,,,,,API,,,,,,,Medium,
MAT03238,,,,,,,,,,2024-06-08T08:00:00,,,,,API,,,,,,,High,
MAT03239,,,,,,,,,,2025-03-20T08:00:00,,,,,Component,,,,,,,Low,
MAT03240,,,,,,,,,,2025-05-05T08:00:00,,,,,Excipient,,,,,,,Low,
MAT03241,,,,,,,,,,2024-07-04T08:00:00,,,,,API,,,,,,,High,
MAT03242,,,,,,,,,,2024-06-29T08:00:00,,,,,Component,,,,,,,Low,
MAT03243,,,,,,,,,,2024-07-03T08:00:00,,,,,API,,,,,,,High,
MAT03244,,,,,,,,,,2024-11-13T08:00:00,,,,,Excipient,,,,,,,Low,
MAT03245,,,,,,,,,,2025-02-07T08:00:00,,,,,API,,,,,,,Low,
MAT03246,,,,,,,,,,2024-05-26T08:00:00,,,,,API,,,,,,,Low,
MAT03247,,,,,,,,,,2024-09-08T08:00:00,,,,,API,,,,,,,High,
MAT03248,,,,,,,,,,2024-04-12T08:00:00,,,,,Component,,,,,,,High,
MAT03249,,,,,,,,,,2025-09-09T08:00:00,,,,,API,,,,,,,Low,
MAT03250,,,,,,,,,,2025-01-28T08:00:00,,,,,API,,,,,,,High,
MAT03251,,,,,,,,,,2024-01-14T08:00:00,,,,,API,,,,,,,Low,
MAT03252,,,,,,,,,,2024-09-11T08:00:00,,,,,API,,,,,,,Low,
MAT03253,,,,,,,,,,2024-05-26T08:00:00,,,,,API,,,,,,,Medium,
MAT03254,,,,,,,,,,2024-04-18T08:00:00,,,,,API,,,,,,,Low,
MAT03255,,,,,,,,,,2024-07-26T08:00:00,,,,,Excipient,,,,,,,Low,
MAT03256,,,,,,,,,,2025-07-30T08:00:00,,,,,API,,,,,,,High,
MAT03257,,,,,,,,,,2024-11-10T08:00:00,,,,,Component,,,,,,,Low,
MAT03258,,,,,,,,,,2024-06-07T08:00:00,,,,,Excipient,,,,,,,High,
MAT03259,,,,,,,,,,2025-07-10T08:00:00,,,,,API,,,,,,,Low,
MAT03260,,,,,,,,,,2024-01-22T08:00:00,,,,,Excipient,,,,,,,Low,
MAT03261,,,,,,,,,,2025-07-11T08:00:00,,,,,API,,,,,,,Low,
MAT03262,,,,,,,,,,2025-06-07T08:00:00,,,,,Excipient,,,,,,,Low,
MAT03263,,,,,,,,,,2024-01-02T08:00:00,,,,,Component,,,,,,,Low,
MAT03264,,,,,,,,,,2024-08-20T08:00:00,,,,,API,,,,,,,Low,
MAT03265,,,,,,,,,,2024-05-30T08:00:00,,,,,Component,,,,,,,High,
MAT03266,,,,,,,,,,2024-08-19T08:00:00,,,,,Excipient,,,,,,,Medium,
MAT03267,,,,,,,,,,2025-05-18T08:00:00,,,,,Component,,,,,,,Low,
MAT03268,,,,,,,,,,2024-08-17T08:00:00,,,,,API,,,,,,,Low,
MAT03269,,,,,,,,,,2024-12-31T08:00:00,,,,,API,,,,,,,Medium,
MAT03270,,,,,,,,,,2024-05-01T08:00:00,,,,,API,,,,,,,Medium,
MAT03271,,,,,,,,,,2024-02-14T08:00:00,,,,,Excipient,,,,,,,Low,
MAT03272,,,,,,,,,,2025-03-14T08:00:00,,,,,API,,,,,,,Low,
MAT03273,,,,,,,,,,2025-11-26T08:00:00,,,,,Excipient,,,,,,,Low,
MAT03274,,,,,,,,,,2025-11-14T08:00:00,,,,,Component,,,,,,,Low,
MAT03275,,,,,,,,,,2024-12-22T08:00:00,,,,,Excipient,,,,,,,Medium,
MAT03276,,,,,,,,,,2025-05-26T08:00:00,,,,,API,,,,,,,Medium,
MAT03277,,,,,,,,,,2025-12-29T08:00:00,,,,,Excipient,,,,,,,Medium,
MAT03278,,,,,,,,,,2024-06-01T08:00:00,,,,,API,,,,,,,Low,
MAT03279,,,,,,,,,,2024-05-31T08:00:00,,,,,API,,,,,,,Medium,
MAT03280,,,,,,,,,,2025-05-04T08:00:00,,,,,Component,,,,,,,High,
MAT03281,,,,,,,,,,2025-08-14T08:00:00,,,,,API,,,,,,,Low,
MAT03282,,,,,,,,,,2024-05-28T08:00:00,,,,,Component,,,,,,,Medium,
MAT03283,,,,,,,,,,2024-05-10T08:00:00,,,,,API,,,,,,,Medium,
MAT03284,,,,,,,,,,2024-12-27T08:00:00,,,,,API,,,,,,,High,
MAT03285,,,,,,,,,,2025-03-10T08:00:00,,,,,Excipient,,,,,,,High,
MAT03286,,,,,,,,,,2025-09-08T08:00:00,,,,,Component,,,,,,,High,
MAT03287,,,,,,,,,,2025-10-31T08:00:00,,,,,Excipient,,,,,,,Low,
MAT03288,,,,,,,,,,2025-03-04T08:00:00,,,,,API,,,,,,,High,
MAT03289,,,,,,,,,,2025-06-29T08:00:00,,,,,Component,,,,,,,High,
MAT03290,,,,,,,,,,2024-03-26T08:00:00,,,,,API,,,,,,,High,
MAT03291,,,,,,,,,,2025-12-20T08:00:00,,,,,Component,,,,,,,Low,
MAT03292,,,,,,,,,,2025-01-05T08:00:00,,,,,API,,,,,,,Low,
MAT03293,,,,,,,,,,2024-01-18T08:00:00,,,,,API,,,,,,,Low,
MAT03294,,,,,,,,,,2024-05-16T08:00:00,,,,,Excipient,,,,,,,High,
MAT03295,,,,,,,,,,2024-12-23T08:00:00,,,,,API,,,,,,,Low,
MAT03296,,,,,,,,,,2024-10-28T08:00:00,,,,,Excipient,,,,,,,Low,
MAT03297,,,,,,,,,,2025-07-18T08:00:00,,,,,Component,,,,,,,Low,
MAT03298,,,,,,,,,,2024-08-03T08:00:00,,,,,Component,,,,,,,Low,
MAT03299,,,,,,,,,,2024-05-21T08:00:00,,,,,API,,,,,,,Low,
MAT03300,,,,,,,,,,2025-01-21T08:00:00,,,,,API,,,,,,,Low,
MAT03301,,,,,,,,,,2025-01-15T08:00:00,,,,,API,,,,,,,High,
MAT03302,,,,,,,,,,2025-11-09T08:00:00,,,,,API,,,,,,,Low,
MAT03303,,,,,,,,,,2025-08-31T08:00:00,,,,,API,,,,,,,High,
MAT03304,,,,,,,,,,2024-05-30T08:00:00,,,,,API,,,,,,,Low,
MAT03305,,,,,,,,,,2024-03-21T08:00:00,,,,,Excipient,,,,,,,Low,
MAT03306,,,,,,,,,,2024-01-13T08:00:00,,,,,API,,,,,,,Low,
MAT03307,,,,,,,,,,2024-07-05T08:00:00,,,,,Component,,,,,,,Low,
MAT03308,,,,,,,,,,2025-06-24T08:00:00,,,,,Component,,,,,,,Low,
MAT03309,,,,,,,,,,2025-02-25T08:00:00,,,,,Excipient,,,,,,,High,
MAT03310,,,,,,,,,,2025-10-22T08:00:00,,,,,Excipient,,,,,,,High,
MAT03311,,,,,,,,,,2024-04-23T08:00:00,,,,,API,,,,,,,Medium,
MAT03312,,,,,,,,,,2025-10-19T08:00:00,,,,,API,,,,,,,Low,
MAT03313,,,,,,,,,,2025-05-30T08:00:00,,,,,API,,,,,,,Low,
MAT03314,,,,,,,,,,2025-02-09T08:00:00,,,,,API,,,,,,,Low,
MAT03315,,,,,,,,,,2025-07-21T08:00:00,,,,,Component,,,,,,,High,
MAT03316,,,,,,,,,,2025-12-27T08:00:00,,,,,Excipient,,,,,,,Medium,
MAT03317,,,,,,,,,,2024-06-09T08:00:00,,,,,API,,,,,,,High,
MAT03318,,,,,,,,,,2025-06-18T08:00:00,,,,,Excipient,,,,,,,Low,
MAT03319,,,,,,,,,,2024-08-04T08:00:00,,,,,Component,,,,,,,Low,
MAT03320,,,,,,,,,,2024-08-12T08:00:00,,,,,Component,,,,,,,Low,
MAT03321,,,,,,,,,,2025-07-26T08:00:00,,,,,Component,,,,,,,Low,
MAT03322,,,,,,,,,,2025-05-03T08:00:00,,,,,API,,,,,,,High,
MAT03323,,,,,,,,,,2025-01-24T08:00:00,,,,,Excipient,,,,,,,High,
MAT03324,,,,,,,,,,2025-01-15T08:00:00,,,,,API,,,,,,,Low,
MAT03325,,,,,,,,,,2024-10-03T08:00:00,,,,,Component,,,,,,,Low,
MAT03326,,,,,,,,,,2024-03-20T08:00:00,,,,,API,,,,,,,Low,
MAT03327,,,,,,,,,,2024-01-29T08:00:00,,,,,Excipient,,,,,,,Medium,
MAT03328,,,,,,,,,,2024-06-15T08:00:00,,,,,API,,,,,,,Medium,
MAT03329,,,,,,,,,,2024-08-04T08:00:00,,,,,API,,,,,,,Low,
MAT03330,,,,,,,,,,2024-07-11T08:00:00,,,,,API,,,,,,,Medium,
MAT03331,,,,,,,,,,2024-09-03T08:00:00,,,,,API,,,,,,,Low,
MAT03332,,,,,,,,,,2025-08-06T08:00:00,,,,,Excipient,,,,,,,Low,
MAT03333,,,,,,,,,,2024-02-16T08:00:00,,,,,API,,,,,,,High,
MAT03334,,,,,,,,,,2024-04-05T08:00:00,,,,,API,,,,,,,Medium,
MAT03335,,,,,,,,,,2024-12-31T08:00:00,,,,,Excipient,,,,,,,Low,
MAT03336,,,,,,,,,,2025-05-27T08:00:00,,,,,Excipient,,,,,,,High,
MAT03337,,,,,,,,,,2025-02-04T08:00:00,,,,,API,,,,,,,Medium,
MAT03338,,,,,,,,,,2025-12-20T08:00:00,,,,,Excipient,,,,,,,Low,
MAT03339,,,,,,,,,,2025-02-21T08:00:00,,,,,API,,,,,,,Medium,
MAT03340,,,,,,,,,,2024-01-25T08:00:00,,,,,API,,,,,,,Low,
MAT03341,,,,,,,,,,2025-08-23T08:00:00,,,,,Component,,,,,,,High,
MAT03342,,,,,,,,,,2024-06-14T08:00:00,,,,,API,,,,,,,Medium,
MAT03343,,,,,,,,,,2024-03-21T08:00:00,,,,,API,,,,,,,High,
MAT03344,,,,,,,,,,2024-08-08T08:00:00,,,,,API,,,,,,,Low,
MAT03345,,,,,,,,,,2025-05-28T08:00:00,,,,,API,,,,,,,Low,
MAT03346,,,,,,,,,,2024-05-14T08:00:00,,,,,Excipient,,,,,,,High,
MAT03347,,,,,,,,,,2025-01-03T08:00:00,,,,,Excipient,,,,,,,Medium,
MAT03348,,,,,,,,,,2025-12-30T08:00:00,,,,,Component,,,,,,,Low,
MAT03349,,,,,,,,,,2024-08-01T08:00:00,,,,,Component,,,,,,,Low,
MAT03350,,,,,,,,,,2025-08-03T08:00:00,,,,,API,,,,,,,Low,
MAT03351,,,,,,,,,,2024-01-16T08:00:00,,,,,Component,,,,,,,Low,
MAT03352,,,,,,,,,,2025-07-14T08:00:00,,,,,API,,,,,,,Medium,
MAT03353,,,,,,,,,,2024-04-06T08:00:00,,,,,API,,,,,,,High,
MAT03354,,,,,,,,,,2024-06-22T08:00:00,,,,,Component,,,,,,,Medium,
MAT03355,,,,,,,,,,2024-03-10T08:00:00,,,,,Excipient,,,,,,,Low,
MAT03356,,,,,,,,,,2024-12-27T08:00:00,,,,,Excipient,,,,,,,Medium,
MAT03357,,,,,,,,,,2024-07-02T08:00:00,,,,,API,,,,,,,Low,
MAT03358,,,,,,,,,,2025-04-29T08:00:00,,,,,Component,,,,,,,Medium,
MAT03359,,,,,,,,,,2025-10-27T08:00:00,,,,,Excipient,,,,,,,High,
MAT03360,,,,,,,,,,2025-08-05T08:00:00,,,,,API,,,,,,,Low,
MAT03361,,,,,,,,,,2025-01-07T08:00:00,,,,,Component,,,,,,,Low,
MAT03362,,,,,,,,,,2025-02-22T08:00:00,,,,,Excipient,,,,,,,High,
MAT03363,,,,,,,,,,2025-01-10T08:00:00,,,,,API,,,,,,,High,
MAT03364,,,,,,,,,,2024-03-26T08:00:00,,,,,Excipient,,,,,,,Medium,
MAT03365,,,,,,,,,,2024-09-26T08:00:00,,,,,Component,,,,,,,High,
MAT03366,,,,,,,,,,2024-09-07T08:00:00,,,,,API,,,,,,,Low,
MAT03367,,,,,,,,,,2024-04-17T08:00:00,,,,,API,,,,,,,Low,
MAT03368,,,,,,,,,,2024-06-11T08:00:00,,,,,Excipient,,,,,,,High,
MAT03369,,,,,,,,,,2024-08-16T08:00:00,,,,,Component,,,,,,,Low,
MAT03370,,,,,,,,,,2025-11-16T08:00:00,,,,,Component,,,,,,,High,
MAT03371,,,,,,,,,,2025-04-22T08:00:00,,,,,API,,,,,,,Medium,
MAT03372,,,,,,,,,,2024-04-21T08:00:00,,,,,Component,,,,,,,High,
MAT03373,,,,,,,,,,2024-04-20T08:00:00,,,,,API,,,,,,,Low,
MAT03374,,,,,,,,,,2024-07-23T08:00:00,,,,,Component,,,,,,,High,
MAT03375,,,,,,,,,,2024-03-07T08:00:00,,,,,Component,,,,,,,Medium,
MAT03376,,,,,,,,,,2025-09-10T08:00:00,,,,,Excipient,,,,,,,Medium,
MAT03377,,,,,,,,,,2025-12-20T08:00:00,,,,,Component,,,,,,,Low,
MAT03378,,,,,,,,,,2024-10-12T08:00:00,,,,,Component,,,,,,,Low,
MAT03379,,,,,,,,,,2025-07-12T08:00:00,,,,,Component,,,,,,,Low,
MAT03380,,,,,,,,,,2024-05-29T08:00:00,,,,,API,,,,,,,High,
MAT03381,,,,,,,,,,2025-08-04T08:00:00,,,,,API,,,,,,,Medium,
MAT03382,,,,,,,,,,2024-03-04T08:00:00,,,,,API,,,,,,,High,
MAT03383,,,,,,,,,,2025-04-29T08:00:00,,,,,Excipient,,,,,,,High,
MAT03384,,,,,,,,,,2024-08-04T08:00:00,,,,,API,,,,,,,Low,
MAT03385,,,,,,,,,,2024-10-03T08:00:00,,,,,API,,,,,,,High,
MAT03386,,,,,,,,,,2024-03-26T08:00:00,,,,,Excipient,,,,,,,Low,
MAT03387,,,,,,,,,,2024-10-07T08:00:00,,,,,API,,,,,,,Low,
MAT03388,,,,,,,,,,2024-11-01T08:00:00,,,,,Component,,,,,,,Low,
MAT03389,,,,,,,,,,2025-06-21T08:00:00,,,,,Component,,,,,,,High,
MAT03390,,,,,,,,,,2024-07-07T08:00:00,,,,,API,,,,,,,Medium,
MAT03391,,,,,,,,,,2025-03-14T08:00:00,,,,,API,,,,,,,Low,
MAT03392,,,,,,,,,,2024-06-17T08:00:00,,,,,Excipient,,,,,,,Medium,
MAT03393,,,,,,,,,,2025-03-05T08:00:00,,,,,API,,,,,,,Medium,
MAT03394,,,,,,,,,,2025-07-02T08:00:00,,,,,Component,,,,,,,High,
MAT03395,,,,,,,,,,2024-12-29T08:00:00,,,,,API,,,,,,,High,
MAT03396,,,,,,,,,,2025-07-28T08:00:00,,,,,Component,,,,,,,Low,
MAT03397,,,,,,,,,,2025-11-14T08:00:00,,,,,API,,,,,,,Low,
MAT03398,,,,,,,,,,2025-11-11T08:00:00,,,,,API,,,,,,,Medium,
MAT03399,,,,,,,,,,2024-06-03T08:00:00,,,,,Excipient,,,,,,,Low,
MAT03400,,,,,,,,,,2025-05-26T08:00:00,,,,,Component,,,,,,,Low,
MAT03401,,,,,,,,,,2025-11-21T08:00:00,,,,,Excipient,,,,,,,Low,
MAT03402,,,,,,,,,,2025-06-17T08:00:00,,,,,Component,,,,,,,Medium,
MAT03403,,,,,,,,,,2024-05-08T08:00:00,,,,,API,,,,,,,High,
MAT03404,,,,,,,,,,2024-02-07T08:00:00,,,,,Component,,,,,,,Low,
MAT03405,,,,,,,,,,2025-03-06T08:00:00,,,,,API,,,,,,,Low,
MAT03406,,,,,,,,,,2024-08-09T08:00:00,,,,,API,,,,,,,High,
MAT03407,,,,,,,,,,2024-07-14T08:00:00,,,,,Excipient,,,,,,,Low,
MAT03408,,,,,,,,,,2025-01-07T08:00:00,,,,,API,,,,,,,Medium,
MAT03409,,,,,,,,,,2024-11-10T08:00:00,,,,,API,,,,,,,Medium,
MAT03410,,,,,,,,,,2025-10-26T08:00:00,,,,,API,,,,,,,High,
MAT03411,,,,,,,,,,2025-02-24T08:00:00,,,,,Component,,,,,,,High,
MAT03412,,,,,,,,,,2025-07-09T08:00:00,,,,,Excipient,,,,,,,Medium,
MAT03413,,,,,,,,,,2024-04-26T08:00:00,,,,,Component,,,,,,,Medium,
MAT03414,,,,,,,,,,2025-03-14T08:00:00,,,,,API,,,,,,,High,
MAT03415,,,,,,,,,,2025-07-20T08:00:00,,,,,Excipient,,,,,,,Low,
MAT03416,,,,,,,,,,2025-01-25T08:00:00,,,,,API,,,,,,,High,
MAT03417,,,,,,,,,,2025-10-11T08:00:00,,,,,Excipient,,,,,,,High,
MAT03418,,,,,,,,,,2024-03-30T08:00:00,,,,,Excipient,,,,,,,Low,
MAT03419,,,,,,,,,,2025-10-27T08:00:00,,,,,API,,,,,,,Low,
MAT03420,,,,,,,,,,2024-04-16T08:00:00,,,,,API,,,,,,,High,
MAT03421,,,,,,,,,,2025-10-10T08:00:00,,,,,Component,,,,,,,Low,
MAT03422,,,,,,,,,,2025-11-14T08:00:00,,,,,Component,,,,,,,Low,
MAT03423,,,,,,,,,,2024-08-04T08:00:00,,,,,Excipient,,,,,,,High,
MAT03424,,,,,,,,,,2025-07-18T08:00:00,,,,,API,,,,,,,High,
MAT03425,,,,,,,,,,2024-07-19T08:00:00,,,,,Component,,,,,,,Low,
MAT03426,,,,,,,,,,2024-12-25T08:00:00,,,,,Component,,,,,,,Low,
MAT03427,,,,,,,,,,2025-10-22T08:00:00,,,,,Component,,,,,,,High,
MAT03428,,,,,,,,,,2025-01-18T08:00:00,,,,,Component,,,,,,,Low,
MAT03429,,,,,,,,,,2024-10-01T08:00:00,,,,,API,,,,,,,Medium,
MAT03430,,,,,,,,,,2025-02-28T08:00:00,,,,,Excipient,,,,,,,Medium,
MAT03431,,,,,,,,,,2025-02-28T08:00:00,,,,,API,,,,,,,Low,
MAT03432,,,,,,,,,,2024-01-27T08:00:00,,,,,API,,,,,,,Low,
MAT03433,,,,,,,,,,2025-06-15T08:00:00,,,,,API,,,,,,,Medium,
MAT03434,,,,,,,,,,2024-06-23T08:00:00,,,,,Excipient,,,,,,,Medium,
MAT03435,,,,,,,,,,2025-07-23T08:00:00,,,,,Component,,,,,,,Low,
MAT03436,,,,,,,,,,2025-09-23T08:00:00,,,,,Component,,,,,,,Low,
MAT03437,,,,,,,,,,2025-08-14T08:00:00,,,,,Component,,,,,,,Low,
MAT03438,,,,,,,,,,2025-10-13T08:00:00,,,,,Component,,,,,,,Low,
MAT03439,,,,,,,,,,2025-02-16T08:00:00,,,,,Component,,,,,,,Low,
MAT03440,,,,,,,,,,2025-03-23T08:00:00,,,,,Excipient,,,,,,,Low,
MAT03441,,,,,,,,,,2025-12-28T08:00:00,,,,,API,,,,,,,Low,
MAT03442,,,,,,,,,,2025-10-08T08:00:00,,,,,API,,,,,,,Low,
MAT03443,,,,,,,,,,2025-07-20T08:00:00,,,,,Component,,,,,,,Medium,
MAT03444,,,,,,,,,,2024-07-27T08:00:00,,,,,API,,,,,,,Medium,
MAT03445,,,,,,,,,,2024-01-27T08:00:00,,,,,API,,,,,,,Low,
MAT03446,,,,,,,,,,2025-10-05T08:00:00,,,,,Component,,,,,,,Low,
MAT03447,,,,,,,,,,2025-09-24T08:00:00,,,,,API,,,,,,,Low,
MAT03448,,,,,,,,,,2024-01-26T08:00:00,,,,,API,,,,,,,High,
MAT03449,,,,,,,,,,2025-10-11T08:00:00,,,,,API,,,,,,,High,
MAT03450,,,,,,,,,,2024-09-02T08:00:00,,,,,Excipient,,,,,,,Low,
MAT03451,,,,,,,,,,2024-07-17T08:00:00,,,,,API,,,,,,,Medium,
MAT03452,,,,,,,,,,2024-09-23T08:00:00,,,,,API,,,,,,,High,
MAT03453,,,,,,,,,,2024-03-25T08:00:00,,,,,API,,,,,,,Medium,
MAT03454,,,,,,,,,,2025-10-15T08:00:00,,,,,API,,,,,,,Low,
MAT03455,,,,,,,,,,2025-04-15T08:00:00,,,,,API,,,,,,,Low,
MAT03456,,,,,,,,,,2024-05-25T08:00:00,,,,,API,,,,,,,Low,
MAT03457,,,,,,,,,,2024-07-03T08:00:00,,,,,Excipient,,,,,,,Medium,
MAT03458,,,,,,,,,,2025-05-21T08:00:00,,,,,API,,,,,,,Low,
MAT03459,,,,,,,,,,2025-02-04T08:00:00,,,,,Excipient,,,,,,,Low,
MAT03460,,,,,,,,,,2024-01-23T08:00:00,,,,,API,,,,,,,High,
MAT03461,,,,,,,,,,2025-05-13T08:00:00,,,,,Component,,,,,,,Low,
MAT03462,,,,,,,,,,2025-12-04T08:00:00,,,,,API,,,,,,,Low,
MAT03463,,,,,,,,,,2024-11-17T08:00:00,,,,,Component,,,,,,,High,
MAT03464,,,,,,,,,,2024-07-03T08:00:00,,,,,Component,,,,,,,Low,
MAT03465,,,,,,,,,,2024-07-01T08:00:00,,,,,Excipient,,,,,,,Low,
MAT03466,,,,,,,,,,2024-12-17T08:00:00,,,,,API,,,,,,,Low,
MAT03467,,,,,,,,,,2025-09-20T08:00:00,,,,,Excipient,,,,,,,High,
MAT03468,,,,,,,,,,2025-06-18T08:00:00,,,,,API,,,,,,,Low,
MAT03469,,,,,,,,,,2024-07-16T08:00:00,,,,,Excipient,,,,,,,Low,
MAT03470,,,,,,,,,,2025-06-14T08:00:00,,,,,API,,,,,,,Low,
MAT03471,,,,,,,,,,2025-01-08T08:00:00,,,,,API,,,,,,,Low,
MAT03472,,,,,,,,,,2024-01-31T08:00:00,,,,,API,,,,,,,Low,
MAT03473,,,,,,,,,,2024-08-13T08:00:00,,,,,Excipient,,,,,,,Low,
MAT03474,,,,,,,,,,2024-10-01T08:00:00,,,,,API,,,,,,,Low,
MAT03475,,,,,,,,,,2024-07-23T08:00:00,,,,,Excipient,,,,,,,High,
MAT03476,,,,,,,,,,2025-12-26T08:00:00,,,,,API,,,,,,,Medium,
MAT03477,,,,,,,,,,2025-05-22T08:00:00,,,,,Excipient,,,,,,,High,
MAT03478,,,,,,,,,,2024-07-16T08:00:00,,,,,Component,,,,,,,High,
MAT03479,,,,,,,,,,2024-07-21T08:00:00,,,,,Excipient,,,,,,,Low,
MAT03480,,,,,,,,,,2024-04-15T08:00:00,,,,,Excipient,,,,,,,High,
MAT03481,,,,,,,,,,2024-07-29T08:00:00,,,,,Excipient,,,,,,,Low,
MAT03482,,,,,,,,,,2025-04-01T08:00:00,,,,,Component,,,,,,,High,
MAT03483,,,,,,,,,,2024-11-22T08:00:00,,,,,Component,,,,,,,Medium,
MAT03484,,,,,,,,,,2025-03-15T08:00:00,,,,,API,,,,,,,High,
MAT03485,,,,,,,,,,2025-01-17T08:00:00,,,,,API,,,,,,,Medium,
MAT03486,,,,,,,,,,2024-06-20T08:00:00,,,,,API,,,,,,,High,
MAT03487,,,,,,,,,,2025-08-23T08:00:00,,,,,API,,,,,,,Medium,
MAT03488,,,,,,,,,,2025-09-10T08:00:00,,,,,Component,,,,,,,Medium,
MAT03489,,,,,,,,,,2024-01-31T08:00:00,,,,,Excipient,,,,,,,High,
MAT03490,,,,,,,,,,2024-11-26T08:00:00,,,,,API,,,,,,,Low,
MAT03491,,,,,,,,,,2025-01-01T08:00:00,,,,,Component,,,,,,,Low,
MAT03492,,,,,,,,,,2024-08-08T08:00:00,,,,,API,,,,,,,Low,
MAT03493,,,,,,,,,,2024-05-28T08:00:00,,,,,Excipient,,,,,,,Medium,
MAT03494,,,,,,,,,,2024-01-10T08:00:00,,,,,Excipient,,,,,,,Low,
MAT03495,,,,,,,,,,2024-12-02T08:00:00,,,,,Excipient,,,,,,,Low,
MAT03496,,,,,,,,,,2025-08-04T08:00:00,,,,,API,,,,,,,High,
MAT03497,,,,,,,,,,2025-07-29T08:00:00,,,,,Excipient,,,,,,,Low,
MAT03498,,,,,,,,,,2024-10-17T08:00:00,,,,,API,,,,,,,High,
MAT03499,,,,,,,,,,2024-04-15T08:00:00,,,,,API,,,,,,,Low,
MAT03500,,,,,,,,,,2025-08-10T08:00:00,,,,,Excipient,,,,,,,Low,
MAT03501,,,,,,,,,,2024-11-21T08:00:00,,,,,Component,,,,,,,High,
MAT03502,,,,,,,,,,2024-07-20T08:00:00,,,,,Excipient,,,,,,,Low,
MAT03503,,,,,,,,,,2025-05-25T08:00:00,,,,,API,,,,,,,High,
MAT03504,,,,,,,,,,2025-03-07T08:00:00,,,,,API,,,,,,,Medium,
MAT03505,,,,,,,,,,2025-04-08T08:00:00,,,,,API,,,,,,,Low,
MAT03506,,,,,,,,,,2025-08-28T08:00:00,,,,,API,,,,,,,Medium,
MAT03507,,,,,,,,,,2025-08-13T08:00:00,,,,,Component,,,,,,,Low,
MAT03508,,,,,,,,,,2024-01-19T08:00:00,,,,,API,,,,,,,Medium,
MAT03509,,,,,,,,,,2024-10-18T08:00:00,,,,,API,,,,,,,High,
MAT03510,,,,,,,,,,2024-02-07T08:00:00,,,,,API,,,,,,,High,
MAT03511,,,,,,,,,,2025-10-22T08:00:00,,,,,API,,,,,,,Medium,
MAT03512,,,,,,,,,,2025-04-26T08:00:00,,,,,API,,,,,,,Low,
MAT03513,,,,,,,,,,2024-11-04T08:00:00,,,,,API,,,,,,,High,
MAT03514,,,,,,,,,,2024-12-20T08:00:00,,,,,Excipient,,,,,,,Medium,
MAT03515,,,,,,,,,,2025-07-23T08:00:00,,,,,Component,,,,,,,Low,
MAT03516,,,,,,,,,,2025-09-19T08:00:00,,,,,Excipient,,,,,,,High,
MAT03517,,,,,,,,,,2024-11-01T08:00:00,,,,,API,,,,,,,High,
MAT03518,,,,,,,,,,2025-10-18T08:00:00,,,,,Component,,,,,,,High,
MAT03519,,,,,,,,,,2025-09-24T08:00:00,,,,,API,,,,,,,Medium,
MAT03520,,,,,,,,,,2024-08-17T08:00:00,,,,,API,,,,,,,Low,
MAT03521,,,,,,,,,,2024-05-22T08:00:00,,,,,API,,,,,,,Low,
MAT03522,,,,,,,,,,2025-12-05T08:00:00,,,,,API,,,,,,,Medium,
MAT03523,,,,,,,,,,2024-06-23T08:00:00,,,,,Component,,,,,,,Low,
MAT03524,,,,,,,,,,2025-01-12T08:00:00,,,,,API,,,,,,,Low,
MAT03525,,,,,,,,,,2024-09-22T08:00:00,,,,,API,,,,,,,Low,
MAT03526,,,,,,,,,,2024-02-19T08:00:00,,,,,API,,,,,,,Low,
MAT03527,,,,,,,,,,2024-09-27T08:00:00,,,,,Excipient,,,,,,,Low,
MAT03528,,,,,,,,,,2024-10-03T08:00:00,,,,,Excipient,,,,,,,High,
MAT03529,,,,,,,,,,2025-08-20T08:00:00,,,,,API,,,,,,,Low,
MAT03530,,,,,,,,,,2024-05-09T08:00:00,,,,,Component,,,,,,,Low,
MAT03531,,,,,,,,,,2025-08-21T08:00:00,,,,,Excipient,,,,,,,Low,
MAT03532,,,,,,,,,,2025-11-15T08:00:00,,,,,Component,,,,,,,High,
MAT03533,,,,,,,,,,2025-08-14T08:00:00,,,,,API,,,,,,,Low,
MAT03534,,,,,,,,,,2024-10-14T08:00:00,,,,,Component,,,,,,,High,
MAT03535,,,,,,,,,,2024-08-19T08:00:00,,,,,Excipient,,,,,,,High,
MAT03536,,,,,,,,,,2024-10-30T08:00:00,,,,,API,,,,,,,Medium,
MAT03537,,,,,,,,,,2025-07-25T08:00:00,,,,,API,,,,,,,Medium,
MAT03538,,,,,,,,,,2025-12-12T08:00:00,,,,,API,,,,,,,Low,
MAT03539,,,,,,,,,,2025-05-21T08:00:00,,,,,API,,,,,,,Low,
MAT03540,,,,,,,,,,2024-01-14T08:00:00,,,,,API,,,,,,,Low,
MAT03541,,,,,,,,,,2025-01-29T08:00:00,,,,,API,,,,,,,High,
MAT03542,,,,,,,,,,2024-04-17T08:00:00,,,,,API,,,,,,,High,
MAT03543,,,,,,,,,,2025-08-27T08:00:00,,,,,Excipient,,,,,,,Low,
MAT03544,,,,,,,,,,2025-12-26T08:00:00,,,,,Excipient,,,,,,,Medium,
MAT03545,,,,,,,,,,2025-05-31T08:00:00,,,,,Component,,,,,,,Low,
MAT03546,,,,,,,,,,2024-08-12T08:00:00,,,,,API,,,,,,,Low,
MAT03547,,,,,,,,,,2025-04-08T08:00:00,,,,,Excipient,,,,,,,High,
MAT03548,,,,,,,,,,2024-07-11T08:00:00,,,,,API,,,,,,,High,
MAT03549,,,,,,,,,,2025-03-09T08:00:00,,,,,API,,,,,,,Medium,
MAT03550,,,,,,,,,,2025-08-14T08:00:00,,,,,API,,,,,,,Medium,
MAT03551,,,,,,,,,,2025-04-17T08:00:00,,,,,API,,,,,,,Low,
MAT03552,,,,,,,,,,2024-09-03T08:00:00,,,,,API,,,,,,,Low,
MAT03553,,,,,,,,,,2024-07-10T08:00:00,,,,,API,,,,,,,High,
MAT03554,,,,,,,,,,2025-05-02T08:00:00,,,,,Excipient,,,,,,,Low,
MAT03555,,,,,,,,,,2024-09-28T08:00:00,,,,,Component,,,,,,,Medium,
MAT03556,,,,,,,,,,2024-12-28T08:00:00,,,,,API,,,,,,,Low,
MAT03557,,,,,,,,,,2024-06-03T08:00:00,,,,,Component,,,,,,,Low,
MAT03558,,,,,,,,,,2025-06-04T08:00:00,,,,,Component,,,,,,,High,
MAT03559,,,,,,,,,,2025-03-27T08:00:00,,,,,Excipient,,,,,,,Low,
MAT03560,,,,,,,,,,2024-04-10T08:00:00,,,,,Excipient,,,,,,,Medium,
MAT03561,,,,,,,,,,2025-03-08T08:00:00,,,,,API,,,,,,,High,
MAT03562,,,,,,,,,,2024-07-12T08:00:00,,,,,API,,,,,,,Medium,
MAT03563,,,,,,,,,,2025-08-31T08:00:00,,,,,Component,,,,,,,Low,
MAT03564,,,,,,,,,,2025-06-15T08:00:00,,,,,Excipient,,,,,,,High,
MAT03565,,,,,,,,,,2025-11-28T08:00:00,,,,,Component,,,,,,,Low,
MAT03566,,,,,,,,,,2024-04-23T08:00:00,,,,,API,,,,,,,Low,
MAT03567,,,,,,,,,,2024-02-24T08:00:00,,,,,API,,,,,,,Low,
MAT03568,,,,,,,,,,2024-09-01T08:00:00,,,,,API,,,,,,,Medium,
MAT03569,,,,,,,,,,2024-10-09T08:00:00,,,,,API,,,,,,,Low,
MAT03570,,,,,,,,,,2025-02-05T08:00:00,,,,,API,,,,,,,High,
MAT03571,,,,,,,,,,2024-08-13T08:00:00,,,,,Component,,,,,,,Low,
MAT03572,,,,,,,,,,2024-07-29T08:00:00,,,,,Excipient,,,,,,,High,
MAT03573,,,,,,,,,,2024-12-21T08:00:00,,,,,API,,,,,,,Low,
MAT03574,,,,,,,,,,2024-01-04T08:00:00,,,,,Excipient,,,,,,,Medium,
MAT03575,,,,,,,,,,2025-05-30T08:00:00,,,,,API,,,,,,,Low,
MAT03576,,,,,,,,,,2025-12-05T08:00:00,,,,,Component,,,,,,,Medium,
MAT03577,,,,,,,,,,2024-11-18T08:00:00,,,,,API,,,,,,,Low,
MAT03578,,,,,,,,,,2024-07-10T08:00:00,,,,,API,,,,,,,Low,
MAT03579,,,,,,,,,,2024-05-25T08:00:00,,,,,Excipient,,,,,,,High,
MAT03580,,,,,,,,,,2025-03-14T08:00:00,,,,,API,,,,,,,High,
MAT03581,,,,,,,,,,2024-06-30T08:00:00,,,,,Excipient,,,,,,,Low,
MAT03582,,,,,,,,,,2024-06-23T08:00:00,,,,,Excipient,,,,,,,Low,
MAT03583,,,,,,,,,,2025-04-30T08:00:00,,,,,API,,,,,,,Medium,
MAT03584,,,,,,,,,,2024-09-10T08:00:00,,,,,API,,,,,,,High,
MAT03585,,,,,,,,,,2024-02-16T08:00:00,,,,,Component,,,,,,,Low,
MAT03586,,,,,,,,,,2024-08-21T08:00:00,,,,,API,,,,,,,Medium,
MAT03587,,,,,,,,,,2024-04-06T08:00:00,,,,,API,,,,,,,Low,
MAT03588,,,,,,,,,,2024-12-09T08:00:00,,,,,API,,,,,,,Medium,
MAT03589,,,,,,,,,,2024-12-25T08:00:00,,,,,Component,,,,,,,High,
MAT03590,,,,,,,,,,2024-09-16T08:00:00,,,,,Excipient,,,,,,,High,
MAT03591,,,,,,,,,,2024-01-14T08:00:00,,,,,Excipient,,,,,,,High,
MAT03592,,,,,,,,,,2025-12-28T08:00:00,,,,,Excipient,,,,,,,Medium,
MAT03593,,,,,,,,,,2024-04-25T08:00:00,,,,,Excipient,,,,,,,High,
MAT03594,,,,,,,,,,2024-05-31T08:00:00,,,,,Excipient,,,,,,,Low,
MAT03595,,,,,,,,,,2025-11-06T08:00:00,,,,,Component,,,,,,,Low,
MAT03596,,,,,,,,,,2025-05-24T08:00:00,,,,,API,,,,,,,Medium,
MAT03597,,,,,,,,,,2025-08-14T08:00:00,,,,,API,,,,,,,Low,
MAT03598,,,,,,,,,,2024-07-30T08:00:00,,,,,Component,,,,,,,Medium,
MAT03599,,,,,,,,,,2025-01-21T08:00:00,,,,,API,,,,,,,Low,
MAT03600,,,,,,,,,,2025-10-03T08:00:00,,,,,API,,,,,,,Medium,
MAT03601,,,,,,,,,,2024-09-28T08:00:00,,,,,Component,,,,,,,Low,
MAT03602,,,,,,,,,,2025-02-04T08:00:00,,,,,Excipient,,,,,,,Medium,
MAT03603,,,,,,,,,,2024-11-12T08:00:00,,,,,Component,,,,,,,Medium,
MAT03604,,,,,,,,,,2025-08-16T08:00:00,,,,,API,,,,,,,Low,
MAT03605,,,,,,,,,,2025-03-19T08:00:00,,,,,Excipient,,,,,,,Low,
MAT03606,,,,,,,,,,2024-10-22T08:00:00,,,,,Component,,,,,,,Medium,
MAT03607,,,,,,,,,,2025-05-25T08:00:00,,,,,API,,,,,,,Low,
MAT03608,,,,,,,,,,2025-11-28T08:00:00,,,,,API,,,,,,,High,
MAT03609,,,,,,,,,,2025-09-30T08:00:00,,,,,API,,,,,,,Medium,
MAT03610,,,,,,,,,,2025-05-13T08:00:00,,,,,API,,,,,,,Medium,
MAT03611,,,,,,,,,,2024-10-28T08:00:00,,,,,Excipient,,,,,,,Low,
MAT03612,,,,,,,,,,2024-02-11T08:00:00,,,,,API,,,,,,,High,
MAT03613,,,,,,,,,,2025-08-30T08:00:00,,,,,API,,,,,,,Medium,
MAT03614,,,,,,,,,,2025-05-15T08:00:00,,,,,API,,,,,,,Low,
MAT03615,,,,,,,,,,2025-03-16T08:00:00,,,,,Excipient,,,,,,,Low,
MAT03616,,,,,,,,,,2024-02-21T08:00:00,,,,,Excipient,,,,,,,Low,
MAT03617,,,,,,,,,,2024-12-24T08:00:00,,,,,Excipient,,,,,,,Low,
MAT03618,,,,,,,,,,2024-03-29T08:00:00,,,,,Excipient,,,,,,,Low,
MAT03619,,,,,,,,,,2024-07-20T08:00:00,,,,,Excipient,,,,,,,Low,
MAT03620,,,,,,,,,,2024-10-24T08:00:00,,,,,Component,,,,,,,Low,
MAT03621,,,,,,,,,,2025-04-29T08:00:00,,,,,API,,,,,,,Low,
MAT03622,,,,,,,,,,2025-11-25T08:00:00,,,,,Excipient,,,,,,,Low,
MAT03623,,,,,,,,,,2025-02-12T08:00:00,,,,,Component,,,,,,,High,
MAT03624,,,,,,,,,,2024-11-05T08:00:00,,,,,API,,,,,,,Medium,
MAT03625,,,,,,,,,,2025-07-31T08:00:00,,,,,Excipient,,,,,,,Low,
MAT03626,,,,,,,,,,2025-08-15T08:00:00,,,,,Component,,,,,,,Medium,
MAT03627,,,,,,,,,,2024-09-13T08:00:00,,,,,API,,,,,,,Low,
MAT03628,,,,,,,,,,2025-07-21T08:00:00,,,,,API,,,,,,,High,
MAT03629,,,,,,,,,,2024-11-08T08:00:00,,,,,API,,,,,,,Medium,
MAT03630,,,,,,,,,,2025-08-03T08:00:00,,,,,API,,,,,,,Medium,
MAT03631,,,,,,,,,,2025-01-19T08:00:00,,,,,Component,,,,,,,Low,
MAT03632,,,,,,,,,,2024-05-21T08:00:00,,,,,Component,,,,,,,Low,
MAT03633,,,,,,,,,,2025-05-30T08:00:00,,,,,Component,,,,,,,Medium,
MAT03634,,,,,,,,,,2024-12-28T08:00:00,,,,,Excipient,,,,,,,High,
MAT03635,,,,,,,,,,2025-03-06T08:00:00,,,,,Component,,,,,,,High,
MAT03636,,,,,,,,,,2024-01-29T08:00:00,,,,,Component,,,,,,,High,
MAT03637,,,,,,,,,,2024-03-31T08:00:00,,,,,API,,,,,,,High,
MAT03638,,,,,,,,,,2024-09-05T08:00:00,,,,,API,,,,,,,Medium,
MAT03639,,,,,,,,,,2025-09-27T08:00:00,,,,,Excipient,,,,,,,Low,
MAT03640,,,,,,,,,,2025-02-06T08:00:00,,,,,Excipient,,,,,,,Low,
MAT03641,,,,,,,,,,2025-11-17T08:00:00,,,,,API,,,,,,,High,
MAT03642,,,,,,,,,,2025-06-14T08:00:00,,,,,API,,,,,,,High,
MAT03643,,,,,,,,,,2024-03-27T08:00:00,,,,,Component,,,,,,,Low,
MAT03644,,,,,,,,,,2025-10-27T08:00:00,,,,,API,,,,,,,Medium,
MAT03645,,,,,,,,,,2025-08-31T08:00:00,,,,,API,,,,,,,Medium,
MAT03646,,,,,,,,,,2025-08-02T08:00:00,,,,,API,,,,,,,Medium,
MAT03647,,,,,,,,,,2024-03-03T08:00:00,,,,,Component,,,,,,,Medium,
MAT03648,,,,,,,,,,2025-12-19T08:00:00,,,,,API,,,,,,,Low,
MAT03649,,,,,,,,,,2025-07-29T08:00:00,,,,,API,,,,,,,Low,
MAT03650,,,,,,,,,,2024-08-16T08:00:00,,,,,Component,,,,,,,Low,
MAT03651,,,,,,,,,,2025-10-05T08:00:00,,,,,API,,,,,,,Medium,
MAT03652,,,,,,,,,,2025-05-11T08:00:00,,,,,Excipient,,,,,,,Low,
MAT03653,,,,,,,,,,2024-03-09T08:00:00,,,,,API,,,,,,,Low,
MAT03654,,,,,,,,,,2025-09-10T08:00:00,,,,,API,,,,,,,Low,
MAT03655,,,,,,,,,,2024-09-10T08:00:00,,,,,API,,,,,,,Low,
MAT03656,,,,,,,,,,2025-04-30T08:00:00,,,,,API,,,,,,,Low,
MAT03657,,,,,,,,,,2025-02-04T08:00:00,,,,,API,,,,,,,High,
MAT03658,,,,,,,,,,2024-11-03T08:00:00,,,,,API,,,,,,,Low,
MAT03659,,,,,,,,,,2024-07-07T08:00:00,,,,,Component,,,,,,,High,
MAT03660,,,,,,,,,,2025-09-19T08:00:00,,,,,API,,,,,,,Medium,
MAT03661,,,,,,,,,,2025-03-18T08:00:00,,,,,Component,,,,,,,Low,
MAT03662,,,,,,,,,,2024-07-08T08:00:00,,,,,API,,,,,,,Low,
MAT03663,,,,,,,,,,2024-06-23T08:00:00,,,,,API,,,,,,,Low,
MAT03664,,,,,,,,,,2025-05-06T08:00:00,,,,,API,,,,,,,High,
MAT03665,,,,,,,,,,2025-11-14T08:00:00,,,,,Excipient,,,,,,,Medium,
MAT03666,,,,,,,,,,2025-01-11T08:00:00,,,,,API,,,,,,,High,
MAT03667,,,,,,,,,,2025-01-30T08:00:00,,,,,Excipient,,,,,,,High,
MAT03668,,,,,,,,,,2025-03-02T08:00:00,,,,,API,,,,,,,High,
MAT03669,,,,,,,,,,2024-01-29T08:00:00,,,,,Component,,,,,,,Low,
MAT03670,,,,,,,,,,2024-05-03T08:00:00,,,,,Excipient,,,,,,,High,
MAT03671,,,,,,,,,,2025-08-17T08:00:00,,,,,Component,,,,,,,Low,
MAT03672,,,,,,,,,,2025-10-22T08:00:00,,,,,Excipient,,,,,,,Low,
MAT03673,,,,,,,,,,2024-12-29T08:00:00,,,,,Component,,,,,,,Low,
MAT03674,,,,,,,,,,2025-04-14T08:00:00,,,,,API,,,,,,,High,
MAT03675,,,,,,,,,,2024-06-11T08:00:00,,,,,Excipient,,,,,,,Low,
MAT03676,,,,,,,,,,2024-12-23T08:00:00,,,,,Excipient,,,,,,,Low,
MAT03677,,,,,,,,,,2024-06-27T08:00:00,,,,,Component,,,,,,,Low,
MAT03678,,,,,,,,,,2025-11-02T08:00:00,,,,,API,,,,,,,Medium,
MAT03679,,,,,,,,,,2024-05-23T08:00:00,,,,,Excipient,,,,,,,High,
MAT03680,,,,,,,,,,2025-02-07T08:00:00,,,,,Excipient,,,,,,,Medium,
MAT03681,,,,,,,,,,2025-01-20T08:00:00,,,,,API,,,,,,,High,
MAT03682,,,,,,,,,,2025-08-12T08:00:00,,,,,Component,,,,,,,Low,
MAT03683,,,,,,,,,,2025-12-15T08:00:00,,,,,Excipient,,,,,,,Low,
MAT03684,,,,,,,,,,2025-08-21T08:00:00,,,,,Excipient,,,,,,,Medium,
MAT03685,,,,,,,,,,2024-02-16T08:00:00,,,,,Component,,,,,,,Low,
MAT03686,,,,,,,,,,2024-08-25T08:00:00,,,,,API,,,,,,,Low,
MAT03687,,,,,,,,,,2025-05-26T08:00:00,,,,,API,,,,,,,Low,
MAT03688,,,,,,,,,,2024-08-25T08:00:00,,,,,Component,,,,,,,Medium,
MAT03689,,,,,,,,,,2024-06-27T08:00:00,,,,,API,,,,,,,Low,
MAT03690,,,,,,,,,,2024-03-06T08:00:00,,,,,Component,,,,,,,High,
MAT03691,,,,,,,,,,2024-04-27T08:00:00,,,,,API,,,,,,,Medium,
MAT03692,,,,,,,,,,2025-03-28T08:00:00,,,,,API,,,,,,,Low,
MAT03693,,,,,,,,,,2024-06-27T08:00:00,,,,,Excipient,,,,,,,Low,
MAT03694,,,,,,,,,,2025-12-16T08:00:00,,,,,Excipient,,,,,,,Low,
MAT03695,,,,,,,,,,2024-05-16T08:00:00,,,,,Component,,,,,,,High,
MAT03696,,,,,,,,,,2024-09-15T08:00:00,,,,,API,,,,,,,Low,
MAT03697,,,,,,,,,,2025-11-26T08:00:00,,,,,Component,,,,,,,High,
MAT03698,,,,,,,,,,2024-07-25T08:00:00,,,,,Excipient,,,,,,,Low,
MAT03699,,,,,,,,,,2025-06-25T08:00:00,,,,,API,,,,,,,High,
MAT03700,,,,,,,,,,2025-08-19T08:00:00,,,,,API,,,,,,,Low,
MAT03701,,,,,,,,,,2024-07-27T08:00:00,,,,,API,,,,,,,Low,
MAT03702,,,,,,,,,,2024-01-06T08:00:00,,,,,API,,,,,,,Low,
MAT03703,,,,,,,,,,2025-08-04T08:00:00,,,,,Excipient,,,,,,,High,
MAT03704,,,,,,,,,,2024-07-08T08:00:00,,,,,API,,,,,,,Medium,
MAT03705,,,,,,,,,,2024-07-31T08:00:00,,,,,Component,,,,,,,Low,
MAT03706,,,,,,,,,,2024-12-31T08:00:00,,,,,Component,,,,,,,Medium,
MAT03707,,,,,,,,,,2025-03-25T08:00:00,,,,,API,,,,,,,Low,
MAT03708,,,,,,,,,,2024-03-13T08:00:00,,,,,Component,,,,,,,High,
MAT03709,,,,,,,,,,2025-06-13T08:00:00,,,,,API,,,,,,,Low,
MAT03710,,,,,,,,,,2024-04-30T08:00:00,,,,,Excipient,,,,,,,Low,
MAT03711,,,,,,,,,,2024-02-22T08:00:00,,,,,Component,,,,,,,Low,
MAT03712,,,,,,,,,,2024-08-17T08:00:00,,,,,Excipient,,,,,,,Low,
MAT03713,,,,,,,,,,2025-02-03T08:00:00,,,,,Excipient,,,,,,,Medium,
MAT03714,,,,,,,,,,2024-06-10T08:00:00,,,,,Excipient,,,,,,,Low,
MAT03715,,,,,,,,,,2025-07-01T08:00:00,,,,,Excipient,,,,,,,Low,
MAT03716,,,,,,,,,,2025-02-12T08:00:00,,,,,API,,,,,,,Medium,
MAT03717,,,,,,,,,,2025-08-19T08:00:00,,,,,API,,,,,,,Low,
MAT03718,,,,,,,,,,2025-10-30T08:00:00,,,,,Component,,,,,,,Medium,
MAT03719,,,,,,,,,,2024-12-12T08:00:00,,,,,API,,,,,,,Low,
MAT03720,,,,,,,,,,2024-07-24T08:00:00,,,,,Component,,,,,,,Medium,
MAT03721,,,,,,,,,,2024-05-22T08:00:00,,,,,Excipient,,,,,,,Low,
MAT03722,,,,,,,,,,2025-11-10T08:00:00,,,,,API,,,,,,,Medium,
MAT03723,,,,,,,,,,2025-05-20T08:00:00,,,,,API,,,,,,,Low,
MAT03724,,,,,,,,,,2024-12-20T08:00:00,,,,,API,,,,,,,Low,
MAT03725,,,,,,,,,,2025-09-04T08:00:00,,,,,API,,,,,,,High,
MAT03726,,,,,,,,,,2024-05-12T08:00:00,,,,,API,,,,,,,High,
MAT03727,,,,,,,,,,2024-04-16T08:00:00,,,,,Excipient,,,,,,,Low,
MAT03728,,,,,,,,,,2025-06-03T08:00:00,,,,,API,,,,,,,High,
MAT03729,,,,,,,,,,2025-03-17T08:00:00,,,,,API,,,,,,,Medium,
MAT03730,,,,,,,,,,2024-08-21T08:00:00,,,,,Component,,,,,,,Medium,
MAT03731,,,,,,,,,,2024-01-27T08:00:00,,,,,API,,,,,,,Low,
MAT03732,,,,,,,,,,2025-11-29T08:00:00,,,,,API,,,,,,,High,
MAT03733,,,,,,,,,,2024-02-23T08:00:00,,,,,API,,,,,,,High,
MAT03734,,,,,,,,,,2025-12-13T08:00:00,,,,,Component,,,,,,,High,
MAT03735,,,,,,,,,,2025-12-19T08:00:00,,,,,API,,,,,,,High,
MAT03736,,,,,,,,,,2024-04-28T08:00:00,,,,,Component,,,,,,,Low,
MAT03737,,,,,,,,,,2025-09-22T08:00:00,,,,,Component,,,,,,,Low,
MAT03738,,,,,,,,,,2024-07-17T08:00:00,,,,,Excipient,,,,,,,Medium,
MAT03739,,,,,,,,,,2024-02-29T08:00:00,,,,,Excipient,,,,,,,High,
MAT03740,,,,,,,,,,2024-04-04T08:00:00,,,,,API,,,,,,,Low,
MAT03741,,,,,,,,,,2025-02-26T08:00:00,,,,,API,,,,,,,Low,
MAT03742,,,,,,,,,,2024-09-12T08:00:00,,,,,API,,,,,,,Low,
MAT03743,,,,,,,,,,2024-02-28T08:00:00,,,,,API,,,,,,,Low,
MAT03744,,,,,,,,,,2024-07-03T08:00:00,,,,,API,,,,,,,High,
MAT03745,,,,,,,,,,2024-11-17T08:00:00,,,,,Excipient,,,,,,,Low,
MAT03746,,,,,,,,,,2024-10-26T08:00:00,,,,,Excipient,,,,,,,Low,
MAT03747,,,,,,,,,,2025-05-05T08:00:00,,,,,API,,,,,,,High,
MAT03748,,,,,,,,,,2024-03-19T08:00:00,,,,,API,,,,,,,Low,
MAT03749,,,,,,,,,,2025-05-21T08:00:00,,,,,Excipient,,,,,,,Low,
MAT03750,,,,,,,,,,2025-03-30T08:00:00,,,,,Excipient,,,,,,,Low,
MAT03751,,,,,,,,,,2025-07-18T08:00:00,,,,,Excipient,,,,,,,Medium,
MAT03752,,,,,,,,,,2025-06-23T08:00:00,,,,,Excipient,,,,,,,Low,
MAT03753,,,,,,,,,,2025-12-15T08:00:00,,,,,Excipient,,,,,,,Medium,
MAT03754,,,,,,,,,,2024-12-20T08:00:00,,,,,API,,,,,,,Low,
MAT03755,,,,,,,,,,2024-10-13T08:00:00,,,,,Component,,,,,,,High,
MAT03756,,,,,,,,,,2024-05-20T08:00:00,,,,,API,,,,,,,Low,
MAT03757,,,,,,,,,,2025-07-20T08:00:00,,,,,API,,,,,,,Medium,
MAT03758,,,,,,,,,,2025-01-16T08:00:00,,,,,API,,,,,,,Low,
MAT03759,,,,,,,,,,2024-08-28T08:00:00,,,,,API,,,,,,,Low,
MAT03760,,,,,,,,,,2024-04-26T08:00:00,,,,,Component,,,,,,,High,
MAT03761,,,,,,,,,,2024-02-04T08:00:00,,,,,API,,,,,,,High,
MAT03762,,,,,,,,,,2025-08-25T08:00:00,,,,,Excipient,,,,,,,Medium,
MAT03763,,,,,,,,,,2024-03-27T08:00:00,,,,,Component,,,,,,,Medium,
MAT03764,,,,,,,,,,2025-09-16T08:00:00,,,,,API,,,,,,,Medium,
MAT03765,,,,,,,,,,2024-01-20T08:00:00,,,,,Component,,,,,,,High,
MAT03766,,,,,,,,,,2025-03-30T08:00:00,,,,,Component,,,,,,,High,
MAT03767,,,,,,,,,,2024-07-29T08:00:00,,,,,API,,,,,,,Low,
MAT03768,,,,,,,,,,2025-11-06T08:00:00,,,,,Component,,,,,,,Low,
MAT03769,,,,,,,,,,2025-11-07T08:00:00,,,,,Component,,,,,,,Low,
MAT03770,,,,,,,,,,2025-07-08T08:00:00,,,,,Excipient,,,,,,,Low,
MAT03771,,,,,,,,,,2025-09-15T08:00:00,,,,,Excipient,,,,,,,Low,
MAT03772,,,,,,,,,,2025-08-28T08:00:00,,,,,Excipient,,,,,,,Medium,
MAT03773,,,,,,,,,,2024-12-15T08:00:00,,,,,API,,,,,,,Low,
MAT03774,,,,,,,,,,2024-02-28T08:00:00,,,,,Component,,,,,,,High,
MAT03775,,,,,,,,,,2025-11-25T08:00:00,,,,,API,,,,,,,High,
MAT03776,,,,,,,,,,2025-03-10T08:00:00,,,,,Excipient,,,,,,,High,
MAT03777,,,,,,,,,,2025-01-25T08:00:00,,,,,Excipient,,,,,,,Low,
MAT03778,,,,,,,,,,2024-05-15T08:00:00,,,,,Component,,,,,,,Low,
MAT03779,,,,,,,,,,2025-11-29T08:00:00,,,,,API,,,,,,,Medium,
MAT03780,,,,,,,,,,2024-09-12T08:00:00,,,,,Excipient,,,,,,,Low,
MAT03781,,,,,,,,,,2025-08-07T08:00:00,,,,,Excipient,,,,,,,Medium,
MAT03782,,,,,,,,,,2025-09-22T08:00:00,,,,,Component,,,,,,,Low,
MAT03783,,,,,,,,,,2024-10-02T08:00:00,,,,,Excipient,,,,,,,Medium,
MAT03784,,,,,,,,,,2024-05-07T08:00:00,,,,,Excipient,,,,,,,Low,
MAT03785,,,,,,,,,,2024-09-27T08:00:00,,,,,Excipient,,,,,,,Medium,
MAT03786,,,,,,,,,,2025-04-18T08:00:00,,,,,API,,,,,,,High,
MAT03787,,,,,,,,,,2024-01-10T08:00:00,,,,,API,,,,,,,High,
MAT03788,,,,,,,,,,2025-01-02T08:00:00,,,,,Component,,,,,,,Low,
MAT03789,,,,,,,,,,2025-02-22T08:00:00,,,,,Component,,,,,,,Low,
MAT03790,,,,,,,,,,2024-10-10T08:00:00,,,,,API,,,,,,,Low,
MAT03791,,,,,,,,,,2025-03-27T08:00:00,,,,,Excipient,,,,,,,Low,
MAT03792,,,,,,,,,,2024-10-09T08:00:00,,,,,API,,,,,,,Medium,
MAT03793,,,,,,,,,,2024-05-10T08:00:00,,,,,Excipient,,,,,,,High,
MAT03794,,,,,,,,,,2024-05-30T08:00:00,,,,,API,,,,,,,Low,
MAT03795,,,,,,,,,,2024-04-27T08:00:00,,,,,API,,,,,,,Low,
MAT03796,,,,,,,,,,2025-12-01T08:00:00,,,,,API,,,,,,,Low,
MAT03797,,,,,,,,,,2024-02-12T08:00:00,,,,,Component,,,,,,,Medium,
MAT03798,,,,,,,,,,2024-09-22T08:00:00,,,,,API,,,,,,,Low,
MAT03799,,,,,,,,,,2025-11-25T08:00:00,,,,,Excipient,,,,,,,Low,
MAT03800,,,,,,,,,,2025-09-06T08:00:00,,,,,Excipient,,,,,,,Low,
MAT03801,,,,,,,,,,2024-04-21T08:00:00,,,,,API,,,,,,,Medium,
MAT03802,,,,,,,,,,2024-04-25T08:00:00,,,,,API,,,,,,,High,
MAT03803,,,,,,,,,,2024-07-27T08:00:00,,,,,API,,,,,,,Low,
MAT03804,,,,,,,,,,2025-11-28T08:00:00,,,,,Excipient,,,,,,,Medium,
MAT03805,,,,,,,,,,2025-10-19T08:00:00,,,,,Component,,,,,,,Low,
MAT03806,,,,,,,,,,2024-05-26T08:00:00,,,,,Component,,,,,,,Medium,
MAT03807,,,,,,,,,,2025-09-13T08:00:00,,,,,API,,,,,,,Medium,
MAT03808,,,,,,,,,,2025-02-21T08:00:00,,,,,Excipient,,,,,,,Medium,
MAT03809,,,,,,,,,,2024-10-28T08:00:00,,,,,Excipient,,,,,,,High,
MAT03810,,,,,,,,,,2025-01-12T08:00:00,,,,,API,,,,,,,Low,
MAT03811,,,,,,,,,,2024-06-02T08:00:00,,,,,API,,,,,,,Medium,
MAT03812,,,,,,,,,,2025-09-15T08:00:00,,,,,API,,,,,,,Low,
MAT03813,,,,,,,,,,2025-06-07T08:00:00,,,,,API,,,,,,,Medium,
MAT03814,,,,,,,,,,2025-01-22T08:00:00,,,,,Excipient,,,,,,,Low,
MAT03815,,,,,,,,,,2025-01-25T08:00:00,,,,,API,,,,,,,Low,
MAT03816,,,,,,,,,,2024-08-17T08:00:00,,,,,API,,,,,,,Low,
MAT03817,,,,,,,,,,2025-06-24T08:00:00,,,,,Component,,,,,,,Low,
MAT03818,,,,,,,,,,2025-11-06T08:00:00,,,,,API,,,,,,,High,
MAT03819,,,,,,,,,,2024-10-02T08:00:00,,,,,Component,,,,,,,Medium,
MAT03820,,,,,,,,,,2024-09-06T08:00:00,,,,,API,,,,,,,Medium,
MAT03821,,,,,,,,,,2025-01-05T08:00:00,,,,,Excipient,,,,,,,Low,
MAT03822,,,,,,,,,,2024-11-18T08:00:00,,,,,API,,,,,,,High,
MAT03823,,,,,,,,,,2025-03-31T08:00:00,,,,,API,,,,,,,Low,
MAT03824,,,,,,,,,,2024-03-22T08:00:00,,,,,Component,,,,,,,Medium,
MAT03825,,,,,,,,,,2025-01-05T08:00:00,,,,,Excipient,,,,,,,Low,
MAT03826,,,,,,,,,,2025-04-04T08:00:00,,,,,Component,,,,,,,Low,
MAT03827,,,,,,,,,,2025-08-06T08:00:00,,,,,Component,,,,,,,Low,
MAT03828,,,,,,,,,,2025-02-21T08:00:00,,,,,API,,,,,,,Low,
MAT03829,,,,,,,,,,2024-10-20T08:00:00,,,,,API,,,,,,,Medium,
MAT03830,,,,,,,,,,2024-04-30T08:00:00,,,,,Excipient,,,,,,,Medium,
MAT03831,,,,,,,,,,2025-03-07T08:00:00,,,,,API,,,,,,,High,
MAT03832,,,,,,,,,,2025-10-09T08:00:00,,,,,API,,,,,,,High,
MAT03833,,,,,,,,,,2025-04-09T08:00:00,,,,,API,,,,,,,Low,
MAT03834,,,,,,,,,,2024-05-03T08:00:00,,,,,API,,,,,,,Low,
MAT03835,,,,,,,,,,2025-07-21T08:00:00,,,,,Component,,,,,,,Medium,
MAT03836,,,,,,,,,,2024-05-09T08:00:00,,,,,Component,,,,,,,Low,
MAT03837,,,,,,,,,,2024-01-25T08:00:00,,,,,API,,,,,,,High,
MAT03838,,,,,,,,,,2024-05-15T08:00:00,,,,,API,,,,,,,Low,
MAT03839,,,,,,,,,,2024-12-28T08:00:00,,,,,Component,,,,,,,High,
MAT03840,,,,,,,,,,2025-12-14T08:00:00,,,,,API,,,,,,,High,
MAT03841,,,,,,,,,,2024-05-01T08:00:00,,,,,API,,,,,,,Medium,
MAT03842,,,,,,,,,,2025-08-28T08:00:00,,,,,Excipient,,,,,,,Medium,
MAT03843,,,,,,,,,,2024-03-16T08:00:00,,,,,API,,,,,,,Low,
MAT03844,,,,,,,,,,2025-02-22T08:00:00,,,,,Excipient,,,,,,,High,
MAT03845,,,,,,,,,,2024-10-23T08:00:00,,,,,Component,,,,,,,High,
MAT03846,,,,,,,,,,2024-07-06T08:00:00,,,,,Component,,,,,,,Low,
MAT03847,,,,,,,,,,2024-01-08T08:00:00,,,,,API,,,,,,,Low,
MAT03848,,,,,,,,,,2025-01-23T08:00:00,,,,,Excipient,,,,,,,High,
MAT03849,,,,,,,,,,2024-06-29T08:00:00,,,,,Excipient,,,,,,,High,
MAT03850,,,,,,,,,,2024-08-25T08:00:00,,,,,Excipient,,,,,,,Low,
MAT03851,,,,,,,,,,2024-12-15T08:00:00,,,,,Excipient,,,,,,,High,
MAT03852,,,,,,,,,,2024-10-19T08:00:00,,,,,API,,,,,,,High,
MAT03853,,,,,,,,,,2024-11-22T08:00:00,,,,,Excipient,,,,,,,High,
MAT03854,,,,,,,,,,2024-02-12T08:00:00,,,,,API,,,,,,,Low,
MAT03855,,,,,,,,,,2025-06-15T08:00:00,,,,,API,,,,,,,High,
MAT03856,,,,,,,,,,2024-04-11T08:00:00,,,,,Excipient,,,,,,,Medium,
MAT03857,,,,,,,,,,2024-06-18T08:00:00,,,,,Excipient,,,,,,,Medium,
MAT03858,,,,,,,,,,2024-10-07T08:00:00,,,,,API,,,,,,,Medium,
MAT03859,,,,,,,,,,2024-08-17T08:00:00,,,,,Component,,,,,,,High,
MAT03860,,,,,,,,,,2024-09-22T08:00:00,,,,,API,,,,,,,Medium,
MAT03861,,,,,,,,,,2025-11-13T08:00:00,,,,,API,,,,,,,Low,
MAT03862,,,,,,,,,,2024-04-08T08:00:00,,,,,Excipient,,,,,,,Low,
MAT03863,,,,,,,,,,2024-01-29T08:00:00,,,,,API,,,,,,,Low,
MAT03864,,,,,,,,,,2024-01-07T08:00:00,,,,,API,,,,,,,Low,
MAT03865,,,,,,,,,,2025-01-13T08:00:00,,,,,Component,,,,,,,Low,
MAT03866,,,,,,,,,,2025-08-07T08:00:00,,,,,API,,,,,,,Medium,
MAT03867,,,,,,,,,,2025-06-17T08:00:00,,,,,Component,,,,,,,High,
MAT03868,,,,,,,,,,2024-10-29T08:00:00,,,,,API,,,,,,,High,
MAT03869,,,,,,,,,,2025-03-31T08:00:00,,,,,API,,,,,,,Low,
MAT03870,,,,,,,,,,2024-09-26T08:00:00,,,,,Component,,,,,,,High,
MAT03871,,,,,,,,,,2024-10-12T08:00:00,,,,,API,,,,,,,Low,
MAT03872,,,,,,,,,,2024-03-21T08:00:00,,,,,API,,,,,,,Medium,
MAT03873,,,,,,,,,,2024-11-30T08:00:00,,,,,API,,,,,,,Low,
MAT03874,,,,,,,,,,2024-10-09T08:00:00,,,,,API,,,,,,,Medium,
MAT03875,,,,,,,,,,2025-12-24T08:00:00,,,,,Component,,,,,,,Low,
MAT03876,,,,,,,,,,2025-03-19T08:00:00,,,,,Excipient,,,,,,,Low,
MAT03877,,,,,,,,,,2024-07-13T08:00:00,,,,,API,,,,,,,Medium,
MAT03878,,,,,,,,,,2024-09-08T08:00:00,,,,,API,,,,,,,Low,
MAT03879,,,,,,,,,,2024-08-13T08:00:00,,,,,API,,,,,,,High,
MAT03880,,,,,,,,,,2025-04-26T08:00:00,,,,,API,,,,,,,Medium,
MAT03881,,,,,,,,,,2024-07-10T08:00:00,,,,,API,,,,,,,High,
MAT03882,,,,,,,,,,2024-05-14T08:00:00,,,,,Component,,,,,,,Medium,
MAT03883,,,,,,,,,,2025-06-12T08:00:00,,,,,API,,,,,,,Low,
MAT03884,,,,,,,,,,2025-03-20T08:00:00,,,,,API,,,,,,,Low,
MAT03885,,,,,,,,,,2025-07-25T08:00:00,,,,,API,,,,,,,High,
MAT03886,,,,,,,,,,2024-02-09T08:00:00,,,,,API,,,,,,,Low,
MAT03887,,,,,,,,,,2025-09-20T08:00:00,,,,,Component,,,,,,,Medium,
MAT03888,,,,,,,,,,2025-10-15T08:00:00,,,,,Component,,,,,,,Low,
MAT03889,,,,,,,,,,2025-06-27T08:00:00,,,,,Excipient,,,,,,,High,
MAT03890,,,,,,,,,,2024-08-25T08:00:00,,,,,API,,,,,,,Medium,
MAT03891,,,,,,,,,,2025-05-16T08:00:00,,,,,Excipient,,,,,,,High,
MAT03892,,,,,,,,,,2025-07-10T08:00:00,,,,,Component,,,,,,,Medium,
MAT03893,,,,,,,,,,2024-04-08T08:00:00,,,,,Component,,,,,,,Medium,
MAT03894,,,,,,,,,,2024-10-21T08:00:00,,,,,API,,,,,,,Low,
MAT03895,,,,,,,,,,2024-11-29T08:00:00,,,,,Component,,,,,,,High,
MAT03896,,,,,,,,,,2024-04-28T08:00:00,,,,,API,,,,,,,High,
MAT03897,,,,,,,,,,2024-11-22T08:00:00,,,,,API,,,,,,,High,
MAT03898,,,,,,,,,,2025-12-14T08:00:00,,,,,API,,,,,,,Medium,
MAT03899,,,,,,,,,,2025-05-10T08:00:00,,,,,Component,,,,,,,Low,
MAT03900,,,,,,,,,,2025-12-04T08:00:00,,,,,Component,,,,,,,High,
MAT03901,,,,,,,,,,2024-10-24T08:00:00,,,,,API,,,,,,,Low,
MAT03902,,,,,,,,,,2025-02-22T08:00:00,,,,,Excipient,,,,,,,Low,
MAT03903,,,,,,,,,,2024-09-24T08:00:00,,,,,API,,,,,,,Medium,
MAT03904,,,,,,,,,,2025-02-04T08:00:00,,,,,Excipient,,,,,,,High,
MAT03905,,,,,,,,,,2025-02-12T08:00:00,,,,,Component,,,,,,,High,
MAT03906,,,,,,,,,,2024-10-01T08:00:00,,,,,Excipient,,,,,,,Low,
MAT03907,,,,,,,,,,2024-12-13T08:00:00,,,,,Component,,,,,,,Low,
MAT03908,,,,,,,,,,2025-04-03T08:00:00,,,,,API,,,,,,,Medium,
MAT03909,,,,,,,,,,2025-08-09T08:00:00,,,,,Component,,,,,,,Low,
MAT03910,,,,,,,,,,2025-10-02T08:00:00,,,,,API,,,,,,,Low,
MAT03911,,,,,,,,,,2024-05-12T08:00:00,,,,,API,,,,,,,Medium,
MAT03912,,,,,,,,,,2025-01-23T08:00:00,,,,,API,,,,,,,Low,
MAT03913,,,,,,,,,,2024-12-27T08:00:00,,,,,API,,,,,,,Medium,
MAT03914,,,,,,,,,,2025-06-15T08:00:00,,,,,API,,,,,,,Low,
MAT03915,,,,,,,,,,2025-07-02T08:00:00,,,,,API,,,,,,,Medium,
MAT03916,,,,,,,,,,2025-07-02T08:00:00,,,,,API,,,,,,,Low,
MAT03917,,,,,,,,,,2024-10-24T08:00:00,,,,,Component,,,,,,,Low,
MAT03918,,,,,,,,,,2024-12-05T08:00:00,,,,,API,,,,,,,Medium,
MAT03919,,,,,,,,,,2025-07-20T08:00:00,,,,,Component,,,,,,,Low,
MAT03920,,,,,,,,,,2024-02-06T08:00:00,,,,,API,,,,,,,Low,
MAT03921,,,,,,,,,,2025-05-28T08:00:00,,,,,API,,,,,,,Low,
MAT03922,,,,,,,,,,2024-02-13T08:00:00,,,,,Component,,,,,,,High,
MAT03923,,,,,,,,,,2024-11-04T08:00:00,,,,,API,,,,,,,Medium,
MAT03924,,,,,,,,,,2025-10-08T08:00:00,,,,,API,,,,,,,Low,
MAT03925,,,,,,,,,,2024-10-05T08:00:00,,,,,API,,,,,,,Low,
MAT03926,,,,,,,,,,2025-11-02T08:00:00,,,,,API,,,,,,,High,
MAT03927,,,,,,,,,,2024-10-03T08:00:00,,,,,Component,,,,,,,Low,
MAT03928,,,,,,,,,,2024-03-16T08:00:00,,,,,API,,,,,,,Low,
MAT03929,,,,,,,,,,2024-01-16T08:00:00,,,,,Component,,,,,,,Low,
MAT03930,,,,,,,,,,2025-08-25T08:00:00,,,,,API,,,,,,,Low,
MAT03931,,,,,,,,,,2025-09-12T08:00:00,,,,,Component,,,,,,,Low,
MAT03932,,,,,,,,,,2025-03-11T08:00:00,,,,,Excipient,,,,,,,Medium,
MAT03933,,,,,,,,,,2024-10-07T08:00:00,,,,,API,,,,,,,Medium,
MAT03934,,,,,,,,,,2024-04-12T08:00:00,,,,,Component,,,,,,,Low,
MAT03935,,,,,,,,,,2025-01-20T08:00:00,,,,,Excipient,,,,,,,High,
MAT03936,,,,,,,,,,2024-04-05T08:00:00,,,,,Excipient,,,,,,,High,
MAT03937,,,,,,,,,,2025-07-28T08:00:00,,,,,API,,,,,,,High,
MAT03938,,,,,,,,,,2024-10-18T08:00:00,,,,,Excipient,,,,,,,High,
MAT03939,,,,,,,,,,2024-01-18T08:00:00,,,,,API,,,,,,,High,
MAT03940,,,,,,,,,,2025-01-16T08:00:00,,,,,Component,,,,,,,High,
MAT03941,,,,,,,,,,2024-08-17T08:00:00,,,,,API,,,,,,,High,
MAT03942,,,,,,,,,,2024-08-25T08:00:00,,,,,API,,,,,,,High,
MAT03943,,,,,,,,,,2025-05-03T08:00:00,,,,,Component,,,,,,,Medium,
MAT03944,,,,,,,,,,2024-12-06T08:00:00,,,,,API,,,,,,,Medium,
MAT03945,,,,,,,,,,2024-04-07T08:00:00,,,,,API,,,,,,,Low,
MAT03946,,,,,,,,,,2025-05-16T08:00:00,,,,,API,,,,,,,Low,
MAT03947,,,,,,,,,,2024-05-24T08:00:00,,,,,API,,,,,,,Low,
MAT03948,,,,,,,,,,2025-06-19T08:00:00,,,,,Component,,,,,,,High,
MAT03949,,,,,,,,,,2025-05-20T08:00:00,,,,,API,,,,,,,Low,
MAT03950,,,,,,,,,,2024-11-14T08:00:00,,,,,Excipient,,,,,,,High,
MAT03951,,,,,,,,,,2024-02-07T08:00:00,,,,,Excipient,,,,,,,Low,
MAT03952,,,,,,,,,,2024-01-06T08:00:00,,,,,Excipient,,,,,,,High,
MAT03953,,,,,,,,,,2025-07-29T08:00:00,,,,,Excipient,,,,,,,Low,
MAT03954,,,,,,,,,,2024-11-16T08:00:00,,,,,Component,,,,,,,High,
MAT03955,,,,,,,,,,2025-04-17T08:00:00,,,,,API,,,,,,,Medium,
MAT03956,,,,,,,,,,2024-04-17T08:00:00,,,,,Component,,,,,,,Low,
MAT03957,,,,,,,,,,2025-01-19T08:00:00,,,,,Component,,,,,,,Low,
MAT03958,,,,,,,,,,2024-06-14T08:00:00,,,,,API,,,,,,,Low,
MAT03959,,,,,,,,,,2024-07-21T08:00:00,,,,,API,,,,,,,Low,
MAT03960,,,,,,,,,,2024-02-09T08:00:00,,,,,Component,,,,,,,Low,
MAT03961,,,,,,,,,,2024-06-23T08:00:00,,,,,Component,,,,,,,High,
MAT03962,,,,,,,,,,2025-07-14T08:00:00,,,,,Component,,,,,,,Low,
MAT03963,,,,,,,,,,2024-01-10T08:00:00,,,,,Component,,,,,,,High,
MAT03964,,,,,,,,,,2025-03-21T08:00:00,,,,,Excipient,,,,,,,Low,
MAT03965,,,,,,,,,,2025-06-19T08:00:00,,,,,Excipient,,,,,,,Medium,
MAT03966,,,,,,,,,,2025-07-31T08:00:00,,,,,Excipient,,,,,,,Medium,
MAT03967,,,,,,,,,,2024-10-24T08:00:00,,,,,API,,,,,,,Low,
MAT03968,,,,,,,,,,2025-06-15T08:00:00,,,,,API,,,,,,,Medium,
MAT03969,,,,,,,,,,2025-04-18T08:00:00,,,,,Excipient,,,,,,,High,
MAT03970,,,,,,,,,,2024-05-18T08:00:00,,,,,API,,,,,,,Medium,
MAT03971,,,,,,,,,,2024-01-11T08:00:00,,,,,API,,,,,,,High,
MAT03972,,,,,,,,,,2024-07-02T08:00:00,,,,,Excipient,,,,,,,High,
MAT03973,,,,,,,,,,2024-03-09T08:00:00,,,,,API,,,,,,,High,
MAT03974,,,,,,,,,,2025-12-19T08:00:00,,,,,API,,,,,,,Medium,
MAT03975,,,,,,,,,,2025-12-11T08:00:00,,,,,API,,,,,,,Low,
MAT03976,,,,,,,,,,2024-12-04T08:00:00,,,,,API,,,,,,,High,
MAT03977,,,,,,,,,,2025-10-01T08:00:00,,,,,API,,,,,,,Low,
MAT03978,,,,,,,,,,2024-03-09T08:00:00,,,,,Component,,,,,,,Low,
MAT03979,,,,,,,,,,2024-12-19T08:00:00,,,,,Excipient,,,,,,,Low,
MAT03980,,,,,,,,,,2024-10-08T08:00:00,,,,,API,,,,,,,Low,
MAT03981,,,,,,,,,,2025-08-21T08:00:00,,,,,Excipient,,,,,,,High,
MAT03982,,,,,,,,,,2025-10-01T08:00:00,,,,,Excipient,,,,,,,Medium,
MAT03983,,,,,,,,,,2025-07-28T08:00:00,,,,,Component,,,,,,,Medium,
MAT03984,,,,,,,,,,2025-08-29T08:00:00,,,,,API,,,,,,,Low,
MAT03985,,,,,,,,,,2024-08-09T08:00:00,,,,,API,,,,,,,Low,
MAT03986,,,,,,,,,,2024-09-26T08:00:00,,,,,Excipient,,,,,,,Low,
MAT03987,,,,,,,,,,2025-06-18T08:00:00,,,,,API,,,,,,,Low,
MAT03988,,,,,,,,,,2025-08-12T08:00:00,,,,,Component,,,,,,,Medium,
MAT03989,,,,,,,,,,2024-08-02T08:00:00,,,,,Excipient,,,,,,,High,
MAT03990,,,,,,,,,,2024-08-25T08:00:00,,,,,API,,,,,,,Low,
MAT03991,,,,,,,,,,2025-09-21T08:00:00,,,,,API,,,,,,,Low,
MAT03992,,,,,,,,,,2024-06-17T08:00:00,,,,,API,,,,,,,Low,
MAT03993,,,,,,,,,,2024-11-27T08:00:00,,,,,Component,,,,,,,Low,
MAT03994,,,,,,,,,,2024-05-20T08:00:00,,,,,API,,,,,,,Low,
MAT03995,,,,,,,,,,2025-11-11T08:00:00,,,,,Component,,,,,,,High,
MAT03996,,,,,,,,,,2024-11-05T08:00:00,,,,,Component,,,,,,,Medium,
MAT03997,,,,,,,,,,2025-07-27T08:00:00,,,,,API,,,,,,,Low,
MAT03998,,,,,,,,,,2025-01-29T08:00:00,,,,,Component,,,,,,,High,
MAT03999,,,,,,,,,,2024-11-15T08:00:00,,,,,Component,,,,,,,Medium,
MAT04000,,,,,,,,,,2025-09-11T08:00:00,,,,,Excipient,,,,,,,Low,
MO00001,,,,,,,,2024-11-09T08:00:00,,,,,,FR,,,,,,26773,,,
MO00002,,,,,,,,2023-06-26T08:00:00,,,,,,DE,,,,,,98237,,,
MO00003,,,,,,,,2024-04-27T08:00:00,,,,,,IT,,,,,,78464,,,
MO00004,,,,,,,,2023-10-14T08:00:00,,,,,,IT,,,,,,96108,,,
MO00005,,,,,,,,2024-08-24T08:00:00,,,,,,UK,,,,,,20760,,,
MO00006,,,,,,,,2024-01-22T08:00:00,,,,,,IT,,,,,,90471,,,
MO00007,,,,,,,,2024-02-09T08:00:00,,,,,,FR,,,,,,8315,,,
MO00008,,,,,,,,2024-01-20T08:00:00,,,,,,IT,,,,,,92823,,,
MO00009,,,,,,,,2023-09-06T08:00:00,,,,,,UK,,,,,,60584,,,
MO00010,,,,,,,,2023-08-14T08:00:00,,,,,,PT,,,,,,78373,,,
MO00011,,,,,,,,2023-08-02T08:00:00,,,,,,IT,,,,,,54047,,,
MO00012,,,,,,,,2023-08-19T08:00:00,,,,,,UK,,,,,,6398,,,
MO00013,,,,,,,,2024-07-22T08:00:00,,,,,,IT,,,,,,52315,,,
MO00014,,,,,,,,2024-09-22T08:00:00,,,,,,FR,,,,,,5735,,,
MO00015,,,,,,,,2023-05-07T08:00:00,,,,,,DE,,,,,,48050,,,
MO00016,,,,,,,,2024-06-28T08:00:00,,,,,,DE,,,,,,38260,,,
MO00017,,,,,,,,2023-11-06T08:00:00,,,,,,ES,,,,,,84531,,,
MO00018,,,,,,,,2023-11-08T08:00:00,,,,,,ES,,,,,,89832,,,
MO00019,,,,,,,,2024-03-13T08:00:00,,,,,,UK,,,,,,67748,,,
MO00020,,,,,,,,2023-10-17T08:00:00,,,,,,ES,,,,,,96160,,,
MO00021,,,,,,,,2023-03-30T08:00:00,,,,,,DE,,,,,,86955,,,
MO00022,,,,,,,,2024-05-27T08:00:00,,,,,,PT,,,,,,8988,,,
MO00023,,,,,,,,2024-05-10T08:00:00,,,,,,PT,,,,,,87868,,,
MO00024,,,,,,,,2024-05-29T08:00:00,,,,,,IT,,,,,,27776,,,
MO00025,,,,,,,,2024-08-11T08:00:00,,,,,,UK,,,,,,89875,,,
MO00026,,,,,,,,2024-02-13T08:00:00,,,,,,ES,,,,,,10006,,,
MO00027,,,,,,,,2023-07-06T08:00:00,,,,,,ES,,,,,,85336,,,
MO00028,,,,,,,,2023-06-14T08:00:00,,,,,,UK,,,,,,28187,,,
MO00029,,,,,,,,2023-06-02T08:00:00,,,,,,ES,,,,,,59994,,,
MO00030,,,,,,,,2024-11-13T08:00:00,,,,,,ES,,,,,,63114,,,
MO00031,,,,,,,,2023-12-18T08:00:00,,,,,,UK,,,,,,13169,,,
MO00032,,,,,,,,2023-11-11T08:00:00,,,,,,ES,,,,,,76314,,,
MO00033,,,,,,,,2024-10-20T08:00:00,,,,,,FR,,,,,,90865,,,
MO00034,,,,,,,,2024-01-06T08:00:00,,,,,,UK,,,,,,7185,,,
MO00035,,,,,,,,2023-07-23T08:00:00,,,,,,UK,,,,,,46481,,,
MO00036,,,,,,,,2024-02-10T08:00:00,,,,,,PT,,,,,,99651,,,
MO00037,,,,,,,,2024-12-11T08:00:00,,,,,,PT,,,,,,6857,,,
MO00038,,,,,,,,2024-12-14T08:00:00,,,,,,IT,,,,,,59575,,,
MO00039,,,,,,,,2023-04-07T08:00:00,,,,,,UK,,,,,,13058,,,
MO00040,,,,,,,,2023-07-01T08:00:00,,,,,,FR,,,,,,70735,,,
MO00041,,,,,,,,2023-04-26T08:00:00,,,,,,UK,,,,,,39948,,,
MO00042,,,,,,,,2023-03-17T08:00:00,,,,,,FR,,,,,,63117,,,
MO00043,,,,,,,,2023-08-22T08:00:00,,,,,,DE,,,,,,84761,,,
MO00044,,,,,,,,2024-03-25T08:00:00,,,,,,UK,,,,,,71252,,,
MO00045,,,,,,,,2023-02-03T08:00:00,,,,,,FR,,,,,,88270,,,
MO00046,,,,,,,,2024-08-27T08:00:00,,,,,,DE,,,,,,40882,,,
MO00047,,,,,,,,2024-01-15T08:00:00,,,,,,DE,,,,,,20429,,,
MO00048,,,,,,,,2023-04-29T08:00:00,,,,,,IT,,,,,,79471,,,
MO00049,,,,,,,,2023-05-01T08:00:00,,,,,,PT,,,,,,65687,,,
MO00050,,,,,,,,2023-08-05T08:00:00,,,,,,ES,,,,,,16870,,,
MO00051,,,,,,,,2023-08-09T08:00:00,,,,,,UK,,,,,,16326,,,
MO00052,,,,,,,,2024-11-02T08:00:00,,,,,,DE,,,,,,82483,,,
MO00053,,,,,,,,2023-02-10T08:00:00,,,,,,ES,,,,,,27195,,,
MO00054,,,,,,,,2024-02-18T08:00:00,,,,,,FR,,,,,,88616,,,
MO00055,,,,,,,,2023-10-10T08:00:00,,,,,,IT,,,,,,15652,,,
MO00056,,,,,,,,2024-11-18T08:00:00,,,,,,DE,,,,,,94245,,,
MO00057,,,,,,,,2023-12-14T08:00:00,,,,,,FR,,,,,,22397,,,
MO00058,,,,,,,,2023-11-20T08:00:00,,,,,,ES,,,,,,54716,,,
MO00059,,,,,,,,2023-06-23T08:00:00,,,,,,FR,,,,,,41564,,,
MO00060,,,,,,,,2024-03-29T08:00:00,,,,,,PT,,,,,,46358,,,
MO00061,,,,,,,,2023-11-06T08:00:00,,,,,,FR,,,,,,29673,,,
MO00062,,,,,,,,2023-11-29T08:00:00,,,,,,FR,,,,,,28214,,,
MO00063,,,,,,,,2024-04-25T08:00:00,,,,,,DE,,,,,,96430,,,
MO00064,,,,,,,,2024-06-15T08:00:00,,,,,,DE,,,,,,17112,,,
MO00065,,,,,,,,2024-02-07T08:00:00,,,,,,DE,,,,,,80850,,,
MO00066,,,,,,,,2024-07-19T08:00:00,,,,,,DE,,,,,,89125,,,
MO00067,,,,,,,,2023-07-24T08:00:00,,,,,,IT,,,,,,87709,,,
MO00068,,,,,,,,2024-02-29T08:00:00,,,,,,ES,,,,,,81706,,,
MO00069,,,,,,,,2024-09-04T08:00:00,,,,,,FR,,,,,,75510,,,
MO00070,,,,,,,,2024-04-19T08:00:00,,,,,,FR,,,,,,97037,,,
MO00071,,,,,,,,2024-12-29T08:00:00,,,,,,DE,,,,,,89673,,,
MO00072,,,,,,,,2024-01-16T08:00:00,,,,,,DE,,,,,,32190,,,
MO00073,,,,,,,,2024-08-17T08:00:00,,,,,,UK,,,,,,71029,,,
MO00074,,,,,,,,2023-05-03T08:00:00,,,,,,UK,,,,,,40251,,,
MO00075,,,,,,,,2023-10-22T08:00:00,,,,,,PT,,,,,,32619,,,
MO00076,,,,,,,,2023-10-25T08:00:00,,,,,,FR,,,,,,66300,,,
MO00077,,,,,,,,2024-07-13T08:00:00,,,,,,ES,,,,,,20112,,,
MO00078,,,,,,,,2023-08-09T08:00:00,,,,,,UK,,,,,,87721,,,
MO00079,,,,,,,,2024-05-23T08:00:00,,,,,,IT,,,,,,23325,,,
MO00080,,,,,,,,2024-02-16T08:00:00,,,,,,PT,,,,,,47335,,,
MO00081,,,,,,,,2024-12-05T08:00:00,,,,,,PT,,,,,,54533,,,
MO00082,,,,,,,,2023-12-27T08:00:00,,,,,,PT,,,,,,9436,,,
MO00083,,,,,,,,2024-11-05T08:00:00,,,,,,UK,,,,,,18711,,,
MO00084,,,,,,,,2023-07-12T08:00:00,,,,,,DE,,,,,,6035,,,
MO00085,,,,,,,,2024-01-08T08:00:00,,,,,,IT,,,,,,67324,,,
MO00086,,,,,,,,2023-05-13T08:00:00,,,,,,DE,,,,,,89919,,,
MO00087,,,,,,,,2023-12-10T08:00:00,,,,,,FR,,,,,,51924,,,
MO00088,,,,,,,,2024-08-12T08:00:00,,,,,,FR,,,,,,66189,,,
MO00089,,,,,,,,2024-04-24T08:00:00,,,,,,FR,,,,,,7850,,,
MO00090,,,,,,,,2024-09-29T08:00:00,,,,,,PT,,,,,,64827,,,
MO00091,,,,,,,,2024-04-20T08:00:00,,,,,,PT,,,,,,96029,,,
MO00092,,,,,,,,2024-05-29T08:00:00,,,,,,UK,,,,,,57341,,,
MO00093,,,,,,,,2024-02-17T08:00:00,,,,,,FR,,,,,,38105,,,
MO00094,,,,,,,,2024-06-08T08:00:00,,,,,,PT,,,,,,49286,,,
MO00095,,,,,,,,2023-12-04T08:00:00,,,,,,UK,,,,,,57579,,,
MO00096,,,,,,,,2024-07-03T08:00:00,,,,,,ES,,,,,,35710,,,
MO00097,,,,,,,,2024-04-11T08:00:00,,,,,,ES,,,,,,60179,,,
MO00098,,,,,,,,2024-03-16T08:00:00,,,,,,DE,,,,,,80692,,,
MO00099,,,,,,,,2023-07-17T08:00:00,,,,,,PT,,,,,,8742,,,
MO00100,,,,,,,,2023-12-04T08:00:00,,,,,,PT,,,,,,26808,,,
MO00101,,,,,,,,2024-07-20T08:00:00,,,,,,PT,,,,,,96439,,,
MO00102,,,,,,,,2023-06-22T08:00:00,,,,,,FR,,,,,,79447,,,
MO00103,,,,,,,,2024-01-07T08:00:00,,,,,,FR,,,,,,91954,,,
MO00104,,,,,,,,2023-12-13T08:00:00,,,,,,ES,,,,,,16848,,,
MO00105,,,,,,,,2024-05-14T08:00:00,,,,,,FR,,,,,,50364,,,
MO00106,,,,,,,,2024-05-16T08:00:00,,,,,,IT,,,,,,26671,,,
MO00107,,,,,,,,2023-07-01T08:00:00,,,,,,ES,,,,,,91325,,,
MO00108,,,,,,,,2023-12-05T08:00:00,,,,,,FR,,,,,,27553,,,
MO00109,,,,,,,,2023-08-08T08:00:00,,,,,,DE,,,,,,15534,,,
MO00110,,,,,,,,2024-04-22T08:00:00,,,,,,FR,,,,,,31649,,,
MO00111,,,,,,,,2023-10-08T08:00:00,,,,,,ES,,,,,,99913,,,
MO00112,,,,,,,,2024-08-21T08:00:00,,,,,,FR,,,,,,94746,,,
MO00113,,,,,,,,2024-06-02T08:00:00,,,,,,DE,,,,,,5648,,,
MO00114,,,,,,,,2023-05-13T08:00:00,,,,,,FR,,,,,,50182,,,
MO00115,,,,,,,,2024-03-09T08:00:00,,,,,,IT,,,,,,77067,,,
MO00116,,,,,,,,2024-05-28T08:00:00,,,,,,UK,,,,,,32851,,,
MO00117,,,,,,,,2024-05-19T08:00:00,,,,,,UK,,,,,,54321,,,
MO00118,,,,,,,,2023-05-09T08:00:00,,,,,,UK,,,,,,36816,,,
MO00119,,,,,,,,2023-12-22T08:00:00,,,,,,IT,,,,,,21843,,,
MO00120,,,,,,,,2023-12-31T08:00:00,,,,,,FR,,,,,,57413,,,
MO00121,,,,,,,,2024-04-09T08:00:00,,,,,,DE,,,,,,93440,,,
MO00122,,,,,,,,2024-07-30T08:00:00,,,,,,PT,,,,,,56622,,,
MO00123,,,,,,,,2024-06-14T08:00:00,,,,,,ES,,,,,,50464,,,
MO00124,,,,,,,,2023-02-27T08:00:00,,,,,,UK,,,,,,81864,,,
MO00125,,,,,,,,2023-08-01T08:00:00,,,,,,FR,,,,,,84760,,,
MO00126,,,,,,,,2024-02-05T08:00:00,,,,,,FR,,,,,,53382,,,
MO00127,,,,,,,,2023-02-01T08:00:00,,,,,,DE,,,,,,70726,,,
MO00128,,,,,,,,2024-03-13T08:00:00,,,,,,PT,,,,,,83534,,,
MO00129,,,,,,,,2023-09-23T08:00:00,,,,,,ES,,,,,,89617,,,
MO00130,,,,,,,,2023-08-11T08:00:00,,,,,,FR,,,,,,70529,,,
MO00131,,,,,,,,2023-12-06T08:00:00,,,,,,ES,,,,,,32686,,,
MO00132,,,,,,,,2024-01-13T08:00:00,,,,,,IT,,,,,,17170,,,
MO00133,,,,,,,,2023-08-03T08:00:00,,,,,,IT,,,,,,90726,,,
MO00134,,,,,,,,2023-11-18T08:00:00,,,,,,IT,,,,,,24758,,,
MO00135,,,,,,,,2024-12-22T08:00:00,,,,,,DE,,,,,,55700,,,
MO00136,,,,,,,,2023-10-25T08:00:00,,,,,,IT,,,,,,9564,,,
MO00137,,,,,,,,2023-07-17T08:00:00,,,,,,IT,,,,,,28529,,,
MO00138,,,,,,,,2024-07-13T08:00:00,,,,,,IT,,,,,,94435,,,
MO00139,,,,,,,,2023-04-25T08:00:00,,,,,,ES,,,,,,65938,,,
MO00140,,,,,,,,2023-05-14T08:00:00,,,,,,DE,,,,,,94923,,,
MO00141,,,,,,,,2023-02-12T08:00:00,,,,,,UK,,,,,,58015,,,
MO00142,,,,,,,,2023-06-11T08:00:00,,,,,,FR,,,,,,46815,,,
MO00143,,,,,,,,2024-02-28T08:00:00,,,,,,PT,,,,,,71449,,,
MO00144,,,,,,,,2023-02-11T08:00:00,,,,,,UK,,,,,,64597,,,
MO00145,,,,,,,,2024-12-17T08:00:00,,,,,,IT,,,,,,90697,,,
MO00146,,,,,,,,2023-03-27T08:00:00,,,,,,IT,,,,,,60372,,,
MO00147,,,,,,,,2023-10-22T08:00:00,,,,,,DE,,,,,,60703,,,
MO00148,,,,,,,,2023-05-29T08:00:00,,,,,,UK,,,,,,88115,,,
MO00149,,,,,,,,2024-06-28T08:00:00,,,,,,PT,,,,,,64017,,,
MO00150,,,,,,,,2024-01-09T08:00:00,,,,,,DE,,,,,,67068,,,
MO00151,,,,,,,,2023-05-25T08:00:00,,,,,,PT,,,,,,52823,,,
MO00152,,,,,,,,2024-07-28T08:00:00,,,,,,FR,,,,,,60583,,,
MO00153,,,,,,,,2023-04-22T08:00:00,,,,,,IT,,,,,,93436,,,
MO00154,,,,,,,,2024-01-11T08:00:00,,,,,,FR,,,,,,5911,,,
MO00155,,,,,,,,2023-10-22T08:00:00,,,,,,UK,,,,,,82352,,,
MO00156,,,,,,,,2024-10-21T08:00:00,,,,,,FR,,,,,,72488,,,
MO00157,,,,,,,,2024-04-20T08:00:00,,,,,,UK,,,,,,64636,,,
MO00158,,,,,,,,2023-11-15T08:00:00,,,,,,ES,,,,,,65917,,,
MO00159,,,,,,,,2024-06-15T08:00:00,,,,,,ES,,,,,,20931,,,
MO00160,,,,,,,,2023-03-23T08:00:00,,,,,,IT,,,,,,53117,,,
MO00161,,,,,,,,2024-02-13T08:00:00,,,,,,PT,,,,,,94966,,,
MO00162,,,,,,,,2024-01-11T08:00:00,,,,,,DE,,,,,,60797,,,
MO00163,,,,,,,,2023-02-24T08:00:00,,,,,,UK,,,,,,43816,,,
MO00164,,,,,,,,2023-08-02T08:00:00,,,,,,PT,,,,,,40027,,,
MO00165,,,,,,,,2024-04-02T08:00:00,,,,,,DE,,,,,,51777,,,
MO00166,,,,,,,,2023-12-29T08:00:00,,,,,,ES,,,,,,63559,,,
MO00167,,,,,,,,2023-03-08T08:00:00,,,,,,DE,,,,,,88359,,,
MO00168,,,,,,,,2024-01-31T08:00:00,,,,,,PT,,,,,,19638,,,
MO00169,,,,,,,,2024-07-28T08:00:00,,,,,,UK,,,,,,9798,,,
MO00170,,,,,,,,2023-10-12T08:00:00,,,,,,UK,,,,,,56932,,,
MO00171,,,,,,,,2024-07-31T08:00:00,,,,,,FR,,,,,,16016,,,
MO00172,,,,,,,,2023-06-28T08:00:00,,,,,,ES,,,,,,21522,,,
MO00173,,,,,,,,2024-04-16T08:00:00,,,,,,UK,,,,,,69677,,,
MO00174,,,,,,,,2024-05-14T08:00:00,,,,,,DE,,,,,,50270,,,
MO00175,,,,,,,,2023-10-07T08:00:00,,,,,,UK,,,,,,85903,,,
MO00176,,,,,,,,2024-09-04T08:00:00,,,,,,UK,,,,,,73623,,,
MO00177,,,,,,,,2023-04-19T08:00:00,,,,,,IT,,,,,,10326,,,
MO00178,,,,,,,,2023-03-11T08:00:00,,,,,,DE,,,,,,53863,,,
MO00179,,,,,,,,2024-11-14T08:00:00,,,,,,FR,,,,,,84869,,,
MO00180,,,,,,,,2024-07-08T08:00:00,,,,,,ES,,,,,,55058,,,
MO00181,,,,,,,,2024-01-11T08:00:00,,,,,,UK,,,,,,15323,,,
MO00182,,,,,,,,2024-04-07T08:00:00,,,,,,UK,,,,,,44581,,,
MO00183,,,,,,,,2023-08-07T08:00:00,,,,,,IT,,,,,,7933,,,
MO00184,,,,,,,,2024-11-29T08:00:00,,,,,,UK,,,,,,38666,,,
MO00185,,,,,,,,2024-04-18T08:00:00,,,,,,UK,,,,,,15391,,,
MO00186,,,,,,,,2024-09-06T08:00:00,,,,,,ES,,,,,,30119,,,
MO00187,,,,,,,,2024-10-22T08:00:00,,,,,,DE,,,,,,44741,,,
MO00188,,,,,,,,2023-10-07T08:00:00,,,,,,PT,,,,,,75668,,,
MO00189,,,,,,,,2024-02-18T08:00:00,,,,,,UK,,,,,,11400,,,
MO00190,,,,,,,,2023-09-08T08:00:00,,,,,,PT,,,,,,66986,,,
MO00191,,,,,,,,2023-08-09T08:00:00,,,,,,IT,,,,,,41016,,,
MO00192,,,,,,,,2024-12-18T08:00:00,,,,,,DE,,,,,,70740,,,
MO00193,,,,,,,,2024-03-14T08:00:00,,,,,,ES,,,,,,84249,,,
MO00194,,,,,,,,2023-11-18T08:00:00,,,,,,FR,,,,,,93894,,,
MO00195,,,,,,,,2024-03-22T08:00:00,,,,,,DE,,,,,,5662,,,
MO00196,,,,,,,,2024-03-30T08:00:00,,,,,,FR,,,,,,7453,,,
MO00197,,,,,,,,2023-11-08T08:00:00,,,,,,UK,,,,,,22008,,,
MO00198,,,,,,,,2024-10-05T08:00:00,,,,,,DE,,,,,,65613,,,
MO00199,,,,,,,,2023-05-10T08:00:00,,,,,,UK,,,,,,46701,,,
MO00200,,,,,,,,2023-02-18T08:00:00,,,,,,FR,,,,,,34468,,,
MO00201,,,,,,,,2023-09-14T08:00:00,,,,,,UK,,,,,,47547,,,
MO00202,,,,,,,,2023-11-21T08:00:00,,,,,,ES,,,,,,85135,,,
MO00203,,,,,,,,2024-10-15T08:00:00,,,,,,UK,,,,,,98327,,,
MO00204,,,,,,,,2024-04-05T08:00:00,,,,,,IT,,,,,,82059,,,
MO00205,,,,,,,,2024-01-02T08:00:00,,,,,,UK,,,,,,83018,,,
MO00206,,,,,,,,2024-06-01T08:00:00,,,,,,PT,,,,,,55992,,,
MO00207,,,,,,,,2024-01-17T08:00:00,,,,,,PT,,,,,,6647,,,
MO00208,,,,,,,,2024-01-20T08:00:00,,,,,,DE,,,,,,46896,,,
MO00209,,,,,,,,2024-05-18T08:00:00,,,,,,IT,,,,,,24893,,,
MO00210,,,,,,,,2023-09-03T08:00:00,,,,,,UK,,,,,,70401,,,
MO00211,,,,,,,,2023-07-24T08:00:00,,,,,,PT,,,,,,96452,,,
MO00212,,,,,,,,2023-10-19T08:00:00,,,,,,UK,,,,,,56126,,,
MO00213,,,,,,,,2024-12-07T08:00:00,,,,,,IT,,,,,,9229,,,
MO00214,,,,,,,,2024-11-07T08:00:00,,,,,,PT,,,,,,15303,,,
MO00215,,,,,,,,2024-01-19T08:00:00,,,,,,IT,,,,,,78574,,,
MO00216,,,,,,,,2024-07-26T08:00:00,,,,,,ES,,,,,,32204,,,
MO00217,,,,,,,,2023-11-25T08:00:00,,,,,,DE,,,,,,44850,,,
MO00218,,,,,,,,2024-12-21T08:00:00,,,,,,DE,,,,,,64178,,,
MO00219,,,,,,,,2023-07-09T08:00:00,,,,,,IT,,,,,,8875,,,
MO00220,,,,,,,,2023-07-20T08:00:00,,,,,,PT,,,,,,81668,,,
MO00221,,,,,,,,2024-08-31T08:00:00,,,,,,PT,,,,,,51088,,,
MO00222,,,,,,,,2023-02-23T08:00:00,,,,,,IT,,,,,,59446,,,
MO00223,,,,,,,,2024-06-16T08:00:00,,,,,,DE,,,,,,77933,,,
MO00224,,,,,,,,2024-08-03T08:00:00,,,,,,FR,,,,,,54189,,,
MO00225,,,,,,,,2024-10-13T08:00:00,,,,,,FR,,,,,,54601,,,
MO00226,,,,,,,,2024-03-11T08:00:00,,,,,,ES,,,,,,17711,,,
MO00227,,,,,,,,2023-05-24T08:00:00,,,,,,FR,,,,,,32696,,,
MO00228,,,,,,,,2023-08-01T08:00:00,,,,,,PT,,,,,,42925,,,
MO00229,,,,,,,,2024-08-16T08:00:00,,,,,,FR,,,,,,57575,,,
MO00230,,,,,,,,2023-09-10T08:00:00,,,,,,IT,,,,,,51140,,,
MO00231,,,,,,,,2023-11-12T08:00:00,,,,,,IT,,,,,,83544,,,
MO00232,,,,,,,,2024-11-06T08:00:00,,,,,,DE,,,,,,52602,,,
MO00233,,,,,,,,2024-11-09T08:00:00,,,,,,ES,,,,,,92062,,,
MO00234,,,,,,,,2024-06-28T08:00:00,,,,,,UK,,,,,,46651,,,
MO00235,,,,,,,,2024-03-07T08:00:00,,,,,,PT,,,,,,74796,,,
MO00236,,,,,,,,2024-06-20T08:00:00,,,,,,FR,,,,,,57948,,,
MO00237,,,,,,,,2024-05-05T08:00:00,,,,,,IT,,,,,,42523,,,
MO00238,,,,,,,,2024-03-15T08:00:00,,,,,,FR,,,,,,28281,,,
MO00239,,,,,,,,2024-07-29T08:00:00,,,,,,DE,,,,,,5437,,,
MO00240,,,,,,,,2024-12-02T08:00:00,,,,,,DE,,,,,,65820,,,
MO00241,,,,,,,,2023-05-11T08:00:00,,,,,,FR,,,,,,94568,,,
MO00242,,,,,,,,2024-11-29T08:00:00,,,,,,IT,,,,,,81042,,,
MO00243,,,,,,,,2024-03-26T08:00:00,,,,,,IT,,,,,,59823,,,
MO00244,,,,,,,,2023-03-01T08:00:00,,,,,,FR,,,,,,88416,,,
MO00245,,,,,,,,2023-06-21T08:00:00,,,,,,PT,,,,,,34385,,,
MO00246,,,,,,,,2024-06-29T08:00:00,,,,,,PT,,,,,,86254,,,
MO00247,,,,,,,,2024-09-06T08:00:00,,,,,,ES,,,,,,83586,,,
MO00248,,,,,,,,2023-02-23T08:00:00,,,,,,UK,,,,,,58578,,,
MO00249,,,,,,,,2023-10-13T08:00:00,,,,,,DE,,,,,,84929,,,
MO00250,,,,,,,,2024-11-01T08:00:00,,,,,,FR,,,,,,79620,,,
MO00251,,,,,,,,2023-05-04T08:00:00,,,,,,IT,,,,,,94700,,,
MO00252,,,,,,,,2024-10-07T08:00:00,,,,,,DE,,,,,,7977,,,
MO00253,,,,,,,,2024-08-18T08:00:00,,,,,,UK,,,,,,56031,,,
MO00254,,,,,,,,2023-07-15T08:00:00,,,,,,PT,,,,,,30301,,,
MO00255,,,,,,,,2023-10-03T08:00:00,,,,,,IT,,,,,,53373,,,
MO00256,,,,,,,,2023-08-23T08:00:00,,,,,,FR,,,,,,66888,,,
MO00257,,,,,,,,2023-11-27T08:00:00,,,,,,DE,,,,,,22386,,,
MO00258,,,,,,,,2023-08-30T08:00:00,,,,,,ES,,,,,,9048,,,
MO00259,,,,,,,,2024-05-15T08:00:00,,,,,,PT,,,,,,65447,,,
MO00260,,,,,,,,2024-10-09T08:00:00,,,,,,FR,,,,,,94610,,,
MO00261,,,,,,,,2023-07-31T08:00:00,,,,,,IT,,,,,,36704,,,
MO00262,,,,,,,,2024-11-17T08:00:00,,,,,,IT,,,,,,70564,,,
MO00263,,,,,,,,2024-01-05T08:00:00,,,,,,ES,,,,,,84168,,,
MO00264,,,,,,,,2024-05-18T08:00:00,,,,,,FR,,,,,,37094,,,
MO00265,,,,,,,,2023-02-07T08:00:00,,,,,,UK,,,,,,14154,,,
MO00266,,,,,,,,2024-12-29T08:00:00,,,,,,UK,,,,,,9236,,,
MO00267,,,,,,,,2024-07-16T08:00:00,,,,,,UK,,,,,,58260,,,
MO00268,,,,,,,,2023-04-13T08:00:00,,,,,,IT,,,,,,55504,,,
MO00269,,,,,,,,2024-08-03T08:00:00,,,,,,IT,,,,,,39082,,,
MO00270,,,,,,,,2024-10-13T08:00:00,,,,,,ES,,,,,,98820,,,
MO00271,,,,,,,,2023-02-24T08:00:00,,,,,,UK,,,,,,75014,,,
MO00272,,,,,,,,2023-04-02T08:00:00,,,,,,IT,,,,,,68020,,,
MO00273,,,,,,,,2023-03-12T08:00:00,,,,,,DE,,,,,,57218,,,
MO00274,,,,,,,,2024-07-07T08:00:00,,,,,,DE,,,,,,57354,,,
MO00275,,,,,,,,2024-04-25T08:00:00,,,,,,UK,,,,,,90148,,,
MO00276,,,,,,,,2023-05-17T08:00:00,,,,,,IT,,,,,,21260,,,
MO00277,,,,,,,,2024-09-15T08:00:00,,,,,,FR,,,,,,39406,,,
MO00278,,,,,,,,2023-07-23T08:00:00,,,,,,ES,,,,,,99633,,,
MO00279,,,,,,,,2024-12-03T08:00:00,,,,,,DE,,,,,,59118,,,
MO00280,,,,,,,,2023-10-06T08:00:00,,,,,,DE,,,,,,23605,,,
MO00281,,,,,,,,2023-10-28T08:00:00,,,,,,IT,,,,,,32536,,,
MO00282,,,,,,,,2024-11-18T08:00:00,,,,,,ES,,,,,,48257,,,
MO00283,,,,,,,,2024-05-14T08:00:00,,,,,,UK,,,,,,14708,,,
MO00284,,,,,,,,2023-10-08T08:00:00,,,,,,UK,,,,,,69431,,,
MO00285,,,,,,,,2023-11-29T08:00:00,,,,,,DE,,,,,,49884,,,
MO00286,,,,,,,,2024-01-04T08:00:00,,,,,,UK,,,,,,63284,,,
MO00287,,,,,,,,2023-10-22T08:00:00,,,,,,IT,,,,,,96692,,,
MO00288,,,,,,,,2024-09-30T08:00:00,,,,,,PT,,,,,,41083,,,
MO00289,,,,,,,,2023-07-01T08:00:00,,,,,,ES,,,,,,23352,,,
MO00290,,,,,,,,2023-02-26T08:00:00,,,,,,PT,,,,,,42805,,,
MO00291,,,,,,,,2024-08-30T08:00:00,,,,,,FR,,,,,,53608,,,
MO00292,,,,,,,,2023-11-25T08:00:00,,,,,,DE,,,,,,98559,,,
MO00293,,,,,,,,2023-07-12T08:00:00,,,,,,DE,,,,,,98826,,,
MO00294,,,,,,,,2023-12-09T08:00:00,,,,,,PT,,,,,,88085,,,
MO00295,,,,,,,,2024-04-25T08:00:00,,,,,,IT,,,,,,98464,,,
MO00296,,,,,,,,2023-07-08T08:00:00,,,,,,UK,,,,,,43650,,,
MO00297,,,,,,,,2023-06-11T08:00:00,,,,,,UK,,,,,,96105,,,
MO00298,,,,,,,,2023-11-26T08:00:00,,,,,,FR,,,,,,84619,,,
MO00299,,,,,,,,2024-11-13T08:00:00,,,,,,IT,,,,,,38725,,,
MO00300,,,,,,,,2023-09-04T08:00:00,,,,,,FR,,,,,,8670,,,
MO00301,,,,,,,,2023-07-01T08:00:00,,,,,,PT,,,,,,44709,,,
MO00302,,,,,,,,2023-10-23T08:00:00,,,,,,PT,,,,,,6581,,,
MO00303,,,,,,,,2024-07-04T08:00:00,,,,,,DE,,,,,,99521,,,
MO00304,,,,,,,,2024-03-21T08:00:00,,,,,,UK,,,,,,72740,,,
MO00305,,,,,,,,2023-07-24T08:00:00,,,,,,IT,,,,,,86062,,,
MO00306,,,,,,,,2023-07-09T08:00:00,,,,,,DE,,,,,,89390,,,
MO00307,,,,,,,,2023-12-18T08:00:00,,,,,,PT,,,,,,70679,,,
MO00308,,,,,,,,2024-02-22T08:00:00,,,,,,PT,,,,,,54068,,,
MO00309,,,,,,,,2023-07-23T08:00:00,,,,,,IT,,,,,,89984,,,
MO00310,,,,,,,,2023-07-29T08:00:00,,,,,,PT,,,,,,68183,,,
MO00311,,,,,,,,2023-02-14T08:00:00,,,,,,IT,,,,,,54790,,,
MO00312,,,,,,,,2024-01-16T08:00:00,,,,,,UK,,,,,,13487,,,
MO00313,,,,,,,,2023-08-30T08:00:00,,,,,,FR,,,,,,45541,,,
MO00314,,,,,,,,2023-11-11T08:00:00,,,,,,FR,,,,,,24672,,,
MO00315,,,,,,,,2024-11-26T08:00:00,,,,,,PT,,,,,,20675,,,
MO00316,,,,,,,,2024-06-24T08:00:00,,,,,,FR,,,,,,51727,,,
MO00317,,,,,,,,2024-11-14T08:00:00,,,,,,IT,,,,,,79633,,,
MO00318,,,,,,,,2023-09-21T08:00:00,,,,,,ES,,,,,,73697,,,
MO00319,,,,,,,,2024-02-07T08:00:00,,,,,,UK,,,,,,31546,,,
MO00320,,,,,,,,2024-03-14T08:00:00,,,,,,UK,,,,,,9304,,,
MO00321,,,,,,,,2024-01-03T08:00:00,,,,,,UK,,,,,,17955,,,
MO00322,,,,,,,,2023-11-04T08:00:00,,,,,,PT,,,,,,13807,,,
MO00323,,,,,,,,2024-08-03T08:00:00,,,,,,PT,,,,,,75091,,,
MO00324,,,,,,,,2024-05-02T08:00:00,,,,,,ES,,,,,,12336,,,
MO00325,,,,,,,,2023-10-11T08:00:00,,,,,,PT,,,,,,73543,,,
MO00326,,,,,,,,2023-08-06T08:00:00,,,,,,FR,,,,,,38563,,,
MO00327,,,,,,,,2023-10-08T08:00:00,,,,,,UK,,,,,,90302,,,
MO00328,,,,,,,,2024-05-12T08:00:00,,,,,,FR,,,,,,95392,,,
MO00329,,,,,,,,2024-10-15T08:00:00,,,,,,FR,,,,,,10273,,,
MO00330,,,,,,,,2023-11-11T08:00:00,,,,,,DE,,,,,,77348,,,
MO00331,,,,,,,,2023-04-06T08:00:00,,,,,,ES,,,,,,29905,,,
MO00332,,,,,,,,2023-12-07T08:00:00,,,,,,FR,,,,,,73492,,,
MO00333,,,,,,,,2023-09-21T08:00:00,,,,,,ES,,,,,,32227,,,
MO00334,,,,,,,,2024-09-17T08:00:00,,,,,,FR,,,,,,81765,,,
MO00335,,,,,,,,2023-05-11T08:00:00,,,,,,IT,,,,,,65852,,,
MO00336,,,,,,,,2023-12-23T08:00:00,,,,,,PT,,,,,,11695,,,
MO00337,,,,,,,,2023-08-20T08:00:00,,,,,,UK,,,,,,14575,,,
MO00338,,,,,,,,2024-04-27T08:00:00,,,,,,IT,,,,,,20257,,,
MO00339,,,,,,,,2023-08-21T08:00:00,,,,,,ES,,,,,,67394,,,
MO00340,,,,,,,,2024-09-25T08:00:00,,,,,,ES,,,,,,76089,,,
MO00341,,,,,,,,2024-06-12T08:00:00,,,,,,FR,,,,,,83419,,,
MO00342,,,,,,,,2023-02-09T08:00:00,,,,,,DE,,,,,,79623,,,
MO00343,,,,,,,,2023-05-25T08:00:00,,,,,,PT,,,,,,61328,,,
MO00344,,,,,,,,2024-11-19T08:00:00,,,,,,UK,,,,,,63017,,,
MO00345,,,,,,,,2024-11-11T08:00:00,,,,,,FR,,,,,,82193,,,
MO00346,,,,,,,,2023-01-31T08:00:00,,,,,,PT,,,,,,64802,,,
MO00347,,,,,,,,2024-10-07T08:00:00,,,,,,DE,,,,,,58368,,,
MO00348,,,,,,,,2024-11-07T08:00:00,,,,,,DE,,,,,,69566,,,
MO00349,,,,,,,,2024-07-03T08:00:00,,,,,,FR,,,,,,48075,,,
MO00350,,,,,,,,2023-11-17T08:00:00,,,,,,IT,,,,,,72397,,,
MO00351,,,,,,,,2023-10-28T08:00:00,,,,,,UK,,,,,,44274,,,
MO00352,,,,,,,,2024-01-15T08:00:00,,,,,,PT,,,,,,37639,,,
MO00353,,,,,,,,2024-08-27T08:00:00,,,,,,DE,,,,,,93846,,,
MO00354,,,,,,,,2024-11-01T08:00:00,,,,,,PT,,,,,,45475,,,
MO00355,,,,,,,,2023-08-05T08:00:00,,,,,,IT,,,,,,19610,,,
MO00356,,,,,,,,2023-12-23T08:00:00,,,,,,IT,,,,,,5854,,,
MO00357,,,,,,,,2024-06-21T08:00:00,,,,,,PT,,,,,,66670,,,
MO00358,,,,,,,,2023-04-08T08:00:00,,,,,,FR,,,,,,28435,,,
MO00359,,,,,,,,2023-12-08T08:00:00,,,,,,IT,,,,,,93208,,,
MO00360,,,,,,,,2024-01-16T08:00:00,,,,,,ES,,,,,,63090,,,
MO00361,,,,,,,,2024-08-04T08:00:00,,,,,,UK,,,,,,95041,,,
MO00362,,,,,,,,2023-05-22T08:00:00,,,,,,FR,,,,,,30374,,,
MO00363,,,,,,,,2023-12-11T08:00:00,,,,,,FR,,,,,,32946,,,
MO00364,,,,,,,,2023-12-24T08:00:00,,,,,,PT,,,,,,45027,,,
MO00365,,,,,,,,2023-05-16T08:00:00,,,,,,PT,,,,,,66849,,,
MO00366,,,,,,,,2024-10-16T08:00:00,,,,,,UK,,,,,,44329,,,
MO00367,,,,,,,,2024-12-19T08:00:00,,,,,,FR,,,,,,79843,,,
MO00368,,,,,,,,2023-07-10T08:00:00,,,,,,FR,,,,,,47436,,,
MO00369,,,,,,,,2023-07-25T08:00:00,,,,,,FR,,,,,,56935,,,
MO00370,,,,,,,,2024-12-09T08:00:00,,,,,,FR,,,,,,84970,,,
MO00371,,,,,,,,2024-07-12T08:00:00,,,,,,FR,,,,,,47687,,,
MO00372,,,,,,,,2024-10-01T08:00:00,,,,,,IT,,,,,,90654,,,
MO00373,,,,,,,,2023-09-22T08:00:00,,,,,,IT,,,,,,40308,,,
MO00374,,,,,,,,2023-12-07T08:00:00,,,,,,DE,,,,,,66863,,,
MO00375,,,,,,,,2023-12-10T08:00:00,,,,,,DE,,,,,,24003,,,
MO00376,,,,,,,,2023-12-19T08:00:00,,,,,,DE,,,,,,51390,,,
MO00377,,,,,,,,2024-04-10T08:00:00,,,,,,IT,,,,,,45372,,,
MO00378,,,,,,,,2024-04-02T08:00:00,,,,,,PT,,,,,,56582,,,
MO00379,,,,,,,,2023-03-28T08:00:00,,,,,,ES,,,,,,57963,,,
MO00380,,,,,,,,2024-11-22T08:00:00,,,,,,IT,,,,,,51348,,,
MO00381,,,,,,,,2023-11-07T08:00:00,,,,,,FR,,,,,,64885,,,
MO00382,,,,,,,,2023-08-26T08:00:00,,,,,,ES,,,,,,97319,,,
MO00383,,,,,,,,2023-10-20T08:00:00,,,,,,FR,,,,,,91776,,,
MO00384,,,,,,,,2023-02-24T08:00:00,,,,,,DE,,,,,,53952,,,
MO00385,,,,,,,,2024-02-26T08:00:00,,,,,,DE,,,,,,61033,,,
MO00386,,,,,,,,2024-08-26T08:00:00,,,,,,DE,,,,,,78147,,,
MO00387,,,,,,,,2023-09-08T08:00:00,,,,,,UK,,,,,,31142,,,
MO00388,,,,,,,,2024-04-25T08:00:00,,,,,,PT,,,,,,70921,,,
MO00389,,,,,,,,2023-04-17T08:00:00,,,,,,DE,,,,,,19003,,,
MO00390,,,,,,,,2023-12-30T08:00:00,,,,,,FR,,,,,,26026,,,
MO00391,,,,,,,,2024-09-29T08:00:00,,,,,,UK,,,,,,67872,,,
MO00392,,,,,,,,2024-12-06T08:00:00,,,,,,IT,,,,,,11029,,,
MO00393,,,,,,,,2024-06-12T08:00:00,,,,,,IT,,,,,,95151,,,
MO00394,,,,,,,,2024-10-13T08:00:00,,,,,,FR,,,,,,41718,,,
MO00395,,,,,,,,2023-04-01T08:00:00,,,,,,PT,,,,,,54154,,,
MO00396,,,,,,,,2024-11-15T08:00:00,,,,,,ES,,,,,,12355,,,
MO00397,,,,,,,,2024-08-03T08:00:00,,,,,,DE,,,,,,41181,,,
MO00398,,,,,,,,2023-11-18T08:00:00,,,,,,DE,,,,,,62425,,,
MO00399,,,,,,,,2023-06-17T08:00:00,,,,,,ES,,,,,,66845,,,
MO00400,,,,,,,,2023-12-29T08:00:00,,,,,,UK,,,,,,14697,,,
MO00401,,,,,,,,2023-07-05T08:00:00,,,,,,UK,,,,,,59234,,,
MO00402,,,,,,,,2023-12-03T08:00:00,,,,,,FR,,,,,,82307,,,
MO00403,,,,,,,,2024-08-28T08:00:00,,,,,,PT,,,,,,31213,,,
MO00404,,,,,,,,2023-10-09T08:00:00,,,,,,ES,,,,,,62443,,,
MO00405,,,,,,,,2024-08-12T08:00:00,,,,,,DE,,,,,,80069,,,
MO00406,,,,,,,,2024-08-23T08:00:00,,,,,,UK,,,,,,39172,,,
MO00407,,,,,,,,2023-02-22T08:00:00,,,,,,PT,,,,,,43196,,,
MO00408,,,,,,,,2023-12-18T08:00:00,,,,,,FR,,,,,,13913,,,
MO00409,,,,,,,,2023-09-07T08:00:00,,,,,,DE,,,,,,63437,,,
MO00410,,,,,,,,2024-05-24T08:00:00,,,,,,FR,,,,,,47109,,,
MO00411,,,,,,,,2024-02-05T08:00:00,,,,,,FR,,,,,,65398,,,
MO00412,,,,,,,,2024-12-24T08:00:00,,,,,,DE,,,,,,31081,,,
MO00413,,,,,,,,2023-10-19T08:00:00,,,,,,UK,,,,,,38951,,,
MO00414,,,,,,,,2023-06-23T08:00:00,,,,,,PT,,,,,,8032,,,
MO00415,,,,,,,,2024-03-26T08:00:00,,,,,,ES,,,,,,89179,,,
MO00416,,,,,,,,2024-06-12T08:00:00,,,,,,IT,,,,,,56944,,,
MO00417,,,,,,,,2023-04-02T08:00:00,,,,,,ES,,,,,,74258,,,
MO00418,,,,,,,,2023-02-16T08:00:00,,,,,,PT,,,,,,53952,,,
MO00419,,,,,,,,2023-03-04T08:00:00,,,,,,PT,,,,,,62305,,,
MO00420,,,,,,,,2024-08-04T08:00:00,,,,,,PT,,,,,,47869,,,
MO00421,,,,,,,,2024-09-10T08:00:00,,,,,,IT,,,,,,42047,,,
MO00422,,,,,,,,2023-04-09T08:00:00,,,,,,DE,,,,,,88148,,,
MO00423,,,,,,,,2024-08-31T08:00:00,,,,,,UK,,,,,,14902,,,
MO00424,,,,,,,,2023-05-26T08:00:00,,,,,,ES,,,,,,78176,,,
MO00425,,,,,,,,2024-07-09T08:00:00,,,,,,PT,,,,,,25738,,,
MO00426,,,,,,,,2024-05-24T08:00:00,,,,,,ES,,,,,,80225,,,
MO00427,,,,,,,,2023-08-14T08:00:00,,,,,,PT,,,,,,90219,,,
MO00428,,,,,,,,2024-04-16T08:00:00,,,,,,ES,,,,,,94647,,,
MO00429,,,,,,,,2024-05-07T08:00:00,,,,,,DE,,,,,,66042,,,
MO00430,,,,,,,,2024-11-27T08:00:00,,,,,,UK,,,,,,24949,,,
MO00431,,,,,,,,2023-08-05T08:00:00,,,,,,DE,,,,,,14571,,,
MO00432,,,,,,,,2024-01-13T08:00:00,,,,,,UK,,,,,,80395,,,
MO00433,,,,,,,,2024-04-17T08:00:00,,,,,,IT,,,,,,74168,,,
MO00434,,,,,,,,2024-09-10T08:00:00,,,,,,ES,,,,,,57620,,,
MO00435,,,,,,,,2024-10-30T08:00:00,,,,,,DE,,,,,,5832,,,
MO00436,,,,,,,,2023-02-08T08:00:00,,,,,,IT,,,,,,7473,,,
MO00437,,,,,,,,2024-04-12T08:00:00,,,,,,FR,,,,,,47255,,,
MO00438,,,,,,,,2023-09-16T08:00:00,,,,,,FR,,,,,,38928,,,
MO00439,,,,,,,,2023-12-31T08:00:00,,,,,,PT,,,,,,93413,,,
MO00440,,,,,,,,2024-11-30T08:00:00,,,,,,PT,,,,,,64998,,,
MO00441,,,,,,,,2024-09-10T08:00:00,,,,,,UK,,,,,,31257,,,
MO00442,,,,,,,,2024-09-12T08:00:00,,,,,,DE,,,,,,98703,,,
MO00443,,,,,,,,2023-07-01T08:00:00,,,,,,FR,,,,,,29752,,,
MO00444,,,,,,,,2023-08-04T08:00:00,,,,,,FR,,,,,,45433,,,
MO00445,,,,,,,,2024-07-30T08:00:00,,,,,,ES,,,,,,8437,,,
MO00446,,,,,,,,2023-06-10T08:00:00,,,,,,PT,,,,,,10171,,,
MO00447,,,,,,,,2023-04-11T08:00:00,,,,,,PT,,,,,,50681,,,
MO00448,,,,,,,,2023-09-23T08:00:00,,,,,,DE,,,,,,46331,,,
MO00449,,,,,,,,2023-08-25T08:00:00,,,,,,UK,,,,,,32368,,,
MO00450,,,,,,,,2024-04-09T08:00:00,,,,,,DE,,,,,,26402,,,
MO00451,,,,,,,,2023-09-10T08:00:00,,,,,,DE,,,,,,35537,,,
MO00452,,,,,,,,2023-06-20T08:00:00,,,,,,DE,,,,,,8577,,,
MO00453,,,,,,,,2024-02-19T08:00:00,,,,,,IT,,,,,,21136,,,
MO00454,,,,,,,,2023-09-01T08:00:00,,,,,,ES,,,,,,63189,,,
MO00455,,,,,,,,2024-05-02T08:00:00,,,,,,IT,,,,,,11450,,,
MO00456,,,,,,,,2023-08-22T08:00:00,,,,,,IT,,,,,,57321,,,
MO00457,,,,,,,,2024-09-26T08:00:00,,,,,,FR,,,,,,54873,,,
MO00458,,,,,,,,2023-07-29T08:00:00,,,,,,ES,,,,,,17170,,,
MO00459,,,,,,,,2024-07-12T08:00:00,,,,,,PT,,,,,,80799,,,
MO00460,,,,,,,,2023-09-02T08:00:00,,,,,,ES,,,,,,26349,,,
MO00461,,,,,,,,2024-10-11T08:00:00,,,,,,ES,,,,,,69108,,,
MO00462,,,,,,,,2024-03-31T08:00:00,,,,,,DE,,,,,,46534,,,
MO00463,,,,,,,,2023-05-03T08:00:00,,,,,,FR,,,,,,32568,,,
MO00464,,,,,,,,2024-06-03T08:00:00,,,,,,PT,,,,,,52167,,,
MO00465,,,,,,,,2023-05-25T08:00:00,,,,,,DE,,,,,,71680,,,
MO00466,,,,,,,,2023-02-07T08:00:00,,,,,,IT,,,,,,7116,,,
MO00467,,,,,,,,2024-03-15T08:00:00,,,,,,IT,,,,,,60052,,,
MO00468,,,,,,,,2024-02-04T08:00:00,,,,,,ES,,,,,,51488,,,
MO00469,,,,,,,,2024-04-19T08:00:00,,,,,,DE,,,,,,13559,,,
MO00470,,,,,,,,2023-09-22T08:00:00,,,,,,UK,,,,,,44412,,,
MO00471,,,,,,,,2024-11-27T08:00:00,,,,,,UK,,,,,,16069,,,
MO00472,,,,,,,,2024-05-27T08:00:00,,,,,,UK,,,,,,56076,,,
MO00473,,,,,,,,2024-11-23T08:00:00,,,,,,ES,,,,,,41007,,,
MO00474,,,,,,,,2023-06-24T08:00:00,,,,,,DE,,,,,,10946,,,
MO00475,,,,,,,,2024-08-31T08:00:00,,,,,,FR,,,,,,28246,,,
MO00476,,,,,,,,2024-07-15T08:00:00,,,,,,ES,,,,,,21770,,,
MO00477,,,,,,,,2024-05-26T08:00:00,,,,,,FR,,,,,,23378,,,
MO00478,,,,,,,,2024-10-02T08:00:00,,,,,,ES,,,,,,13019,,,
MO00479,,,,,,,,2023-11-27T08:00:00,,,,,,FR,,,,,,91632,,,
MO00480,,,,,,,,2024-03-30T08:00:00,,,,,,DE,,,,,,85944,,,
MO00481,,,,,,,,2023-07-26T08:00:00,,,,,,FR,,,,,,59950,,,
MO00482,,,,,,,,2023-07-05T08:00:00,,,,,,FR,,,,,,72973,,,
MO00483,,,,,,,,2023-08-04T08:00:00,,,,,,UK,,,,,,92643,,,
MO00484,,,,,,,,2023-07-16T08:00:00,,,,,,DE,,,,,,19338,,,
MO00485,,,,,,,,2023-08-27T08:00:00,,,,,,ES,,,,,,70215,,,
MO00486,,,,,,,,2024-11-01T08:00:00,,,,,,DE,,,,,,57907,,,
MO00487,,,,,,,,2024-10-28T08:00:00,,,,,,DE,,,,,,39757,,,
MO00488,,,,,,,,2023-02-26T08:00:00,,,,,,DE,,,,,,8732,,,
MO00489,,,,,,,,2024-05-26T08:00:00,,,,,,DE,,,,,,8735,,,
MO00490,,,,,,,,2024-03-23T08:00:00,,,,,,ES,,,,,,23919,,,
MO00491,,,,,,,,2024-02-21T08:00:00,,,,,,ES,,,,,,75710,,,
MO00492,,,,,,,,2024-07-21T08:00:00,,,,,,PT,,,,,,99702,,,
MO00493,,,,,,,,2023-05-13T08:00:00,,,,,,FR,,,,,,25731,,,
MO00494,,,,,,,,2023-09-16T08:00:00,,,,,,ES,,,,,,50700,,,
MO00495,,,,,,,,2023-04-08T08:00:00,,,,,,ES,,,,,,60034,,,
MO00496,,,,,,,,2024-05-20T08:00:00,,,,,,ES,,,,,,67349,,,
MO00497,,,,,,,,2024-04-25T08:00:00,,,,,,IT,,,,,,75349,,,
MO00498,,,,,,,,2024-11-13T08:00:00,,,,,,FR,,,,,,84071,,,
MO00499,,,,,,,,2024-06-01T08:00:00,,,,,,ES,,,,,,45819,,,
MO00500,,,,,,,,2023-06-11T08:00:00,,,,,,IT,,,,,,38667,,,
MO00501,,,,,,,,2024-08-05T08:00:00,,,,,,DE,,,,,,91032,,,
MO00502,,,,,,,,2024-12-15T08:00:00,,,,,,DE,,,,,,85427,,,
MO00503,,,,,,,,2024-06-03T08:00:00,,,,,,UK,,,,,,17635,,,
MO00504,,,,,,,,2023-08-19T08:00:00,,,,,,IT,,,,,,79873,,,
MO00505,,,,,,,,2024-07-11T08:00:00,,,,,,FR,,,,,,33745,,,
MO00506,,,,,,,,2023-09-18T08:00:00,,,,,,FR,,,,,,23690,,,
MO00507,,,,,,,,2023-05-08T08:00:00,,,,,,UK,,,,,,15772,,,
MO00508,,,,,,,,2023-11-16T08:00:00,,,,,,UK,,,,,,57931,,,
MO00509,,,,,,,,2023-10-13T08:00:00,,,,,,PT,,,,,,18792,,,
MO00510,,,,,,,,2023-08-08T08:00:00,,,,,,FR,,,,,,37855,,,
MO00511,,,,,,,,2023-12-05T08:00:00,,,,,,UK,,,,,,91424,,,
MO00512,,,,,,,,2024-05-18T08:00:00,,,,,,DE,,,,,,98121,,,
MO00513,,,,,,,,2024-07-16T08:00:00,,,,,,UK,,,,,,82435,,,
MO00514,,,,,,,,2023-10-31T08:00:00,,,,,,PT,,,,,,80650,,,
MO00515,,,,,,,,2024-04-07T08:00:00,,,,,,FR,,,,,,47984,,,
MO00516,,,,,,,,2023-06-28T08:00:00,,,,,,DE,,,,,,91665,,,
MO00517,,,,,,,,2024-02-29T08:00:00,,,,,,PT,,,,,,9485,,,
MO00518,,,,,,,,2023-08-21T08:00:00,,,,,,UK,,,,,,11293,,,
MO00519,,,,,,,,2023-06-26T08:00:00,,,,,,FR,,,,,,6877,,,
MO00520,,,,,,,,2023-10-01T08:00:00,,,,,,UK,,,,,,9471,,,
MO00521,,,,,,,,2023-12-27T08:00:00,,,,,,FR,,,,,,57004,,,
MO00522,,,,,,,,2024-06-06T08:00:00,,,,,,ES,,,,,,79984,,,
MO00523,,,,,,,,2023-08-11T08:00:00,,,,,,IT,,,,,,50075,,,
MO00524,,,,,,,,2024-03-21T08:00:00,,,,,,UK,,,,,,80654,,,
MO00525,,,,,,,,2024-05-09T08:00:00,,,,,,IT,,,,,,33159,,,
MO00526,,,,,,,,2024-08-11T08:00:00,,,,,,PT,,,,,,39446,,,
MO00527,,,,,,,,2023-11-13T08:00:00,,,,,,IT,,,,,,20442,,,
MO00528,,,,,,,,2024-01-11T08:00:00,,,,,,UK,,,,,,72435,,,
MO00529,,,,,,,,2023-10-19T08:00:00,,,,,,DE,,,,,,29421,,,
MO00530,,,,,,,,2024-08-15T08:00:00,,,,,,DE,,,,,,68878,,,
MO00531,,,,,,,,2023-05-09T08:00:00,,,,,,IT,,,,,,91933,,,
MO00532,,,,,,,,2024-07-15T08:00:00,,,,,,UK,,,,,,49875,,,
MO00533,,,,,,,,2024-02-09T08:00:00,,,,,,DE,,,,,,13272,,,
MO00534,,,,,,,,2023-02-26T08:00:00,,,,,,IT,,,,,,89186,,,
MO00535,,,,,,,,2023-05-07T08:00:00,,,,,,PT,,,,,,21544,,,
MO00536,,,,,,,,2023-05-24T08:00:00,,,,,,FR,,,,,,64956,,,
MO00537,,,,,,,,2023-11-29T08:00:00,,,,,,ES,,,,,,77150,,,
MO00538,,,,,,,,2023-12-11T08:00:00,,,,,,FR,,,,,,50563,,,
MO00539,,,,,,,,2024-08-19T08:00:00,,,,,,IT,,,,,,62168,,,
MO00540,,,,,,,,2023-08-05T08:00:00,,,,,,ES,,,,,,71155,,,
MO00541,,,,,,,,2023-08-18T08:00:00,,,,,,IT,,,,,,71965,,,
MO00542,,,,,,,,2023-09-15T08:00:00,,,,,,FR,,,,,,94204,,,
MO00543,,,,,,,,2024-01-28T08:00:00,,,,,,ES,,,,,,31041,,,
MO00544,,,,,,,,2023-07-05T08:00:00,,,,,,PT,,,,,,83765,,,
MO00545,,,,,,,,2024-07-21T08:00:00,,,,,,PT,,,,,,74541,,,
MO00546,,,,,,,,2024-02-06T08:00:00,,,,,,ES,,,,,,74881,,,
MO00547,,,,,,,,2024-07-27T08:00:00,,,,,,PT,,,,,,35202,,,
MO00548,,,,,,,,2023-07-12T08:00:00,,,,,,FR,,,,,,54082,,,
MO00549,,,,,,,,2023-07-19T08:00:00,,,,,,ES,,,,,,94180,,,
MO00550,,,,,,,,2024-10-25T08:00:00,,,,,,UK,,,,,,88140,,,
MO00551,,,,,,,,2023-07-05T08:00:00,,,,,,FR,,,,,,98858,,,
MO00552,,,,,,,,2024-04-09T08:00:00,,,,,,PT,,,,,,84910,,,
MO00553,,,,,,,,2023-03-22T08:00:00,,,,,,FR,,,,,,41493,,,
MO00554,,,,,,,,2024-03-05T08:00:00,,,,,,IT,,,,,,43862,,,
MO00555,,,,,,,,2024-06-01T08:00:00,,,,,,PT,,,,,,60215,,,
MO00556,,,,,,,,2023-06-19T08:00:00,,,,,,IT,,,,,,47194,,,
MO00557,,,,,,,,2023-01-31T08:00:00,,,,,,UK,,,,,,44320,,,
MO00558,,,,,,,,2024-08-22T08:00:00,,,,,,ES,,,,,,37942,,,
MO00559,,,,,,,,2023-09-01T08:00:00,,,,,,UK,,,,,,45842,,,
MO00560,,,,,,,,2024-09-30T08:00:00,,,,,,UK,,,,,,85362,,,
MO00561,,,,,,,,2024-03-26T08:00:00,,,,,,ES,,,,,,12762,,,
MO00562,,,,,,,,2024-06-06T08:00:00,,,,,,FR,,,,,,23847,,,
MO00563,,,,,,,,2024-03-06T08:00:00,,,,,,FR,,,,,,36780,,,
MO00564,,,,,,,,2024-04-04T08:00:00,,,,,,FR,,,,,,89683,,,
MO00565,,,,,,,,2023-08-17T08:00:00,,,,,,IT,,,,,,82518,,,
MO00566,,,,,,,,2023-04-13T08:00:00,,,,,,FR,,,,,,50928,,,
MO00567,,,,,,,,2023-06-23T08:00:00,,,,,,FR,,,,,,41204,,,
MO00568,,,,,,,,2024-09-21T08:00:00,,,,,,IT,,,,,,21183,,,
MO00569,,,,,,,,2023-08-29T08:00:00,,,,,,UK,,,,,,24902,,,
MO00570,,,,,,,,2024-12-19T08:00:00,,,,,,IT,,,,,,23665,,,
MO00571,,,,,,,,2023-02-11T08:00:00,,,,,,DE,,,,,,47922,,,
MO00572,,,,,,,,2024-07-17T08:00:00,,,,,,UK,,,,,,20373,,,
MO00573,,,,,,,,2023-05-16T08:00:00,,,,,,DE,,,,,,73713,,,
MO00574,,,,,,,,2024-05-27T08:00:00,,,,,,UK,,,,,,83439,,,
MO00575,,,,,,,,2024-04-23T08:00:00,,,,,,FR,,,,,,91562,,,
MO00576,,,,,,,,2024-08-07T08:00:00,,,,,,DE,,,,,,21366,,,
MO00577,,,,,,,,2024-05-10T08:00:00,,,,,,UK,,,,,,84958,,,
MO00578,,,,,,,,2024-01-15T08:00:00,,,,,,FR,,,,,,14227,,,
MO00579,,,,,,,,2024-02-25T08:00:00,,,,,,DE,,,,,,10370,,,
MO00580,,,,,,,,2024-11-02T08:00:00,,,,,,DE,,,,,,19789,,,
MO00581,,,,,,,,2024-09-21T08:00:00,,,,,,IT,,,,,,60824,,,
MO00582,,,,,,,,2024-06-12T08:00:00,,,,,,FR,,,,,,98029,,,
MO00583,,,,,,,,2024-07-19T08:00:00,,,,,,DE,,,,,,34443,,,
MO00584,,,,,,,,2024-10-09T08:00:00,,,,,,ES,,,,,,16609,,,
MO00585,,,,,,,,2023-10-05T08:00:00,,,,,,PT,,,,,,52520,,,
MO00586,,,,,,,,2024-04-17T08:00:00,,,,,,UK,,,,,,69819,,,
MO00587,,,,,,,,2024-11-14T08:00:00,,,,,,IT,,,,,,12425,,,
MO00588,,,,,,,,2023-11-09T08:00:00,,,,,,ES,,,,,,41726,,,
MO00589,,,,,,,,2024-07-04T08:00:00,,,,,,DE,,,,,,88920,,,
MO00590,,,,,,,,2024-12-13T08:00:00,,,,,,DE,,,,,,60003,,,
MO00591,,,,,,,,2023-04-26T08:00:00,,,,,,DE,,,,,,51748,,,
MO00592,,,,,,,,2024-06-11T08:00:00,,,,,,ES,,,,,,18255,,,
MO00593,,,,,,,,2024-06-20T08:00:00,,,,,,FR,,,,,,81779,,,
MO00594,,,,,,,,2024-04-19T08:00:00,,,,,,FR,,,,,,82474,,,
MO00595,,,,,,,,2023-05-17T08:00:00,,,,,,UK,,,,,,39832,,,
MO00596,,,,,,,,2024-08-27T08:00:00,,,,,,UK,,,,,,68945,,,
MO00597,,,,,,,,2024-02-19T08:00:00,,,,,,PT,,,,,,79136,,,
MO00598,,,,,,,,2024-12-14T08:00:00,,,,,,PT,,,,,,73022,,,
MO00599,,,,,,,,2024-10-08T08:00:00,,,,,,IT,,,,,,10518,,,
MO00600,,,,,,,,2024-11-19T08:00:00,,,,,,ES,,,,,,82377,,,
MO00601,,,,,,,,2023-05-08T08:00:00,,,,,,ES,,,,,,80448,,,
MO00602,,,,,,,,2024-02-04T08:00:00,,,,,,ES,,,,,,36275,,,
MO00603,,,,,,,,2024-10-10T08:00:00,,,,,,PT,,,,,,93160,,,
MO00604,,,,,,,,2023-03-12T08:00:00,,,,,,IT,,,,,,56608,,,
MO00605,,,,,,,,2024-04-25T08:00:00,,,,,,DE,,,,,,89815,,,
MO00606,,,,,,,,2024-07-19T08:00:00,,,,,,IT,,,,,,80149,,,
MO00607,,,,,,,,2024-11-04T08:00:00,,,,,,ES,,,,,,57257,,,
MO00608,,,,,,,,2024-12-16T08:00:00,,,,,,UK,,,,,,61596,,,
MO00609,,,,,,,,2024-09-02T08:00:00,,,,,,ES,,,,,,33316,,,
MO00610,,,,,,,,2024-11-06T08:00:00,,,,,,FR,,,,,,8164,,,
MO00611,,,,,,,,2023-11-26T08:00:00,,,,,,DE,,,,,,17950,,,
MO00612,,,,,,,,2024-05-12T08:00:00,,,,,,IT,,,,,,8719,,,
MO00613,,,,,,,,2024-12-30T08:00:00,,,,,,DE,,,,,,52000,,,
MO00614,,,,,,,,2023-10-12T08:00:00,,,,,,DE,,,,,,51186,,,
MO00615,,,,,,,,2023-03-20T08:00:00,,,,,,DE,,,,,,63459,,,
MO00616,,,,,,,,2024-11-11T08:00:00,,,,,,DE,,,,,,65057,,,
MO00617,,,,,,,,2023-09-02T08:00:00,,,,,,DE,,,,,,26049,,,
MO00618,,,,,,,,2024-11-24T08:00:00,,,,,,PT,,,,,,76732,,,
MO00619,,,,,,,,2024-01-22T08:00:00,,,,,,DE,,,,,,57601,,,
MO00620,,,,,,,,2023-05-02T08:00:00,,,,,,FR,,,,,,70514,,,
MO00621,,,,,,,,2024-10-23T08:00:00,,,,,,DE,,,,,,51111,,,
MO00622,,,,,,,,2023-12-21T08:00:00,,,,,,PT,,,,,,34828,,,
MO00623,,,,,,,,2023-05-03T08:00:00,,,,,,DE,,,,,,18277,,,
MO00624,,,,,,,,2023-12-17T08:00:00,,,,,,UK,,,,,,58223,,,
MO00625,,,,,,,,2024-11-15T08:00:00,,,,,,PT,,,,,,70168,,,
MO00626,,,,,,,,2023-08-26T08:00:00,,,,,,FR,,,,,,55160,,,
MO00627,,,,,,,,2024-06-11T08:00:00,,,,,,DE,,,,,,97719,,,
MO00628,,,,,,,,2024-04-23T08:00:00,,,,,,DE,,,,,,49171,,,
MO00629,,,,,,,,2023-07-22T08:00:00,,,,,,DE,,,,,,25868,,,
MO00630,,,,,,,,2023-05-25T08:00:00,,,,,,DE,,,,,,7087,,,
MO00631,,,,,,,,2023-12-14T08:00:00,,,,,,FR,,,,,,81263,,,
MO00632,,,,,,,,2024-11-18T08:00:00,,,,,,PT,,,,,,96780,,,
MO00633,,,,,,,,2024-08-26T08:00:00,,,,,,PT,,,,,,43824,,,
MO00634,,,,,,,,2024-03-13T08:00:00,,,,,,PT,,,,,,28318,,,
MO00635,,,,,,,,2023-04-18T08:00:00,,,,,,PT,,,,,,96178,,,
MO00636,,,,,,,,2023-05-03T08:00:00,,,,,,FR,,,,,,17237,,,
MO00637,,,,,,,,2024-12-10T08:00:00,,,,,,UK,,,,,,83377,,,
MO00638,,,,,,,,2023-06-29T08:00:00,,,,,,IT,,,,,,39520,,,
MO00639,,,,,,,,2024-07-29T08:00:00,,,,,,UK,,,,,,49585,,,
MO00640,,,,,,,,2023-06-16T08:00:00,,,,,,DE,,,,,,57003,,,
MO00641,,,,,,,,2023-11-27T08:00:00,,,,,,IT,,,,,,18582,,,
MO00642,,,,,,,,2023-04-25T08:00:00,,,,,,PT,,,,,,79725,,,
MO00643,,,,,,,,2024-04-28T08:00:00,,,,,,DE,,,,,,34468,,,
MO00644,,,,,,,,2024-08-14T08:00:00,,,,,,ES,,,,,,37231,,,
MO00645,,,,,,,,2023-11-07T08:00:00,,,,,,FR,,,,,,92493,,,
MO00646,,,,,,,,2023-09-17T08:00:00,,,,,,ES,,,,,,69814,,,
MO00647,,,,,,,,2023-10-09T08:00:00,,,,,,UK,,,,,,33701,,,
MO00648,,,,,,,,2024-11-24T08:00:00,,,,,,FR,,,,,,62718,,,
MO00649,,,,,,,,2023-02-12T08:00:00,,,,,,FR,,,,,,24054,,,
MO00650,,,,,,,,2023-02-21T08:00:00,,,,,,DE,,,,,,36939,,,
MO00651,,,,,,,,2024-04-24T08:00:00,,,,,,PT,,,,,,68343,,,
MO00652,,,,,,,,2024-08-17T08:00:00,,,,,,IT,,,,,,77918,,,
MO00653,,,,,,,,2024-03-28T08:00:00,,,,,,PT,,,,,,30197,,,
MO00654,,,,,,,,2024-09-16T08:00:00,,,,,,FR,,,,,,72970,,,
MO00655,,,,,,,,2024-09-11T08:00:00,,,,,,IT,,,,,,87215,,,
MO00656,,,,,,,,2024-02-07T08:00:00,,,,,,IT,,,,,,39274,,,
MO00657,,,,,,,,2024-02-14T08:00:00,,,,,,DE,,,,,,61533,,,
MO00658,,,,,,,,2023-12-24T08:00:00,,,,,,DE,,,,,,35763,,,
MO00659,,,,,,,,2023-04-19T08:00:00,,,,,,PT,,,,,,51802,,,
MO00660,,,,,,,,2023-12-26T08:00:00,,,,,,UK,,,,,,22628,,,
MO00661,,,,,,,,2024-08-04T08:00:00,,,,,,UK,,,,,,37361,,,
MO00662,,,,,,,,2023-05-09T08:00:00,,,,,,PT,,,,,,21877,,,
MO00663,,,,,,,,2024-06-01T08:00:00,,,,,,PT,,,,,,97845,,,
MO00664,,,,,,,,2023-05-18T08:00:00,,,,,,PT,,,,,,46089,,,
MO00665,,,,,,,,2024-01-22T08:00:00,,,,,,PT,,,,,,34861,,,
MO00666,,,,,,,,2024-11-21T08:00:00,,,,,,UK,,,,,,97031,,,
MO00667,,,,,,,,2024-05-21T08:00:00,,,,,,PT,,,,,,34355,,,
MO00668,,,,,,,,2023-03-26T08:00:00,,,,,,DE,,,,,,80269,,,
MO00669,,,,,,,,2024-04-23T08:00:00,,,,,,IT,,,,,,86108,,,
MO00670,,,,,,,,2024-04-21T08:00:00,,,,,,IT,,,,,,82471,,,
MO00671,,,,,,,,2023-02-22T08:00:00,,,,,,ES,,,,,,27458,,,
MO00672,,,,,,,,2024-08-25T08:00:00,,,,,,PT,,,,,,63781,,,
MO00673,,,,,,,,2024-01-21T08:00:00,,,,,,UK,,,,,,12542,,,
MO00674,,,,,,,,2023-07-01T08:00:00,,,,,,IT,,,,,,97577,,,
MO00675,,,,,,,,2024-01-28T08:00:00,,,,,,ES,,,,,,94392,,,
MO00676,,,,,,,,2023-11-09T08:00:00,,,,,,ES,,,,,,99223,,,
MO00677,,,,,,,,2023-02-28T08:00:00,,,,,,PT,,,,,,38031,,,
MO00678,,,,,,,,2024-06-16T08:00:00,,,,,,UK,,,,,,83346,,,
MO00679,,,,,,,,2023-06-16T08:00:00,,,,,,IT,,,,,,97303,,,
MO00680,,,,,,,,2024-12-08T08:00:00,,,,,,IT,,,,,,33207,,,
MO00681,,,,,,,,2024-08-04T08:00:00,,,,,,IT,,,,,,45609,,,
MO00682,,,,,,,,2023-12-08T08:00:00,,,,,,UK,,,,,,93430,,,
MO00683,,,,,,,,2024-09-05T08:00:00,,,,,,DE,,,,,,35482,,,
MO00684,,,,,,,,2023-06-27T08:00:00,,,,,,PT,,,,,,58364,,,
MO00685,,,,,,,,2024-09-22T08:00:00,,,,,,PT,,,,,,94302,,,
MO00686,,,,,,,,2024-10-16T08:00:00,,,,,,DE,,,,,,5888,,,
MO00687,,,,,,,,2024-02-01T08:00:00,,,,,,ES,,,,,,98338,,,
MO00688,,,,,,,,2023-04-13T08:00:00,,,,,,PT,,,,,,20687,,,
MO00689,,,,,,,,2024-07-26T08:00:00,,,,,,PT,,,,,,13339,,,
MO00690,,,,,,,,2023-08-18T08:00:00,,,,,,IT,,,,,,26129,,,
MO00691,,,,,,,,2023-08-02T08:00:00,,,,,,FR,,,,,,83843,,,
MO00692,,,,,,,,2024-11-25T08:00:00,,,,,,FR,,,,,,8864,,,
MO00693,,,,,,,,2024-01-05T08:00:00,,,,,,IT,,,,,,20663,,,
MO00694,,,,,,,,2024-03-19T08:00:00,,,,,,ES,,,,,,17341,,,
MO00695,,,,,,,,2024-03-02T08:00:00,,,,,,PT,,,,,,96872,,,
MO00696,,,,,,,,2024-05-30T08:00:00,,,,,,IT,,,,,,54976,,,
MO00697,,,,,,,,2023-08-06T08:00:00,,,,,,FR,,,,,,49996,,,
MO00698,,,,,,,,2024-01-29T08:00:00,,,,,,ES,,,,,,45789,,,
MO00699,,,,,,,,2024-04-15T08:00:00,,,,,,FR,,,,,,97702,,,
MO00700,,,,,,,,2023-05-03T08:00:00,,,,,,DE,,,,,,70494,,,
MO00701,,,,,,,,2024-03-17T08:00:00,,,,,,FR,,,,,,39144,,,
MO00702,,,,,,,,2024-01-25T08:00:00,,,,,,FR,,,,,,34706,,,
MO00703,,,,,,,,2023-04-24T08:00:00,,,,,,UK,,,,,,87969,,,
MO00704,,,,,,,,2023-05-07T08:00:00,,,,,,DE,,,,,,64208,,,
MO00705,,,,,,,,2023-02-20T08:00:00,,,,,,PT,,,,,,38786,,,
MO00706,,,,,,,,2024-08-23T08:00:00,,,,,,PT,,,,,,12982,,,
MO00707,,,,,,,,2024-02-17T08:00:00,,,,,,ES,,,,,,94484,,,
MO00708,,,,,,,,2023-02-01T08:00:00,,,,,,ES,,,,,,27087,,,
MO00709,,,,,,,,2023-02-04T08:00:00,,,,,,PT,,,,,,6648,,,
MO00710,,,,,,,,2023-12-10T08:00:00,,,,,,DE,,,,,,55430,,,
MO00711,,,,,,,,2024-08-29T08:00:00,,,,,,ES,,,,,,79459,,,
MO00712,,,,,,,,2023-07-26T08:00:00,,,,,,DE,,,,,,14094,,,
MO00713,,,,,,,,2024-10-27T08:00:00,,,,,,FR,,,,,,88424,,,
MO00714,,,,,,,,2024-08-01T08:00:00,,,,,,IT,,,,,,28827,,,
MO00715,,,,,,,,2023-05-10T08:00:00,,,,,,FR,,,,,,50252,,,
MO00716,,,,,,,,2024-10-06T08:00:00,,,,,,UK,,,,,,25273,,,
MO00717,,,,,,,,2023-07-31T08:00:00,,,,,,DE,,,,,,80233,,,
MO00718,,,,,,,,2023-07-31T08:00:00,,,,,,IT,,,,,,97585,,,
MO00719,,,,,,,,2024-04-30T08:00:00,,,,,,PT,,,,,,24510,,,
MO00720,,,,,,,,2023-03-11T08:00:00,,,,,,ES,,,,,,86537,,,
MO00721,,,,,,,,2023-12-16T08:00:00,,,,,,PT,,,,,,20765,,,
MO00722,,,,,,,,2024-01-23T08:00:00,,,,,,DE,,,,,,19126,,,
MO00723,,,,,,,,2024-09-26T08:00:00,,,,,,UK,,,,,,28647,,,
MO00724,,,,,,,,2023-05-13T08:00:00,,,,,,PT,,,,,,26939,,,
MO00725,,,,,,,,2024-10-09T08:00:00,,,,,,IT,,,,,,30317,,,
MO00726,,,,,,,,2024-01-11T08:00:00,,,,,,FR,,,,,,85372,,,
MO00727,,,,,,,,2024-08-14T08:00:00,,,,,,IT,,,,,,91309,,,
MO00728,,,,,,,,2023-05-30T08:00:00,,,,,,IT,,,,,,63711,,,
MO00729,,,,,,,,2023-04-08T08:00:00,,,,,,UK,,,,,,77674,,,
MO00730,,,,,,,,2024-02-09T08:00:00,,,,,,DE,,,,,,37272,,,
MO00731,,,,,,,,2024-06-16T08:00:00,,,,,,FR,,,,,,36385,,,
MO00732,,,,,,,,2023-03-14T08:00:00,,,,,,FR,,,,,,57990,,,
MO00733,,,,,,,,2024-06-05T08:00:00,,,,,,DE,,,,,,12683,,,
MO00734,,,,,,,,2024-09-27T08:00:00,,,,,,UK,,,,,,97751,,,
MO00735,,,,,,,,2023-05-04T08:00:00,,,,,,ES,,,,,,73136,,,
MO00736,,,,,,,,2023-12-25T08:00:00,,,,,,UK,,,,,,90826,,,
MO00737,,,,,,,,2024-09-10T08:00:00,,,,,,PT,,,,,,78793,,,
MO00738,,,,,,,,2024-07-18T08:00:00,,,,,,UK,,,,,,74720,,,
MO00739,,,,,,,,2024-11-19T08:00:00,,,,,,IT,,,,,,76615,,,
MO00740,,,,,,,,2023-12-25T08:00:00,,,,,,FR,,,,,,42035,,,
MO00741,,,,,,,,2023-08-21T08:00:00,,,,,,FR,,,,,,63707,,,
MO00742,,,,,,,,2024-04-11T08:00:00,,,,,,DE,,,,,,87095,,,
MO00743,,,,,,,,2024-02-21T08:00:00,,,,,,IT,,,,,,62034,,,
MO00744,,,,,,,,2023-02-24T08:00:00,,,,,,ES,,,,,,69286,,,
MO00745,,,,,,,,2023-12-26T08:00:00,,,,,,IT,,,,,,18673,,,
MO00746,,,,,,,,2024-10-16T08:00:00,,,,,,PT,,,,,,68452,,,
MO00747,,,,,,,,2024-06-23T08:00:00,,,,,,IT,,,,,,45094,,,
MO00748,,,,,,,,2023-03-28T08:00:00,,,,,,DE,,,,,,94660,,,
MO00749,,,,,,,,2023-08-11T08:00:00,,,,,,PT,,,,,,10456,,,
MO00750,,,,,,,,2024-09-23T08:00:00,,,,,,ES,,,,,,45254,,,
MO00751,,,,,,,,2024-08-08T08:00:00,,,,,,UK,,,,,,79878,,,
MO00752,,,,,,,,2023-12-18T08:00:00,,,,,,FR,,,,,,89008,,,
MO00753,,,,,,,,2024-07-31T08:00:00,,,,,,UK,,,,,,11285,,,
MO00754,,,,,,,,2023-12-07T08:00:00,,,,,,ES,,,,,,11187,,,
MO00755,,,,,,,,2024-01-26T08:00:00,,,,,,IT,,,,,,29672,,,
MO00756,,,,,,,,2024-12-31T08:00:00,,,,,,PT,,,,,,11872,,,
MO00757,,,,,,,,2024-07-20T08:00:00,,,,,,IT,,,,,,71633,,,
MO00758,,,,,,,,2024-02-14T08:00:00,,,,,,FR,,,,,,71682,,,
MO00759,,,,,,,,2023-03-17T08:00:00,,,,,,UK,,,,,,96643,,,
MO00760,,,,,,,,2024-05-13T08:00:00,,,,,,FR,,,,,,17930,,,
MO00761,,,,,,,,2023-12-24T08:00:00,,,,,,FR,,,,,,34041,,,
MO00762,,,,,,,,2023-08-27T08:00:00,,,,,,ES,,,,,,98589,,,
MO00763,,,,,,,,2024-09-06T08:00:00,,,,,,IT,,,,,,32097,,,
MO00764,,,,,,,,2023-02-15T08:00:00,,,,,,UK,,,,,,85349,,,
MO00765,,,,,,,,2023-08-29T08:00:00,,,,,,ES,,,,,,55002,,,
MO00766,,,,,,,,2023-11-24T08:00:00,,,,,,UK,,,,,,20247,,,
MO00767,,,,,,,,2024-12-06T08:00:00,,,,,,ES,,,,,,36508,,,
MO00768,,,,,,,,2024-03-05T08:00:00,,,,,,DE,,,,,,28207,,,
MO00769,,,,,,,,2024-03-17T08:00:00,,,,,,FR,,,,,,53730,,,
MO00770,,,,,,,,2023-06-25T08:00:00,,,,,,ES,,,,,,25437,,,
MO00771,,,,,,,,2024-10-28T08:00:00,,,,,,PT,,,,,,37266,,,
MO00772,,,,,,,,2024-04-07T08:00:00,,,,,,UK,,,,,,38840,,,
MO00773,,,,,,,,2024-11-02T08:00:00,,,,,,UK,,,,,,79781,,,
MO00774,,,,,,,,2024-11-30T08:00:00,,,,,,DE,,,,,,31853,,,
MO00775,,,,,,,,2024-03-25T08:00:00,,,,,,UK,,,,,,40732,,,
MO00776,,,,,,,,2024-03-31T08:00:00,,,,,,UK,,,,,,6340,,,
MO00777,,,,,,,,2023-11-11T08:00:00,,,,,,IT,,,,,,54431,,,
MO00778,,,,,,,,2023-10-17T08:00:00,,,,,,FR,,,,,,68991,,,
MO00779,,,,,,,,2024-11-02T08:00:00,,,,,,PT,,,,,,6367,,,
MO00780,,,,,,,,2023-03-14T08:00:00,,,,,,UK,,,,,,56834,,,
MO00781,,,,,,,,2023-06-11T08:00:00,,,,,,UK,,,,,,63868,,,
MO00782,,,,,,,,2023-09-16T08:00:00,,,,,,UK,,,,,,95374,,,
MO00783,,,,,,,,2023-05-28T08:00:00,,,,,,ES,,,,,,88571,,,
MO00784,,,,,,,,2024-06-14T08:00:00,,,,,,ES,,,,,,25830,,,
MO00785,,,,,,,,2024-08-02T08:00:00,,,,,,ES,,,,,,29033,,,
MO00786,,,,,,,,2023-10-20T08:00:00,,,,,,DE,,,,,,26937,,,
MO00787,,,,,,,,2024-03-13T08:00:00,,,,,,UK,,,,,,98719,,,
MO00788,,,,,,,,2023-11-20T08:00:00,,,,,,DE,,,,,,75288,,,
MO00789,,,,,,,,2023-10-25T08:00:00,,,,,,DE,,,,,,79725,,,
MO00790,,,,,,,,2024-03-10T08:00:00,,,,,,ES,,,,,,20650,,,
MO00791,,,,,,,,2024-08-21T08:00:00,,,,,,FR,,,,,,16338,,,
MO00792,,,,,,,,2023-06-10T08:00:00,,,,,,IT,,,,,,31317,,,
MO00793,,,,,,,,2024-05-25T08:00:00,,,,,,PT,,,,,,9678,,,
MO00794,,,,,,,,2023-05-25T08:00:00,,,,,,IT,,,,,,19331,,,
MO00795,,,,,,,,2024-03-03T08:00:00,,,,,,FR,,,,,,9984,,,
MO00796,,,,,,,,2023-04-10T08:00:00,,,,,,FR,,,,,,15958,,,
MO00797,,,,,,,,2024-10-22T08:00:00,,,,,,FR,,,,,,62140,,,
MO00798,,,,,,,,2023-06-26T08:00:00,,,,,,DE,,,,,,62423,,,
MO00799,,,,,,,,2023-03-14T08:00:00,,,,,,IT,,,,,,83250,,,
MO00800,,,,,,,,2023-08-12T08:00:00,,,,,,UK,,,,,,71010,,,
MO00801,,,,,,,,2023-03-16T08:00:00,,,,,,FR,,,,,,46670,,,
MO00802,,,,,,,,2023-07-06T08:00:00,,,,,,PT,,,,,,6862,,,
MO00803,,,,,,,,2023-07-29T08:00:00,,,,,,DE,,,,,,37873,,,
MO00804,,,,,,,,2023-08-24T08:00:00,,,,,,DE,,,,,,65559,,,
MO00805,,,,,,,,2024-03-06T08:00:00,,,,,,UK,,,,,,12396,,,
MO00806,,,,,,,,2023-11-25T08:00:00,,,,,,IT,,,,,,25066,,,
MO00807,,,,,,,,2023-09-18T08:00:00,,,,,,PT,,,,,,13342,,,
MO00808,,,,,,,,2023-08-18T08:00:00,,,,,,FR,,,,,,87210,,,
MO00809,,,,,,,,2024-04-24T08:00:00,,,,,,DE,,,,,,91246,,,
MO00810,,,,,,,,2023-04-12T08:00:00,,,,,,ES,,,,,,62741,,,
MO00811,,,,,,,,2024-07-25T08:00:00,,,,,,FR,,,,,,83860,,,
MO00812,,,,,,,,2023-07-14T08:00:00,,,,,,DE,,,,,,77987,,,
MO00813,,,,,,,,2023-12-22T08:00:00,,,,,,FR,,,,,,76712,,,
MO00814,,,,,,,,2023-04-07T08:00:00,,,,,,ES,,,,,,19596,,,
MO00815,,,,,,,,2024-07-31T08:00:00,,,,,,IT,,,,,,72901,,,
MO00816,,,,,,,,2023-07-23T08:00:00,,,,,,ES,,,,,,86079,,,
MO00817,,,,,,,,2024-02-14T08:00:00,,,,,,UK,,,,,,47160,,,
MO00818,,,,,,,,2023-05-17T08:00:00,,,,,,ES,,,,,,23807,,,
MO00819,,,,,,,,2023-02-06T08:00:00,,,,,,UK,,,,,,35626,,,
MO00820,,,,,,,,2024-08-29T08:00:00,,,,,,IT,,,,,,5448,,,
MO00821,,,,,,,,2024-09-02T08:00:00,,,,,,ES,,,,,,55793,,,
MO00822,,,,,,,,2024-11-04T08:00:00,,,,,,ES,,,,,,34428,,,
MO00823,,,,,,,,2024-08-11T08:00:00,,,,,,ES,,,,,,78877,,,
MO00824,,,,,,,,2024-11-25T08:00:00,,,,,,ES,,,,,,7594,,,
MO00825,,,,,,,,2024-11-21T08:00:00,,,,,,IT,,,,,,79906,,,
MO00826,,,,,,,,2024-10-22T08:00:00,,,,,,IT,,,,,,42023,,,
MO00827,,,,,,,,2023-10-01T08:00:00,,,,,,IT,,,,,,63939,,,
MO00828,,,,,,,,2024-10-19T08:00:00,,,,,,UK,,,,,,69298,,,
MO00829,,,,,,,,2024-11-12T08:00:00,,,,,,DE,,,,,,50239,,,
MO00830,,,,,,,,2023-07-06T08:00:00,,,,,,IT,,,,,,67800,,,
MO00831,,,,,,,,2024-02-03T08:00:00,,,,,,IT,,,,,,75314,,,
MO00832,,,,,,,,2023-11-20T08:00:00,,,,,,FR,,,,,,23927,,,
MO00833,,,,,,,,2024-03-03T08:00:00,,,,,,UK,,,,,,27852,,,
MO00834,,,,,,,,2024-02-11T08:00:00,,,,,,DE,,,,,,26013,,,
MO00835,,,,,,,,2024-04-17T08:00:00,,,,,,UK,,,,,,7744,,,
MO00836,,,,,,,,2023-03-15T08:00:00,,,,,,DE,,,,,,23872,,,
MO00837,,,,,,,,2024-08-07T08:00:00,,,,,,IT,,,,,,58788,,,
MO00838,,,,,,,,2023-06-08T08:00:00,,,,,,FR,,,,,,57721,,,
MO00839,,,,,,,,2023-09-01T08:00:00,,,,,,UK,,,,,,51260,,,
MO00840,,,,,,,,2024-04-02T08:00:00,,,,,,IT,,,,,,60199,,,
MO00841,,,,,,,,2024-04-29T08:00:00,,,,,,IT,,,,,,64285,,,
MO00842,,,,,,,,2024-02-07T08:00:00,,,,,,IT,,,,,,65754,,,
MO00843,,,,,,,,2024-12-12T08:00:00,,,,,,DE,,,,,,47730,,,
MO00844,,,,,,,,2024-07-26T08:00:00,,,,,,IT,,,,,,22447,,,
MO00845,,,,,,,,2023-09-10T08:00:00,,,,,,FR,,,,,,37244,,,
MO00846,,,,,,,,2024-09-04T08:00:00,,,,,,UK,,,,,,30030,,,
MO00847,,,,,,,,2024-10-25T08:00:00,,,,,,FR,,,,,,91419,,,
MO00848,,,,,,,,2024-08-14T08:00:00,,,,,,DE,,,,,,65735,,,
MO00849,,,,,,,,2024-11-20T08:00:00,,,,,,IT,,,,,,54127,,,
MO00850,,,,,,,,2024-03-08T08:00:00,,,,,,DE,,,,,,32985,,,
MO00851,,,,,,,,2023-05-22T08:00:00,,,,,,FR,,,,,,66634,,,
MO00852,,,,,,,,2024-05-08T08:00:00,,,,,,PT,,,,,,90490,,,
MO00853,,,,,,,,2024-03-28T08:00:00,,,,,,DE,,,,,,86735,,,
MO00854,,,,,,,,2023-09-10T08:00:00,,,,,,ES,,,,,,31137,,,
MO00855,,,,,,,,2023-07-10T08:00:00,,,,,,DE,,,,,,77311,,,
MO00856,,,,,,,,2024-07-13T08:00:00,,,,,,UK,,,,,,55369,,,
MO00857,,,,,,,,2024-04-28T08:00:00,,,,,,IT,,,,,,28634,,,
MO00858,,,,,,,,2023-08-30T08:00:00,,,,,,ES,,,,,,95959,,,
MO00859,,,,,,,,2024-12-14T08:00:00,,,,,,IT,,,,,,79369,,,
MO00860,,,,,,,,2024-12-27T08:00:00,,,,,,FR,,,,,,40824,,,
MO00861,,,,,,,,2024-11-17T08:00:00,,,,,,PT,,,,,,25428,,,
MO00862,,,,,,,,2023-08-21T08:00:00,,,,,,IT,,,,,,80375,,,
MO00863,,,,,,,,2023-12-21T08:00:00,,,,,,FR,,,,,,58908,,,
MO00864,,,,,,,,2023-06-13T08:00:00,,,,,,IT,,,,,,37204,,,
MO00865,,,,,,,,2024-10-17T08:00:00,,,,,,IT,,,,,,46446,,,
MO00866,,,,,,,,2024-11-04T08:00:00,,,,,,PT,,,,,,74545,,,
MO00867,,,,,,,,2023-05-10T08:00:00,,,,,,ES,,,,,,93629,,,
MO00868,,,,,,,,2023-02-21T08:00:00,,,,,,ES,,,,,,16239,,,
MO00869,,,,,,,,2024-01-05T08:00:00,,,,,,ES,,,,,,11914,,,
MO00870,,,,,,,,2024-01-31T08:00:00,,,,,,ES,,,,,,46064,,,
MO00871,,,,,,,,2023-09-06T08:00:00,,,,,,FR,,,,,,24739,,,
MO00872,,,,,,,,2024-02-06T08:00:00,,,,,,DE,,,,,,13653,,,
MO00873,,,,,,,,2024-09-19T08:00:00,,,,,,PT,,,,,,46353,,,
MO00874,,,,,,,,2024-01-12T08:00:00,,,,,,IT,,,,,,67270,,,
MO00875,,,,,,,,2023-11-23T08:00:00,,,,,,UK,,,,,,27966,,,
MO00876,,,,,,,,2024-08-28T08:00:00,,,,,,DE,,,,,,18303,,,
MO00877,,,,,,,,2023-07-17T08:00:00,,,,,,FR,,,,,,24925,,,
MO00878,,,,,,,,2024-07-29T08:00:00,,,,,,IT,,,,,,20524,,,
MO00879,,,,,,,,2023-07-12T08:00:00,,,,,,PT,,,,,,58697,,,
MO00880,,,,,,,,2024-11-04T08:00:00,,,,,,PT,,,,,,77393,,,
MO00881,,,,,,,,2023-11-14T08:00:00,,,,,,IT,,,,,,96732,,,
MO00882,,,,,,,,2023-05-27T08:00:00,,,,,,UK,,,,,,37688,,,
MO00883,,,,,,,,2024-04-30T08:00:00,,,,,,UK,,,,,,24221,,,
MO00884,,,,,,,,2023-06-18T08:00:00,,,,,,ES,,,,,,10161,,,
MO00885,,,,,,,,2024-02-23T08:00:00,,,,,,IT,,,,,,66972,,,
MO00886,,,,,,,,2023-02-20T08:00:00,,,,,,IT,,,,,,27342,,,
MO00887,,,,,,,,2024-02-06T08:00:00,,,,,,PT,,,,,,95193,,,
MO00888,,,,,,,,2024-09-07T08:00:00,,,,,,IT,,,,,,81662,,,
MO00889,,,,,,,,2023-02-20T08:00:00,,,,,,FR,,,,,,63632,,,
MO00890,,,,,,,,2024-09-02T08:00:00,,,,,,IT,,,,,,93049,,,
MO00891,,,,,,,,2023-04-28T08:00:00,,,,,,DE,,,,,,49535,,,
MO00892,,,,,,,,2023-07-31T08:00:00,,,,,,DE,,,,,,14029,,,
MO00893,,,,,,,,2023-12-04T08:00:00,,,,,,FR,,,,,,86793,,,
MO00894,,,,,,,,2023-07-03T08:00:00,,,,,,UK,,,,,,56592,,,
MO00895,,,,,,,,2023-08-20T08:00:00,,,,,,ES,,,,,,92674,,,
MO00896,,,,,,,,2023-11-26T08:00:00,,,,,,UK,,,,,,47034,,,
MO00897,,,,,,,,2024-01-29T08:00:00,,,,,,UK,,,,,,15888,,,
MO00898,,,,,,,,2023-02-16T08:00:00,,,,,,PT,,,,,,69847,,,
MO00899,,,,,,,,2024-04-02T08:00:00,,,,,,PT,,,,,,82374,,,
MO00900,,,,,,,,2023-10-16T08:00:00,,,,,,FR,,,,,,52869,,,
MO00901,,,,,,,,2023-11-13T08:00:00,,,,,,FR,,,,,,72295,,,
MO00902,,,,,,,,2024-06-15T08:00:00,,,,,,PT,,,,,,8072,,,
MO00903,,,,,,,,2023-03-25T08:00:00,,,,,,DE,,,,,,26873,,,
MO00904,,,,,,,,2023-12-10T08:00:00,,,,,,UK,,,,,,36300,,,
MO00905,,,,,,,,2024-04-18T08:00:00,,,,,,DE,,,,,,63842,,,
MO00906,,,,,,,,2023-11-06T08:00:00,,,,,,DE,,,,,,10302,,,
MO00907,,,,,,,,2024-05-14T08:00:00,,,,,,UK,,,,,,91074,,,
MO00908,,,,,,,,2024-01-06T08:00:00,,,,,,UK,,,,,,15517,,,
MO00909,,,,,,,,2023-06-13T08:00:00,,,,,,PT,,,,,,9112,,,
MO00910,,,,,,,,2024-09-09T08:00:00,,,,,,PT,,,,,,6399,,,
MO00911,,,,,,,,2024-02-24T08:00:00,,,,,,ES,,,,,,44676,,,
MO00912,,,,,,,,2024-02-24T08:00:00,,,,,,FR,,,,,,66619,,,
MO00913,,,,,,,,2024-12-19T08:00:00,,,,,,IT,,,,,,9716,,,
MO00914,,,,,,,,2024-02-19T08:00:00,,,,,,DE,,,,,,96338,,,
MO00915,,,,,,,,2024-07-08T08:00:00,,,,,,DE,,,,,,53076,,,
MO00916,,,,,,,,2024-01-16T08:00:00,,,,,,IT,,,,,,58371,,,
MO00917,,,,,,,,2023-10-25T08:00:00,,,,,,FR,,,,,,50382,,,
MO00918,,,,,,,,2024-06-14T08:00:00,,,,,,PT,,,,,,30284,,,
MO00919,,,,,,,,2023-04-26T08:00:00,,,,,,DE,,,,,,39953,,,
MO00920,,,,,,,,2023-04-27T08:00:00,,,,,,IT,,,,,,93055,,,
MO00921,,,,,,,,2024-07-05T08:00:00,,,,,,UK,,,,,,46761,,,
MO00922,,,,,,,,2023-06-11T08:00:00,,,,,,ES,,,,,,8015,,,
MO00923,,,,,,,,2023-04-17T08:00:00,,,,,,ES,,,,,,36845,,,
MO00924,,,,,,,,2023-04-07T08:00:00,,,,,,FR,,,,,,53940,,,
MO00925,,,,,,,,2023-09-30T08:00:00,,,,,,FR,,,,,,79961,,,
MO00926,,,,,,,,2023-02-09T08:00:00,,,,,,ES,,,,,,14884,,,
MO00927,,,,,,,,2024-01-15T08:00:00,,,,,,UK,,,,,,6762,,,
MO00928,,,,,,,,2023-07-09T08:00:00,,,,,,PT,,,,,,14225,,,
MO00929,,,,,,,,2024-05-16T08:00:00,,,,,,PT,,,,,,87067,,,
MO00930,,,,,,,,2024-12-11T08:00:00,,,,,,UK,,,,,,48371,,,
MO00931,,,,,,,,2023-06-04T08:00:00,,,,,,ES,,,,,,85290,,,
MO00932,,,,,,,,2023-06-22T08:00:00,,,,,,ES,,,,,,97294,,,
MO00933,,,,,,,,2023-08-09T08:00:00,,,,,,FR,,,,,,15637,,,
MO00934,,,,,,,,2023-05-04T08:00:00,,,,,,ES,,,,,,99143,,,
MO00935,,,,,,,,2023-09-26T08:00:00,,,,,,ES,,,,,,61750,,,
MO00936,,,,,,,,2023-04-22T08:00:00,,,,,,FR,,,,,,11553,,,
MO00937,,,,,,,,2024-11-01T08:00:00,,,,,,IT,,,,,,46996,,,
MO00938,,,,,,,,2024-06-01T08:00:00,,,,,,PT,,,,,,30249,,,
MO00939,,,,,,,,2024-06-21T08:00:00,,,,,,FR,,,,,,97830,,,
MO00940,,,,,,,,2023-08-09T08:00:00,,,,,,PT,,,,,,97572,,,
MO00941,,,,,,,,2024-12-23T08:00:00,,,,,,IT,,,,,,42757,,,
MO00942,,,,,,,,2024-04-28T08:00:00,,,,,,PT,,,,,,13030,,,
MO00943,,,,,,,,2023-02-06T08:00:00,,,,,,FR,,,,,,71530,,,
MO00944,,,,,,,,2023-08-21T08:00:00,,,,,,ES,,,,,,28049,,,
MO00945,,,,,,,,2024-08-08T08:00:00,,,,,,DE,,,,,,23860,,,
MO00946,,,,,,,,2023-06-06T08:00:00,,,,,,PT,,,,,,29817,,,
MO00947,,,,,,,,2023-08-11T08:00:00,,,,,,UK,,,,,,14932,,,
MO00948,,,,,,,,2023-09-21T08:00:00,,,,,,FR,,,,,,47127,,,
MO00949,,,,,,,,2024-11-11T08:00:00,,,,,,FR,,,,,,56729,,,
MO00950,,,,,,,,2024-10-07T08:00:00,,,,,,PT,,,,,,43891,,,
MO00951,,,,,,,,2024-11-16T08:00:00,,,,,,IT,,,,,,71408,,,
MO00952,,,,,,,,2024-04-11T08:00:00,,,,,,DE,,,,,,33607,,,
MO00953,,,,,,,,2023-10-04T08:00:00,,,,,,DE,,,,,,50188,,,
MO00954,,,,,,,,2024-12-01T08:00:00,,,,,,PT,,,,,,5915,,,
MO00955,,,,,,,,2023-11-15T08:00:00,,,,,,UK,,,,,,37986,,,
MO00956,,,,,,,,2023-04-04T08:00:00,,,,,,FR,,,,,,13474,,,
MO00957,,,,,,,,2024-01-18T08:00:00,,,,,,ES,,,,,,69739,,,
MO00958,,,,,,,,2024-10-26T08:00:00,,,,,,UK,,,,,,12917,,,
MO00959,,,,,,,,2024-12-21T08:00:00,,,,,,IT,,,,,,15479,,,
MO00960,,,,,,,,2023-02-12T08:00:00,,,,,,UK,,,,,,63449,,,
MO00961,,,,,,,,2023-05-01T08:00:00,,,,,,UK,,,,,,93408,,,
MO00962,,,,,,,,2024-02-05T08:00:00,,,,,,DE,,,,,,82088,,,
MO00963,,,,,,,,2024-10-12T08:00:00,,,,,,UK,,,,,,94270,,,
MO00964,,,,,,,,2024-09-04T08:00:00,,,,,,UK,,,,,,13634,,,
MO00965,,,,,,,,2024-05-06T08:00:00,,,,,,DE,,,,,,46820,,,
MO00966,,,,,,,,2024-02-14T08:00:00,,,,,,DE,,,,,,67973,,,
MO00967,,,,,,,,2024-06-14T08:00:00,,,,,,IT,,,,,,44353,,,
MO00968,,,,,,,,2023-08-13T08:00:00,,,,,,DE,,,,,,76554,,,
MO00969,,,,,,,,2023-07-24T08:00:00,,,,,,FR,,,,,,81969,,,
MO00970,,,,,,,,2024-01-27T08:00:00,,,,,,ES,,,,,,95553,,,
MO00971,,,,,,,,2024-05-17T08:00:00,,,,,,IT,,,,,,65941,,,
MO00972,,,,,,,,2024-05-19T08:00:00,,,,,,DE,,,,,,57853,,,
MO00973,,,,,,,,2023-07-06T08:00:00,,,,,,IT,,,,,,64267,,,
MO00974,,,,,,,,2024-04-04T08:00:00,,,,,,FR,,,,,,55536,,,
MO00975,,,,,,,,2023-12-21T08:00:00,,,,,,ES,,,,,,23275,,,
MO00976,,,,,,,,2023-07-02T08:00:00,,,,,,IT,,,,,,87862,,,
MO00977,,,,,,,,2023-02-14T08:00:00,,,,,,IT,,,,,,52934,,,
MO00978,,,,,,,,2023-07-26T08:00:00,,,,,,IT,,,,,,91739,,,
MO00979,,,,,,,,2023-08-07T08:00:00,,,,,,FR,,,,,,82717,,,
MO00980,,,,,,,,2023-02-16T08:00:00,,,,,,FR,,,,,,17431,,,
MO00981,,,,,,,,2023-07-03T08:00:00,,,,,,IT,,,,,,66903,,,
MO00982,,,,,,,,2023-08-21T08:00:00,,,,,,DE,,,,,,49212,,,
MO00983,,,,,,,,2024-03-07T08:00:00,,,,,,ES,,,,,,70185,,,
MO00984,,,,,,,,2024-08-15T08:00:00,,,,,,FR,,,,,,44783,,,
MO00985,,,,,,,,2023-08-13T08:00:00,,,,,,DE,,,,,,34850,,,
MO00986,,,,,,,,2024-06-25T08:00:00,,,,,,IT,,,,,,84537,,,
MO00987,,,,,,,,2023-07-13T08:00:00,,,,,,IT,,,,,,62030,,,
MO00988,,,,,,,,2023-04-02T08:00:00,,,,,,IT,,,,,,92266,,,
MO00989,,,,,,,,2023-04-09T08:00:00,,,,,,DE,,,,,,18895,,,
MO00990,,,,,,,,2024-06-02T08:00:00,,,,,,DE,,,,,,97539,,,
MO00991,,,,,,,,2023-06-24T08:00:00,,,,,,PT,,,,,,42921,,,
MO00992,,,,,,,,2024-06-20T08:00:00,,,,,,FR,,,,,,72995,,,
MO00993,,,,,,,,2024-06-16T08:00:00,,,,,,FR,,,,,,59571,,,
MO00994,,,,,,,,2024-11-07T08:00:00,,,,,,ES,,,,,,45371,,,
MO00995,,,,,,,,2024-11-06T08:00:00,,,,,,FR,,,,,,49378,,,
MO00996,,,,,,,,2024-10-25T08:00:00,,,,,,DE,,,,,,94660,,,
MO00997,,,,,,,,2023-06-04T08:00:00,,,,,,IT,,,,,,85167,,,
MO00998,,,,,,,,2024-07-26T08:00:00,,,,,,PT,,,,,,21964,,,
MO00999,,,,,,,,2024-02-17T08:00:00,,,,,,DE,,,,,,49708,,,
MO01000,,,,,,,,2024-02-13T08:00:00,,,,,,UK,,,,,,21794,,,
MO01001,,,,,,,,2023-04-05T08:00:00,,,,,,PT,,,,,,67065,,,
MO01002,,,,,,,,2024-02-13T08:00:00,,,,,,ES,,,,,,63599,,,
MO01003,,,,,,,,2023-09-02T08:00:00,,,,,,IT,,,,,,37258,,,
MO01004,,,,,,,,2023-09-27T08:00:00,,,,,,DE,,,,,,95214,,,
MO01005,,,,,,,,2024-06-01T08:00:00,,,,,,DE,,,,,,88082,,,
MO01006,,,,,,,,2024-01-14T08:00:00,,,,,,DE,,,,,,77744,,,
MO01007,,,,,,,,2023-08-18T08:00:00,,,,,,PT,,,,,,48392,,,
MO01008,,,,,,,,2024-11-08T08:00:00,,,,,,FR,,,,,,47183,,,
MO01009,,,,,,,,2024-09-29T08:00:00,,,,,,PT,,,,,,35005,,,
MO01010,,,,,,,,2023-10-13T08:00:00,,,,,,PT,,,,,,36066,,,
MO01011,,,,,,,,2024-05-26T08:00:00,,,,,,IT,,,,,,78832,,,
MO01012,,,,,,,,2024-07-07T08:00:00,,,,,,ES,,,,,,46085,,,
MO01013,,,,,,,,2023-07-01T08:00:00,,,,,,ES,,,,,,55350,,,
MO01014,,,,,,,,2023-04-24T08:00:00,,,,,,PT,,,,,,47159,,,
MO01015,,,,,,,,2024-05-18T08:00:00,,,,,,PT,,,,,,69348,,,
MO01016,,,,,,,,2023-04-09T08:00:00,,,,,,PT,,,,,,39866,,,
MO01017,,,,,,,,2023-08-16T08:00:00,,,,,,IT,,,,,,56062,,,
MO01018,,,,,,,,2023-06-26T08:00:00,,,,,,DE,,,,,,98311,,,
MO01019,,,,,,,,2024-05-30T08:00:00,,,,,,DE,,,,,,12736,,,
MO01020,,,,,,,,2024-11-09T08:00:00,,,,,,FR,,,,,,34272,,,
MO01021,,,,,,,,2024-01-30T08:00:00,,,,,,ES,,,,,,47888,,,
MO01022,,,,,,,,2024-08-28T08:00:00,,,,,,PT,,,,,,68249,,,
MO01023,,,,,,,,2023-12-24T08:00:00,,,,,,FR,,,,,,40750,,,
MO01024,,,,,,,,2024-10-11T08:00:00,,,,,,IT,,,,,,46178,,,
MO01025,,,,,,,,2024-11-22T08:00:00,,,,,,PT,,,,,,31222,,,
MO01026,,,,,,,,2024-10-11T08:00:00,,,,,,FR,,,,,,83326,,,
MO01027,,,,,,,,2023-04-03T08:00:00,,,,,,ES,,,,,,43747,,,
MO01028,,,,,,,,2024-07-20T08:00:00,,,,,,UK,,,,,,30551,,,
MO01029,,,,,,,,2023-10-12T08:00:00,,,,,,PT,,,,,,42022,,,
MO01030,,,,,,,,2023-02-11T08:00:00,,,,,,IT,,,,,,60442,,,
MO01031,,,,,,,,2023-08-28T08:00:00,,,,,,DE,,,,,,39208,,,
MO01032,,,,,,,,2023-02-25T08:00:00,,,,,,FR,,,,,,43810,,,
MO01033,,,,,,,,2024-11-20T08:00:00,,,,,,ES,,,,,,90411,,,
MO01034,,,,,,,,2024-02-12T08:00:00,,,,,,IT,,,,,,15316,,,
MO01035,,,,,,,,2024-05-02T08:00:00,,,,,,IT,,,,,,24348,,,
MO01036,,,,,,,,2024-08-21T08:00:00,,,,,,UK,,,,,,55072,,,
MO01037,,,,,,,,2024-04-29T08:00:00,,,,,,FR,,,,,,82836,,,
MO01038,,,,,,,,2023-11-07T08:00:00,,,,,,DE,,,,,,19122,,,
MO01039,,,,,,,,2023-08-21T08:00:00,,,,,,IT,,,,,,41169,,,
MO01040,,,,,,,,2024-05-09T08:00:00,,,,,,UK,,,,,,84500,,,
MO01041,,,,,,,,2024-09-22T08:00:00,,,,,,DE,,,,,,26351,,,
MO01042,,,,,,,,2023-02-17T08:00:00,,,,,,FR,,,,,,47310,,,
MO01043,,,,,,,,2023-12-31T08:00:00,,,,,,ES,,,,,,11871,,,
MO01044,,,,,,,,2024-02-12T08:00:00,,,,,,PT,,,,,,67534,,,
MO01045,,,,,,,,2024-02-19T08:00:00,,,,,,FR,,,,,,46322,,,
MO01046,,,,,,,,2024-11-04T08:00:00,,,,,,PT,,,,,,8337,,,
MO01047,,,,,,,,2023-12-28T08:00:00,,,,,,IT,,,,,,89715,,,
MO01048,,,,,,,,2023-12-31T08:00:00,,,,,,IT,,,,,,28330,,,
MO01049,,,,,,,,2024-11-20T08:00:00,,,,,,PT,,,,,,9526,,,
MO01050,,,,,,,,2024-09-01T08:00:00,,,,,,DE,,,,,,47469,,,
MO01051,,,,,,,,2024-07-07T08:00:00,,,,,,PT,,,,,,10161,,,
MO01052,,,,,,,,2023-06-15T08:00:00,,,,,,ES,,,,,,99735,,,
MO01053,,,,,,,,2023-04-10T08:00:00,,,,,,IT,,,,,,13372,,,
MO01054,,,,,,,,2023-05-15T08:00:00,,,,,,FR,,,,,,24866,,,
MO01055,,,,,,,,2023-09-28T08:00:00,,,,,,PT,,,,,,26414,,,
MO01056,,,,,,,,2024-01-31T08:00:00,,,,,,ES,,,,,,52227,,,
MO01057,,,,,,,,2024-03-28T08:00:00,,,,,,DE,,,,,,15637,,,
MO01058,,,,,,,,2024-06-18T08:00:00,,,,,,DE,,,,,,14119,,,
MO01059,,,,,,,,2023-04-04T08:00:00,,,,,,IT,,,,,,76448,,,
MO01060,,,,,,,,2024-11-18T08:00:00,,,,,,PT,,,,,,59572,,,
MO01061,,,,,,,,2023-07-08T08:00:00,,,,,,IT,,,,,,96040,,,
MO01062,,,,,,,,2023-08-31T08:00:00,,,,,,PT,,,,,,16727,,,
MO01063,,,,,,,,2023-05-29T08:00:00,,,,,,IT,,,,,,25848,,,
MO01064,,,,,,,,2023-10-03T08:00:00,,,,,,DE,,,,,,34805,,,
MO01065,,,,,,,,2024-12-30T08:00:00,,,,,,ES,,,,,,89509,,,
MO01066,,,,,,,,2023-03-25T08:00:00,,,,,,PT,,,,,,8175,,,
MO01067,,,,,,,,2023-09-18T08:00:00,,,,,,UK,,,,,,96394,,,
MO01068,,,,,,,,2023-03-15T08:00:00,,,,,,IT,,,,,,10556,,,
MO01069,,,,,,,,2023-07-06T08:00:00,,,,,,FR,,,,,,35495,,,
MO01070,,,,,,,,2023-12-24T08:00:00,,,,,,FR,,,,,,70612,,,
MO01071,,,,,,,,2024-11-10T08:00:00,,,,,,DE,,,,,,55793,,,
MO01072,,,,,,,,2023-02-19T08:00:00,,,,,,UK,,,,,,56879,,,
MO01073,,,,,,,,2024-06-18T08:00:00,,,,,,PT,,,,,,42963,,,
MO01074,,,,,,,,2024-03-30T08:00:00,,,,,,ES,,,,,,92771,,,
MO01075,,,,,,,,2023-03-13T08:00:00,,,,,,PT,,,,,,13907,,,
MO01076,,,,,,,,2023-03-08T08:00:00,,,,,,FR,,,,,,82289,,,
MO01077,,,,,,,,2024-09-18T08:00:00,,,,,,FR,,,,,,35081,,,
MO01078,,,,,,,,2024-01-23T08:00:00,,,,,,IT,,,,,,5937,,,
MO01079,,,,,,,,2024-09-17T08:00:00,,,,,,UK,,,,,,15567,,,
MO01080,,,,,,,,2023-07-18T08:00:00,,,,,,DE,,,,,,71735,,,
MO01081,,,,,,,,2023-07-05T08:00:00,,,,,,IT,,,,,,32889,,,
MO01082,,,,,,,,2024-11-03T08:00:00,,,,,,PT,,,,,,5963,,,
MO01083,,,,,,,,2023-11-15T08:00:00,,,,,,UK,,,,,,86630,,,
MO01084,,,,,,,,2024-02-18T08:00:00,,,,,,DE,,,,,,77910,,,
MO01085,,,,,,,,2023-07-13T08:00:00,,,,,,PT,,,,,,55910,,,
MO01086,,,,,,,,2023-10-20T08:00:00,,,,,,FR,,,,,,84641,,,
MO01087,,,,,,,,2023-12-31T08:00:00,,,,,,DE,,,,,,30660,,,
MO01088,,,,,,,,2023-06-02T08:00:00,,,,,,DE,,,,,,56463,,,
MO01089,,,,,,,,2024-05-07T08:00:00,,,,,,UK,,,,,,42405,,,
MO01090,,,,,,,,2024-10-09T08:00:00,,,,,,ES,,,,,,63398,,,
MO01091,,,,,,,,2024-07-08T08:00:00,,,,,,UK,,,,,,93060,,,
MO01092,,,,,,,,2023-08-08T08:00:00,,,,,,IT,,,,,,31816,,,
MO01093,,,,,,,,2024-03-02T08:00:00,,,,,,ES,,,,,,10460,,,
MO01094,,,,,,,,2023-08-23T08:00:00,,,,,,ES,,,,,,31946,,,
MO01095,,,,,,,,2024-12-21T08:00:00,,,,,,PT,,,,,,44139,,,
MO01096,,,,,,,,2023-12-07T08:00:00,,,,,,FR,,,,,,82759,,,
MO01097,,,,,,,,2023-03-27T08:00:00,,,,,,DE,,,,,,65788,,,
MO01098,,,,,,,,2023-09-23T08:00:00,,,,,,UK,,,,,,87066,,,
MO01099,,,,,,,,2023-09-10T08:00:00,,,,,,PT,,,,,,38073,,,
MO01100,,,,,,,,2023-12-14T08:00:00,,,,,,PT,,,,,,8121,,,
MO01101,,,,,,,,2023-08-04T08:00:00,,,,,,ES,,,,,,33367,,,
MO01102,,,,,,,,2024-06-25T08:00:00,,,,,,DE,,,,,,32047,,,
MO01103,,,,,,,,2024-01-01T08:00:00,,,,,,UK,,,,,,55930,,,
MO01104,,,,,,,,2024-10-08T08:00:00,,,,,,IT,,,,,,56216,,,
MO01105,,,,,,,,2024-06-05T08:00:00,,,,,,FR,,,,,,69445,,,
MO01106,,,,,,,,2023-11-19T08:00:00,,,,,,PT,,,,,,83215,,,
MO01107,,,,,,,,2023-04-20T08:00:00,,,,,,UK,,,,,,37573,,,
MO01108,,,,,,,,2023-01-31T08:00:00,,,,,,PT,,,,,,19058,,,
MO01109,,,,,,,,2023-03-23T08:00:00,,,,,,ES,,,,,,86169,,,
MO01110,,,,,,,,2023-01-31T08:00:00,,,,,,ES,,,,,,40944,,,
MO01111,,,,,,,,2024-02-25T08:00:00,,,,,,DE,,,,,,63334,,,
MO01112,,,,,,,,2023-07-13T08:00:00,,,,,,UK,,,,,,79463,,,
MO01113,,,,,,,,2024-02-11T08:00:00,,,,,,ES,,,,,,12017,,,
MO01114,,,,,,,,2023-08-14T08:00:00,,,,,,FR,,,,,,89642,,,
MO01115,,,,,,,,2023-04-18T08:00:00,,,,,,IT,,,,,,53866,,,
MO01116,,,,,,,,2024-11-30T08:00:00,,,,,,DE,,,,,,59720,,,
MO01117,,,,,,,,2023-03-07T08:00:00,,,,,,ES,,,,,,43989,,,
MO01118,,,,,,,,2023-06-25T08:00:00,,,,,,ES,,,,,,44590,,,
MO01119,,,,,,,,2023-08-28T08:00:00,,,,,,DE,,,,,,64890,,,
MO01120,,,,,,,,2024-12-29T08:00:00,,,,,,ES,,,,,,88454,,,
MO01121,,,,,,,,2023-07-28T08:00:00,,,,,,ES,,,,,,67456,,,
MO01122,,,,,,,,2023-04-29T08:00:00,,,,,,ES,,,,,,19756,,,
MO01123,,,,,,,,2024-05-11T08:00:00,,,,,,UK,,,,,,35776,,,
MO01124,,,,,,,,2024-08-23T08:00:00,,,,,,PT,,,,,,96084,,,
MO01125,,,,,,,,2023-02-23T08:00:00,,,,,,DE,,,,,,40398,,,
MO01126,,,,,,,,2024-06-05T08:00:00,,,,,,UK,,,,,,78823,,,
MO01127,,,,,,,,2023-07-06T08:00:00,,,,,,ES,,,,,,95675,,,
MO01128,,,,,,,,2024-03-13T08:00:00,,,,,,FR,,,,,,13540,,,
MO01129,,,,,,,,2023-03-02T08:00:00,,,,,,UK,,,,,,54469,,,
MO01130,,,,,,,,2024-04-17T08:00:00,,,,,,ES,,,,,,70198,,,
MO01131,,,,,,,,2023-07-29T08:00:00,,,,,,IT,,,,,,59057,,,
MO01132,,,,,,,,2023-03-17T08:00:00,,,,,,ES,,,,,,80597,,,
MO01133,,,,,,,,2023-11-14T08:00:00,,,,,,UK,,,,,,13258,,,
MO01134,,,,,,,,2024-06-04T08:00:00,,,,,,UK,,,,,,41905,,,
MO01135,,,,,,,,2023-02-24T08:00:00,,,,,,FR,,,,,,40033,,,
MO01136,,,,,,,,2023-08-11T08:00:00,,,,,,UK,,,,,,40646,,,
MO01137,,,,,,,,2024-05-03T08:00:00,,,,,,FR,,,,,,95397,,,
MO01138,,,,,,,,2023-03-17T08:00:00,,,,,,ES,,,,,,90220,,,
MO01139,,,,,,,,2024-08-25T08:00:00,,,,,,PT,,,,,,62061,,,
MO01140,,,,,,,,2023-09-25T08:00:00,,,,,,UK,,,,,,69032,,,
MO01141,,,,,,,,2023-11-20T08:00:00,,,,,,UK,,,,,,11198,,,
MO01142,,,,,,,,2024-10-04T08:00:00,,,,,,DE,,,,,,16588,,,
MO01143,,,,,,,,2024-05-28T08:00:00,,,,,,DE,,,,,,64802,,,
MO01144,,,,,,,,2024-02-17T08:00:00,,,,,,PT,,,,,,26482,,,
MO01145,,,,,,,,2024-08-17T08:00:00,,,,,,UK,,,,,,53663,,,
MO01146,,,,,,,,2023-12-25T08:00:00,,,,,,PT,,,,,,24096,,,
MO01147,,,,,,,,2024-01-21T08:00:00,,,,,,UK,,,,,,88796,,,
MO01148,,,,,,,,2024-09-16T08:00:00,,,,,,IT,,,,,,27801,,,
MO01149,,,,,,,,2024-05-23T08:00:00,,,,,,IT,,,,,,53773,,,
MO01150,,,,,,,,2023-07-01T08:00:00,,,,,,DE,,,,,,43331,,,
MO01151,,,,,,,,2024-12-22T08:00:00,,,,,,UK,,,,,,69816,,,
MO01152,,,,,,,,2024-02-03T08:00:00,,,,,,PT,,,,,,58454,,,
MO01153,,,,,,,,2024-10-08T08:00:00,,,,,,IT,,,,,,16330,,,
MO01154,,,,,,,,2024-01-06T08:00:00,,,,,,DE,,,,,,23040,,,
MO01155,,,,,,,,2024-05-22T08:00:00,,,,,,DE,,,,,,89602,,,
MO01156,,,,,,,,2024-12-27T08:00:00,,,,,,IT,,,,,,75675,,,
MO01157,,,,,,,,2024-01-17T08:00:00,,,,,,FR,,,,,,10604,,,
MO01158,,,,,,,,2023-06-28T08:00:00,,,,,,PT,,,,,,86928,,,
MO01159,,,,,,,,2024-08-06T08:00:00,,,,,,PT,,,,,,49780,,,
MO01160,,,,,,,,2024-09-09T08:00:00,,,,,,UK,,,,,,25896,,,
MO01161,,,,,,,,2024-03-11T08:00:00,,,,,,FR,,,,,,31976,,,
MO01162,,,,,,,,2023-05-25T08:00:00,,,,,,ES,,,,,,59916,,,
MO01163,,,,,,,,2023-03-14T08:00:00,,,,,,PT,,,,,,76302,,,
MO01164,,,,,,,,2024-09-11T08:00:00,,,,,,PT,,,,,,18607,,,
MO01165,,,,,,,,2024-08-16T08:00:00,,,,,,ES,,,,,,38386,,,
MO01166,,,,,,,,2023-09-20T08:00:00,,,,,,UK,,,,,,26587,,,
MO01167,,,,,,,,2024-01-08T08:00:00,,,,,,UK,,,,,,98028,,,
MO01168,,,,,,,,2023-12-30T08:00:00,,,,,,IT,,,,,,20325,,,
MO01169,,,,,,,,2024-08-14T08:00:00,,,,,,UK,,,,,,53932,,,
MO01170,,,,,,,,2024-12-03T08:00:00,,,,,,IT,,,,,,73566,,,
MO01171,,,,,,,,2024-09-12T08:00:00,,,,,,IT,,,,,,33714,,,
MO01172,,,,,,,,2023-05-19T08:00:00,,,,,,DE,,,,,,58477,,,
MO01173,,,,,,,,2024-11-20T08:00:00,,,,,,FR,,,,,,88947,,,
MO01174,,,,,,,,2023-08-11T08:00:00,,,,,,IT,,,,,,25408,,,
MO01175,,,,,,,,2024-06-30T08:00:00,,,,,,UK,,,,,,5078,,,
MO01176,,,,,,,,2023-06-27T08:00:00,,,,,,ES,,,,,,69907,,,
MO01177,,,,,,,,2023-12-10T08:00:00,,,,,,ES,,,,,,96086,,,
MO01178,,,,,,,,2023-12-07T08:00:00,,,,,,FR,,,,,,58230,,,
MO01179,,,,,,,,2024-11-14T08:00:00,,,,,,FR,,,,,,76036,,,
MO01180,,,,,,,,2023-02-24T08:00:00,,,,,,ES,,,,,,30035,,,
MO01181,,,,,,,,2023-11-29T08:00:00,,,,,,ES,,,,,,9076,,,
MO01182,,,,,,,,2023-08-09T08:00:00,,,,,,ES,,,,,,32143,,,
MO01183,,,,,,,,2023-04-09T08:00:00,,,,,,UK,,,,,,14350,,,
MO01184,,,,,,,,2023-06-01T08:00:00,,,,,,DE,,,,,,64323,,,
MO01185,,,,,,,,2024-12-08T08:00:00,,,,,,IT,,,,,,51860,,,
MO01186,,,,,,,,2024-10-03T08:00:00,,,,,,IT,,,,,,6385,,,
MO01187,,,,,,,,2024-03-03T08:00:00,,,,,,DE,,,,,,49979,,,
MO01188,,,,,,,,2023-12-08T08:00:00,,,,,,DE,,,,,,32321,,,
MO01189,,,,,,,,2024-09-25T08:00:00,,,,,,IT,,,,,,86167,,,
MO01190,,,,,,,,2024-10-21T08:00:00,,,,,,IT,,,,,,88259,,,
MO01191,,,,,,,,2024-12-26T08:00:00,,,,,,PT,,,,,,10488,,,
MO01192,,,,,,,,2024-06-25T08:00:00,,,,,,IT,,,,,,9131,,,
MO01193,,,,,,,,2023-03-03T08:00:00,,,,,,DE,,,,,,51071,,,
MO01194,,,,,,,,2024-05-29T08:00:00,,,,,,DE,,,,,,96833,,,
MO01195,,,,,,,,2023-05-11T08:00:00,,,,,,IT,,,,,,75650,,,
MO01196,,,,,,,,2024-09-23T08:00:00,,,,,,IT,,,,,,95255,,,
MO01197,,,,,,,,2024-06-16T08:00:00,,,,,,PT,,,,,,51013,,,
MO01198,,,,,,,,2023-03-11T08:00:00,,,,,,ES,,,,,,54803,,,
MO01199,,,,,,,,2024-05-31T08:00:00,,,,,,IT,,,,,,16380,,,
MO01200,,,,,,,,2023-05-05T08:00:00,,,,,,DE,,,,,,76268,,,
MO01201,,,,,,,,2024-11-07T08:00:00,,,,,,ES,,,,,,37163,,,
MO01202,,,,,,,,2024-02-23T08:00:00,,,,,,ES,,,,,,64596,,,
MO01203,,,,,,,,2023-10-05T08:00:00,,,,,,UK,,,,,,49221,,,
MO01204,,,,,,,,2023-03-07T08:00:00,,,,,,PT,,,,,,66509,,,
MO01205,,,,,,,,2024-08-18T08:00:00,,,,,,DE,,,,,,45607,,,
MO01206,,,,,,,,2023-09-09T08:00:00,,,,,,UK,,,,,,64139,,,
MO01207,,,,,,,,2023-05-08T08:00:00,,,,,,PT,,,,,,58819,,,
MO01208,,,,,,,,2023-06-11T08:00:00,,,,,,ES,,,,,,94630,,,
MO01209,,,,,,,,2023-02-28T08:00:00,,,,,,PT,,,,,,93505,,,
MO01210,,,,,,,,2023-04-11T08:00:00,,,,,,PT,,,,,,63252,,,
MO01211,,,,,,,,2024-05-19T08:00:00,,,,,,PT,,,,,,28754,,,
MO01212,,,,,,,,2024-08-31T08:00:00,,,,,,DE,,,,,,96374,,,
MO01213,,,,,,,,2024-11-30T08:00:00,,,,,,IT,,,,,,75210,,,
MO01214,,,,,,,,2023-10-17T08:00:00,,,,,,UK,,,,,,11385,,,
MO01215,,,,,,,,2024-07-13T08:00:00,,,,,,PT,,,,,,20423,,,
MO01216,,,,,,,,2024-05-07T08:00:00,,,,,,IT,,,,,,27795,,,
MO01217,,,,,,,,2023-03-12T08:00:00,,,,,,DE,,,,,,26331,,,
MO01218,,,,,,,,2024-01-05T08:00:00,,,,,,DE,,,,,,83790,,,
MO01219,,,,,,,,2023-07-08T08:00:00,,,,,,IT,,,,,,19375,,,
MO01220,,,,,,,,2024-06-07T08:00:00,,,,,,ES,,,,,,31099,,,
MO01221,,,,,,,,2023-02-05T08:00:00,,,,,,IT,,,,,,37642,,,
MO01222,,,,,,,,2023-07-30T08:00:00,,,,,,IT,,,,,,90704,,,
MO01223,,,,,,,,2023-12-06T08:00:00,,,,,,IT,,,,,,10750,,,
MO01224,,,,,,,,2024-01-14T08:00:00,,,,,,FR,,,,,,34284,,,
MO01225,,,,,,,,2024-06-19T08:00:00,,,,,,UK,,,,,,81489,,,
MO01226,,,,,,,,2024-04-30T08:00:00,,,,,,FR,,,,,,98562,,,
MO01227,,,,,,,,2023-05-14T08:00:00,,,,,,UK,,,,,,20216,,,
MO01228,,,,,,,,2023-06-15T08:00:00,,,,,,FR,,,,,,23245,,,
MO01229,,,,,,,,2024-08-29T08:00:00,,,,,,UK,,,,,,84325,,,
MO01230,,,,,,,,2024-06-22T08:00:00,,,,,,ES,,,,,,62422,,,
MO01231,,,,,,,,2024-04-15T08:00:00,,,,,,DE,,,,,,96608,,,
MO01232,,,,,,,,2024-07-21T08:00:00,,,,,,ES,,,,,,97852,,,
MO01233,,,,,,,,2024-11-11T08:00:00,,,,,,UK,,,,,,53272,,,
MO01234,,,,,,,,2024-04-03T08:00:00,,,,,,PT,,,,,,18936,,,
MO01235,,,,,,,,2023-11-12T08:00:00,,,,,,IT,,,,,,9395,,,
MO01236,,,,,,,,2024-04-07T08:00:00,,,,,,IT,,,,,,78044,,,
MO01237,,,,,,,,2023-04-30T08:00:00,,,,,,ES,,,,,,13542,,,
MO01238,,,,,,,,2024-02-01T08:00:00,,,,,,DE,,,,,,92123,,,
MO01239,,,,,,,,2024-07-03T08:00:00,,,,,,IT,,,,,,57602,,,
MO01240,,,,,,,,2023-06-03T08:00:00,,,,,,FR,,,,,,23025,,,
MO01241,,,,,,,,2023-04-29T08:00:00,,,,,,ES,,,,,,26233,,,
MO01242,,,,,,,,2024-12-11T08:00:00,,,,,,PT,,,,,,29483,,,
MO01243,,,,,,,,2024-12-06T08:00:00,,,,,,FR,,,,,,63471,,,
MO01244,,,,,,,,2024-08-23T08:00:00,,,,,,PT,,,,,,53931,,,
MO01245,,,,,,,,2023-04-09T08:00:00,,,,,,DE,,,,,,67636,,,
MO01246,,,,,,,,2024-09-18T08:00:00,,,,,,UK,,,,,,29315,,,
MO01247,,,,,,,,2024-08-26T08:00:00,,,,,,IT,,,,,,20184,,,
MO01248,,,,,,,,2023-08-26T08:00:00,,,,,,ES,,,,,,35441,,,
MO01249,,,,,,,,2023-06-16T08:00:00,,,,,,FR,,,,,,44366,,,
MO01250,,,,,,,,2024-03-06T08:00:00,,,,,,UK,,,,,,96943,,,
MO01251,,,,,,,,2023-04-02T08:00:00,,,,,,ES,,,,,,53740,,,
MO01252,,,,,,,,2023-05-26T08:00:00,,,,,,PT,,,,,,6594,,,
MO01253,,,,,,,,2023-10-30T08:00:00,,,,,,PT,,,,,,92282,,,
MO01254,,,,,,,,2023-02-09T08:00:00,,,,,,PT,,,,,,74536,,,
MO01255,,,,,,,,2023-12-24T08:00:00,,,,,,DE,,,,,,22964,,,
MO01256,,,,,,,,2023-09-06T08:00:00,,,,,,FR,,,,,,67965,,,
MO01257,,,,,,,,2024-05-31T08:00:00,,,,,,FR,,,,,,92036,,,
MO01258,,,,,,,,2023-09-07T08:00:00,,,,,,IT,,,,,,67748,,,
MO01259,,,,,,,,2024-03-03T08:00:00,,,,,,ES,,,,,,27599,,,
MO01260,,,,,,,,2024-11-03T08:00:00,,,,,,PT,,,,,,88020,,,
MO01261,,,,,,,,2023-06-29T08:00:00,,,,,,PT,,,,,,14295,,,
MO01262,,,,,,,,2024-07-06T08:00:00,,,,,,UK,,,,,,21640,,,
MO01263,,,,,,,,2024-06-03T08:00:00,,,,,,FR,,,,,,13912,,,
MO01264,,,,,,,,2024-09-01T08:00:00,,,,,,PT,,,,,,14514,,,
MO01265,,,,,,,,2024-11-02T08:00:00,,,,,,FR,,,,,,37383,,,
MO01266,,,,,,,,2024-02-05T08:00:00,,,,,,IT,,,,,,87001,,,
MO01267,,,,,,,,2024-03-22T08:00:00,,,,,,FR,,,,,,39402,,,
MO01268,,,,,,,,2023-03-15T08:00:00,,,,,,ES,,,,,,61606,,,
MO01269,,,,,,,,2023-02-28T08:00:00,,,,,,DE,,,,,,56724,,,
MO01270,,,,,,,,2024-02-17T08:00:00,,,,,,FR,,,,,,93035,,,
MO01271,,,,,,,,2024-10-12T08:00:00,,,,,,IT,,,,,,63959,,,
MO01272,,,,,,,,2024-06-04T08:00:00,,,,,,FR,,,,,,21688,,,
MO01273,,,,,,,,2024-03-22T08:00:00,,,,,,PT,,,,,,71787,,,
MO01274,,,,,,,,2023-07-11T08:00:00,,,,,,UK,,,,,,88275,,,
MO01275,,,,,,,,2024-07-17T08:00:00,,,,,,FR,,,,,,83509,,,
MO01276,,,,,,,,2023-04-17T08:00:00,,,,,,DE,,,,,,70160,,,
MO01277,,,,,,,,2023-03-03T08:00:00,,,,,,IT,,,,,,83619,,,
MO01278,,,,,,,,2024-08-28T08:00:00,,,,,,IT,,,,,,13694,,,
MO01279,,,,,,,,2023-06-29T08:00:00,,,,,,ES,,,,,,97336,,,
MO01280,,,,,,,,2024-02-13T08:00:00,,,,,,UK,,,,,,10236,,,
MO01281,,,,,,,,2023-11-14T08:00:00,,,,,,DE,,,,,,56546,,,
MO01282,,,,,,,,2024-01-15T08:00:00,,,,,,IT,,,,,,90218,,,
MO01283,,,,,,,,2024-10-11T08:00:00,,,,,,DE,,,,,,75161,,,
MO01284,,,,,,,,2024-05-26T08:00:00,,,,,,DE,,,,,,45388,,,
MO01285,,,,,,,,2024-03-01T08:00:00,,,,,,PT,,,,,,68935,,,
MO01286,,,,,,,,2024-08-26T08:00:00,,,,,,UK,,,,,,82274,,,
MO01287,,,,,,,,2024-10-05T08:00:00,,,,,,UK,,,,,,84325,,,
MO01288,,,,,,,,2023-06-20T08:00:00,,,,,,UK,,,,,,80233,,,
MO01289,,,,,,,,2023-05-04T08:00:00,,,,,,IT,,,,,,49181,,,
MO01290,,,,,,,,2024-01-16T08:00:00,,,,,,UK,,,,,,69182,,,
MO01291,,,,,,,,2024-10-23T08:00:00,,,,,,PT,,,,,,72763,,,
MO01292,,,,,,,,2023-10-15T08:00:00,,,,,,UK,,,,,,13248,,,
MO01293,,,,,,,,2023-11-04T08:00:00,,,,,,UK,,,,,,40155,,,
MO01294,,,,,,,,2024-07-09T08:00:00,,,,,,DE,,,,,,82913,,,
MO01295,,,,,,,,2023-12-28T08:00:00,,,,,,FR,,,,,,46032,,,
MO01296,,,,,,,,2023-08-14T08:00:00,,,,,,FR,,,,,,79188,,,
MO01297,,,,,,,,2023-08-15T08:00:00,,,,,,DE,,,,,,45153,,,
MO01298,,,,,,,,2024-12-23T08:00:00,,,,,,DE,,,,,,72852,,,
MO01299,,,,,,,,2023-10-28T08:00:00,,,,,,IT,,,,,,41506,,,
MO01300,,,,,,,,2024-12-16T08:00:00,,,,,,PT,,,,,,60554,,,
MO01301,,,,,,,,2024-10-19T08:00:00,,,,,,UK,,,,,,29687,,,
MO01302,,,,,,,,2023-11-29T08:00:00,,,,,,FR,,,,,,95221,,,
MO01303,,,,,,,,2024-02-05T08:00:00,,,,,,FR,,,,,,95060,,,
MO01304,,,,,,,,2024-08-19T08:00:00,,,,,,UK,,,,,,76142,,,
MO01305,,,,,,,,2024-05-18T08:00:00,,,,,,DE,,,,,,31799,,,
MO01306,,,,,,,,2023-07-27T08:00:00,,,,,,PT,,,,,,73172,,,
MO01307,,,,,,,,2023-11-25T08:00:00,,,,,,ES,,,,,,99973,,,
MO01308,,,,,,,,2023-08-29T08:00:00,,,,,,UK,,,,,,37378,,,
MO01309,,,,,,,,2024-01-11T08:00:00,,,,,,PT,,,,,,88026,,,
MO01310,,,,,,,,2024-06-22T08:00:00,,,,,,FR,,,,,,89866,,,
MO01311,,,,,,,,2024-03-07T08:00:00,,,,,,DE,,,,,,37195,,,
MO01312,,,,,,,,2023-11-04T08:00:00,,,,,,IT,,,,,,98984,,,
MO01313,,,,,,,,2024-08-03T08:00:00,,,,,,PT,,,,,,65172,,,
MO01314,,,,,,,,2023-10-18T08:00:00,,,,,,DE,,,,,,24181,,,
MO01315,,,,,,,,2023-10-16T08:00:00,,,,,,PT,,,,,,14443,,,
MO01316,,,,,,,,2024-08-16T08:00:00,,,,,,ES,,,,,,54356,,,
MO01317,,,,,,,,2023-04-09T08:00:00,,,,,,IT,,,,,,5428,,,
MO01318,,,,,,,,2024-06-20T08:00:00,,,,,,FR,,,,,,38398,,,
MO01319,,,,,,,,2024-09-19T08:00:00,,,,,,IT,,,,,,77174,,,
MO01320,,,,,,,,2024-09-03T08:00:00,,,,,,DE,,,,,,71993,,,
MO01321,,,,,,,,2023-10-30T08:00:00,,,,,,IT,,,,,,31108,,,
MO01322,,,,,,,,2024-11-04T08:00:00,,,,,,ES,,,,,,61060,,,
MO01323,,,,,,,,2023-05-21T08:00:00,,,,,,IT,,,,,,83023,,,
MO01324,,,,,,,,2024-03-02T08:00:00,,,,,,IT,,,,,,62301,,,
MO01325,,,,,,,,2023-06-23T08:00:00,,,,,,DE,,,,,,20655,,,
MO01326,,,,,,,,2024-02-05T08:00:00,,,,,,FR,,,,,,21110,,,
MO01327,,,,,,,,2023-04-12T08:00:00,,,,,,ES,,,,,,10378,,,
MO01328,,,,,,,,2024-08-14T08:00:00,,,,,,DE,,,,,,19085,,,
MO01329,,,,,,,,2023-06-10T08:00:00,,,,,,PT,,,,,,40181,,,
MO01330,,,,,,,,2024-04-08T08:00:00,,,,,,ES,,,,,,95010,,,
MO01331,,,,,,,,2024-12-07T08:00:00,,,,,,FR,,,,,,10234,,,
MO01332,,,,,,,,2023-02-10T08:00:00,,,,,,PT,,,,,,12848,,,
MO01333,,,,,,,,2024-10-31T08:00:00,,,,,,ES,,,,,,49250,,,
MO01334,,,,,,,,2023-11-18T08:00:00,,,,,,UK,,,,,,41329,,,
MO01335,,,,,,,,2023-09-24T08:00:00,,,,,,IT,,,,,,36546,,,
MO01336,,,,,,,,2024-10-10T08:00:00,,,,,,FR,,,,,,86043,,,
MO01337,,,,,,,,2024-08-18T08:00:00,,,,,,PT,,,,,,39961,,,
MO01338,,,,,,,,2023-07-05T08:00:00,,,,,,DE,,,,,,35980,,,
MO01339,,,,,,,,2024-09-20T08:00:00,,,,,,ES,,,,,,77575,,,
MO01340,,,,,,,,2023-07-25T08:00:00,,,,,,DE,,,,,,33819,,,
MO01341,,,,,,,,2024-08-07T08:00:00,,,,,,IT,,,,,,31626,,,
MO01342,,,,,,,,2023-07-14T08:00:00,,,,,,PT,,,,,,7285,,,
MO01343,,,,,,,,2024-10-20T08:00:00,,,,,,ES,,,,,,79873,,,
MO01344,,,,,,,,2023-06-07T08:00:00,,,,,,DE,,,,,,68734,,,
MO01345,,,,,,,,2024-03-22T08:00:00,,,,,,ES,,,,,,37269,,,
MO01346,,,,,,,,2024-05-15T08:00:00,,,,,,FR,,,,,,36722,,,
MO01347,,,,,,,,2023-07-27T08:00:00,,,,,,PT,,,,,,26711,,,
MO01348,,,,,,,,2023-05-20T08:00:00,,,,,,FR,,,,,,41630,,,
MO01349,,,,,,,,2024-12-18T08:00:00,,,,,,ES,,,,,,36296,,,
MO01350,,,,,,,,2024-09-15T08:00:00,,,,,,DE,,,,,,62041,,,
MO01351,,,,,,,,2024-05-01T08:00:00,,,,,,PT,,,,,,55685,,,
MO01352,,,,,,,,2023-05-13T08:00:00,,,,,,FR,,,,,,35432,,,
MO01353,,,,,,,,2024-04-29T08:00:00,,,,,,ES,,,,,,58547,,,
MO01354,,,,,,,,2024-02-28T08:00:00,,,,,,IT,,,,,,24711,,,
MO01355,,,,,,,,2023-02-23T08:00:00,,,,,,PT,,,,,,54828,,,
MO01356,,,,,,,,2023-08-29T08:00:00,,,,,,PT,,,,,,40615,,,
MO01357,,,,,,,,2024-04-22T08:00:00,,,,,,UK,,,,,,69424,,,
MO01358,,,,,,,,2023-12-26T08:00:00,,,,,,PT,,,,,,49864,,,
MO01359,,,,,,,,2024-07-03T08:00:00,,,,,,ES,,,,,,70409,,,
MO01360,,,,,,,,2024-04-27T08:00:00,,,,,,PT,,,,,,55842,,,
MO01361,,,,,,,,2024-02-16T08:00:00,,,,,,PT,,,,,,31931,,,
MO01362,,,,,,,,2023-04-20T08:00:00,,,,,,FR,,,,,,97203,,,
MO01363,,,,,,,,2024-12-30T08:00:00,,,,,,PT,,,,,,96610,,,
MO01364,,,,,,,,2024-03-19T08:00:00,,,,,,IT,,,,,,27070,,,
MO01365,,,,,,,,2023-12-18T08:00:00,,,,,,FR,,,,,,33564,,,
MO01366,,,,,,,,2023-11-07T08:00:00,,,,,,DE,,,,,,58097,,,
MO01367,,,,,,,,2023-11-24T08:00:00,,,,,,FR,,,,,,98707,,,
MO01368,,,,,,,,2024-10-06T08:00:00,,,,,,FR,,,,,,54734,,,
MO01369,,,,,,,,2024-08-29T08:00:00,,,,,,IT,,,,,,8181,,,
MO01370,,,,,,,,2023-04-07T08:00:00,,,,,,FR,,,,,,89603,,,
MO01371,,,,,,,,2023-02-22T08:00:00,,,,,,IT,,,,,,98463,,,
MO01372,,,,,,,,2024-01-19T08:00:00,,,,,,IT,,,,,,79928,,,
MO01373,,,,,,,,2023-02-20T08:00:00,,,,,,DE,,,,,,54934,,,
MO01374,,,,,,,,2024-05-01T08:00:00,,,,,,IT,,,,,,62185,,,
MO01375,,,,,,,,2024-04-22T08:00:00,,,,,,IT,,,,,,16725,,,
MO01376,,,,,,,,2023-09-22T08:00:00,,,,,,DE,,,,,,50643,,,
MO01377,,,,,,,,2023-10-24T08:00:00,,,,,,DE,,,,,,53050,,,
MO01378,,,,,,,,2023-07-22T08:00:00,,,,,,IT,,,,,,25722,,,
MO01379,,,,,,,,2024-11-21T08:00:00,,,,,,FR,,,,,,81741,,,
MO01380,,,,,,,,2024-07-27T08:00:00,,,,,,PT,,,,,,83525,,,
MO01381,,,,,,,,2024-02-25T08:00:00,,,,,,FR,,,,,,9757,,,
MO01382,,,,,,,,2023-09-22T08:00:00,,,,,,DE,,,,,,11288,,,
MO01383,,,,,,,,2023-07-12T08:00:00,,,,,,ES,,,,,,97681,,,
MO01384,,,,,,,,2024-08-19T08:00:00,,,,,,ES,,,,,,85668,,,
MO01385,,,,,,,,2023-04-22T08:00:00,,,,,,ES,,,,,,37819,,,
MO01386,,,,,,,,2024-05-08T08:00:00,,,,,,PT,,,,,,38442,,,
MO01387,,,,,,,,2023-06-25T08:00:00,,,,,,FR,,,,,,43424,,,
MO01388,,,,,,,,2023-08-09T08:00:00,,,,,,IT,,,,,,41505,,,
MO01389,,,,,,,,2023-12-16T08:00:00,,,,,,FR,,,,,,58669,,,
MO01390,,,,,,,,2023-04-09T08:00:00,,,,,,FR,,,,,,73224,,,
MO01391,,,,,,,,2024-10-27T08:00:00,,,,,,FR,,,,,,17094,,,
MO01392,,,,,,,,2024-12-01T08:00:00,,,,,,ES,,,,,,80053,,,
MO01393,,,,,,,,2023-11-22T08:00:00,,,,,,UK,,,,,,28061,,,
MO01394,,,,,,,,2024-04-08T08:00:00,,,,,,PT,,,,,,66636,,,
MO01395,,,,,,,,2023-02-17T08:00:00,,,,,,FR,,,,,,35965,,,
MO01396,,,,,,,,2023-04-19T08:00:00,,,,,,FR,,,,,,83988,,,
MO01397,,,,,,,,2023-11-02T08:00:00,,,,,,ES,,,,,,18305,,,
MO01398,,,,,,,,2023-06-07T08:00:00,,,,,,FR,,,,,,74986,,,
MO01399,,,,,,,,2024-02-12T08:00:00,,,,,,IT,,,,,,77540,,,
MO01400,,,,,,,,2023-07-06T08:00:00,,,,,,UK,,,,,,28451,,,
MO01401,,,,,,,,2023-10-09T08:00:00,,,,,,PT,,,,,,29485,,,
MO01402,,,,,,,,2023-07-25T08:00:00,,,,,,ES,,,,,,47661,,,
MO01403,,,,,,,,2023-02-21T08:00:00,,,,,,DE,,,,,,72272,,,
MO01404,,,,,,,,2023-03-30T08:00:00,,,,,,PT,,,,,,71127,,,
MO01405,,,,,,,,2023-07-21T08:00:00,,,,,,IT,,,,,,22688,,,
MO01406,,,,,,,,2023-07-09T08:00:00,,,,,,ES,,,,,,66481,,,
MO01407,,,,,,,,2024-10-15T08:00:00,,,,,,FR,,,,,,36709,,,
MO01408,,,,,,,,2023-11-12T08:00:00,,,,,,DE,,,,,,80217,,,
MO01409,,,,,,,,2024-05-10T08:00:00,,,,,,IT,,,,,,37216,,,
MO01410,,,,,,,,2023-05-23T08:00:00,,,,,,FR,,,,,,98088,,,
MO01411,,,,,,,,2023-07-15T08:00:00,,,,,,UK,,,,,,37534,,,
MO01412,,,,,,,,2023-03-15T08:00:00,,,,,,UK,,,,,,84431,,,
MO01413,,,,,,,,2023-06-19T08:00:00,,,,,,ES,,,,,,54469,,,
MO01414,,,,,,,,2024-05-16T08:00:00,,,,,,ES,,,,,,42644,,,
MO01415,,,,,,,,2024-12-24T08:00:00,,,,,,PT,,,,,,69219,,,
MO01416,,,,,,,,2024-08-07T08:00:00,,,,,,IT,,,,,,77130,,,
MO01417,,,,,,,,2024-07-21T08:00:00,,,,,,UK,,,,,,57939,,,
MO01418,,,,,,,,2024-07-16T08:00:00,,,,,,IT,,,,,,89849,,,
MO01419,,,,,,,,2024-09-13T08:00:00,,,,,,DE,,,,,,84366,,,
MO01420,,,,,,,,2023-10-15T08:00:00,,,,,,UK,,,,,,58110,,,
MO01421,,,,,,,,2023-07-20T08:00:00,,,,,,PT,,,,,,58435,,,
MO01422,,,,,,,,2023-06-09T08:00:00,,,,,,PT,,,,,,70500,,,
MO01423,,,,,,,,2023-04-16T08:00:00,,,,,,ES,,,,,,32117,,,
MO01424,,,,,,,,2023-12-02T08:00:00,,,,,,PT,,,,,,53169,,,
MO01425,,,,,,,,2024-03-28T08:00:00,,,,,,ES,,,,,,84219,,,
MO01426,,,,,,,,2023-12-03T08:00:00,,,,,,IT,,,,,,54275,,,
MO01427,,,,,,,,2023-12-19T08:00:00,,,,,,DE,,,,,,8129,,,
MO01428,,,,,,,,2023-02-16T08:00:00,,,,,,IT,,,,,,31044,,,
MO01429,,,,,,,,2024-11-14T08:00:00,,,,,,FR,,,,,,62086,,,
MO01430,,,,,,,,2024-09-26T08:00:00,,,,,,FR,,,,,,63974,,,
MO01431,,,,,,,,2024-11-25T08:00:00,,,,,,UK,,,,,,23329,,,
MO01432,,,,,,,,2023-10-08T08:00:00,,,,,,DE,,,,,,56951,,,
MO01433,,,,,,,,2023-09-20T08:00:00,,,,,,FR,,,,,,7146,,,
MO01434,,,,,,,,2024-06-12T08:00:00,,,,,,IT,,,,,,38150,,,
MO01435,,,,,,,,2024-05-21T08:00:00,,,,,,IT,,,,,,66125,,,
MO01436,,,,,,,,2024-05-19T08:00:00,,,,,,DE,,,,,,31829,,,
MO01437,,,,,,,,2023-03-24T08:00:00,,,,,,FR,,,,,,59499,,,
MO01438,,,,,,,,2024-11-16T08:00:00,,,,,,FR,,,,,,24075,,,
MO01439,,,,,,,,2024-02-18T08:00:00,,,,,,ES,,,,,,43721,,,
MO01440,,,,,,,,2024-05-21T08:00:00,,,,,,ES,,,,,,50947,,,
MO01441,,,,,,,,2024-04-18T08:00:00,,,,,,IT,,,,,,90646,,,
MO01442,,,,,,,,2023-11-28T08:00:00,,,,,,ES,,,,,,83412,,,
MO01443,,,,,,,,2024-08-17T08:00:00,,,,,,DE,,,,,,72182,,,
MO01444,,,,,,,,2024-06-04T08:00:00,,,,,,IT,,,,,,10311,,,
MO01445,,,,,,,,2024-01-05T08:00:00,,,,,,ES,,,,,,51200,,,
MO01446,,,,,,,,2024-07-02T08:00:00,,,,,,FR,,,,,,45677,,,
MO01447,,,,,,,,2023-05-14T08:00:00,,,,,,FR,,,,,,6449,,,
MO01448,,,,,,,,2024-08-28T08:00:00,,,,,,FR,,,,,,98205,,,
MO01449,,,,,,,,2023-02-25T08:00:00,,,,,,DE,,,,,,12849,,,
MO01450,,,,,,,,2024-11-06T08:00:00,,,,,,PT,,,,,,33664,,,
MO01451,,,,,,,,2023-02-24T08:00:00,,,,,,PT,,,,,,53662,,,
MO01452,,,,,,,,2024-01-08T08:00:00,,,,,,IT,,,,,,57876,,,
MO01453,,,,,,,,2024-01-21T08:00:00,,,,,,PT,,,,,,65331,,,
MO01454,,,,,,,,2023-11-18T08:00:00,,,,,,PT,,,,,,47800,,,
MO01455,,,,,,,,2024-07-13T08:00:00,,,,,,DE,,,,,,11673,,,
MO01456,,,,,,,,2024-04-23T08:00:00,,,,,,PT,,,,,,21160,,,
MO01457,,,,,,,,2024-07-10T08:00:00,,,,,,IT,,,,,,61807,,,
MO01458,,,,,,,,2024-08-14T08:00:00,,,,,,ES,,,,,,92335,,,
MO01459,,,,,,,,2024-07-02T08:00:00,,,,,,UK,,,,,,79232,,,
MO01460,,,,,,,,2024-02-21T08:00:00,,,,,,ES,,,,,,25097,,,
MO01461,,,,,,,,2024-04-25T08:00:00,,,,,,DE,,,,,,91588,,,
MO01462,,,,,,,,2024-11-11T08:00:00,,,,,,UK,,,,,,99705,,,
MO01463,,,,,,,,2023-06-25T08:00:00,,,,,,DE,,,,,,23868,,,
MO01464,,,,,,,,2024-10-23T08:00:00,,,,,,FR,,,,,,17214,,,
MO01465,,,,,,,,2024-03-09T08:00:00,,,,,,IT,,,,,,41144,,,
MO01466,,,,,,,,2023-03-17T08:00:00,,,,,,FR,,,,,,10490,,,
MO01467,,,,,,,,2023-06-16T08:00:00,,,,,,DE,,,,,,6587,,,
MO01468,,,,,,,,2024-09-04T08:00:00,,,,,,FR,,,,,,59837,,,
MO01469,,,,,,,,2023-07-05T08:00:00,,,,,,FR,,,,,,59734,,,
MO01470,,,,,,,,2024-09-03T08:00:00,,,,,,IT,,,,,,76703,,,
MO01471,,,,,,,,2023-01-31T08:00:00,,,,,,DE,,,,,,32605,,,
MO01472,,,,,,,,2023-03-10T08:00:00,,,,,,ES,,,,,,26416,,,
MO01473,,,,,,,,2023-04-08T08:00:00,,,,,,DE,,,,,,68263,,,
MO01474,,,,,,,,2023-07-19T08:00:00,,,,,,FR,,,,,,66381,,,
MO01475,,,,,,,,2023-05-27T08:00:00,,,,,,UK,,,,,,69681,,,
MO01476,,,,,,,,2024-05-15T08:00:00,,,,,,ES,,,,,,92741,,,
MO01477,,,,,,,,2024-02-16T08:00:00,,,,,,DE,,,,,,85844,,,
MO01478,,,,,,,,2024-09-12T08:00:00,,,,,,IT,,,,,,38827,,,
MO01479,,,,,,,,2024-01-04T08:00:00,,,,,,PT,,,,,,76817,,,
MO01480,,,,,,,,2023-12-31T08:00:00,,,,,,UK,,,,,,92155,,,
MO01481,,,,,,,,2024-12-14T08:00:00,,,,,,PT,,,,,,25394,,,
MO01482,,,,,,,,2024-09-25T08:00:00,,,,,,UK,,,,,,98921,,,
MO01483,,,,,,,,2023-11-12T08:00:00,,,,,,PT,,,,,,94469,,,
MO01484,,,,,,,,2023-09-19T08:00:00,,,,,,PT,,,,,,37151,,,
MO01485,,,,,,,,2024-06-08T08:00:00,,,,,,ES,,,,,,61868,,,
MO01486,,,,,,,,2024-07-05T08:00:00,,,,,,DE,,,,,,48011,,,
MO01487,,,,,,,,2024-03-20T08:00:00,,,,,,DE,,,,,,70388,,,
MO01488,,,,,,,,2023-12-04T08:00:00,,,,,,ES,,,,,,82554,,,
MO01489,,,,,,,,2023-07-01T08:00:00,,,,,,DE,,,,,,18958,,,
MO01490,,,,,,,,2023-09-12T08:00:00,,,,,,PT,,,,,,34311,,,
MO01491,,,,,,,,2023-07-06T08:00:00,,,,,,FR,,,,,,65862,,,
MO01492,,,,,,,,2024-08-08T08:00:00,,,,,,ES,,,,,,96407,,,
MO01493,,,,,,,,2024-03-28T08:00:00,,,,,,PT,,,,,,52578,,,
MO01494,,,,,,,,2024-04-04T08:00:00,,,,,,UK,,,,,,57409,,,
MO01495,,,,,,,,2023-12-03T08:00:00,,,,,,PT,,,,,,48412,,,
MO01496,,,,,,,,2023-07-16T08:00:00,,,,,,ES,,,,,,36784,,,
MO01497,,,,,,,,2024-12-09T08:00:00,,,,,,PT,,,,,,68068,,,
MO01498,,,,,,,,2023-03-30T08:00:00,,,,,,ES,,,,,,46150,,,
MO01499,,,,,,,,2024-04-17T08:00:00,,,,,,IT,,,,,,58205,,,
MO01500,,,,,,,,2024-05-29T08:00:00,,,,,,FR,,,,,,59293,,,
BATCH00001,Medium,No,Contract,,,Hormonal,,,,,,HORM1,,ES,,15149,PLANT_SPECIAL,Medium,LEVOHORMIMPL,,,,Units
BATCH00002,High,No,Contract,,,Injectable,,,,,,INJ1,,UK,,23589,PLANT_PARENTERAL,High,CEF1GIV,,,,Units
QCS00001,,,,,,,,,,,LAB2,,,,,,,,,,FP,,
BATCH00003,Medium,No,OwnBrand,,,Injectable,,,,,,INJ1,,FR,,17510,PLANT_PARENTERAL,Medium,HEP5000SC,,,,Units
QCS00002,,,,,,,,,,,LAB2,,,,,,,,,,FP,,
BATCH00004,Low,No,OwnBrand,,,Tablet,,,,,,TL1,,ES,,84719,PLANT_SOLIDS,High,PARA500TAB,,,,TabletsCaps
BATCH00005,Low,No,Contract,,,Device,,,,,,DEV2,,UK,,43078,PLANT_SPECIAL,Medium,INHALER,,,,Units
BATCH00006,High,No,Contract,,,Capsule,,,,,,CL2,,DE,,450014,PLANT_SOLIDS,Medium,AMOX500CAP,,,,TabletsCaps
DEVIAT0001,,,,Minor,Documentation,,,,,,,,,,,,,,,,,,
QCS00003,,,,,,,,,,,LAB2,,,,,,,,,,FP,,
BATCH00007,Medium,No,OwnBrand,,,Tablet,,,,,,TL2,,FR,,55579,PLANT_SOLIDS,Medium,IBUP400TAB,,,,TabletsCaps
QCS00004,,,,,,,,,,,LAB3,,,,,,,,,,FP,,
BATCH00008,Medium,No,OwnBrand,,,Device,,,,,,DEV1,,DE,,7194,PLANT_SPECIAL,Medium,INSUPEN,,,,Units
QCS00005,,,,,,,,,,,LAB1,,,,,,,,,,FP,,
BATCH00009,Medium,No,Contract,,,Hormonal,,,,,,HORM2,,ES,,16326,PLANT_SPECIAL,Medium,LEVOHORMIMPL,,,,Units
QCS00006,,,,,,,,,,,LAB2,,,,,,,,,,FP,,
BATCH00010,Low,No,OwnBrand,,,Tablet,,,,,,TL2,,ES,,333440,PLANT_SOLIDS,High,PARA500TAB,,,,TabletsCaps
DEVIAT0002,,,,Critical,Quality,,,,,,,,,,,,,,,,,,
QCS00007,,,,,,,,,,,LAB3,,,,,,,,,,FP,,
BATCH00011,High,No,Contract,,,Injectable,,,,,,INJ1,,UK,,29177,PLANT_PARENTERAL,High,CEF1GIV,,,,Units
QCS00008,,,,,,,,,,,LAB1,,,,,,,,,,FP,,
BATCH00012,Low,No,OwnBrand,,,Tablet,,,,,,TL3,,ES,,393321,PLANT_SOLIDS,High,PARA500TAB,,,,TabletsCaps
QCS00009,,,,,,,,,,,LAB3,,,,,,,,,,FP,,
BATCH00013,Medium,Yes,OwnBrand,,,Device,,,,,,DEV1,,DE,,33368,PLANT_SPECIAL,Medium,INSUPEN,,,,Units
QCS00010,,,,,,,,,,,LAB3,,,,,,,,,,FP,,
BATCH00014,Medium,No,Contract,,,Hormonal,,,,,,HORM2,,ES,,13852,PLANT_SPECIAL,Medium,LEVOHORMIMPL,,,,Units
QCS00011,,,,,,,,,,,LAB2,,,,,,,,,,FP,,
BATCH00015,Low,No,OwnBrand,,,Capsule,,,,,,CL1,,IT,,230001,PLANT_SOLIDS,High,OMEP20CAP,,,,TabletsCaps
DEVIAT0003,,,,Major,Supply,,,,,,,,,,,,,,,,,,
QCS00012,,,,,,,,,,,LAB3,,,,,,,,,,FP,,
BATCH00016,Low,No,OwnBrand,,,Capsule,,,,,,CL2,,IT,,355123,PLANT_SOLIDS,Medium,OMEP20CAP,,,,TabletsCaps
QCS00013,,,,,,,,,,,LAB2,,,,,,,,,,FP,,
BATCH00017,Medium,Yes,OwnBrand,,,Tablet,,,,,,TL2,,FR,,453575,PLANT_SOLIDS,High,IBUP400TAB,,,,TabletsCaps
QCS00014,,,,,,,,,,,LAB2,,,,,,,,,,FP,,
BATCH00018,Low,No,Contract,,,Device,,,,,,DEV2,,UK,,30476,PLANT_SPECIAL,Medium,INHALER,,,,Units
QCS00015,,,,,,,,,,,LAB3,,,,,,,,,,FP,,
BATCH00019,High,No,Contract,,,Injectable,,,,,,INJ2,,UK,,42888,PLANT_PARENTERAL,Medium,CEF1GIV,,,,Units
QCS00016,,,,,,,,,,,LAB3,,,,,,,,,,FP,,
BATCH00020,Low,No,OwnBrand,,,Hormonal,,,,,,HORM2,,PT,,42767,PLANT_SPECIAL,Medium,EE30TAB,,,,Units
QCS00017,,,,,,,,,,,LAB1,,,,,,,,,,FP,,
BATCH00021,Low,No,OwnBrand,,,Hormonal,,,,,,HORM2,,PT,,33082,PLANT_SPECIAL,Medium,EE30TAB,,,,Units
QCS00018,,,,,,,,,,,LAB1,,,,,,,,,,FP,,
BATCH00022,Medium,No,OwnBrand,,,Tablet,,,,,,TL2,,FR,,77837,PLANT_SOLIDS,Low,IBUP400TAB,,,,TabletsCaps
QCS00019,,,,,,,,,,,LAB2,,,,,,,,,,FP,,
BATCH00023,High,No,Contract,,,Injectable,,,,,,INJ1,,UK,,37250,PLANT_PARENTERAL,Medium,CEF1GIV,,,,Units
QCS00020,,,,,,,,,,,LAB2,,,,,,,,,,FP,,
BATCH00024,Low,No,Contract,,,Device,,,,,,DEV2,,UK,,1176,PLANT_SPECIAL,Medium,INHALER,,,,Units
QCS00021,,,,,,,,,,,LAB2,,,,,,,,,,FP,,
BATCH00025,Medium,No,OwnBrand,,,Device,,,,,,DEV2,,DE,,40752,PLANT_SPECIAL,Low,INSUPEN,,,,Units
QCS00022,,,,,,,,,,,LAB3,,,,,,,,,,FP,,
BATCH00026,Low,No,OwnBrand,,,Capsule,,,,,,CL1,,IT,,61975,PLANT_SOLIDS,Medium,OMEP20CAP,,,,TabletsCaps
QCS00023,,,,,,,,,,,LAB3,,,,,,,,,,FP,,
BATCH00027,Medium,No,OwnBrand,,,Tablet,,,,,,TL3,,FR,,417212,PLANT_SOLIDS,Low,IBUP400TAB,,,,TabletsCaps
QCS00024,,,,,,,,,,,LAB1,,,,,,,,,,FP,,
BATCH00028,Medium,Yes,OwnBrand,,,Injectable,,,,,,INJ1,,FR,,36137,PLANT_PARENTERAL,Medium,HEP5000SC,,,,Units
QCS00025,,,,,,,,,,,LAB3,,,,,,,,,,FP,,
BATCH00029,Low,No,OwnBrand,,,Tablet,,,,,,TL1,,ES,,425218,PLANT_SOLIDS,Medium,PARA500TAB,,,,TabletsCaps
QCS00026,,,,,,,,,,,LAB1,,,,,,,,,,FP,,
BATCH00030,Low,Yes,OwnBrand,,,Capsule,,,,,,CL2,,IT,,195715,PLANT_SOLIDS,Medium,OMEP20CAP,,,,TabletsCaps
QCS00027,,,,,,,,,,,LAB1,,,,,,,,,,FP,,
BATCH00031,Low,No,OwnBrand,,,Hormonal,,,,,,HORM2,,PT,,37990,PLANT_SPECIAL,Medium,EE30TAB,,,,Units
DEVIAT0004,,,,Minor,Documentation,,,,,,,,,,,,,,,,,,
QCS00028,,,,,,,,,,,LAB3,,,,,,,,,,FP,,
BATCH00032,Low,Yes,OwnBrand,,,Tablet,,,,,,TL3,,ES,,56883,PLANT_SOLIDS,Medium,PARA500TAB,,,,TabletsCaps
QCS00029,,,,,,,,,,,LAB3,,,,,,,,,,FP,,
BATCH00033,Low,No,OwnBrand,,,Tablet,,,,,,TL3,,ES,,278115,PLANT_SOLIDS,Medium,PARA500TAB,,,,TabletsCaps
QCS00030,,,,,,,,,,,LAB2,,,,,,,,,,FP,,
BATCH00034,Medium,Yes,Contract,,,Hormonal,,,,,,HORM1,,ES,,3102,PLANT_SPECIAL,Medium,LEVOHORMIMPL,,,,Units
QCS00031,,,,,,,,,,,LAB3,,,,,,,,,,FP,,
BATCH00035,High,Yes,Contract,,,Capsule,,,,,,CL1,,DE,,183966,PLANT_SOLIDS,Medium,AMOX500CAP,,,,TabletsCaps
QCS00032,,,,,,,,,,,LAB2,,,,,,,,,,FP,,
BATCH00036,Medium,No,OwnBrand,,,Injectable,,,,,,INJ2,,FR,,12994,PLANT_PARENTERAL,Medium,HEP5000SC,,,,Units
QCS00033,,,,,,,,,,,LAB1,,,,,,,,,,FP,,
BATCH00037,Medium,No,OwnBrand,,,Tablet,,,,,,TL1,,FR,,243659,PLANT_SOLIDS,Medium,IBUP400TAB,,,,TabletsCaps
QCS00034,,,,,,,,,,,LAB2,,,,,,,,,,FP,,
BATCH00038,Low,Yes,OwnBrand,,,Tablet,,,,,,TL3,,ES,,140479,PLANT_SOLIDS,High,PARA500TAB,,,,TabletsCaps
QCS00035,,,,,,,,,,,LAB1,,,,,,,,,,FP,,
DEVIAT0005,,,,Major,Quality,,,,,,,,,,,,,,,,,,
QCS00036,,,,,,,,,,,LAB3,,,,,,,,,,FP,,
BATCH00039,Medium,Yes,OwnBrand,,,Tablet,,,,,,TL3,,FR,,272047,PLANT_SOLIDS,Medium,IBUP400TAB,,,,TabletsCaps
QCS00037,,,,,,,,,,,LAB2,,,,,,,,,,FP,,
BATCH00040,Low,No,Contract,,,Device,,,,,,DEV2,,UK,,2679,PLANT_SPECIAL,Low,INHALER,,,,Units
QCS00038,,,,,,,,,,,LAB3,,,,,,,,,,FP,,
DEVIAT0006,,,,Major,Quality,,,,,,,,,,,,,,,,,,
QCS00039,,,,,,,,,,,LAB3,,,,,,,,,,FP,,
BATCH00041,Medium,No,OwnBrand,,,Tablet,,,,,,TL3,,FR,,446722,PLANT_SOLIDS,Medium,IBUP400TAB,,,,TabletsCaps
BATCH00042,Low,No,OwnBrand,,,Tablet,,,,,,TL2,,ES,,147821,PLANT_SOLIDS,High,PARA500TAB,,,,TabletsCaps
QCS00040,,,,,,,,,,,LAB2,,,,,,,,,,FP,,
BATCH00043,Medium,No,OwnBrand,,,Tablet,,,,,,TL3,,FR,,116467,PLANT_SOLIDS,High,IBUP400TAB,,,,TabletsCaps
QCS00041,,,,,,,,,,,LAB3,,,,,,,,,,FP,,
BATCH00044,High,No,Contract,,,Injectable,,,,,,INJ2,,UK,,38173,PLANT_PARENTERAL,High,CEF1GIV,,,,Units
QCS00042,,,,,,,,,,,LAB1,,,,,,,,,,FP,,
BATCH00045,Low,No,OwnBrand,,,Hormonal,,,,,,HORM1,,PT,,7554,PLANT_SPECIAL,Medium,EE30TAB,,,,Units
QCS00043,,,,,,,,,,,LAB2,,,,,,,,,,FP,,
BATCH00046,Medium,Yes,Contract,,,Hormonal,,,,,,HORM2,,ES,,36226,PLANT_SPECIAL,Low,LEVOHORMIMPL,,,,Units
DEVIAT0007,,,,Minor,Documentation,,,,,,,,,,,,,,,,,,
QCS00044,,,,,,,,,,,LAB3,,,,,,,,,,FP,,
BATCH00047,Medium,No,Contract,,,Hormonal,,,,,,HORM2,,ES,,32350,PLANT_SPECIAL,Medium,LEVOHORMIMPL,,,,Units
QCS00045,,,,,,,,,,,LAB3,,,,,,,,,,FP,,
BATCH00048,Medium,No,OwnBrand,,,Injectable,,,,,,INJ2,,FR,,1892,PLANT_PARENTERAL,Low,HEP5000SC,,,,Units
QCS00046,,,,,,,,,,,LAB2,,,,,,,,,,FP,,
BATCH00049,High,No,Contract,,,Injectable,,,,,,INJ1,,UK,,9087,PLANT_PARENTERAL,Medium,CEF1GIV,,,,Units
BATCH00050,Low,No,OwnBrand,,,Capsule,,,,,,CL1,,IT,,108407,PLANT_SOLIDS,Medium,OMEP20CAP,,,,TabletsCaps
QCS00047,,,,,,,,,,,LAB1,,,,,,,,,,FP,,
BATCH00051,Low,Yes,OwnBrand,,,Tablet,,,,,,TL3,,ES,,334636,PLANT_SOLIDS,High,PARA500TAB,,,,TabletsCaps
DEVIAT0008,,,,Critical,Quality,,,,,,,,,,,,,,,,,,
QCS00048,,,,,,,,,,,LAB3,,,,,,,,,,FP,,
BATCH00052,High,No,Contract,,,Injectable,,,,,,INJ1,,UK,,28851,PLANT_PARENTERAL,Medium,CEF1GIV,,,,Units
QCS00049,,,,,,,,,,,LAB3,,,,,,,,,,FP,,
BATCH00053,Low,No,OwnBrand,,,Hormonal,,,,,,HORM2,,PT,,39425,PLANT_SPECIAL,High,EE30TAB,,,,Units
QCS00050,,,,,,,,,,,LAB1,,,,,,,,,,FP,,
BATCH00054,Low,No,OwnBrand,,,Tablet,,,,,,TL2,,ES,,478296,PLANT_SOLIDS,Medium,PARA500TAB,,,,TabletsCaps
QCS00051,,,,,,,,,,,LAB1,,,,,,,,,,FP,,
BATCH00055,Low,Yes,OwnBrand,,,Hormonal,,,,,,HORM1,,PT,,1734,PLANT_SPECIAL,Medium,EE30TAB,,,,Units
QCS00052,,,,,,,,,,,LAB3,,,,,,,,,,FP,,
BATCH00056,Low,No,OwnBrand,,,Hormonal,,,,,,HORM1,,PT,,1229,PLANT_SPECIAL,Medium,EE30TAB,,,,Units
BATCH00057,Low,Yes,OwnBrand,,,Hormonal,,,,,,HORM2,,PT,,18607,PLANT_SPECIAL,High,EE30TAB,,,,Units
QCS00053,,,,,,,,,,,LAB1,,,,,,,,,,FP,,
BATCH00058,Low,No,Contract,,,Device,,,,,,DEV2,,UK,,2010,PLANT_SPECIAL,Low,INHALER,,,,Units
QCS00054,,,,,,,,,,,LAB2,,,,,,,,,,FP,,
BATCH00059,High,No,Contract,,,Capsule,,,,,,CL2,,DE,,57703,PLANT_SOLIDS,High,AMOX500CAP,,,,TabletsCaps
QCS00055,,,,,,,,,,,LAB1,,,,,,,,,,FP,,
BATCH00060,Low,No,Contract,,,Device,,,,,,DEV2,,UK,,10028,PLANT_SPECIAL,Medium,INHALER,,,,Units
QCS00056,,,,,,,,,,,LAB2,,,,,,,,,,FP,,
DEVIAT0009,,,,Major,Quality,,,,,,,,,,,,,,,,,,
QCS00057,,,,,,,,,,,LAB2,,,,,,,,,,FP,,
BATCH00061,Medium,Yes,OwnBrand,,,Injectable,,,,,,INJ2,,FR,,19029,PLANT_PARENTERAL,Low,HEP5000SC,,,,Units
QCS00058,,,,,,,,,,,LAB3,,,,,,,,,,FP,,
BATCH00062,Medium,Yes,OwnBrand,,,Device,,,,,,DEV1,,DE,,6994,PLANT_SPECIAL,Medium,INSUPEN,,,,Units
QCS00059,,,,,,,,,,,LAB2,,,,,,,,,,FP,,
BATCH00063,Medium,No,OwnBrand,,,Tablet,,,,,,TL3,,FR,,350942,PLANT_SOLIDS,Medium,IBUP400TAB,,,,TabletsCaps
QCS00060,,,,,,,,,,,LAB2,,,,,,,,,,FP,,
BATCH00064,Low,Yes,OwnBrand,,,Tablet,,,,,,TL2,,ES,,224215,PLANT_SOLIDS,Medium,PARA500TAB,,,,TabletsCaps
DEVIAT0010,,,,Major,Supply,,,,,,,,,,,,,,,,,,
QCS00061,,,,,,,,,,,LAB3,,,,,,,,,,FP,,
BATCH00065,Medium,No,OwnBrand,,,Device,,,,,,DEV1,,DE,,36858,PLANT_SPECIAL,Medium,INSUPEN,,,,Units
QCS00062,,,,,,,,,,,LAB1,,,,,,,,,,FP,,
BATCH00066,Medium,No,OwnBrand,,,Injectable,,,,,,INJ1,,FR,,3785,PLANT_PARENTERAL,Medium,HEP5000SC,,,,Units
QCS00063,,,,,,,,,,,LAB1,,,,,,,,,,FP,,
BATCH00067,Medium,Yes,OwnBrand,,,Tablet,,,,,,TL3,,FR,,142865,PLANT_SOLIDS,High,IBUP400TAB,,,,TabletsCaps
DEVIAT0011,,,,Major,Process,,,,,,,,,,,,,,,,,,
QCS00064,,,,,,,,,,,LAB2,,,,,,,,,,IPC,,
QCS00065,,,,,,,,,,,LAB3,,,,,,,,,,FP,,
BATCH00068,Medium,No,Contract,,,Hormonal,,,,,,HORM1,,ES,,9463,PLANT_SPECIAL,High,LEVOHORMIMPL,,,,Units
QCS00066,,,,,,,,,,,LAB1,,,,,,,,,,FP,,
DEVIAT0012,,,,Major,Quality,,,,,,,,,,,,,,,,,,
QCS00067,,,,,,,,,,,LAB3,,,,,,,,,,FP,,
BATCH00069,Medium,No,OwnBrand,,,Device,,,,,,DEV2,,DE,,23682,PLANT_SPECIAL,Medium,INSUPEN,,,,Units
QCS00068,,,,,,,,,,,LAB2,,,,,,,,,,FP,,
BATCH00070,High,No,Contract,,,Injectable,,,,,,INJ2,,UK,,39079,PLANT_PARENTERAL,Medium,CEF1GIV,,,,Units
QCS00069,,,,,,,,,,,LAB3,,,,,,,,,,FP,,
BATCH00071,Medium,Yes,OwnBrand,,,Tablet,,,,,,TL1,,FR,,436520,PLANT_SOLIDS,High,IBUP400TAB,,,,TabletsCaps
QCS00070,,,,,,,,,,,LAB2,,,,,,,,,,FP,,
BATCH00072,Low,No,Contract,,,Device,,,,,,DEV1,,UK,,6749,PLANT_SPECIAL,Low,INHALER,,,,Units
BATCH00073,High,No,Contract,,,Capsule,,,,,,CL1,,DE,,184130,PLANT_SOLIDS,Low,AMOX500CAP,,,,TabletsCaps
BATCH00074,High,No,Contract,,,Capsule,,,,,,CL1,,DE,,389232,PLANT_SOLIDS,High,AMOX500CAP,,,,TabletsCaps
QCS00071,,,,,,,,,,,LAB2,,,,,,,,,,FP,,
BATCH00075,Medium,No,OwnBrand,,,Injectable,,,,,,INJ1,,FR,,32375,PLANT_PARENTERAL,High,HEP5000SC,,,,Units
QCS00072,,,,,,,,,,,LAB1,,,,,,,,,,FP,,
BATCH00076,High,No,Contract,,,Injectable,,,,,,INJ2,,UK,,32934,PLANT_PARENTERAL,Medium,CEF1GIV,,,,Units
QCS00073,,,,,,,,,,,LAB2,,,,,,,,,,FP,,
BATCH00077,Low,Yes,OwnBrand,,,Tablet,,,,,,TL1,,ES,,313894,PLANT_SOLIDS,Low,PARA500TAB,,,,TabletsCaps
QCS00074,,,,,,,,,,,LAB1,,,,,,,,,,FP,,
BATCH00078,Medium,No,OwnBrand,,,Tablet,,,,,,TL2,,FR,,206519,PLANT_SOLIDS,High,IBUP400TAB,,,,TabletsCaps
QCS00075,,,,,,,,,,,LAB2,,,,,,,,,,FP,,
BATCH00079,Low,No,OwnBrand,,,Hormonal,,,,,,HORM2,,PT,,3659,PLANT_SPECIAL,Medium,EE30TAB,,,,Units
QCS00076,,,,,,,,,,,LAB3,,,,,,,,,,FP,,
BATCH00080,Medium,No,OwnBrand,,,Tablet,,,,,,TL1,,FR,,204936,PLANT_SOLIDS,Medium,IBUP400TAB,,,,TabletsCaps
QCS00077,,,,,,,,,,,LAB2,,,,,,,,,,FP,,
BATCH00081,Low,No,OwnBrand,,,Hormonal,,,,,,HORM2,,PT,,15457,PLANT_SPECIAL,Medium,EE30TAB,,,,Units
QCS00078,,,,,,,,,,,LAB1,,,,,,,,,,FP,,
BATCH00082,Low,No,Contract,,,Device,,,,,,DEV2,,UK,,33727,PLANT_SPECIAL,Low,INHALER,,,,Units
QCS00079,,,,,,,,,,,LAB2,,,,,,,,,,FP,,
DEVIAT0013,,,,Major,Quality,,,,,,,,,,,,,,,,,,
QCS00080,,,,,,,,,,,LAB2,,,,,,,,,,FP,,
BATCH00083,Low,No,Contract,,,Device,,,,,,DEV1,,UK,,22174,PLANT_SPECIAL,Low,INHALER,,,,Units
BATCH00084,Low,No,Contract,,,Device,,,,,,DEV1,,UK,,18412,PLANT_SPECIAL,Low,INHALER,,,,Units
QCS00081,,,,,,,,,,,LAB1,,,,,,,,,,FP,,
BATCH00085,Medium,No,OwnBrand,,,Device,,,,,,DEV2,,DE,,11945,PLANT_SPECIAL,High,INSUPEN,,,,Units
QCS00082,,,,,,,,,,,LAB2,,,,,,,,,,FP,,
BATCH00086,Low,No,OwnBrand,,,Hormonal,,,,,,HORM2,,PT,,49625,PLANT_SPECIAL,Medium,EE30TAB,,,,Units
QCS00083,,,,,,,,,,,LAB1,,,,,,,,,,FP,,
BATCH00087,High,No,Contract,,,Capsule,,,,,,CL2,,DE,,292805,PLANT_SOLIDS,High,AMOX500CAP,,,,TabletsCaps
QCS00084,,,,,,,,,,,LAB2,,,,,,,,,,FP,,
BATCH00088,Low,No,OwnBrand,,,Capsule,,,,,,CL2,,IT,,117014,PLANT_SOLIDS,Medium,OMEP20CAP,,,,TabletsCaps
QCS00085,,,,,,,,,,,LAB1,,,,,,,,,,FP,,
BATCH00089,Medium,Yes,Contract,,,Hormonal,,,,,,HORM2,,ES,,7005,PLANT_SPECIAL,Low,LEVOHORMIMPL,,,,Units
QCS00086,,,,,,,,,,,LAB1,,,,,,,,,,FP,,
BATCH00090,Medium,No,OwnBrand,,,Device,,,,,,DEV2,,DE,,27380,PLANT_SPECIAL,Medium,INSUPEN,,,,Units
QCS00087,,,,,,,,,,,LAB3,,,,,,,,,,FP,,
BATCH00091,High,No,Contract,,,Capsule,,,,,,CL2,,DE,,160658,PLANT_SOLIDS,High,AMOX500CAP,,,,TabletsCaps
QCS00088,,,,,,,,,,,LAB3,,,,,,,,,,FP,,
BATCH00092,Low,No,OwnBrand,,,Capsule,,,,,,CL2,,IT,,141496,PLANT_SOLIDS,High,OMEP20CAP,,,,TabletsCaps
DEVIAT0014,,,,Major,Supply,,,,,,,,,,,,,,,,,,
QCS00089,,,,,,,,,,,LAB3,,,,,,,,,,FP,,
BATCH00093,Low,No,Contract,,,Device,,,,,,DEV1,,UK,,39727,PLANT_SPECIAL,Low,INHALER,,,,Units
QCS00090,,,,,,,,,,,LAB3,,,,,,,,,,FP,,
BATCH00094,Low,Yes,Contract,,,Device,,,,,,DEV2,,UK,,15130,PLANT_SPECIAL,Medium,INHALER,,,,Units
QCS00091,,,,,,,,,,,LAB3,,,,,,,,,,FP,,
BATCH00095,Medium,Yes,OwnBrand,,,Injectable,,,,,,INJ2,,FR,,13345,PLANT_PARENTERAL,Medium,HEP5000SC,,,,Units
QCS00092,,,,,,,,,,,LAB2,,,,,,,,,,FP,,
BATCH00096,High,No,Contract,,,Injectable,,,,,,INJ1,,UK,,28511,PLANT_PARENTERAL,Low,CEF1GIV,,,,Units
QCS00093,,,,,,,,,,,LAB3,,,,,,,,,,FP,,
BATCH00097,Medium,No,Contract,,,Hormonal,,,,,,HORM1,,ES,,12747,PLANT_SPECIAL,Medium,LEVOHORMIMPL,,,,Units
QCS00094,,,,,,,,,,,LAB2,,,,,,,,,,FP,,
BATCH00098,Low,No,OwnBrand,,,Hormonal,,,,,,HORM1,,PT,,40810,PLANT_SPECIAL,Medium,EE30TAB,,,,Units
QCS00095,,,,,,,,,,,LAB3,,,,,,,,,,FP,,
BATCH00099,Low,Yes,Contract,,,Device,,,,,,DEV2,,UK,,9459,PLANT_SPECIAL,Medium,INHALER,,,,Units
QCS00096,,,,,,,,,,,LAB2,,,,,,,,,,FP,,
BATCH00100,Medium,Yes,OwnBrand,,,Injectable,,,,,,INJ1,,FR,,9936,PLANT_PARENTERAL,Medium,HEP5000SC,,,,Units
QCS00097,,,,,,,,,,,LAB3,,,,,,,,,,FP,,
BATCH00101,Low,No,OwnBrand,,,Capsule,,,,,,CL2,,IT,,146242,PLANT_SOLIDS,Low,OMEP20CAP,,,,TabletsCaps
BATCH00102,Low,No,OwnBrand,,,Capsule,,,,,,CL2,,IT,,424449,PLANT_SOLIDS,Low,OMEP20CAP,,,,TabletsCaps
DEVIAT0015,,,,Major,Process,,,,,,,,,,,,,,,,,,
QCS00098,,,,,,,,,,,LAB3,,,,,,,,,,IPC,,
QCS00099,,,,,,,,,,,LAB2,,,,,,,,,,FP,,
BATCH00103,Medium,No,OwnBrand,,,Device,,,,,,DEV2,,DE,,28664,PLANT_SPECIAL,Medium,INSUPEN,,,,Units
QCS00100,,,,,,,,,,,LAB2,,,,,,,,,,FP,,
BATCH00104,Low,No,OwnBrand,,,Tablet,,,,,,TL2,,ES,,498739,PLANT_SOLIDS,Medium,PARA500TAB,,,,TabletsCaps
DEVIAT0016,,,,Minor,Documentation,,,,,,,,,,,,,,,,,,
QCS00101,,,,,,,,,,,LAB1,,,,,,,,,,FP,,
BATCH00105,Low,No,OwnBrand,,,Tablet,,,,,,TL1,,ES,,288141,PLANT_SOLIDS,Medium,PARA500TAB,,,,TabletsCaps
DEVIAT0017,,,,Major,Process,,,,,,,,,,,,,,,,,,
QCS00102,,,,,,,,,,,LAB3,,,,,,,,,,IPC,,
QCS00103,,,,,,,,,,,LAB1,,,,,,,,,,FP,,
BATCH00106,Medium,Yes,Contract,,,Hormonal,,,,,,HORM1,,ES,,23248,PLANT_SPECIAL,Medium,LEVOHORMIMPL,,,,Units
QCS00104,,,,,,,,,,,LAB2,,,,,,,,,,FP,,
BATCH00107,Low,Yes,Contract,,,Device,,,,,,DEV1,,UK,,44883,PLANT_SPECIAL,Low,INHALER,,,,Units
QCS00105,,,,,,,,,,,LAB2,,,,,,,,,,FP,,
BATCH00108,High,Yes,Contract,,,Injectable,,,,,,INJ1,,UK,,10459,PLANT_PARENTERAL,Low,CEF1GIV,,,,Units
QCS00106,,,,,,,,,,,LAB2,,,,,,,,,,FP,,
DEVIAT0018,,,,Major,Quality,,,,,,,,,,,,,,,,,,
QCS00107,,,,,,,,,,,LAB3,,,,,,,,,,FP,,
BATCH00109,High,No,Contract,,,Capsule,,,,,,CL2,,DE,,273943,PLANT_SOLIDS,Medium,AMOX500CAP,,,,TabletsCaps
DEVIAT0019,,,,Critical,Quality,,,,,,,,,,,,,,,,,,
QCS00108,,,,,,,,,,,LAB3,,,,,,,,,,FP,,
BATCH00110,High,No,Contract,,,Capsule,,,,,,CL2,,DE,,215572,PLANT_SOLIDS,Medium,AMOX500CAP,,,,TabletsCaps
QCS00109,,,,,,,,,,,LAB3,,,,,,,,,,FP,,
DEVIAT0020,,,,Major,Quality,,,,,,,,,,,,,,,,,,
QCS00110,,,,,,,,,,,LAB1,,,,,,,,,,FP,,
BATCH00111,High,No,Contract,,,Injectable,,,,,,INJ1,,UK,,47611,PLANT_PARENTERAL,Medium,CEF1GIV,,,,Units
QCS00111,,,,,,,,,,,LAB3,,,,,,,,,,FP,,
BATCH00112,Low,No,OwnBrand,,,Hormonal,,,,,,HORM2,,PT,,19466,PLANT_SPECIAL,Medium,EE30TAB,,,,Units
QCS00112,,,,,,,,,,,LAB3,,,,,,,,,,FP,,
BATCH00113,Medium,No,Contract,,,Hormonal,,,,,,HORM1,,ES,,27624,PLANT_SPECIAL,High,LEVOHORMIMPL,,,,Units
QCS00113,,,,,,,,,,,LAB2,,,,,,,,,,FP,,
BATCH00114,High,No,Contract,,,Capsule,,,,,,CL2,,DE,,491687,PLANT_SOLIDS,High,AMOX500CAP,,,,TabletsCaps
QCS00114,,,,,,,,,,,LAB3,,,,,,,,,,FP,,
BATCH00115,Low,No,OwnBrand,,,Hormonal,,,,,,HORM1,,PT,,27060,PLANT_SPECIAL,High,EE30TAB,,,,Units
QCS00115,,,,,,,,,,,LAB2,,,,,,,,,,FP,,
DEVIAT0021,,,,Major,Quality,,,,,,,,,,,,,,,,,,
QCS00116,,,,,,,,,,,LAB2,,,,,,,,,,FP,,
BATCH00116,Medium,No,OwnBrand,,,Device,,,,,,DEV1,,DE,,43872,PLANT_SPECIAL,Medium,INSUPEN,,,,Units
QCS00117,,,,,,,,,,,LAB1,,,,,,,,,,FP,,
BATCH00117,Low,Yes,Contract,,,Device,,,,,,DEV2,,UK,,38666,PLANT_SPECIAL,Medium,INHALER,,,,Units
QCS00118,,,,,,,,,,,LAB2,,,,,,,,,,FP,,
BATCH00118,Low,No,OwnBrand,,,Tablet,,,,,,TL3,,ES,,52017,PLANT_SOLIDS,Medium,PARA500TAB,,,,TabletsCaps
DEVIAT0022,,,,Major,Supply,,,,,,,,,,,,,,,,,,
QCS00119,,,,,,,,,,,LAB3,,,,,,,,,,FP,,
BATCH00119,Low,No,Contract,,,Device,,,,,,DEV1,,UK,,44442,PLANT_SPECIAL,High,INHALER,,,,Units
QCS00120,,,,,,,,,,,LAB3,,,,,,,,,,FP,,
BATCH00120,Medium,No,OwnBrand,,,Device,,,,,,DEV1,,DE,,41557,PLANT_SPECIAL,Medium,INSUPEN,,,,Units
QCS00121,,,,,,,,,,,LAB3,,,,,,,,,,FP,,
BATCH00121,High,No,Contract,,,Injectable,,,,,,INJ1,,UK,,29722,PLANT_PARENTERAL,Low,CEF1GIV,,,,Units
QCS00122,,,,,,,,,,,LAB2,,,,,,,,,,FP,,
BATCH00122,Medium,No,OwnBrand,,,Device,,,,,,DEV2,,DE,,25525,PLANT_SPECIAL,Medium,INSUPEN,,,,Units
QCS00123,,,,,,,,,,,LAB2,,,,,,,,,,FP,,
BATCH00123,Medium,No,OwnBrand,,,Injectable,,,,,,INJ2,,FR,,40143,PLANT_PARENTERAL,Low,HEP5000SC,,,,Units
QCS00124,,,,,,,,,,,LAB3,,,,,,,,,,FP,,
BATCH00124,Low,No,OwnBrand,,,Hormonal,,,,,,HORM2,,PT,,36131,PLANT_SPECIAL,Medium,EE30TAB,,,,Units
QCS00125,,,,,,,,,,,LAB3,,,,,,,,,,FP,,
BATCH00125,Medium,No,OwnBrand,,,Injectable,,,,,,INJ1,,FR,,20501,PLANT_PARENTERAL,Medium,HEP5000SC,,,,Units
QCS00126,,,,,,,,,,,LAB3,,,,,,,,,,FP,,
BATCH00126,High,No,Contract,,,Capsule,,,,,,CL1,,DE,,234877,PLANT_SOLIDS,Low,AMOX500CAP,,,,TabletsCaps
QCS00127,,,,,,,,,,,LAB3,,,,,,,,,,FP,,
BATCH00127,Medium,No,Contract,,,Hormonal,,,,,,HORM1,,ES,,49183,PLANT_SPECIAL,Low,LEVOHORMIMPL,,,,Units
QCS00128,,,,,,,,,,,LAB3,,,,,,,,,,FP,,
BATCH00128,Medium,Yes,OwnBrand,,,Injectable,,,,,,INJ1,,FR,,7239,PLANT_PARENTERAL,Low,HEP5000SC,,,,Units
QCS00129,,,,,,,,,,,LAB1,,,,,,,,,,FP,,
DEVIAT0023,,,,Major,Quality,,,,,,,,,,,,,,,,,,
QCS00130,,,,,,,,,,,LAB3,,,,,,,,,,FP,,
BATCH00129,Medium,No,OwnBrand,,,Device,,,,,,DEV1,,DE,,42897,PLANT_SPECIAL,High,INSUPEN,,,,Units
QCS00131,,,,,,,,,,,LAB3,,,,,,,,,,FP,,
BATCH00130,Medium,No,Contract,,,Hormonal,,,,,,HORM1,,ES,,19029,PLANT_SPECIAL,High,LEVOHORMIMPL,,,,Units
BATCH00131,Medium,No,OwnBrand,,,Device,,,,,,DEV2,,DE,,28719,PLANT_SPECIAL,Medium,INSUPEN,,,,Units
QCS00132,,,,,,,,,,,LAB1,,,,,,,,,,FP,,
BATCH00132,Medium,No,OwnBrand,,,Injectable,,,,,,INJ2,,FR,,8947,PLANT_PARENTERAL,Low,HEP5000SC,,,,Units
QCS00133,,,,,,,,,,,LAB2,,,,,,,,,,FP,,
BATCH00133,Low,Yes,OwnBrand,,,Capsule,,,,,,CL1,,IT,,419263,PLANT_SOLIDS,Medium,OMEP20CAP,,,,TabletsCaps
QCS00134,,,,,,,,,,,LAB3,,,,,,,,,,FP,,
BATCH00134,Low,No,OwnBrand,,,Tablet,,,,,,TL1,,ES,,335580,PLANT_SOLIDS,Low,PARA500TAB,,,,TabletsCaps
QCS00135,,,,,,,,,,,LAB3,,,,,,,,,,FP,,
BATCH00135,Medium,No,OwnBrand,,,Device,,,,,,DEV1,,DE,,9871,PLANT_SPECIAL,Medium,INSUPEN,,,,Units
QCS00136,,,,,,,,,,,LAB2,,,,,,,,,,FP,,
BATCH00136,Low,No,OwnBrand,,,Tablet,,,,,,TL3,,ES,,141069,PLANT_SOLIDS,Medium,PARA500TAB,,,,TabletsCaps
DEVIAT0024,,,,Major,Process,,,,,,,,,,,,,,,,,,
QCS00137,,,,,,,,,,,LAB2,,,,,,,,,,IPC,,
QCS00138,,,,,,,,,,,LAB1,,,,,,,,,,FP,,
BATCH00137,High,Yes,Contract,,,Injectable,,,,,,INJ1,,UK,,39708,PLANT_PARENTERAL,Low,CEF1GIV,,,,Units
QCS00139,,,,,,,,,,,LAB1,,,,,,,,,,FP,,
BATCH00138,High,No,Contract,,,Injectable,,,,,,INJ1,,UK,,43939,PLANT_PARENTERAL,Medium,CEF1GIV,,,,Units
QCS00140,,,,,,,,,,,LAB1,,,,,,,,,,FP,,
BATCH00139,High,No,Contract,,,Injectable,,,,,,INJ2,,UK,,2845,PLANT_PARENTERAL,Medium,CEF1GIV,,,,Units
QCS00141,,,,,,,,,,,LAB2,,,,,,,,,,FP,,
BATCH00140,Low,No,OwnBrand,,,Hormonal,,,,,,HORM2,,PT,,46512,PLANT_SPECIAL,High,EE30TAB,,,,Units
QCS00142,,,,,,,,,,,LAB3,,,,,,,,,,FP,,
BATCH00141,Low,No,OwnBrand,,,Tablet,,,,,,TL3,,ES,,286700,PLANT_SOLIDS,Medium,PARA500TAB,,,,TabletsCaps
QCS00143,,,,,,,,,,,LAB1,,,,,,,,,,FP,,
BATCH00142,High,Yes,Contract,,,Injectable,,,,,,INJ1,,UK,,27677,PLANT_PARENTERAL,Medium,CEF1GIV,,,,Units
QCS00144,,,,,,,,,,,LAB2,,,,,,,,,,FP,,
BATCH00143,Medium,No,OwnBrand,,,Injectable,,,,,,INJ2,,FR,,7184,PLANT_PARENTERAL,Medium,HEP5000SC,,,,Units
QCS00145,,,,,,,,,,,LAB2,,,,,,,,,,FP,,
BATCH00144,Low,No,OwnBrand,,,Hormonal,,,,,,HORM2,,PT,,32389,PLANT_SPECIAL,Low,EE30TAB,,,,Units
QCS00146,,,,,,,,,,,LAB3,,,,,,,,,,FP,,
BATCH00145,High,No,Contract,,,Capsule,,,,,,CL1,,DE,,461787,PLANT_SOLIDS,Medium,AMOX500CAP,,,,TabletsCaps
QCS00147,,,,,,,,,,,LAB3,,,,,,,,,,FP,,
BATCH00146,Low,No,OwnBrand,,,Tablet,,,,,,TL1,,ES,,59528,PLANT_SOLIDS,Medium,PARA500TAB,,,,TabletsCaps
QCS00148,,,,,,,,,,,LAB3,,,,,,,,,,FP,,
DEVIAT0025,,,,Major,Quality,,,,,,,,,,,,,,,,,,
QCS00149,,,,,,,,,,,LAB3,,,,,,,,,,FP,,
BATCH00147,Low,No,OwnBrand,,,Tablet,,,,,,TL3,,ES,,466891,PLANT_SOLIDS,Medium,PARA500TAB,,,,TabletsCaps
QCS00150,,,,,,,,,,,LAB2,,,,,,,,,,FP,,
BATCH00148,Medium,No,OwnBrand,,,Injectable,,,,,,INJ2,,FR,,22608,PLANT_PARENTERAL,Medium,HEP5000SC,,,,Units
QCS00151,,,,,,,,,,,LAB1,,,,,,,,,,FP,,
BATCH00149,Medium,No,OwnBrand,,,Device,,,,,,DEV1,,DE,,46135,PLANT_SPECIAL,Medium,INSUPEN,,,,Units
QCS00152,,,,,,,,,,,LAB2,,,,,,,,,,FP,,
BATCH00150,High,Yes,Contract,,,Capsule,,,,,,CL2,,DE,,106194,PLANT_SOLIDS,Low,AMOX500CAP,,,,TabletsCaps
QCS00153,,,,,,,,,,,LAB1,,,,,,,,,,FP,,
BATCH00151,High,No,Contract,,,Capsule,,,,,,CL2,,DE,,85989,PLANT_SOLIDS,High,AMOX500CAP,,,,TabletsCaps
QCS00154,,,,,,,,,,,LAB2,,,,,,,,,,FP,,
BATCH00152,Medium,Yes,OwnBrand,,,Tablet,,,,,,TL2,,FR,,174045,PLANT_SOLIDS,Medium,IBUP400TAB,,,,TabletsCaps
DEVIAT0026,,,,Major,Process,,,,,,,,,,,,,,,,,,
QCS00155,,,,,,,,,,,LAB1,,,,,,,,,,IPC,,
QCS00156,,,,,,,,,,,LAB3,,,,,,,,,,FP,,
BATCH00153,High,No,Contract,,,Injectable,,,,,,INJ1,,UK,,41724,PLANT_PARENTERAL,Low,CEF1GIV,,,,Units
QCS00157,,,,,,,,,,,LAB1,,,,,,,,,,FP,,
BATCH00154,Low,No,OwnBrand,,,Hormonal,,,,,,HORM1,,PT,,8239,PLANT_SPECIAL,High,EE30TAB,,,,Units
QCS00158,,,,,,,,,,,LAB1,,,,,,,,,,FP,,
BATCH00155,Medium,Yes,OwnBrand,,,Device,,,,,,DEV1,,DE,,48449,PLANT_SPECIAL,Medium,INSUPEN,,,,Units
QCS00159,,,,,,,,,,,LAB1,,,,,,,,,,FP,,
BATCH00156,Low,Yes,OwnBrand,,,Capsule,,,,,,CL2,,IT,,124594,PLANT_SOLIDS,Low,OMEP20CAP,,,,TabletsCaps
DEVIAT0027,,,,Major,Process,,,,,,,,,,,,,,,,,,
QCS00160,,,,,,,,,,,LAB1,,,,,,,,,,IPC,,
QCS00161,,,,,,,,,,,LAB3,,,,,,,,,,FP,,
BATCH00157,High,Yes,Contract,,,Capsule,,,,,,CL2,,DE,,408478,PLANT_SOLIDS,Medium,AMOX500CAP,,,,TabletsCaps
QCS00162,,,,,,,,,,,LAB2,,,,,,,,,,FP,,
BATCH00158,Medium,Yes,Contract,,,Hormonal,,,,,,HORM1,,ES,,28230,PLANT_SPECIAL,Low,LEVOHORMIMPL,,,,Units
QCS00163,,,,,,,,,,,LAB1,,,,,,,,,,FP,,
BATCH00159,Medium,No,Contract,,,Hormonal,,,,,,HORM1,,ES,,1965,PLANT_SPECIAL,Medium,LEVOHORMIMPL,,,,Units
QCS00164,,,,,,,,,,,LAB1,,,,,,,,,,FP,,
BATCH00160,High,Yes,Contract,,,Capsule,,,,,,CL1,,DE,,218744,PLANT_SOLIDS,High,AMOX500CAP,,,,TabletsCaps
QCS00165,,,,,,,,,,,LAB3,,,,,,,,,,FP,,
BATCH00161,Low,Yes,OwnBrand,,,Tablet,,,,,,TL1,,ES,,208034,PLANT_SOLIDS,Low,PARA500TAB,,,,TabletsCaps
QCS00166,,,,,,,,,,,LAB2,,,,,,,,,,FP,,
BATCH00162,High,No,Contract,,,Injectable,,,,,,INJ2,,UK,,28565,PLANT_PARENTERAL,Medium,CEF1GIV,,,,Units
QCS00167,,,,,,,,,,,LAB2,,,,,,,,,,FP,,
BATCH00163,Low,No,OwnBrand,,,Capsule,,,,,,CL2,,IT,,59888,PLANT_SOLIDS,Medium,OMEP20CAP,,,,TabletsCaps
QCS00168,,,,,,,,,,,LAB3,,,,,,,,,,FP,,
BATCH00164,Low,No,OwnBrand,,,Capsule,,,,,,CL1,,IT,,457013,PLANT_SOLIDS,Low,OMEP20CAP,,,,TabletsCaps
QCS00169,,,,,,,,,,,LAB1,,,,,,,,,,FP,,
BATCH00165,High,No,Contract,,,Capsule,,,,,,CL2,,DE,,85440,PLANT_SOLIDS,Medium,AMOX500CAP,,,,TabletsCaps
BATCH00166,Medium,Yes,Contract,,,Hormonal,,,,,,HORM1,,ES,,27636,PLANT_SPECIAL,Medium,LEVOHORMIMPL,,,,Units
QCS00170,,,,,,,,,,,LAB2,,,,,,,,,,FP,,
BATCH00167,Medium,No,Contract,,,Hormonal,,,,,,HORM2,,ES,,33755,PLANT_SPECIAL,Medium,LEVOHORMIMPL,,,,Units
QCS00171,,,,,,,,,,,LAB3,,,,,,,,,,FP,,
BATCH00168,High,No,Contract,,,Injectable,,,,,,INJ1,,UK,,41421,PLANT_PARENTERAL,High,CEF1GIV,,,,Units
QCS00172,,,,,,,,,,,LAB2,,,,,,,,,,FP,,
BATCH00169,Medium,Yes,OwnBrand,,,Tablet,,,,,,TL2,,FR,,293559,PLANT_SOLIDS,Medium,IBUP400TAB,,,,TabletsCaps
DEVIAT0028,,,,Major,Process,,,,,,,,,,,,,,,,,,
QCS00173,,,,,,,,,,,LAB2,,,,,,,,,,IPC,,
QCS00174,,,,,,,,,,,LAB3,,,,,,,,,,FP,,
BATCH00170,Low,No,OwnBrand,,,Tablet,,,,,,TL1,,ES,,233392,PLANT_SOLIDS,High,PARA500TAB,,,,TabletsCaps
DEVIAT0029,,,,Major,Process,,,,,,,,,,,,,,,,,,
QCS00175,,,,,,,,,,,LAB3,,,,,,,,,,IPC,,
QCS00176,,,,,,,,,,,LAB1,,,,,,,,,,FP,,
BATCH00171,Low,No,Contract,,,Device,,,,,,DEV2,,UK,,2533,PLANT_SPECIAL,High,INHALER,,,,Units
QCS00177,,,,,,,,,,,LAB2,,,,,,,,,,FP,,
BATCH00172,Low,No,OwnBrand,,,Capsule,,,,,,CL1,,IT,,132248,PLANT_SOLIDS,Medium,OMEP20CAP,,,,TabletsCaps
DEVIAT0030,,,,Major,Supply,,,,,,,,,,,,,,,,,,
QCS00178,,,,,,,,,,,LAB3,,,,,,,,,,FP,,
BATCH00173,High,No,Contract,,,Capsule,,,,,,CL2,,DE,,495540,PLANT_SOLIDS,Low,AMOX500CAP,,,,TabletsCaps
QCS00179,,,,,,,,,,,LAB3,,,,,,,,,,FP,,
BATCH00174,Medium,No,Contract,,,Hormonal,,,,,,HORM2,,ES,,21249,PLANT_SPECIAL,Medium,LEVOHORMIMPL,,,,Units
BATCH00175,Medium,No,OwnBrand,,,Tablet,,,,,,TL3,,FR,,119436,PLANT_SOLIDS,Low,IBUP400TAB,,,,TabletsCaps
BATCH00176,Medium,No,OwnBrand,,,Device,,,,,,DEV2,,DE,,17506,PLANT_SPECIAL,High,INSUPEN,,,,Units
QCS00180,,,,,,,,,,,LAB2,,,,,,,,,,FP,,
BATCH00177,Medium,Yes,OwnBrand,,,Tablet,,,,,,TL2,,FR,,174656,PLANT_SOLIDS,Low,IBUP400TAB,,,,TabletsCaps
QCS00181,,,,,,,,,,,LAB1,,,,,,,,,,FP,,
BATCH00178,Low,No,OwnBrand,,,Hormonal,,,,,,HORM1,,PT,,14695,PLANT_SPECIAL,Medium,EE30TAB,,,,Units
QCS00182,,,,,,,,,,,LAB3,,,,,,,,,,FP,,
BATCH00179,Low,No,OwnBrand,,,Hormonal,,,,,,HORM2,,PT,,9213,PLANT_SPECIAL,Medium,EE30TAB,,,,Units
QCS00183,,,,,,,,,,,LAB2,,,,,,,,,,FP,,
BATCH00180,High,No,Contract,,,Injectable,,,,,,INJ1,,UK,,19839,PLANT_PARENTERAL,High,CEF1GIV,,,,Units
QCS00184,,,,,,,,,,,LAB1,,,,,,,,,,FP,,
BATCH00181,High,No,Contract,,,Capsule,,,,,,CL1,,DE,,134054,PLANT_SOLIDS,Low,AMOX500CAP,,,,TabletsCaps
QCS00185,,,,,,,,,,,LAB1,,,,,,,,,,FP,,
BATCH00182,Low,No,OwnBrand,,,Capsule,,,,,,CL2,,IT,,140945,PLANT_SOLIDS,Medium,OMEP20CAP,,,,TabletsCaps
BATCH00183,Low,Yes,Contract,,,Device,,,,,,DEV2,,UK,,19554,PLANT_SPECIAL,Low,INHALER,,,,Units
QCS00186,,,,,,,,,,,LAB2,,,,,,,,,,FP,,
BATCH00184,Medium,Yes,Contract,,,Hormonal,,,,,,HORM2,,ES,,23294,PLANT_SPECIAL,Low,LEVOHORMIMPL,,,,Units
QCS00187,,,,,,,,,,,LAB2,,,,,,,,,,FP,,
BATCH00185,Low,No,OwnBrand,,,Capsule,,,,,,CL2,,IT,,491485,PLANT_SOLIDS,Low,OMEP20CAP,,,,TabletsCaps
QCS00188,,,,,,,,,,,LAB2,,,,,,,,,,FP,,
BATCH00186,Medium,No,OwnBrand,,,Tablet,,,,,,TL2,,FR,,402301,PLANT_SOLIDS,High,IBUP400TAB,,,,TabletsCaps
BATCH00187,Low,No,OwnBrand,,,Tablet,,,,,,TL2,,ES,,431546,PLANT_SOLIDS,High,PARA500TAB,,,,TabletsCaps
QCS00189,,,,,,,,,,,LAB3,,,,,,,,,,FP,,
BATCH00188,Low,No,Contract,,,Device,,,,,,DEV1,,UK,,1726,PLANT_SPECIAL,Medium,INHALER,,,,Units
QCS00190,,,,,,,,,,,LAB3,,,,,,,,,,FP,,
BATCH00189,High,No,Contract,,,Capsule,,,,,,CL1,,DE,,435296,PLANT_SOLIDS,Low,AMOX500CAP,,,,TabletsCaps
QCS00191,,,,,,,,,,,LAB3,,,,,,,,,,FP,,
DEVIAT0031,,,,Major,Quality,,,,,,,,,,,,,,,,,,
QCS00192,,,,,,,,,,,LAB2,,,,,,,,,,FP,,
BATCH00190,Medium,Yes,OwnBrand,,,Tablet,,,,,,TL3,,FR,,288766,PLANT_SOLIDS,Medium,IBUP400TAB,,,,TabletsCaps
QCS00193,,,,,,,,,,,LAB3,,,,,,,,,,FP,,
BATCH00191,Medium,Yes,OwnBrand,,,Device,,,,,,DEV1,,DE,,33147,PLANT_SPECIAL,Medium,INSUPEN,,,,Units
QCS00194,,,,,,,,,,,LAB3,,,,,,,,,,FP,,
BATCH00192,Low,No,Contract,,,Device,,,,,,DEV1,,UK,,8402,PLANT_SPECIAL,Medium,INHALER,,,,Units
QCS00195,,,,,,,,,,,LAB1,,,,,,,,,,FP,,
BATCH00193,Medium,No,OwnBrand,,,Device,,,,,,DEV1,,DE,,28150,PLANT_SPECIAL,High,INSUPEN,,,,Units
QCS00196,,,,,,,,,,,LAB1,,,,,,,,,,FP,,
BATCH00194,Low,Yes,OwnBrand,,,Tablet,,,,,,TL1,,ES,,66298,PLANT_SOLIDS,High,PARA500TAB,,,,TabletsCaps
DEVIAT0032,,,,Minor,Documentation,,,,,,,,,,,,,,,,,,
QCS00197,,,,,,,,,,,LAB3,,,,,,,,,,FP,,
BATCH00195,Medium,No,OwnBrand,,,Tablet,,,,,,TL1,,FR,,469330,PLANT_SOLIDS,Low,IBUP400TAB,,,,TabletsCaps
DEVIAT0033,,,,Major,Supply,,,,,,,,,,,,,,,,,,
QCS00198,,,,,,,,,,,LAB3,,,,,,,,,,FP,,
BATCH00196,High,No,Contract,,,Capsule,,,,,,CL2,,DE,,135095,PLANT_SOLIDS,Medium,AMOX500CAP,,,,TabletsCaps
QCS00199,,,,,,,,,,,LAB2,,,,,,,,,,FP,,
BATCH00197,Low,Yes,OwnBrand,,,Capsule,,,,,,CL2,,IT,,184134,PLANT_SOLIDS,Low,OMEP20CAP,,,,TabletsCaps
BATCH00198,Low,No,Contract,,,Device,,,,,,DEV2,,UK,,33663,PLANT_SPECIAL,Medium,INHALER,,,,Units
QCS00200,,,,,,,,,,,LAB1,,,,,,,,,,FP,,
BATCH00199,Low,No,OwnBrand,,,Hormonal,,,,,,HORM1,,PT,,1726,PLANT_SPECIAL,Low,EE30TAB,,,,Units
QCS00201,,,,,,,,,,,LAB2,,,,,,,,,,FP,,
DEVIAT0034,,,,Major,Quality,,,,,,,,,,,,,,,,,,
QCS00202,,,,,,,,,,,LAB1,,,,,,,,,,FP,,
BATCH00200,Medium,No,OwnBrand,,,Injectable,,,,,,INJ1,,FR,,40526,PLANT_PARENTERAL,High,HEP5000SC,,,,Units
QCS00203,,,,,,,,,,,LAB3,,,,,,,,,,FP,,
BATCH00201,Medium,Yes,OwnBrand,,,Device,,,,,,DEV2,,DE,,9676,PLANT_SPECIAL,Low,INSUPEN,,,,Units
QCS00204,,,,,,,,,,,LAB1,,,,,,,,,,FP,,
BATCH00202,Medium,No,OwnBrand,,,Device,,,,,,DEV1,,DE,,43535,PLANT_SPECIAL,Low,INSUPEN,,,,Units
QCS00205,,,,,,,,,,,LAB2,,,,,,,,,,FP,,
BATCH00203,Low,Yes,Contract,,,Device,,,,,,DEV2,,UK,,27522,PLANT_SPECIAL,High,INHALER,,,,Units
DEVIAT0035,,,,Minor,Documentation,,,,,,,,,,,,,,,,,,
QCS00206,,,,,,,,,,,LAB3,,,,,,,,,,FP,,
BATCH00204,Low,No,OwnBrand,,,Tablet,,,,,,TL2,,ES,,308674,PLANT_SOLIDS,High,PARA500TAB,,,,TabletsCaps
QCS00207,,,,,,,,,,,LAB2,,,,,,,,,,FP,,
BATCH00205,High,No,Contract,,,Injectable,,,,,,INJ2,,UK,,26134,PLANT_PARENTERAL,Medium,CEF1GIV,,,,Units
QCS00208,,,,,,,,,,,LAB2,,,,,,,,,,FP,,
BATCH00206,Medium,No,OwnBrand,,,Injectable,,,,,,INJ2,,FR,,8682,PLANT_PARENTERAL,High,HEP5000SC,,,,Units
QCS00209,,,,,,,,,,,LAB3,,,,,,,,,,FP,,
BATCH00207,High,No,Contract,,,Capsule,,,,,,CL2,,DE,,97470,PLANT_SOLIDS,Medium,AMOX500CAP,,,,TabletsCaps
QCS00210,,,,,,,,,,,LAB3,,,,,,,,,,FP,,
BATCH00208,Low,No,Contract,,,Device,,,,,,DEV1,,UK,,36445,PLANT_SPECIAL,Medium,INHALER,,,,Units
QCS00211,,,,,,,,,,,LAB3,,,,,,,,,,FP,,
BATCH00209,Medium,No,Contract,,,Hormonal,,,,,,HORM2,,ES,,18867,PLANT_SPECIAL,Medium,LEVOHORMIMPL,,,,Units
QCS00212,,,,,,,,,,,LAB2,,,,,,,,,,FP,,
BATCH00210,Low,No,OwnBrand,,,Tablet,,,,,,TL1,,ES,,442712,PLANT_SOLIDS,High,PARA500TAB,,,,TabletsCaps
QCS00213,,,,,,,,,,,LAB3,,,,,,,,,,FP,,
BATCH00211,Low,Yes,OwnBrand,,,Capsule,,,,,,CL1,,IT,,360569,PLANT_SOLIDS,Medium,OMEP20CAP,,,,TabletsCaps
QCS00214,,,,,,,,,,,LAB3,,,,,,,,,,FP,,
BATCH00212,Medium,No,Contract,,,Hormonal,,,,,,HORM2,,ES,,44357,PLANT_SPECIAL,Medium,LEVOHORMIMPL,,,,Units
QCS00215,,,,,,,,,,,LAB2,,,,,,,,,,FP,,
BATCH00213,Low,No,OwnBrand,,,Tablet,,,,,,TL2,,ES,,416692,PLANT_SOLIDS,Low,PARA500TAB,,,,TabletsCaps
QCS00216,,,,,,,,,,,LAB1,,,,,,,,,,FP,,
BATCH00214,Medium,Yes,OwnBrand,,,Tablet,,,,,,TL2,,FR,,310597,PLANT_SOLIDS,Medium,IBUP400TAB,,,,TabletsCaps
QCS00217,,,,,,,,,,,LAB2,,,,,,,,,,FP,,
BATCH00215,Medium,No,OwnBrand,,,Device,,,,,,DEV2,,DE,,29490,PLANT_SPECIAL,Low,INSUPEN,,,,Units
QCS00218,,,,,,,,,,,LAB3,,,,,,,,,,FP,,
BATCH00216,Low,No,OwnBrand,,,Tablet,,,,,,TL3,,ES,,238681,PLANT_SOLIDS,Low,PARA500TAB,,,,TabletsCaps
QCS00219,,,,,,,,,,,LAB2,,,,,,,,,,FP,,
BATCH00217,Low,No,Contract,,,Device,,,,,,DEV1,,UK,,15669,PLANT_SPECIAL,Medium,INHALER,,,,Units
QCS00220,,,,,,,,,,,LAB1,,,,,,,,,,FP,,
BATCH00218,Medium,Yes,OwnBrand,,,Injectable,,,,,,INJ1,,FR,,26493,PLANT_PARENTERAL,Low,HEP5000SC,,,,Units
QCS00221,,,,,,,,,,,LAB2,,,,,,,,,,FP,,
DEVIAT0036,,,,Major,Quality,,,,,,,,,,,,,,,,,,
QCS00222,,,,,,,,,,,LAB2,,,,,,,,,,FP,,
BATCH00219,Low,Yes,OwnBrand,,,Capsule,,,,,,CL2,,IT,,468156,PLANT_SOLIDS,Medium,OMEP20CAP,,,,TabletsCaps
DEVIAT0037,,,,Major,Supply,,,,,,,,,,,,,,,,,,
QCS00223,,,,,,,,,,,LAB3,,,,,,,,,,FP,,
BATCH00220,Low,No,OwnBrand,,,Hormonal,,,,,,HORM1,,PT,,34315,PLANT_SPECIAL,Low,EE30TAB,,,,Units
QCS00224,,,,,,,,,,,LAB3,,,,,,,,,,FP,,
BATCH00221,High,No,Contract,,,Injectable,,,,,,INJ1,,UK,,10366,PLANT_PARENTERAL,Low,CEF1GIV,,,,Units
QCS00225,,,,,,,,,,,LAB1,,,,,,,,,,FP,,
BATCH00222,High,No,Contract,,,Capsule,,,,,,CL1,,DE,,478144,PLANT_SOLIDS,Low,AMOX500CAP,,,,TabletsCaps
BATCH00223,High,No,Contract,,,Capsule,,,,,,CL1,,DE,,286061,PLANT_SOLIDS,High,AMOX500CAP,,,,TabletsCaps
DEVIAT0038,,,,Critical,Quality,,,,,,,,,,,,,,,,,,
QCS00226,,,,,,,,,,,LAB2,,,,,,,,,,FP,,
BATCH00224,Low,No,OwnBrand,,,Capsule,,,,,,CL1,,IT,,498956,PLANT_SOLIDS,Medium,OMEP20CAP,,,,TabletsCaps
QCS00227,,,,,,,,,,,LAB2,,,,,,,,,,FP,,
BATCH00225,High,No,Contract,,,Injectable,,,,,,INJ2,,UK,,29242,PLANT_PARENTERAL,High,CEF1GIV,,,,Units
QCS00228,,,,,,,,,,,LAB1,,,,,,,,,,FP,,
BATCH00226,Medium,No,OwnBrand,,,Device,,,,,,DEV1,,DE,,21858,PLANT_SPECIAL,High,INSUPEN,,,,Units
QCS00229,,,,,,,,,,,LAB2,,,,,,,,,,FP,,
BATCH00227,Low,No,Contract,,,Device,,,,,,DEV2,,UK,,40084,PLANT_SPECIAL,Low,INHALER,,,,Units
QCS00230,,,,,,,,,,,LAB3,,,,,,,,,,FP,,
BATCH00228,Medium,No,OwnBrand,,,Device,,,,,,DEV1,,DE,,10198,PLANT_SPECIAL,High,INSUPEN,,,,Units
QCS00231,,,,,,,,,,,LAB3,,,,,,,,,,FP,,
BATCH00229,Medium,Yes,OwnBrand,,,Tablet,,,,,,TL3,,FR,,211880,PLANT_SOLIDS,Low,IBUP400TAB,,,,TabletsCaps
QCS00232,,,,,,,,,,,LAB2,,,,,,,,,,FP,,
BATCH00230,Medium,No,Contract,,,Hormonal,,,,,,HORM2,,ES,,32494,PLANT_SPECIAL,Medium,LEVOHORMIMPL,,,,Units
QCS00233,,,,,,,,,,,LAB3,,,,,,,,,,FP,,
BATCH00231,High,No,Contract,,,Capsule,,,,,,CL2,,DE,,430073,PLANT_SOLIDS,Medium,AMOX500CAP,,,,TabletsCaps
QCS00234,,,,,,,,,,,LAB1,,,,,,,,,,FP,,
BATCH00232,Medium,No,OwnBrand,,,Tablet,,,,,,TL3,,FR,,464744,PLANT_SOLIDS,Low,IBUP400TAB,,,,TabletsCaps
DEVIAT0039,,,,Critical,Quality,,,,,,,,,,,,,,,,,,
QCS00235,,,,,,,,,,,LAB2,,,,,,,,,,FP,,
BATCH00233,High,No,Contract,,,Capsule,,,,,,CL1,,DE,,409267,PLANT_SOLIDS,Low,AMOX500CAP,,,,TabletsCaps
DEVIAT0040,,,,Major,Process,,,,,,,,,,,,,,,,,,
QCS00236,,,,,,,,,,,LAB3,,,,,,,,,,IPC,,
QCS00237,,,,,,,,,,,LAB1,,,,,,,,,,FP,,
BATCH00234,Low,No,OwnBrand,,,Tablet,,,,,,TL1,,ES,,74681,PLANT_SOLIDS,Medium,PARA500TAB,,,,TabletsCaps
QCS00238,,,,,,,,,,,LAB3,,,,,,,,,,FP,,
BATCH00235,Medium,No,OwnBrand,,,Injectable,,,,,,INJ2,,FR,,1869,PLANT_PARENTERAL,Low,HEP5000SC,,,,Units
QCS00239,,,,,,,,,,,LAB2,,,,,,,,,,FP,,
BATCH00236,Medium,No,OwnBrand,,,Tablet,,,,,,TL2,,FR,,83497,PLANT_SOLIDS,Low,IBUP400TAB,,,,TabletsCaps
QCS00240,,,,,,,,,,,LAB2,,,,,,,,,,FP,,
BATCH00237,High,No,Contract,,,Injectable,,,,,,INJ2,,UK,,28941,PLANT_PARENTERAL,Medium,CEF1GIV,,,,Units
QCS00241,,,,,,,,,,,LAB3,,,,,,,,,,FP,,
BATCH00238,Low,Yes,OwnBrand,,,Hormonal,,,,,,HORM1,,PT,,47574,PLANT_SPECIAL,Medium,EE30TAB,,,,Units
QCS00242,,,,,,,,,,,LAB2,,,,,,,,,,FP,,
BATCH00239,Medium,Yes,OwnBrand,,,Injectable,,,,,,INJ2,,FR,,43618,PLANT_PARENTERAL,Low,HEP5000SC,,,,Units
QCS00243,,,,,,,,,,,LAB1,,,,,,,,,,FP,,
BATCH00240,High,No,Contract,,,Capsule,,,,,,CL1,,DE,,331025,PLANT_SOLIDS,Medium,AMOX500CAP,,,,TabletsCaps
DEVIAT0041,,,,Major,Supply,,,,,,,,,,,,,,,,,,
QCS00244,,,,,,,,,,,LAB1,,,,,,,,,,FP,,
BATCH00241,Low,No,OwnBrand,,,Tablet,,,,,,TL1,,ES,,465987,PLANT_SOLIDS,Medium,PARA500TAB,,,,TabletsCaps
QCS00245,,,,,,,,,,,LAB2,,,,,,,,,,FP,,
BATCH00242,Medium,No,OwnBrand,,,Injectable,,,,,,INJ1,,FR,,31010,PLANT_PARENTERAL,Low,HEP5000SC,,,,Units
QCS00246,,,,,,,,,,,LAB1,,,,,,,,,,FP,,
BATCH00243,Low,No,Contract,,,Device,,,,,,DEV1,,UK,,2725,PLANT_SPECIAL,Medium,INHALER,,,,Units
QCS00247,,,,,,,,,,,LAB1,,,,,,,,,,FP,,
BATCH00244,Medium,No,OwnBrand,,,Injectable,,,,,,INJ2,,FR,,20163,PLANT_PARENTERAL,Medium,HEP5000SC,,,,Units
QCS00248,,,,,,,,,,,LAB1,,,,,,,,,,FP,,
BATCH00245,Medium,No,OwnBrand,,,Tablet,,,,,,TL1,,FR,,181161,PLANT_SOLIDS,Low,IBUP400TAB,,,,TabletsCaps
QCS00249,,,,,,,,,,,LAB1,,,,,,,,,,FP,,
BATCH00246,Medium,No,OwnBrand,,,Injectable,,,,,,INJ2,,FR,,12744,PLANT_PARENTERAL,High,HEP5000SC,,,,Units
QCS00250,,,,,,,,,,,LAB2,,,,,,,,,,FP,,
BATCH00247,Low,No,OwnBrand,,,Capsule,,,,,,CL1,,IT,,495018,PLANT_SOLIDS,Medium,OMEP20CAP,,,,TabletsCaps
DEVIAT0042,,,,Major,Process,,,,,,,,,,,,,,,,,,
QCS00251,,,,,,,,,,,LAB3,,,,,,,,,,IPC,,
QCS00252,,,,,,,,,,,LAB3,,,,,,,,,,FP,,
BATCH00248,Low,No,Contract,,,Device,,,,,,DEV2,,UK,,22989,PLANT_SPECIAL,Medium,INHALER,,,,Units
QCS00253,,,,,,,,,,,LAB1,,,,,,,,,,FP,,
BATCH00249,Medium,No,OwnBrand,,,Injectable,,,,,,INJ2,,FR,,7036,PLANT_PARENTERAL,Medium,HEP5000SC,,,,Units
QCS00254,,,,,,,,,,,LAB1,,,,,,,,,,FP,,
BATCH00250,High,No,Contract,,,Injectable,,,,,,INJ2,,UK,,29462,PLANT_PARENTERAL,Medium,CEF1GIV,,,,Units
QCS00255,,,,,,,,,,,LAB1,,,,,,,,,,FP,,
BATCH00251,Medium,No,OwnBrand,,,Device,,,,,,DEV2,,DE,,33781,PLANT_SPECIAL,Medium,INSUPEN,,,,Units
QCS00256,,,,,,,,,,,LAB1,,,,,,,,,,FP,,
BATCH00252,Low,No,OwnBrand,,,Tablet,,,,,,TL2,,ES,,412352,PLANT_SOLIDS,High,PARA500TAB,,,,TabletsCaps
QCS00257,,,,,,,,,,,LAB2,,,,,,,,,,FP,,
BATCH00253,High,No,Contract,,,Capsule,,,,,,CL2,,DE,,491685,PLANT_SOLIDS,Medium,AMOX500CAP,,,,TabletsCaps
QCS00258,,,,,,,,,,,LAB3,,,,,,,,,,FP,,
BATCH00254,Low,Yes,OwnBrand,,,Capsule,,,,,,CL1,,IT,,67228,PLANT_SOLIDS,Low,OMEP20CAP,,,,TabletsCaps
QCS00259,,,,,,,,,,,LAB1,,,,,,,,,,FP,,
BATCH00255,High,Yes,Contract,,,Injectable,,,,,,INJ1,,UK,,48734,PLANT_PARENTERAL,High,CEF1GIV,,,,Units
QCS00260,,,,,,,,,,,LAB2,,,,,,,,,,FP,,
BATCH00256,Low,No,Contract,,,Device,,,,,,DEV1,,UK,,17151,PLANT_SPECIAL,Medium,INHALER,,,,Units
QCS00261,,,,,,,,,,,LAB1,,,,,,,,,,FP,,
DEVIAT0043,,,,Major,Quality,,,,,,,,,,,,,,,,,,
QCS00262,,,,,,,,,,,LAB1,,,,,,,,,,FP,,
BATCH00257,Medium,Yes,Contract,,,Hormonal,,,,,,HORM1,,ES,,11588,PLANT_SPECIAL,Medium,LEVOHORMIMPL,,,,Units
QCS00263,,,,,,,,,,,LAB3,,,,,,,,,,FP,,
BATCH00258,High,No,Contract,,,Capsule,,,,,,CL1,,DE,,232636,PLANT_SOLIDS,High,AMOX500CAP,,,,TabletsCaps
DEVIAT0044,,,,Critical,Quality,,,,,,,,,,,,,,,,,,
QCS00264,,,,,,,,,,,LAB1,,,,,,,,,,FP,,
BATCH00259,Medium,No,OwnBrand,,,Injectable,,,,,,INJ2,,FR,,26587,PLANT_PARENTERAL,Medium,HEP5000SC,,,,Units
QCS00265,,,,,,,,,,,LAB3,,,,,,,,,,FP,,
BATCH00260,Medium,No,OwnBrand,,,Tablet,,,,,,TL2,,FR,,392836,PLANT_SOLIDS,High,IBUP400TAB,,,,TabletsCaps
QCS00266,,,,,,,,,,,LAB3,,,,,,,,,,FP,,
BATCH00261,Low,Yes,OwnBrand,,,Hormonal,,,,,,HORM1,,PT,,13594,PLANT_SPECIAL,High,EE30TAB,,,,Units
QCS00267,,,,,,,,,,,LAB1,,,,,,,,,,FP,,
DEVIAT0045,,,,Major,Quality,,,,,,,,,,,,,,,,,,
QCS00268,,,,,,,,,,,LAB2,,,,,,,,,,FP,,
BATCH00262,Low,Yes,OwnBrand,,,Tablet,,,,,,TL2,,ES,,201659,PLANT_SOLIDS,Medium,PARA500TAB,,,,TabletsCaps
QCS00269,,,,,,,,,,,LAB1,,,,,,,,,,FP,,
BATCH00263,Low,No,OwnBrand,,,Hormonal,,,,,,HORM2,,PT,,19863,PLANT_SPECIAL,High,EE30TAB,,,,Units
QCS00270,,,,,,,,,,,LAB2,,,,,,,,,,FP,,
BATCH00264,Medium,No,OwnBrand,,,Injectable,,,,,,INJ2,,FR,,23575,PLANT_PARENTERAL,Medium,HEP5000SC,,,,Units
QCS00271,,,,,,,,,,,LAB2,,,,,,,,,,FP,,
BATCH00265,High,Yes,Contract,,,Capsule,,,,,,CL2,,DE,,267251,PLANT_SOLIDS,Medium,AMOX500CAP,,,,TabletsCaps
QCS00272,,,,,,,,,,,LAB1,,,,,,,,,,FP,,
BATCH00266,High,No,Contract,,,Injectable,,,,,,INJ1,,UK,,14932,PLANT_PARENTERAL,High,CEF1GIV,,,,Units
QCS00273,,,,,,,,,,,LAB1,,,,,,,,,,FP,,
BATCH00267,Medium,No,OwnBrand,,,Injectable,,,,,,INJ2,,FR,,24516,PLANT_PARENTERAL,Medium,HEP5000SC,,,,Units
QCS00274,,,,,,,,,,,LAB1,,,,,,,,,,FP,,
BATCH00268,Low,No,OwnBrand,,,Capsule,,,,,,CL1,,IT,,262923,PLANT_SOLIDS,Medium,OMEP20CAP,,,,TabletsCaps
BATCH00269,Low,No,OwnBrand,,,Tablet,,,,,,TL2,,ES,,328731,PLANT_SOLIDS,High,PARA500TAB,,,,TabletsCaps
QCS00275,,,,,,,,,,,LAB1,,,,,,,,,,FP,,
BATCH00270,Medium,No,OwnBrand,,,Tablet,,,,,,TL3,,FR,,437953,PLANT_SOLIDS,Medium,IBUP400TAB,,,,TabletsCaps
BATCH00271,Low,No,OwnBrand,,,Capsule,,,,,,CL1,,IT,,439493,PLANT_SOLIDS,High,OMEP20CAP,,,,TabletsCaps
QCS00276,,,,,,,,,,,LAB3,,,,,,,,,,FP,,
BATCH00272,Low,No,OwnBrand,,,Hormonal,,,,,,HORM2,,PT,,4828,PLANT_SPECIAL,Medium,EE30TAB,,,,Units
QCS00277,,,,,,,,,,,LAB1,,,,,,,,,,FP,,
DEVIAT0046,,,,Major,Quality,,,,,,,,,,,,,,,,,,
QCS00278,,,,,,,,,,,LAB3,,,,,,,,,,FP,,
BATCH00273,High,No,Contract,,,Injectable,,,,,,INJ2,,UK,,28137,PLANT_PARENTERAL,Low,CEF1GIV,,,,Units
QCS00279,,,,,,,,,,,LAB2,,,,,,,,,,FP,,
BATCH00274,Medium,No,Contract,,,Hormonal,,,,,,HORM1,,ES,,45761,PLANT_SPECIAL,Low,LEVOHORMIMPL,,,,Units
BATCH00275,Low,No,OwnBrand,,,Hormonal,,,,,,HORM2,,PT,,11726,PLANT_SPECIAL,Low,EE30TAB,,,,Units
DEVIAT0047,,,,Minor,Documentation,,,,,,,,,,,,,,,,,,
QCS00280,,,,,,,,,,,LAB2,,,,,,,,,,FP,,
BATCH00276,High,No,Contract,,,Injectable,,,,,,INJ2,,UK,,41991,PLANT_PARENTERAL,Medium,CEF1GIV,,,,Units
QCS00281,,,,,,,,,,,LAB1,,,,,,,,,,FP,,
BATCH00277,Medium,No,OwnBrand,,,Injectable,,,,,,INJ1,,FR,,13192,PLANT_PARENTERAL,Medium,HEP5000SC,,,,Units
QCS00282,,,,,,,,,,,LAB1,,,,,,,,,,FP,,
BATCH00278,Low,No,OwnBrand,,,Capsule,,,,,,CL1,,IT,,283154,PLANT_SOLIDS,High,OMEP20CAP,,,,TabletsCaps
QCS00283,,,,,,,,,,,LAB1,,,,,,,,,,FP,,
BATCH00279,Medium,No,OwnBrand,,,Device,,,,,,DEV2,,DE,,33989,PLANT_SPECIAL,Medium,INSUPEN,,,,Units
QCS00284,,,,,,,,,,,LAB1,,,,,,,,,,FP,,
BATCH00280,Low,No,Contract,,,Device,,,,,,DEV1,,UK,,2574,PLANT_SPECIAL,Low,INHALER,,,,Units
QCS00285,,,,,,,,,,,LAB3,,,,,,,,,,FP,,
BATCH00281,Medium,No,OwnBrand,,,Device,,,,,,DEV1,,DE,,19732,PLANT_SPECIAL,High,INSUPEN,,,,Units
QCS00286,,,,,,,,,,,LAB1,,,,,,,,,,FP,,
BATCH00282,Medium,Yes,Contract,,,Hormonal,,,,,,HORM2,,ES,,3365,PLANT_SPECIAL,High,LEVOHORMIMPL,,,,Units
QCS00287,,,,,,,,,,,LAB3,,,,,,,,,,FP,,
BATCH00283,Low,No,OwnBrand,,,Tablet,,,,,,TL2,,ES,,331180,PLANT_SOLIDS,Medium,PARA500TAB,,,,TabletsCaps
QCS00288,,,,,,,,,,,LAB3,,,,,,,,,,FP,,
BATCH00284,Low,No,OwnBrand,,,Hormonal,,,,,,HORM2,,PT,,40633,PLANT_SPECIAL,High,EE30TAB,,,,Units
QCS00289,,,,,,,,,,,LAB2,,,,,,,,,,FP,,
BATCH00285,Low,No,OwnBrand,,,Tablet,,,,,,TL3,,ES,,345857,PLANT_SOLIDS,Medium,PARA500TAB,,,,TabletsCaps
QCS00290,,,,,,,,,,,LAB3,,,,,,,,,,FP,,
BATCH00286,Medium,No,OwnBrand,,,Tablet,,,,,,TL1,,FR,,483733,PLANT_SOLIDS,Medium,IBUP400TAB,,,,TabletsCaps
DEVIAT0048,,,,Major,Process,,,,,,,,,,,,,,,,,,
QCS00291,,,,,,,,,,,LAB3,,,,,,,,,,IPC,,
QCS00292,,,,,,,,,,,LAB2,,,,,,,,,,FP,,
BATCH00287,Low,No,OwnBrand,,,Capsule,,,,,,CL1,,IT,,200770,PLANT_SOLIDS,High,OMEP20CAP,,,,TabletsCaps
DEVIAT0049,,,,Critical,Quality,,,,,,,,,,,,,,,,,,
QCS00293,,,,,,,,,,,LAB2,,,,,,,,,,FP,,
BATCH00288,Low,No,Contract,,,Device,,,,,,DEV1,,UK,,6414,PLANT_SPECIAL,High,INHALER,,,,Units
QCS00294,,,,,,,,,,,LAB3,,,,,,,,,,FP,,
BATCH00289,Low,Yes,OwnBrand,,,Hormonal,,,,,,HORM2,,PT,,38364,PLANT_SPECIAL,Medium,EE30TAB,,,,Units
QCS00295,,,,,,,,,,,LAB1,,,,,,,,,,FP,,
BATCH00290,High,No,Contract,,,Capsule,,,,,,CL1,,DE,,336315,PLANT_SOLIDS,High,AMOX500CAP,,,,TabletsCaps
DEVIAT0050,,,,Critical,Quality,,,,,,,,,,,,,,,,,,
QCS00296,,,,,,,,,,,LAB3,,,,,,,,,,FP,,
BATCH00291,Low,No,OwnBrand,,,Tablet,,,,,,TL3,,ES,,77480,PLANT_SOLIDS,High,PARA500TAB,,,,TabletsCaps
DEVIAT0051,,,,Minor,Documentation,,,,,,,,,,,,,,,,,,
QCS00297,,,,,,,,,,,LAB1,,,,,,,,,,FP,,
BATCH00292,Low,Yes,OwnBrand,,,Tablet,,,,,,TL3,,ES,,463594,PLANT_SOLIDS,Medium,PARA500TAB,,,,TabletsCaps
QCS00298,,,,,,,,,,,LAB3,,,,,,,,,,FP,,
BATCH00293,Low,No,OwnBrand,,,Capsule,,,,,,CL2,,IT,,374394,PLANT_SOLIDS,Medium,OMEP20CAP,,,,TabletsCaps
QCS00299,,,,,,,,,,,LAB1,,,,,,,,,,FP,,
BATCH00294,Medium,No,OwnBrand,,,Injectable,,,,,,INJ1,,FR,,6752,PLANT_PARENTERAL,Medium,HEP5000SC,,,,Units
QCS00300,,,,,,,,,,,LAB2,,,,,,,,,,FP,,
DEVIAT0052,,,,Major,Quality,,,,,,,,,,,,,,,,,,
QCS00301,,,,,,,,,,,LAB3,,,,,,,,,,FP,,
BATCH00295,Low,Yes,OwnBrand,,,Capsule,,,,,,CL2,,IT,,439048,PLANT_SOLIDS,Medium,OMEP20CAP,,,,TabletsCaps
DEVIAT0053,,,,Major,Supply,,,,,,,,,,,,,,,,,,
QCS00302,,,,,,,,,,,LAB1,,,,,,,,,,FP,,
BATCH00296,Low,No,OwnBrand,,,Tablet,,,,,,TL1,,ES,,426648,PLANT_SOLIDS,Medium,PARA500TAB,,,,TabletsCaps
QCS00303,,,,,,,,,,,LAB3,,,,,,,,,,FP,,
BATCH00297,Medium,No,OwnBrand,,,Injectable,,,,,,INJ1,,FR,,12872,PLANT_PARENTERAL,Medium,HEP5000SC,,,,Units
QCS00304,,,,,,,,,,,LAB2,,,,,,,,,,FP,,
BATCH00298,Medium,No,OwnBrand,,,Tablet,,,,,,TL3,,FR,,449843,PLANT_SOLIDS,Medium,IBUP400TAB,,,,TabletsCaps
QCS00305,,,,,,,,,,,LAB3,,,,,,,,,,FP,,
BATCH00299,High,No,Contract,,,Injectable,,,,,,INJ1,,UK,,20442,PLANT_PARENTERAL,Medium,CEF1GIV,,,,Units
QCS00306,,,,,,,,,,,LAB3,,,,,,,,,,FP,,
BATCH00300,Low,Yes,Contract,,,Device,,,,,,DEV2,,UK,,36099,PLANT_SPECIAL,Medium,INHALER,,,,Units
BATCH00301,Low,No,OwnBrand,,,Tablet,,,,,,TL1,,ES,,290063,PLANT_SOLIDS,Medium,PARA500TAB,,,,TabletsCaps
QCS00307,,,,,,,,,,,LAB2,,,,,,,,,,FP,,
BATCH00302,Low,Yes,OwnBrand,,,Tablet,,,,,,TL3,,ES,,146988,PLANT_SOLIDS,Medium,PARA500TAB,,,,TabletsCaps
QCS00308,,,,,,,,,,,LAB2,,,,,,,,,,FP,,
BATCH00303,Low,No,OwnBrand,,,Hormonal,,,,,,HORM2,,PT,,13004,PLANT_SPECIAL,High,EE30TAB,,,,Units
QCS00309,,,,,,,,,,,LAB2,,,,,,,,,,FP,,
BATCH00304,High,No,Contract,,,Capsule,,,,,,CL1,,DE,,267963,PLANT_SOLIDS,Medium,AMOX500CAP,,,,TabletsCaps
QCS00310,,,,,,,,,,,LAB3,,,,,,,,,,FP,,
BATCH00305,Low,No,Contract,,,Device,,,,,,DEV1,,UK,,6494,PLANT_SPECIAL,Medium,INHALER,,,,Units
QCS00311,,,,,,,,,,,LAB1,,,,,,,,,,FP,,
DEVIAT0054,,,,Major,Quality,,,,,,,,,,,,,,,,,,
QCS00312,,,,,,,,,,,LAB1,,,,,,,,,,FP,,
BATCH00306,Low,No,OwnBrand,,,Capsule,,,,,,CL2,,IT,,206122,PLANT_SOLIDS,High,OMEP20CAP,,,,TabletsCaps
QCS00313,,,,,,,,,,,LAB1,,,,,,,,,,FP,,
BATCH00307,Medium,No,OwnBrand,,,Tablet,,,,,,TL1,,FR,,409491,PLANT_SOLIDS,Low,IBUP400TAB,,,,TabletsCaps
QCS00314,,,,,,,,,,,LAB1,,,,,,,,,,FP,,
BATCH00308,High,No,Contract,,,Capsule,,,,,,CL1,,DE,,361271,PLANT_SOLIDS,Low,AMOX500CAP,,,,TabletsCaps
QCS00315,,,,,,,,,,,LAB1,,,,,,,,,,FP,,
BATCH00309,Low,No,OwnBrand,,,Hormonal,,,,,,HORM1,,PT,,37730,PLANT_SPECIAL,High,EE30TAB,,,,Units
QCS00316,,,,,,,,,,,LAB1,,,,,,,,,,FP,,
DEVIAT0055,,,,Major,Quality,,,,,,,,,,,,,,,,,,
QCS00317,,,,,,,,,,,LAB3,,,,,,,,,,FP,,
BATCH00310,Medium,No,OwnBrand,,,Tablet,,,,,,TL3,,FR,,212793,PLANT_SOLIDS,Medium,IBUP400TAB,,,,TabletsCaps
QCS00318,,,,,,,,,,,LAB3,,,,,,,,,,FP,,
BATCH00311,Low,No,OwnBrand,,,Hormonal,,,,,,HORM1,,PT,,31530,PLANT_SPECIAL,Low,EE30TAB,,,,Units
QCS00319,,,,,,,,,,,LAB3,,,,,,,,,,FP,,
BATCH00312,High,No,Contract,,,Injectable,,,,,,INJ2,,UK,,18009,PLANT_PARENTERAL,Low,CEF1GIV,,,,Units
QCS00320,,,,,,,,,,,LAB1,,,,,,,,,,FP,,
BATCH00313,Medium,No,OwnBrand,,,Injectable,,,,,,INJ2,,FR,,33402,PLANT_PARENTERAL,Low,HEP5000SC,,,,Units
QCS00321,,,,,,,,,,,LAB1,,,,,,,,,,FP,,
BATCH00314,High,Yes,Contract,,,Injectable,,,,,,INJ1,,UK,,42039,PLANT_PARENTERAL,Medium,CEF1GIV,,,,Units
QCS00322,,,,,,,,,,,LAB1,,,,,,,,,,FP,,
BATCH00315,Low,No,OwnBrand,,,Capsule,,,,,,CL1,,IT,,451346,PLANT_SOLIDS,Medium,OMEP20CAP,,,,TabletsCaps
QCS00323,,,,,,,,,,,LAB1,,,,,,,,,,FP,,
BATCH00316,Medium,Yes,Contract,,,Hormonal,,,,,,HORM2,,ES,,43729,PLANT_SPECIAL,Low,LEVOHORMIMPL,,,,Units
QCS00324,,,,,,,,,,,LAB3,,,,,,,,,,FP,,
BATCH00317,Medium,No,OwnBrand,,,Tablet,,,,,,TL2,,FR,,160760,PLANT_SOLIDS,Low,IBUP400TAB,,,,TabletsCaps
QCS00325,,,,,,,,,,,LAB1,,,,,,,,,,FP,,
BATCH00318,High,No,Contract,,,Capsule,,,,,,CL1,,DE,,109678,PLANT_SOLIDS,High,AMOX500CAP,,,,TabletsCaps
QCS00326,,,,,,,,,,,LAB1,,,,,,,,,,FP,,
BATCH00319,High,No,Contract,,,Injectable,,,,,,INJ2,,UK,,34809,PLANT_PARENTERAL,Medium,CEF1GIV,,,,Units
QCS00327,,,,,,,,,,,LAB1,,,,,,,,,,FP,,
BATCH00320,High,No,Contract,,,Injectable,,,,,,INJ2,,UK,,28588,PLANT_PARENTERAL,High,CEF1GIV,,,,Units
QCS00328,,,,,,,,,,,LAB2,,,,,,,,,,FP,,
BATCH00321,High,No,Contract,,,Injectable,,,,,,INJ2,,UK,,38964,PLANT_PARENTERAL,Medium,CEF1GIV,,,,Units
QCS00329,,,,,,,,,,,LAB2,,,,,,,,,,FP,,
BATCH00322,High,No,Contract,,,Capsule,,,,,,CL2,,DE,,119522,PLANT_SOLIDS,Medium,AMOX500CAP,,,,TabletsCaps
QCS00330,,,,,,,,,,,LAB2,,,,,,,,,,FP,,
BATCH00323,Low,No,OwnBrand,,,Tablet,,,,,,TL1,,ES,,413398,PLANT_SOLIDS,Medium,PARA500TAB,,,,TabletsCaps
QCS00331,,,,,,,,,,,LAB2,,,,,,,,,,FP,,
BATCH00324,High,No,Contract,,,Capsule,,,,,,CL2,,DE,,489757,PLANT_SOLIDS,High,AMOX500CAP,,,,TabletsCaps
QCS00332,,,,,,,,,,,LAB2,,,,,,,,,,FP,,
BATCH00325,Low,No,OwnBrand,,,Capsule,,,,,,CL1,,IT,,331678,PLANT_SOLIDS,High,OMEP20CAP,,,,TabletsCaps
QCS00333,,,,,,,,,,,LAB2,,,,,,,,,,FP,,
BATCH00326,High,No,Contract,,,Injectable,,,,,,INJ1,,UK,,31974,PLANT_PARENTERAL,High,CEF1GIV,,,,Units
QCS00334,,,,,,,,,,,LAB1,,,,,,,,,,FP,,
BATCH00327,Low,No,Contract,,,Device,,,,,,DEV2,,UK,,40896,PLANT_SPECIAL,Low,INHALER,,,,Units
QCS00335,,,,,,,,,,,LAB1,,,,,,,,,,FP,,
BATCH00328,Low,No,OwnBrand,,,Hormonal,,,,,,HORM2,,PT,,34839,PLANT_SPECIAL,Low,EE30TAB,,,,Units
QCS00336,,,,,,,,,,,LAB3,,,,,,,,,,FP,,
BATCH00329,Medium,No,OwnBrand,,,Injectable,,,,,,INJ1,,FR,,43770,PLANT_PARENTERAL,High,HEP5000SC,,,,Units
QCS00337,,,,,,,,,,,LAB1,,,,,,,,,,FP,,
BATCH00330,Medium,No,OwnBrand,,,Injectable,,,,,,INJ2,,FR,,3985,PLANT_PARENTERAL,Medium,HEP5000SC,,,,Units
QCS00338,,,,,,,,,,,LAB2,,,,,,,,,,FP,,
BATCH00331,Medium,No,OwnBrand,,,Device,,,,,,DEV2,,DE,,38550,PLANT_SPECIAL,Low,INSUPEN,,,,Units
QCS00339,,,,,,,,,,,LAB3,,,,,,,,,,FP,,
BATCH00332,Medium,Yes,OwnBrand,,,Device,,,,,,DEV2,,DE,,32119,PLANT_SPECIAL,Medium,INSUPEN,,,,Units
QCS00340,,,,,,,,,,,LAB3,,,,,,,,,,FP,,
BATCH00333,Medium,No,OwnBrand,,,Tablet,,,,,,TL2,,FR,,208048,PLANT_SOLIDS,Medium,IBUP400TAB,,,,TabletsCaps
QCS00341,,,,,,,,,,,LAB3,,,,,,,,,,FP,,
BATCH00334,Low,No,OwnBrand,,,Capsule,,,,,,CL2,,IT,,443165,PLANT_SOLIDS,Medium,OMEP20CAP,,,,TabletsCaps
QCS00342,,,,,,,,,,,LAB2,,,,,,,,,,FP,,
BATCH00335,Low,No,OwnBrand,,,Tablet,,,,,,TL3,,ES,,496224,PLANT_SOLIDS,High,PARA500TAB,,,,TabletsCaps
QCS00343,,,,,,,,,,,LAB2,,,,,,,,,,FP,,
BATCH00336,High,Yes,Contract,,,Injectable,,,,,,INJ2,,UK,,2894,PLANT_PARENTERAL,High,CEF1GIV,,,,Units
QCS00344,,,,,,,,,,,LAB2,,,,,,,,,,FP,,
BATCH00337,Low,Yes,OwnBrand,,,Hormonal,,,,,,HORM2,,PT,,44838,PLANT_SPECIAL,Medium,EE30TAB,,,,Units
QCS00345,,,,,,,,,,,LAB1,,,,,,,,,,FP,,
BATCH00338,High,No,Contract,,,Injectable,,,,,,INJ2,,UK,,45591,PLANT_PARENTERAL,Low,CEF1GIV,,,,Units
BATCH00339,Low,Yes,OwnBrand,,,Capsule,,,,,,CL1,,IT,,339282,PLANT_SOLIDS,Medium,OMEP20CAP,,,,TabletsCaps
QCS00346,,,,,,,,,,,LAB1,,,,,,,,,,FP,,
BATCH00340,Medium,Yes,Contract,,,Hormonal,,,,,,HORM2,,ES,,20821,PLANT_SPECIAL,Medium,LEVOHORMIMPL,,,,Units
QCS00347,,,,,,,,,,,LAB2,,,,,,,,,,FP,,
BATCH00341,Medium,No,OwnBrand,,,Tablet,,,,,,TL1,,FR,,340455,PLANT_SOLIDS,Medium,IBUP400TAB,,,,TabletsCaps
QCS00348,,,,,,,,,,,LAB3,,,,,,,,,,FP,,
BATCH00342,High,Yes,Contract,,,Capsule,,,,,,CL2,,DE,,132305,PLANT_SOLIDS,Medium,AMOX500CAP,,,,TabletsCaps
QCS00349,,,,,,,,,,,LAB2,,,,,,,,,,FP,,
BATCH00343,High,No,Contract,,,Injectable,,,,,,INJ2,,UK,,1672,PLANT_PARENTERAL,Low,CEF1GIV,,,,Units
BATCH00344,Low,No,OwnBrand,,,Hormonal,,,,,,HORM1,,PT,,21016,PLANT_SPECIAL,Medium,EE30TAB,,,,Units
QCS00350,,,,,,,,,,,LAB3,,,,,,,,,,FP,,
BATCH00345,Medium,No,OwnBrand,,,Device,,,,,,DEV1,,DE,,28354,PLANT_SPECIAL,Medium,INSUPEN,,,,Units
QCS00351,,,,,,,,,,,LAB3,,,,,,,,,,FP,,
BATCH00346,Medium,No,Contract,,,Hormonal,,,,,,HORM1,,ES,,47101,PLANT_SPECIAL,Medium,LEVOHORMIMPL,,,,Units
QCS00352,,,,,,,,,,,LAB1,,,,,,,,,,FP,,
BATCH00347,High,No,Contract,,,Injectable,,,,,,INJ1,,UK,,12370,PLANT_PARENTERAL,Medium,CEF1GIV,,,,Units
QCS00353,,,,,,,,,,,LAB3,,,,,,,,,,FP,,
BATCH00348,Medium,No,OwnBrand,,,Device,,,,,,DEV2,,DE,,48710,PLANT_SPECIAL,Medium,INSUPEN,,,,Units
QCS00354,,,,,,,,,,,LAB3,,,,,,,,,,FP,,
BATCH00349,Medium,No,OwnBrand,,,Device,,,,,,DEV1,,DE,,14586,PLANT_SPECIAL,High,INSUPEN,,,,Units
QCS00355,,,,,,,,,,,LAB3,,,,,,,,,,FP,,
BATCH00350,Low,No,Contract,,,Device,,,,,,DEV2,,UK,,48756,PLANT_SPECIAL,Medium,INHALER,,,,Units
QCS00356,,,,,,,,,,,LAB3,,,,,,,,,,FP,,
BATCH00351,Low,Yes,OwnBrand,,,Capsule,,,,,,CL2,,IT,,159926,PLANT_SOLIDS,Low,OMEP20CAP,,,,TabletsCaps
DEVIAT0056,,,,Major,Process,,,,,,,,,,,,,,,,,,
QCS00357,,,,,,,,,,,LAB2,,,,,,,,,,IPC,,
QCS00358,,,,,,,,,,,LAB1,,,,,,,,,,FP,,
BATCH00352,Medium,No,OwnBrand,,,Device,,,,,,DEV2,,DE,,18992,PLANT_SPECIAL,Medium,INSUPEN,,,,Units
QCS00359,,,,,,,,,,,LAB2,,,,,,,,,,FP,,
BATCH00353,Low,Yes,OwnBrand,,,Capsule,,,,,,CL1,,IT,,474119,PLANT_SOLIDS,Medium,OMEP20CAP,,,,TabletsCaps
QCS00360,,,,,,,,,,,LAB3,,,,,,,,,,FP,,
BATCH00354,Low,Yes,OwnBrand,,,Hormonal,,,,,,HORM1,,PT,,6427,PLANT_SPECIAL,Medium,EE30TAB,,,,Units
QCS00361,,,,,,,,,,,LAB3,,,,,,,,,,FP,,
BATCH00355,High,Yes,Contract,,,Capsule,,,,,,CL2,,DE,,121320,PLANT_SOLIDS,Medium,AMOX500CAP,,,,TabletsCaps
DEVIAT0057,,,,Major,Process,,,,,,,,,,,,,,,,,,
QCS00362,,,,,,,,,,,LAB3,,,,,,,,,,IPC,,
QCS00363,,,,,,,,,,,LAB2,,,,,,,,,,FP,,
BATCH00356,Medium,No,Contract,,,Hormonal,,,,,,HORM2,,ES,,23294,PLANT_SPECIAL,Medium,LEVOHORMIMPL,,,,Units
QCS00364,,,,,,,,,,,LAB2,,,,,,,,,,FP,,
BATCH00357,Low,No,Contract,,,Device,,,,,,DEV1,,UK,,23220,PLANT_SPECIAL,High,INHALER,,,,Units
QCS00365,,,,,,,,,,,LAB3,,,,,,,,,,FP,,
DEVIAT0058,,,,Major,Quality,,,,,,,,,,,,,,,,,,
QCS00366,,,,,,,,,,,LAB2,,,,,,,,,,FP,,
BATCH00358,Low,No,OwnBrand,,,Tablet,,,,,,TL2,,ES,,262292,PLANT_SOLIDS,Medium,PARA500TAB,,,,TabletsCaps
QCS00367,,,,,,,,,,,LAB3,,,,,,,,,,FP,,
DEVIAT0059,,,,Major,Quality,,,,,,,,,,,,,,,,,,
QCS00368,,,,,,,,,,,LAB2,,,,,,,,,,FP,,
BATCH00359,Medium,No,OwnBrand,,,Device,,,,,,DEV2,,DE,,43513,PLANT_SPECIAL,Low,INSUPEN,,,,Units
QCS00369,,,,,,,,,,,LAB1,,,,,,,,,,FP,,
BATCH00360,Low,No,OwnBrand,,,Hormonal,,,,,,HORM1,,PT,,16619,PLANT_SPECIAL,Medium,EE30TAB,,,,Units
QCS00370,,,,,,,,,,,LAB2,,,,,,,,,,FP,,
BATCH00361,Medium,No,OwnBrand,,,Tablet,,,,,,TL1,,FR,,90806,PLANT_SOLIDS,Medium,IBUP400TAB,,,,TabletsCaps
DEVIAT0060,,,,Minor,Documentation,,,,,,,,,,,,,,,,,,
QCS00371,,,,,,,,,,,LAB3,,,,,,,,,,FP,,
BATCH00362,Low,No,OwnBrand,,,Capsule,,,,,,CL2,,IT,,305227,PLANT_SOLIDS,Medium,OMEP20CAP,,,,TabletsCaps
DEVIAT0061,,,,Major,Process,,,,,,,,,,,,,,,,,,
QCS00372,,,,,,,,,,,LAB2,,,,,,,,,,IPC,,
QCS00373,,,,,,,,,,,LAB2,,,,,,,,,,FP,,
BATCH00363,Medium,Yes,Contract,,,Hormonal,,,,,,HORM2,,ES,,29942,PLANT_SPECIAL,Medium,LEVOHORMIMPL,,,,Units
BATCH00364,Medium,No,OwnBrand,,,Injectable,,,,,,INJ2,,FR,,24904,PLANT_PARENTERAL,Low,HEP5000SC,,,,Units
QCS00374,,,,,,,,,,,LAB1,,,,,,,,,,FP,,
BATCH00365,Low,No,OwnBrand,,,Hormonal,,,,,,HORM1,,PT,,8091,PLANT_SPECIAL,Medium,EE30TAB,,,,Units
QCS00375,,,,,,,,,,,LAB3,,,,,,,,,,FP,,
DEVIAT0062,,,,Major,Quality,,,,,,,,,,,,,,,,,,
QCS00376,,,,,,,,,,,LAB1,,,,,,,,,,FP,,
BATCH00366,Low,No,OwnBrand,,,Hormonal,,,,,,HORM2,,PT,,7535,PLANT_SPECIAL,Low,EE30TAB,,,,Units
QCS00377,,,,,,,,,,,LAB2,,,,,,,,,,FP,,
BATCH00367,Medium,No,OwnBrand,,,Device,,,,,,DEV1,,DE,,31476,PLANT_SPECIAL,Medium,INSUPEN,,,,Units
QCS00378,,,,,,,,,,,LAB1,,,,,,,,,,FP,,
BATCH00368,High,No,Contract,,,Injectable,,,,,,INJ2,,UK,,31622,PLANT_PARENTERAL,High,CEF1GIV,,,,Units
QCS00379,,,,,,,,,,,LAB3,,,,,,,,,,FP,,
BATCH00369,Low,No,OwnBrand,,,Capsule,,,,,,CL2,,IT,,335647,PLANT_SOLIDS,Low,OMEP20CAP,,,,TabletsCaps
QCS00380,,,,,,,,,,,LAB1,,,,,,,,,,FP,,
BATCH00370,Low,No,Contract,,,Device,,,,,,DEV1,,UK,,14040,PLANT_SPECIAL,Medium,INHALER,,,,Units
QCS00381,,,,,,,,,,,LAB1,,,,,,,,,,FP,,
BATCH00371,Low,No,OwnBrand,,,Capsule,,,,,,CL1,,IT,,349555,PLANT_SOLIDS,Medium,OMEP20CAP,,,,TabletsCaps
QCS00382,,,,,,,,,,,LAB2,,,,,,,,,,FP,,
BATCH00372,High,No,Contract,,,Injectable,,,,,,INJ1,,UK,,42588,PLANT_PARENTERAL,Medium,CEF1GIV,,,,Units
QCS00383,,,,,,,,,,,LAB1,,,,,,,,,,FP,,
BATCH00373,Low,No,OwnBrand,,,Hormonal,,,,,,HORM2,,PT,,22845,PLANT_SPECIAL,Medium,EE30TAB,,,,Units
QCS00384,,,,,,,,,,,LAB3,,,,,,,,,,FP,,
BATCH00374,Medium,Yes,OwnBrand,,,Tablet,,,,,,TL1,,FR,,106362,PLANT_SOLIDS,Low,IBUP400TAB,,,,TabletsCaps
QCS00385,,,,,,,,,,,LAB3,,,,,,,,,,FP,,
DEVIAT0063,,,,Major,Quality,,,,,,,,,,,,,,,,,,
QCS00386,,,,,,,,,,,LAB1,,,,,,,,,,FP,,
BATCH00375,Low,No,OwnBrand,,,Hormonal,,,,,,HORM1,,PT,,15318,PLANT_SPECIAL,Low,EE30TAB,,,,Units
QCS00387,,,,,,,,,,,LAB2,,,,,,,,,,FP,,
BATCH00376,Low,No,OwnBrand,,,Tablet,,,,,,TL2,,ES,,332926,PLANT_SOLIDS,Medium,PARA500TAB,,,,TabletsCaps
QCS00388,,,,,,,,,,,LAB3,,,,,,,,,,FP,,
BATCH00377,Medium,No,OwnBrand,,,Device,,,,,,DEV2,,DE,,22175,PLANT_SPECIAL,Medium,INSUPEN,,,,Units
QCS00389,,,,,,,,,,,LAB1,,,,,,,,,,FP,,
BATCH00378,Low,No,OwnBrand,,,Capsule,,,,,,CL2,,IT,,265061,PLANT_SOLIDS,Medium,OMEP20CAP,,,,TabletsCaps
DEVIAT0064,,,,Major,Supply,,,,,,,,,,,,,,,,,,
QCS00390,,,,,,,,,,,LAB3,,,,,,,,,,FP,,
BATCH00379,Medium,No,Contract,,,Hormonal,,,,,,HORM2,,ES,,11451,PLANT_SPECIAL,Medium,LEVOHORMIMPL,,,,Units
QCS00391,,,,,,,,,,,LAB1,,,,,,,,,,FP,,
BATCH00380,High,No,Contract,,,Capsule,,,,,,CL1,,DE,,93132,PLANT_SOLIDS,Medium,AMOX500CAP,,,,TabletsCaps
QCS00392,,,,,,,,,,,LAB2,,,,,,,,,,FP,,
BATCH00381,Medium,No,OwnBrand,,,Injectable,,,,,,INJ2,,FR,,49165,PLANT_PARENTERAL,Medium,HEP5000SC,,,,Units
QCS00393,,,,,,,,,,,LAB3,,,,,,,,,,FP,,
BATCH00382,Medium,No,Contract,,,Hormonal,,,,,,HORM2,,ES,,44863,PLANT_SPECIAL,High,LEVOHORMIMPL,,,,Units
QCS00394,,,,,,,,,,,LAB2,,,,,,,,,,FP,,
BATCH00383,Medium,No,OwnBrand,,,Tablet,,,,,,TL2,,FR,,365381,PLANT_SOLIDS,High,IBUP400TAB,,,,TabletsCaps
QCS00395,,,,,,,,,,,LAB1,,,,,,,,,,FP,,
BATCH00384,Medium,No,Contract,,,Hormonal,,,,,,HORM1,,ES,,43320,PLANT_SPECIAL,Low,LEVOHORMIMPL,,,,Units
QCS00396,,,,,,,,,,,LAB3,,,,,,,,,,FP,,
BATCH00385,High,No,Contract,,,Injectable,,,,,,INJ2,,UK,,39088,PLANT_PARENTERAL,High,CEF1GIV,,,,Units
QCS00397,,,,,,,,,,,LAB1,,,,,,,,,,FP,,
BATCH00386,Medium,No,OwnBrand,,,Tablet,,,,,,TL3,,FR,,224109,PLANT_SOLIDS,Low,IBUP400TAB,,,,TabletsCaps
DEVIAT0065,,,,Major,Supply,,,,,,,,,,,,,,,,,,
QCS00398,,,,,,,,,,,LAB3,,,,,,,,,,FP,,
BATCH00387,Medium,No,OwnBrand,,,Injectable,,,,,,INJ2,,FR,,45852,PLANT_PARENTERAL,Low,HEP5000SC,,,,Units
QCS00399,,,,,,,,,,,LAB3,,,,,,,,,,FP,,
BATCH00388,High,No,Contract,,,Capsule,,,,,,CL2,,DE,,313841,PLANT_SOLIDS,Medium,AMOX500CAP,,,,TabletsCaps
QCS00400,,,,,,,,,,,LAB3,,,,,,,,,,FP,,
BATCH00389,Low,No,OwnBrand,,,Capsule,,,,,,CL1,,IT,,464808,PLANT_SOLIDS,Medium,OMEP20CAP,,,,TabletsCaps
QCS00401,,,,,,,,,,,LAB1,,,,,,,,,,FP,,
BATCH00390,Medium,No,Contract,,,Hormonal,,,,,,HORM1,,ES,,4602,PLANT_SPECIAL,Medium,LEVOHORMIMPL,,,,Units
QCS00402,,,,,,,,,,,LAB3,,,,,,,,,,FP,,
BATCH00391,Medium,No,OwnBrand,,,Injectable,,,,,,INJ1,,FR,,9624,PLANT_PARENTERAL,Medium,HEP5000SC,,,,Units
QCS00403,,,,,,,,,,,LAB3,,,,,,,,,,FP,,
BATCH00392,Low,No,OwnBrand,,,Capsule,,,,,,CL1,,IT,,319972,PLANT_SOLIDS,Medium,OMEP20CAP,,,,TabletsCaps
QCS00404,,,,,,,,,,,LAB1,,,,,,,,,,FP,,
BATCH00393,Low,Yes,OwnBrand,,,Hormonal,,,,,,HORM2,,PT,,31184,PLANT_SPECIAL,Medium,EE30TAB,,,,Units
QCS00405,,,,,,,,,,,LAB2,,,,,,,,,,FP,,
BATCH00394,Medium,No,OwnBrand,,,Device,,,,,,DEV2,,DE,,6806,PLANT_SPECIAL,Low,INSUPEN,,,,Units
QCS00406,,,,,,,,,,,LAB3,,,,,,,,,,FP,,
BATCH00395,Low,No,OwnBrand,,,Tablet,,,,,,TL2,,ES,,320409,PLANT_SOLIDS,High,PARA500TAB,,,,TabletsCaps
DEVIAT0066,,,,Major,Supply,,,,,,,,,,,,,,,,,,
QCS00407,,,,,,,,,,,LAB3,,,,,,,,,,FP,,
BATCH00396,Medium,No,OwnBrand,,,Tablet,,,,,,TL1,,FR,,272815,PLANT_SOLIDS,Medium,IBUP400TAB,,,,TabletsCaps
QCS00408,,,,,,,,,,,LAB2,,,,,,,,,,FP,,
BATCH00397,Low,No,OwnBrand,,,Capsule,,,,,,CL1,,IT,,248457,PLANT_SOLIDS,Low,OMEP20CAP,,,,TabletsCaps
QCS00409,,,,,,,,,,,LAB2,,,,,,,,,,FP,,
BATCH00398,Medium,No,OwnBrand,,,Device,,,,,,DEV1,,DE,,38226,PLANT_SPECIAL,Low,INSUPEN,,,,Units
BATCH00399,Low,Yes,OwnBrand,,,Capsule,,,,,,CL1,,IT,,454984,PLANT_SOLIDS,High,OMEP20CAP,,,,TabletsCaps
QCS00410,,,,,,,,,,,LAB2,,,,,,,,,,FP,,
BATCH00400,Medium,No,Contract,,,Hormonal,,,,,,HORM2,,ES,,42408,PLANT_SPECIAL,High,LEVOHORMIMPL,,,,Units
QCS00411,,,,,,,,,,,LAB1,,,,,,,,,,FP,,
BATCH00401,Low,No,OwnBrand,,,Capsule,,,,,,CL1,,IT,,305745,PLANT_SOLIDS,Medium,OMEP20CAP,,,,TabletsCaps
QCS00412,,,,,,,,,,,LAB2,,,,,,,,,,FP,,
BATCH00402,Medium,Yes,OwnBrand,,,Tablet,,,,,,TL2,,FR,,242409,PLANT_SOLIDS,Medium,IBUP400TAB,,,,TabletsCaps
QCS00413,,,,,,,,,,,LAB1,,,,,,,,,,FP,,
DEVIAT0067,,,,Major,Quality,,,,,,,,,,,,,,,,,,
QCS00414,,,,,,,,,,,LAB3,,,,,,,,,,FP,,
BATCH00403,Medium,No,Contract,,,Hormonal,,,,,,HORM2,,ES,,37713,PLANT_SPECIAL,Medium,LEVOHORMIMPL,,,,Units
QCS00415,,,,,,,,,,,LAB2,,,,,,,,,,FP,,
BATCH00404,Low,No,OwnBrand,,,Hormonal,,,,,,HORM2,,PT,,7559,PLANT_SPECIAL,Low,EE30TAB,,,,Units
BATCH00405,Medium,No,Contract,,,Hormonal,,,,,,HORM2,,ES,,44345,PLANT_SPECIAL,Medium,LEVOHORMIMPL,,,,Units
QCS00416,,,,,,,,,,,LAB2,,,,,,,,,,FP,,
BATCH00406,Medium,Yes,Contract,,,Hormonal,,,,,,HORM2,,ES,,16318,PLANT_SPECIAL,High,LEVOHORMIMPL,,,,Units
QCS00417,,,,,,,,,,,LAB3,,,,,,,,,,FP,,
BATCH00407,Low,Yes,OwnBrand,,,Capsule,,,,,,CL2,,IT,,473689,PLANT_SOLIDS,High,OMEP20CAP,,,,TabletsCaps
QCS00418,,,,,,,,,,,LAB1,,,,,,,,,,FP,,
BATCH00408,Low,Yes,OwnBrand,,,Tablet,,,,,,TL2,,ES,,373007,PLANT_SOLIDS,Medium,PARA500TAB,,,,TabletsCaps
QCS00419,,,,,,,,,,,LAB3,,,,,,,,,,FP,,
BATCH00409,Low,No,OwnBrand,,,Tablet,,,,,,TL1,,ES,,213114,PLANT_SOLIDS,Low,PARA500TAB,,,,TabletsCaps
QCS00420,,,,,,,,,,,LAB1,,,,,,,,,,FP,,
BATCH00410,Low,No,OwnBrand,,,Capsule,,,,,,CL1,,IT,,301219,PLANT_SOLIDS,Low,OMEP20CAP,,,,TabletsCaps
QCS00421,,,,,,,,,,,LAB2,,,,,,,,,,FP,,
BATCH00411,Low,No,Contract,,,Device,,,,,,DEV1,,UK,,25313,PLANT_SPECIAL,Low,INHALER,,,,Units
QCS00422,,,,,,,,,,,LAB3,,,,,,,,,,FP,,
BATCH00412,Low,No,OwnBrand,,,Tablet,,,,,,TL3,,ES,,141034,PLANT_SOLIDS,High,PARA500TAB,,,,TabletsCaps
QCS00423,,,,,,,,,,,LAB1,,,,,,,,,,FP,,
BATCH00413,Low,No,OwnBrand,,,Capsule,,,,,,CL2,,IT,,399180,PLANT_SOLIDS,High,OMEP20CAP,,,,TabletsCaps
DEVIAT0068,,,,Major,Supply,,,,,,,,,,,,,,,,,,
QCS00424,,,,,,,,,,,LAB2,,,,,,,,,,FP,,
BATCH00414,Medium,Yes,OwnBrand,,,Device,,,,,,DEV1,,DE,,10155,PLANT_SPECIAL,Low,INSUPEN,,,,Units
QCS00425,,,,,,,,,,,LAB3,,,,,,,,,,FP,,
BATCH00415,Low,No,Contract,,,Device,,,,,,DEV1,,UK,,47728,PLANT_SPECIAL,Medium,INHALER,,,,Units
QCS00426,,,,,,,,,,,LAB2,,,,,,,,,,FP,,
BATCH00416,Low,Yes,OwnBrand,,,Hormonal,,,,,,HORM2,,PT,,34246,PLANT_SPECIAL,High,EE30TAB,,,,Units
QCS00427,,,,,,,,,,,LAB3,,,,,,,,,,FP,,
BATCH00417,Low,No,OwnBrand,,,Hormonal,,,,,,HORM1,,PT,,31668,PLANT_SPECIAL,High,EE30TAB,,,,Units
QCS00428,,,,,,,,,,,LAB2,,,,,,,,,,FP,,
BATCH00418,Medium,Yes,Contract,,,Hormonal,,,,,,HORM2,,ES,,45707,PLANT_SPECIAL,High,LEVOHORMIMPL,,,,Units
BATCH00419,Medium,Yes,Contract,,,Hormonal,,,,,,HORM2,,ES,,7820,PLANT_SPECIAL,Medium,LEVOHORMIMPL,,,,Units
QCS00429,,,,,,,,,,,LAB1,,,,,,,,,,FP,,
BATCH00420,Medium,No,Contract,,,Hormonal,,,,,,HORM1,,ES,,47941,PLANT_SPECIAL,Medium,LEVOHORMIMPL,,,,Units
QCS00430,,,,,,,,,,,LAB1,,,,,,,,,,FP,,
BATCH00421,Medium,Yes,OwnBrand,,,Injectable,,,,,,INJ1,,FR,,3120,PLANT_PARENTERAL,Medium,HEP5000SC,,,,Units
QCS00431,,,,,,,,,,,LAB3,,,,,,,,,,FP,,
BATCH00422,Low,Yes,Contract,,,Device,,,,,,DEV1,,UK,,37716,PLANT_SPECIAL,High,INHALER,,,,Units
QCS00432,,,,,,,,,,,LAB2,,,,,,,,,,FP,,
BATCH00423,Low,Yes,OwnBrand,,,Tablet,,,,,,TL1,,ES,,222594,PLANT_SOLIDS,Low,PARA500TAB,,,,TabletsCaps
QCS00433,,,,,,,,,,,LAB1,,,,,,,,,,FP,,
BATCH00424,Medium,No,OwnBrand,,,Device,,,,,,DEV1,,DE,,22258,PLANT_SPECIAL,Low,INSUPEN,,,,Units
QCS00434,,,,,,,,,,,LAB2,,,,,,,,,,FP,,
BATCH00425,Low,Yes,OwnBrand,,,Hormonal,,,,,,HORM1,,PT,,15486,PLANT_SPECIAL,Low,EE30TAB,,,,Units
QCS00435,,,,,,,,,,,LAB2,,,,,,,,,,FP,,
BATCH00426,Low,No,OwnBrand,,,Hormonal,,,,,,HORM2,,PT,,22048,PLANT_SPECIAL,Low,EE30TAB,,,,Units
QCS00436,,,,,,,,,,,LAB3,,,,,,,,,,FP,,
BATCH00427,High,No,Contract,,,Capsule,,,,,,CL1,,DE,,110967,PLANT_SOLIDS,Medium,AMOX500CAP,,,,TabletsCaps
QCS00437,,,,,,,,,,,LAB1,,,,,,,,,,FP,,
BATCH00428,Low,Yes,Contract,,,Device,,,,,,DEV1,,UK,,31575,PLANT_SPECIAL,Medium,INHALER,,,,Units
QCS00438,,,,,,,,,,,LAB1,,,,,,,,,,FP,,
BATCH00429,Low,No,OwnBrand,,,Tablet,,,,,,TL2,,ES,,174367,PLANT_SOLIDS,Medium,PARA500TAB,,,,TabletsCaps
QCS00439,,,,,,,,,,,LAB2,,,,,,,,,,FP,,
BATCH00430,Low,No,Contract,,,Device,,,,,,DEV1,,UK,,46178,PLANT_SPECIAL,High,INHALER,,,,Units
QCS00440,,,,,,,,,,,LAB3,,,,,,,,,,FP,,
BATCH00431,Low,No,OwnBrand,,,Hormonal,,,,,,HORM2,,PT,,35488,PLANT_SPECIAL,Medium,EE30TAB,,,,Units
QCS00441,,,,,,,,,,,LAB1,,,,,,,,,,FP,,
BATCH00432,Low,No,Contract,,,Device,,,,,,DEV2,,UK,,9512,PLANT_SPECIAL,High,INHALER,,,,Units
QCS00442,,,,,,,,,,,LAB2,,,,,,,,,,FP,,
BATCH00433,Medium,No,OwnBrand,,,Injectable,,,,,,INJ2,,FR,,23588,PLANT_PARENTERAL,High,HEP5000SC,,,,Units
QCS00443,,,,,,,,,,,LAB1,,,,,,,,,,FP,,
BATCH00434,Low,No,OwnBrand,,,Hormonal,,,,,,HORM1,,PT,,11080,PLANT_SPECIAL,Medium,EE30TAB,,,,Units
QCS00444,,,,,,,,,,,LAB3,,,,,,,,,,FP,,
BATCH00435,Low,No,OwnBrand,,,Capsule,,,,,,CL1,,IT,,187810,PLANT_SOLIDS,High,OMEP20CAP,,,,TabletsCaps
QCS00445,,,,,,,,,,,LAB3,,,,,,,,,,FP,,
BATCH00436,Medium,Yes,OwnBrand,,,Tablet,,,,,,TL1,,FR,,70275,PLANT_SOLIDS,Medium,IBUP400TAB,,,,TabletsCaps
QCS00446,,,,,,,,,,,LAB3,,,,,,,,,,FP,,
BATCH00437,Medium,No,OwnBrand,,,Injectable,,,,,,INJ1,,FR,,2631,PLANT_PARENTERAL,High,HEP5000SC,,,,Units
QCS00447,,,,,,,,,,,LAB2,,,,,,,,,,FP,,
DEVIAT0069,,,,Major,Quality,,,,,,,,,,,,,,,,,,
QCS00448,,,,,,,,,,,LAB1,,,,,,,,,,FP,,
BATCH00438,Medium,No,OwnBrand,,,Injectable,,,,,,INJ2,,FR,,10001,PLANT_PARENTERAL,Low,HEP5000SC,,,,Units
QCS00449,,,,,,,,,,,LAB3,,,,,,,,,,FP,,
BATCH00439,Low,No,OwnBrand,,,Hormonal,,,,,,HORM1,,PT,,10324,PLANT_SPECIAL,Medium,EE30TAB,,,,Units
QCS00450,,,,,,,,,,,LAB3,,,,,,,,,,FP,,
BATCH00440,Medium,Yes,Contract,,,Hormonal,,,,,,HORM2,,ES,,42679,PLANT_SPECIAL,Medium,LEVOHORMIMPL,,,,Units
QCS00451,,,,,,,,,,,LAB3,,,,,,,,,,FP,,
BATCH00441,Medium,Yes,OwnBrand,,,Tablet,,,,,,TL2,,FR,,139417,PLANT_SOLIDS,Low,IBUP400TAB,,,,TabletsCaps
QCS00452,,,,,,,,,,,LAB1,,,,,,,,,,FP,,
BATCH00442,Medium,No,Contract,,,Hormonal,,,,,,HORM2,,ES,,2840,PLANT_SPECIAL,High,LEVOHORMIMPL,,,,Units
QCS00453,,,,,,,,,,,LAB2,,,,,,,,,,FP,,
BATCH00443,High,No,Contract,,,Injectable,,,,,,INJ2,,UK,,11944,PLANT_PARENTERAL,Medium,CEF1GIV,,,,Units
BATCH00444,Low,Yes,OwnBrand,,,Capsule,,,,,,CL2,,IT,,202945,PLANT_SOLIDS,Medium,OMEP20CAP,,,,TabletsCaps
QCS00454,,,,,,,,,,,LAB2,,,,,,,,,,FP,,
BATCH00445,Medium,No,OwnBrand,,,Device,,,,,,DEV2,,DE,,41329,PLANT_SPECIAL,High,INSUPEN,,,,Units
QCS00455,,,,,,,,,,,LAB2,,,,,,,,,,FP,,
DEVIAT0070,,,,Major,Quality,,,,,,,,,,,,,,,,,,
QCS00456,,,,,,,,,,,LAB3,,,,,,,,,,FP,,
BATCH00446,Medium,No,OwnBrand,,,Device,,,,,,DEV2,,DE,,40089,PLANT_SPECIAL,Medium,INSUPEN,,,,Units
QCS00457,,,,,,,,,,,LAB1,,,,,,,,,,FP,,
BATCH00447,Medium,No,Contract,,,Hormonal,,,,,,HORM1,,ES,,48071,PLANT_SPECIAL,High,LEVOHORMIMPL,,,,Units
QCS00458,,,,,,,,,,,LAB2,,,,,,,,,,FP,,
BATCH00448,Medium,No,Contract,,,Hormonal,,,,,,HORM2,,ES,,41610,PLANT_SPECIAL,Low,LEVOHORMIMPL,,,,Units
QCS00459,,,,,,,,,,,LAB2,,,,,,,,,,FP,,
BATCH00449,Medium,No,OwnBrand,,,Device,,,,,,DEV1,,DE,,8266,PLANT_SPECIAL,Medium,INSUPEN,,,,Units
QCS00460,,,,,,,,,,,LAB2,,,,,,,,,,FP,,
BATCH00450,High,No,Contract,,,Capsule,,,,,,CL1,,DE,,285673,PLANT_SOLIDS,Medium,AMOX500CAP,,,,TabletsCaps
BATCH00451,Medium,Yes,OwnBrand,,,Injectable,,,,,,INJ2,,FR,,13324,PLANT_PARENTERAL,High,HEP5000SC,,,,Units
QCS00461,,,,,,,,,,,LAB1,,,,,,,,,,FP,,
BATCH00452,Medium,Yes,OwnBrand,,,Device,,,,,,DEV2,,DE,,29363,PLANT_SPECIAL,Medium,INSUPEN,,,,Units
QCS00462,,,,,,,,,,,LAB3,,,,,,,,,,FP,,
BATCH00453,High,No,Contract,,,Capsule,,,,,,CL1,,DE,,159044,PLANT_SOLIDS,Low,AMOX500CAP,,,,TabletsCaps
DEVIAT0071,,,,Major,Process,,,,,,,,,,,,,,,,,,
QCS00463,,,,,,,,,,,LAB1,,,,,,,,,,IPC,,
QCS00464,,,,,,,,,,,LAB3,,,,,,,,,,FP,,
BATCH00454,Medium,No,OwnBrand,,,Injectable,,,,,,INJ2,,FR,,16906,PLANT_PARENTERAL,Low,HEP5000SC,,,,Units
QCS00465,,,,,,,,,,,LAB2,,,,,,,,,,FP,,
BATCH00455,High,No,Contract,,,Capsule,,,,,,CL2,,DE,,229402,PLANT_SOLIDS,Medium,AMOX500CAP,,,,TabletsCaps
QCS00466,,,,,,,,,,,LAB3,,,,,,,,,,FP,,
BATCH00456,High,No,Contract,,,Injectable,,,,,,INJ2,,UK,,34744,PLANT_PARENTERAL,Low,CEF1GIV,,,,Units
QCS00467,,,,,,,,,,,LAB2,,,,,,,,,,FP,,
BATCH00457,Low,No,OwnBrand,,,Capsule,,,,,,CL1,,IT,,94639,PLANT_SOLIDS,High,OMEP20CAP,,,,TabletsCaps
QCS00468,,,,,,,,,,,LAB1,,,,,,,,,,FP,,
BATCH00458,Low,No,OwnBrand,,,Tablet,,,,,,TL1,,ES,,383388,PLANT_SOLIDS,Low,PARA500TAB,,,,TabletsCaps
QCS00469,,,,,,,,,,,LAB1,,,,,,,,,,FP,,
BATCH00459,Medium,No,OwnBrand,,,Injectable,,,,,,INJ2,,FR,,5869,PLANT_PARENTERAL,Medium,HEP5000SC,,,,Units
QCS00470,,,,,,,,,,,LAB2,,,,,,,,,,FP,,
BATCH00460,Low,No,OwnBrand,,,Tablet,,,,,,TL3,,ES,,121044,PLANT_SOLIDS,Low,PARA500TAB,,,,TabletsCaps
BATCH00461,Low,Yes,OwnBrand,,,Capsule,,,,,,CL1,,IT,,429319,PLANT_SOLIDS,Medium,OMEP20CAP,,,,TabletsCaps
QCS00471,,,,,,,,,,,LAB3,,,,,,,,,,FP,,
BATCH00462,Medium,No,Contract,,,Hormonal,,,,,,HORM2,,ES,,6802,PLANT_SPECIAL,Medium,LEVOHORMIMPL,,,,Units
QCS00472,,,,,,,,,,,LAB2,,,,,,,,,,FP,,
BATCH00463,Medium,No,OwnBrand,,,Tablet,,,,,,TL1,,FR,,63589,PLANT_SOLIDS,High,IBUP400TAB,,,,TabletsCaps
QCS00473,,,,,,,,,,,LAB1,,,,,,,,,,FP,,
BATCH00464,Medium,No,OwnBrand,,,Tablet,,,,,,TL3,,FR,,163748,PLANT_SOLIDS,Medium,IBUP400TAB,,,,TabletsCaps
DEVIAT0072,,,,Major,Process,,,,,,,,,,,,,,,,,,
QCS00474,,,,,,,,,,,LAB3,,,,,,,,,,IPC,,
QCS00475,,,,,,,,,,,LAB3,,,,,,,,,,FP,,
BATCH00465,Low,No,OwnBrand,,,Capsule,,,,,,CL1,,IT,,62019,PLANT_SOLIDS,Medium,OMEP20CAP,,,,TabletsCaps
DEVIAT0073,,,,Major,Process,,,,,,,,,,,,,,,,,,
QCS00476,,,,,,,,,,,LAB1,,,,,,,,,,IPC,,
QCS00477,,,,,,,,,,,LAB1,,,,,,,,,,FP,,
BATCH00466,Low,No,OwnBrand,,,Tablet,,,,,,TL2,,ES,,453986,PLANT_SOLIDS,High,PARA500TAB,,,,TabletsCaps
DEVIAT0074,,,,Major,Process,,,,,,,,,,,,,,,,,,
QCS00478,,,,,,,,,,,LAB3,,,,,,,,,,IPC,,
QCS00479,,,,,,,,,,,LAB2,,,,,,,,,,FP,,
BATCH00467,Low,No,Contract,,,Device,,,,,,DEV2,,UK,,5305,PLANT_SPECIAL,High,INHALER,,,,Units
QCS00480,,,,,,,,,,,LAB1,,,,,,,,,,FP,,
BATCH00468,Medium,No,OwnBrand,,,Device,,,,,,DEV2,,DE,,49673,PLANT_SPECIAL,Medium,INSUPEN,,,,Units
QCS00481,,,,,,,,,,,LAB3,,,,,,,,,,FP,,
BATCH00469,Medium,No,Contract,,,Hormonal,,,,,,HORM2,,ES,,35005,PLANT_SPECIAL,Low,LEVOHORMIMPL,,,,Units
QCS00482,,,,,,,,,,,LAB2,,,,,,,,,,FP,,
BATCH00470,Low,No,OwnBrand,,,Hormonal,,,,,,HORM1,,PT,,5763,PLANT_SPECIAL,Low,EE30TAB,,,,Units
QCS00483,,,,,,,,,,,LAB2,,,,,,,,,,FP,,
BATCH00471,High,No,Contract,,,Injectable,,,,,,INJ1,,UK,,14002,PLANT_PARENTERAL,Medium,CEF1GIV,,,,Units
QCS00484,,,,,,,,,,,LAB3,,,,,,,,,,FP,,
BATCH00472,Medium,No,OwnBrand,,,Device,,,,,,DEV1,,DE,,36066,PLANT_SPECIAL,High,INSUPEN,,,,Units
QCS00485,,,,,,,,,,,LAB1,,,,,,,,,,FP,,
BATCH00473,Medium,Yes,Contract,,,Hormonal,,,,,,HORM2,,ES,,3223,PLANT_SPECIAL,Low,LEVOHORMIMPL,,,,Units
QCS00486,,,,,,,,,,,LAB2,,,,,,,,,,FP,,
BATCH00474,Medium,No,OwnBrand,,,Tablet,,,,,,TL3,,FR,,284267,PLANT_SOLIDS,Medium,IBUP400TAB,,,,TabletsCaps
QCS00487,,,,,,,,,,,LAB1,,,,,,,,,,FP,,
BATCH00475,Low,No,Contract,,,Device,,,,,,DEV2,,UK,,42697,PLANT_SPECIAL,Low,INHALER,,,,Units
QCS00488,,,,,,,,,,,LAB3,,,,,,,,,,FP,,
BATCH00476,Low,Yes,OwnBrand,,,Hormonal,,,,,,HORM2,,PT,,38603,PLANT_SPECIAL,Medium,EE30TAB,,,,Units
QCS00489,,,,,,,,,,,LAB2,,,,,,,,,,FP,,
BATCH00477,High,Yes,Contract,,,Injectable,,,,,,INJ2,,UK,,47698,PLANT_PARENTERAL,High,CEF1GIV,,,,Units
QCS00490,,,,,,,,,,,LAB2,,,,,,,,,,FP,,
BATCH00478,Medium,No,OwnBrand,,,Device,,,,,,DEV1,,DE,,42453,PLANT_SPECIAL,Medium,INSUPEN,,,,Units
DEVIAT0075,,,,Minor,Documentation,,,,,,,,,,,,,,,,,,
QCS00491,,,,,,,,,,,LAB3,,,,,,,,,,FP,,
BATCH00479,High,Yes,Contract,,,Capsule,,,,,,CL1,,DE,,452934,PLANT_SOLIDS,High,AMOX500CAP,,,,TabletsCaps
BATCH00480,Medium,No,OwnBrand,,,Device,,,,,,DEV2,,DE,,47766,PLANT_SPECIAL,Medium,INSUPEN,,,,Units
QCS00492,,,,,,,,,,,LAB2,,,,,,,,,,FP,,
BATCH00481,Medium,No,OwnBrand,,,Injectable,,,,,,INJ2,,FR,,6885,PLANT_PARENTERAL,High,HEP5000SC,,,,Units
QCS00493,,,,,,,,,,,LAB2,,,,,,,,,,FP,,
BATCH00482,Low,No,OwnBrand,,,Tablet,,,,,,TL2,,ES,,445043,PLANT_SOLIDS,High,PARA500TAB,,,,TabletsCaps
DEVIAT0076,,,,Major,Supply,,,,,,,,,,,,,,,,,,
QCS00494,,,,,,,,,,,LAB2,,,,,,,,,,FP,,
BATCH00483,Low,No,OwnBrand,,,Capsule,,,,,,CL2,,IT,,117904,PLANT_SOLIDS,Medium,OMEP20CAP,,,,TabletsCaps
QCS00495,,,,,,,,,,,LAB3,,,,,,,,,,FP,,
BATCH00484,Medium,No,Contract,,,Hormonal,,,,,,HORM1,,ES,,18504,PLANT_SPECIAL,Medium,LEVOHORMIMPL,,,,Units
QCS00496,,,,,,,,,,,LAB3,,,,,,,,,,FP,,
BATCH00485,Low,No,OwnBrand,,,Hormonal,,,,,,HORM2,,PT,,25217,PLANT_SPECIAL,Medium,EE30TAB,,,,Units
QCS00497,,,,,,,,,,,LAB1,,,,,,,,,,FP,,
BATCH00486,Low,No,Contract,,,Device,,,,,,DEV2,,UK,,45363,PLANT_SPECIAL,Medium,INHALER,,,,Units
QCS00498,,,,,,,,,,,LAB3,,,,,,,,,,FP,,
BATCH00487,Low,No,Contract,,,Device,,,,,,DEV2,,UK,,17162,PLANT_SPECIAL,Medium,INHALER,,,,Units
QCS00499,,,,,,,,,,,LAB2,,,,,,,,,,FP,,
BATCH00488,High,No,Contract,,,Injectable,,,,,,INJ2,,UK,,24743,PLANT_PARENTERAL,Medium,CEF1GIV,,,,Units
QCS00500,,,,,,,,,,,LAB1,,,,,,,,,,FP,,
BATCH00489,Medium,No,OwnBrand,,,Tablet,,,,,,TL2,,FR,,399978,PLANT_SOLIDS,High,IBUP400TAB,,,,TabletsCaps
BATCH00490,High,No,Contract,,,Capsule,,,,,,CL2,,DE,,212289,PLANT_SOLIDS,Low,AMOX500CAP,,,,TabletsCaps
QCS00501,,,,,,,,,,,LAB3,,,,,,,,,,FP,,
BATCH00491,Low,No,OwnBrand,,,Capsule,,,,,,CL2,,IT,,269397,PLANT_SOLIDS,Medium,OMEP20CAP,,,,TabletsCaps
QCS00502,,,,,,,,,,,LAB2,,,,,,,,,,FP,,
BATCH00492,Medium,No,OwnBrand,,,Device,,,,,,DEV1,,DE,,30167,PLANT_SPECIAL,Medium,INSUPEN,,,,Units
QCS00503,,,,,,,,,,,LAB2,,,,,,,,,,FP,,
BATCH00493,High,Yes,Contract,,,Capsule,,,,,,CL1,,DE,,147866,PLANT_SOLIDS,Medium,AMOX500CAP,,,,TabletsCaps
QCS00504,,,,,,,,,,,LAB1,,,,,,,,,,FP,,
BATCH00494,Low,No,OwnBrand,,,Capsule,,,,,,CL2,,IT,,416347,PLANT_SOLIDS,Medium,OMEP20CAP,,,,TabletsCaps
QCS00505,,,,,,,,,,,LAB1,,,,,,,,,,FP,,
BATCH00495,Medium,Yes,Contract,,,Hormonal,,,,,,HORM1,,ES,,34990,PLANT_SPECIAL,High,LEVOHORMIMPL,,,,Units
QCS00506,,,,,,,,,,,LAB2,,,,,,,,,,FP,,
BATCH00496,Low,No,OwnBrand,,,Hormonal,,,,,,HORM2,,PT,,6340,PLANT_SPECIAL,Low,EE30TAB,,,,Units
QCS00507,,,,,,,,,,,LAB1,,,,,,,,,,FP,,
BATCH00497,Low,Yes,Contract,,,Device,,,,,,DEV2,,UK,,3709,PLANT_SPECIAL,Medium,INHALER,,,,Units
QCS00508,,,,,,,,,,,LAB1,,,,,,,,,,FP,,
BATCH00498,Medium,Yes,Contract,,,Hormonal,,,,,,HORM1,,ES,,12011,PLANT_SPECIAL,High,LEVOHORMIMPL,,,,Units
QCS00509,,,,,,,,,,,LAB2,,,,,,,,,,FP,,
BATCH00499,Medium,No,OwnBrand,,,Device,,,,,,DEV1,,DE,,2321,PLANT_SPECIAL,High,INSUPEN,,,,Units
QCS00510,,,,,,,,,,,LAB3,,,,,,,,,,FP,,
BATCH00500,Medium,No,OwnBrand,,,Tablet,,,,,,TL2,,FR,,69996,PLANT_SOLIDS,Medium,IBUP400TAB,,,,TabletsCaps
DEVIAT0077,,,,Major,Process,,,,,,,,,,,,,,,,,,
QCS00511,,,,,,,,,,,LAB1,,,,,,,,,,IPC,,
QCS00512,,,,,,,,,,,LAB2,,,,,,,,,,FP,,
BATCH00501,Low,No,Contract,,,Device,,,,,,DEV1,,UK,,20028,PLANT_SPECIAL,Low,INHALER,,,,Units
QCS00513,,,,,,,,,,,LAB3,,,,,,,,,,FP,,
DEVIAT0078,,,,Major,Quality,,,,,,,,,,,,,,,,,,
QCS00514,,,,,,,,,,,LAB2,,,,,,,,,,FP,,
BATCH00502,Low,No,OwnBrand,,,Hormonal,,,,,,HORM1,,PT,,8927,PLANT_SPECIAL,Low,EE30TAB,,,,Units
QCS00515,,,,,,,,,,,LAB1,,,,,,,,,,FP,,
BATCH00503,High,No,Contract,,,Capsule,,,,,,CL2,,DE,,127573,PLANT_SOLIDS,Medium,AMOX500CAP,,,,TabletsCaps
QCS00516,,,,,,,,,,,LAB1,,,,,,,,,,FP,,
BATCH00504,Medium,No,OwnBrand,,,Tablet,,,,,,TL3,,FR,,192708,PLANT_SOLIDS,Low,IBUP400TAB,,,,TabletsCaps
QCS00517,,,,,,,,,,,LAB2,,,,,,,,,,FP,,
DEVIAT0079,,,,Major,Quality,,,,,,,,,,,,,,,,,,
QCS00518,,,,,,,,,,,LAB2,,,,,,,,,,FP,,
BATCH00505,Medium,No,Contract,,,Hormonal,,,,,,HORM1,,ES,,46165,PLANT_SPECIAL,High,LEVOHORMIMPL,,,,Units
QCS00519,,,,,,,,,,,LAB2,,,,,,,,,,FP,,
BATCH00506,Medium,No,Contract,,,Hormonal,,,,,,HORM2,,ES,,19496,PLANT_SPECIAL,Medium,LEVOHORMIMPL,,,,Units
QCS00520,,,,,,,,,,,LAB2,,,,,,,,,,FP,,
BATCH00507,Medium,No,Contract,,,Hormonal,,,,,,HORM2,,ES,,31986,PLANT_SPECIAL,Low,LEVOHORMIMPL,,,,Units
QCS00521,,,,,,,,,,,LAB3,,,,,,,,,,FP,,
BATCH00508,Medium,No,OwnBrand,,,Tablet,,,,,,TL2,,FR,,464372,PLANT_SOLIDS,Medium,IBUP400TAB,,,,TabletsCaps
DEVIAT0080,,,,Major,Process,,,,,,,,,,,,,,,,,,
QCS00522,,,,,,,,,,,LAB1,,,,,,,,,,IPC,,
QCS00523,,,,,,,,,,,LAB1,,,,,,,,,,FP,,
BATCH00509,Low,Yes,OwnBrand,,,Tablet,,,,,,TL1,,ES,,63186,PLANT_SOLIDS,Medium,PARA500TAB,,,,TabletsCaps
QCS00524,,,,,,,,,,,LAB1,,,,,,,,,,FP,,
BATCH00510,Low,No,OwnBrand,,,Capsule,,,,,,CL1,,IT,,307448,PLANT_SOLIDS,High,OMEP20CAP,,,,TabletsCaps
QCS00525,,,,,,,,,,,LAB3,,,,,,,,,,FP,,
BATCH00511,Low,No,OwnBrand,,,Hormonal,,,,,,HORM2,,PT,,27943,PLANT_SPECIAL,Low,EE30TAB,,,,Units
QCS00526,,,,,,,,,,,LAB2,,,,,,,,,,FP,,
BATCH00512,Medium,No,OwnBrand,,,Injectable,,,,,,INJ2,,FR,,38350,PLANT_PARENTERAL,High,HEP5000SC,,,,Units
QCS00527,,,,,,,,,,,LAB2,,,,,,,,,,FP,,
BATCH00513,Medium,Yes,Contract,,,Hormonal,,,,,,HORM1,,ES,,32053,PLANT_SPECIAL,Medium,LEVOHORMIMPL,,,,Units
QCS00528,,,,,,,,,,,LAB1,,,,,,,,,,FP,,
BATCH00514,Medium,No,Contract,,,Hormonal,,,,,,HORM2,,ES,,31226,PLANT_SPECIAL,Low,LEVOHORMIMPL,,,,Units
QCS00529,,,,,,,,,,,LAB3,,,,,,,,,,FP,,
BATCH00515,Low,No,OwnBrand,,,Capsule,,,,,,CL1,,IT,,225275,PLANT_SOLIDS,High,OMEP20CAP,,,,TabletsCaps
QCS00530,,,,,,,,,,,LAB3,,,,,,,,,,FP,,
BATCH00516,Medium,Yes,OwnBrand,,,Injectable,,,,,,INJ2,,FR,,15691,PLANT_PARENTERAL,Low,HEP5000SC,,,,Units
QCS00531,,,,,,,,,,,LAB2,,,,,,,,,,FP,,
BATCH00517,Medium,No,Contract,,,Hormonal,,,,,,HORM1,,ES,,11286,PLANT_SPECIAL,Low,LEVOHORMIMPL,,,,Units
QCS00532,,,,,,,,,,,LAB3,,,,,,,,,,FP,,
BATCH00518,Low,No,Contract,,,Device,,,,,,DEV2,,UK,,14928,PLANT_SPECIAL,Low,INHALER,,,,Units
QCS00533,,,,,,,,,,,LAB2,,,,,,,,,,FP,,
BATCH00519,High,Yes,Contract,,,Injectable,,,,,,INJ2,,UK,,43452,PLANT_PARENTERAL,Medium,CEF1GIV,,,,Units
QCS00534,,,,,,,,,,,LAB3,,,,,,,,,,FP,,
BATCH00520,Low,Yes,OwnBrand,,,Capsule,,,,,,CL1,,IT,,428334,PLANT_SOLIDS,Medium,OMEP20CAP,,,,TabletsCaps
DEVIAT0081,,,,Major,Process,,,,,,,,,,,,,,,,,,
QCS00535,,,,,,,,,,,LAB3,,,,,,,,,,IPC,,
QCS00536,,,,,,,,,,,LAB1,,,,,,,,,,FP,,
BATCH00521,High,No,Contract,,,Injectable,,,,,,INJ2,,UK,,31623,PLANT_PARENTERAL,Low,CEF1GIV,,,,Units
QCS00537,,,,,,,,,,,LAB1,,,,,,,,,,FP,,
BATCH00522,Medium,No,OwnBrand,,,Tablet,,,,,,TL2,,FR,,206777,PLANT_SOLIDS,Low,IBUP400TAB,,,,TabletsCaps
BATCH00523,Medium,No,OwnBrand,,,Injectable,,,,,,INJ2,,FR,,47256,PLANT_PARENTERAL,Medium,HEP5000SC,,,,Units
QCS00538,,,,,,,,,,,LAB1,,,,,,,,,,FP,,
BATCH00524,High,No,Contract,,,Capsule,,,,,,CL1,,DE,,307941,PLANT_SOLIDS,Medium,AMOX500CAP,,,,TabletsCaps
BATCH00525,Low,No,OwnBrand,,,Hormonal,,,,,,HORM2,,PT,,1588,PLANT_SPECIAL,High,EE30TAB,,,,Units
QCS00539,,,,,,,,,,,LAB2,,,,,,,,,,FP,,
BATCH00526,High,No,Contract,,,Injectable,,,,,,INJ2,,UK,,41644,PLANT_PARENTERAL,Low,CEF1GIV,,,,Units
QCS00540,,,,,,,,,,,LAB3,,,,,,,,,,FP,,
BATCH00527,High,No,Contract,,,Capsule,,,,,,CL1,,DE,,291784,PLANT_SOLIDS,Low,AMOX500CAP,,,,TabletsCaps
QCS00541,,,,,,,,,,,LAB1,,,,,,,,,,FP,,
BATCH00528,Low,Yes,OwnBrand,,,Tablet,,,,,,TL2,,ES,,363126,PLANT_SOLIDS,Medium,PARA500TAB,,,,TabletsCaps
DEVIAT0082,,,,Critical,Quality,,,,,,,,,,,,,,,,,,
QCS00542,,,,,,,,,,,LAB3,,,,,,,,,,FP,,
BATCH00529,Low,Yes,OwnBrand,,,Tablet,,,,,,TL3,,ES,,174525,PLANT_SOLIDS,Medium,PARA500TAB,,,,TabletsCaps
QCS00543,,,,,,,,,,,LAB1,,,,,,,,,,FP,,
BATCH00530,High,No,Contract,,,Capsule,,,,,,CL2,,DE,,101624,PLANT_SOLIDS,Medium,AMOX500CAP,,,,TabletsCaps
QCS00544,,,,,,,,,,,LAB3,,,,,,,,,,FP,,
DEVIAT0083,,,,Major,Quality,,,,,,,,,,,,,,,,,,
QCS00545,,,,,,,,,,,LAB3,,,,,,,,,,FP,,
BATCH00531,High,No,Contract,,,Injectable,,,,,,INJ2,,UK,,27687,PLANT_PARENTERAL,High,CEF1GIV,,,,Units
BATCH00532,Medium,No,OwnBrand,,,Injectable,,,,,,INJ1,,FR,,5063,PLANT_PARENTERAL,Medium,HEP5000SC,,,,Units
QCS00546,,,,,,,,,,,LAB1,,,,,,,,,,FP,,
DEVIAT0084,,,,Major,Quality,,,,,,,,,,,,,,,,,,
QCS00547,,,,,,,,,,,LAB3,,,,,,,,,,FP,,
BATCH00533,Low,No,OwnBrand,,,Capsule,,,,,,CL2,,IT,,463187,PLANT_SOLIDS,Low,OMEP20CAP,,,,TabletsCaps
QCS00548,,,,,,,,,,,LAB2,,,,,,,,,,FP,,
BATCH00534,Low,No,OwnBrand,,,Tablet,,,,,,TL1,,ES,,227725,PLANT_SOLIDS,Medium,PARA500TAB,,,,TabletsCaps
QCS00549,,,,,,,,,,,LAB2,,,,,,,,,,FP,,
BATCH00535,Low,No,Contract,,,Device,,,,,,DEV1,,UK,,2964,PLANT_SPECIAL,High,INHALER,,,,Units
QCS00550,,,,,,,,,,,LAB1,,,,,,,,,,FP,,
DEVIAT0085,,,,Major,Quality,,,,,,,,,,,,,,,,,,
QCS00551,,,,,,,,,,,LAB1,,,,,,,,,,FP,,
BATCH00536,Low,No,OwnBrand,,,Capsule,,,,,,CL1,,IT,,72916,PLANT_SOLIDS,Low,OMEP20CAP,,,,TabletsCaps
BATCH00537,High,No,Contract,,,Capsule,,,,,,CL1,,DE,,399012,PLANT_SOLIDS,Low,AMOX500CAP,,,,TabletsCaps
QCS00552,,,,,,,,,,,LAB3,,,,,,,,,,FP,,
BATCH00538,Low,No,OwnBrand,,,Hormonal,,,,,,HORM2,,PT,,20143,PLANT_SPECIAL,Medium,EE30TAB,,,,Units
QCS00553,,,,,,,,,,,LAB1,,,,,,,,,,FP,,
BATCH00539,Low,No,Contract,,,Device,,,,,,DEV1,,UK,,38292,PLANT_SPECIAL,Medium,INHALER,,,,Units
QCS00554,,,,,,,,,,,LAB3,,,,,,,,,,FP,,
BATCH00540,High,No,Contract,,,Capsule,,,,,,CL1,,DE,,398645,PLANT_SOLIDS,Medium,AMOX500CAP,,,,TabletsCaps
QCS00555,,,,,,,,,,,LAB1,,,,,,,,,,FP,,
BATCH00541,Medium,No,Contract,,,Hormonal,,,,,,HORM2,,ES,,43711,PLANT_SPECIAL,Low,LEVOHORMIMPL,,,,Units
QCS00556,,,,,,,,,,,LAB2,,,,,,,,,,FP,,
BATCH00542,Medium,Yes,Contract,,,Hormonal,,,,,,HORM2,,ES,,30878,PLANT_SPECIAL,Medium,LEVOHORMIMPL,,,,Units
QCS00557,,,,,,,,,,,LAB3,,,,,,,,,,FP,,
BATCH00543,Low,No,Contract,,,Device,,,,,,DEV1,,UK,,19294,PLANT_SPECIAL,Medium,INHALER,,,,Units
QCS00558,,,,,,,,,,,LAB2,,,,,,,,,,FP,,
BATCH00544,Low,Yes,Contract,,,Device,,,,,,DEV2,,UK,,7270,PLANT_SPECIAL,Medium,INHALER,,,,Units
QCS00559,,,,,,,,,,,LAB2,,,,,,,,,,FP,,
BATCH00545,High,No,Contract,,,Capsule,,,,,,CL1,,DE,,198592,PLANT_SOLIDS,High,AMOX500CAP,,,,TabletsCaps
QCS00560,,,,,,,,,,,LAB2,,,,,,,,,,FP,,
BATCH00546,Low,No,OwnBrand,,,Tablet,,,,,,TL1,,ES,,288390,PLANT_SOLIDS,High,PARA500TAB,,,,TabletsCaps
DEVIAT0086,,,,Critical,Quality,,,,,,,,,,,,,,,,,,
QCS00561,,,,,,,,,,,LAB1,,,,,,,,,,FP,,
BATCH00547,Medium,No,OwnBrand,,,Device,,,,,,DEV2,,DE,,49108,PLANT_SPECIAL,High,INSUPEN,,,,Units
QCS00562,,,,,,,,,,,LAB1,,,,,,,,,,FP,,
BATCH00548,High,Yes,Contract,,,Injectable,,,,,,INJ1,,UK,,21713,PLANT_PARENTERAL,High,CEF1GIV,,,,Units
QCS00563,,,,,,,,,,,LAB2,,,,,,,,,,FP,,
BATCH00549,Medium,No,Contract,,,Hormonal,,,,,,HORM1,,ES,,8295,PLANT_SPECIAL,Medium,LEVOHORMIMPL,,,,Units
QCS00564,,,,,,,,,,,LAB3,,,,,,,,,,FP,,
BATCH00550,Medium,Yes,OwnBrand,,,Injectable,,,,,,INJ2,,FR,,39644,PLANT_PARENTERAL,Low,HEP5000SC,,,,Units
QCS00565,,,,,,,,,,,LAB1,,,,,,,,,,FP,,
BATCH00551,Medium,No,OwnBrand,,,Injectable,,,,,,INJ1,,FR,,38784,PLANT_PARENTERAL,Low,HEP5000SC,,,,Units
QCS00566,,,,,,,,,,,LAB1,,,,,,,,,,FP,,
BATCH00552,Low,No,Contract,,,Device,,,,,,DEV1,,UK,,39637,PLANT_SPECIAL,High,INHALER,,,,Units
QCS00567,,,,,,,,,,,LAB3,,,,,,,,,,FP,,
BATCH00553,Medium,No,OwnBrand,,,Injectable,,,,,,INJ2,,FR,,43433,PLANT_PARENTERAL,Medium,HEP5000SC,,,,Units
QCS00568,,,,,,,,,,,LAB2,,,,,,,,,,FP,,
DEVIAT0087,,,,Major,Quality,,,,,,,,,,,,,,,,,,
QCS00569,,,,,,,,,,,LAB2,,,,,,,,,,FP,,
BATCH00554,Medium,Yes,OwnBrand,,,Device,,,,,,DEV1,,DE,,48895,PLANT_SPECIAL,Low,INSUPEN,,,,Units
QCS00570,,,,,,,,,,,LAB1,,,,,,,,,,FP,,
BATCH00555,Low,No,Contract,,,Device,,,,,,DEV1,,UK,,10745,PLANT_SPECIAL,Low,INHALER,,,,Units
QCS00571,,,,,,,,,,,LAB1,,,,,,,,,,FP,,
BATCH00556,Medium,No,OwnBrand,,,Device,,,,,,DEV2,,DE,,17618,PLANT_SPECIAL,High,INSUPEN,,,,Units
QCS00572,,,,,,,,,,,LAB3,,,,,,,,,,FP,,
BATCH00557,Medium,No,Contract,,,Hormonal,,,,,,HORM2,,ES,,48498,PLANT_SPECIAL,High,LEVOHORMIMPL,,,,Units
BATCH00558,Medium,Yes,OwnBrand,,,Injectable,,,,,,INJ2,,FR,,24050,PLANT_PARENTERAL,Medium,HEP5000SC,,,,Units
QCS00573,,,,,,,,,,,LAB3,,,,,,,,,,FP,,
BATCH00559,High,Yes,Contract,,,Injectable,,,,,,INJ2,,UK,,7956,PLANT_PARENTERAL,High,CEF1GIV,,,,Units
DEVIAT0088,,,,Minor,Documentation,,,,,,,,,,,,,,,,,,
QCS00574,,,,,,,,,,,LAB3,,,,,,,,,,FP,,
BATCH00560,Medium,No,OwnBrand,,,Tablet,,,,,,TL1,,FR,,96741,PLANT_SOLIDS,Low,IBUP400TAB,,,,TabletsCaps
QCS00575,,,,,,,,,,,LAB2,,,,,,,,,,FP,,
BATCH00561,High,Yes,Contract,,,Injectable,,,,,,INJ1,,UK,,33125,PLANT_PARENTERAL,Low,CEF1GIV,,,,Units
DEVIAT0089,,,,Minor,Documentation,,,,,,,,,,,,,,,,,,
QCS00576,,,,,,,,,,,LAB3,,,,,,,,,,FP,,
BATCH00562,Low,Yes,OwnBrand,,,Hormonal,,,,,,HORM1,,PT,,26098,PLANT_SPECIAL,Medium,EE30TAB,,,,Units
QCS00577,,,,,,,,,,,LAB2,,,,,,,,,,FP,,
BATCH00563,Medium,No,OwnBrand,,,Injectable,,,,,,INJ1,,FR,,49347,PLANT_PARENTERAL,Medium,HEP5000SC,,,,Units
QCS00578,,,,,,,,,,,LAB1,,,,,,,,,,FP,,
BATCH00564,High,No,Contract,,,Capsule,,,,,,CL1,,DE,,374680,PLANT_SOLIDS,Medium,AMOX500CAP,,,,TabletsCaps
DEVIAT0090,,,,Major,Supply,,,,,,,,,,,,,,,,,,
QCS00579,,,,,,,,,,,LAB1,,,,,,,,,,FP,,
BATCH00565,Medium,Yes,OwnBrand,,,Tablet,,,,,,TL1,,FR,,149975,PLANT_SOLIDS,Medium,IBUP400TAB,,,,TabletsCaps
QCS00580,,,,,,,,,,,LAB2,,,,,,,,,,FP,,
BATCH00566,Low,No,OwnBrand,,,Capsule,,,,,,CL2,,IT,,133322,PLANT_SOLIDS,Low,OMEP20CAP,,,,TabletsCaps
QCS00581,,,,,,,,,,,LAB2,,,,,,,,,,FP,,
BATCH00567,Low,No,OwnBrand,,,Tablet,,,,,,TL1,,ES,,176406,PLANT_SOLIDS,High,PARA500TAB,,,,TabletsCaps
QCS00582,,,,,,,,,,,LAB1,,,,,,,,,,FP,,
BATCH00568,Low,No,OwnBrand,,,Capsule,,,,,,CL2,,IT,,416643,PLANT_SOLIDS,Medium,OMEP20CAP,,,,TabletsCaps
QCS00583,,,,,,,,,,,LAB2,,,,,,,,,,FP,,
BATCH00569,Low,Yes,OwnBrand,,,Capsule,,,,,,CL1,,IT,,480240,PLANT_SOLIDS,Low,OMEP20CAP,,,,TabletsCaps
QCS00584,,,,,,,,,,,LAB3,,,,,,,,,,FP,,
BATCH00570,Low,No,OwnBrand,,,Hormonal,,,,,,HORM1,,PT,,5632,PLANT_SPECIAL,High,EE30TAB,,,,Units
QCS00585,,,,,,,,,,,LAB3,,,,,,,,,,FP,,
BATCH00571,High,No,Contract,,,Injectable,,,,,,INJ2,,UK,,8029,PLANT_PARENTERAL,Low,CEF1GIV,,,,Units
QCS00586,,,,,,,,,,,LAB3,,,,,,,,,,FP,,
BATCH00572,Medium,No,OwnBrand,,,Device,,,,,,DEV1,,DE,,24154,PLANT_SPECIAL,Low,INSUPEN,,,,Units
QCS00587,,,,,,,,,,,LAB1,,,,,,,,,,FP,,
BATCH00573,Medium,Yes,OwnBrand,,,Injectable,,,,,,INJ2,,FR,,45127,PLANT_PARENTERAL,High,HEP5000SC,,,,Units
DEVIAT0091,,,,Minor,Documentation,,,,,,,,,,,,,,,,,,
QCS00588,,,,,,,,,,,LAB1,,,,,,,,,,FP,,
BATCH00574,Low,No,OwnBrand,,,Capsule,,,,,,CL1,,IT,,60800,PLANT_SOLIDS,Medium,OMEP20CAP,,,,TabletsCaps
DEVIAT0092,,,,Major,Process,,,,,,,,,,,,,,,,,,
QCS00589,,,,,,,,,,,LAB1,,,,,,,,,,IPC,,
QCS00590,,,,,,,,,,,LAB1,,,,,,,,,,FP,,
BATCH00575,Medium,No,OwnBrand,,,Injectable,,,,,,INJ2,,FR,,46380,PLANT_PARENTERAL,Medium,HEP5000SC,,,,Units
QCS00591,,,,,,,,,,,LAB3,,,,,,,,,,FP,,
BATCH00576,Low,Yes,OwnBrand,,,Tablet,,,,,,TL2,,ES,,239396,PLANT_SOLIDS,Medium,PARA500TAB,,,,TabletsCaps
QCS00592,,,,,,,,,,,LAB1,,,,,,,,,,FP,,
BATCH00577,Medium,No,OwnBrand,,,Device,,,,,,DEV2,,DE,,16625,PLANT_SPECIAL,Medium,INSUPEN,,,,Units
QCS00593,,,,,,,,,,,LAB2,,,,,,,,,,FP,,
BATCH00578,Medium,No,OwnBrand,,,Injectable,,,,,,INJ1,,FR,,45156,PLANT_PARENTERAL,Medium,HEP5000SC,,,,Units
QCS00594,,,,,,,,,,,LAB1,,,,,,,,,,FP,,
BATCH00579,Medium,No,OwnBrand,,,Tablet,,,,,,TL1,,FR,,460145,PLANT_SOLIDS,Medium,IBUP400TAB,,,,TabletsCaps
QCS00595,,,,,,,,,,,LAB2,,,,,,,,,,FP,,
BATCH00580,Medium,No,OwnBrand,,,Tablet,,,,,,TL1,,FR,,111588,PLANT_SOLIDS,Low,IBUP400TAB,,,,TabletsCaps
QCS00596,,,,,,,,,,,LAB2,,,,,,,,,,FP,,
BATCH00581,Low,No,OwnBrand,,,Capsule,,,,,,CL1,,IT,,470897,PLANT_SOLIDS,Low,OMEP20CAP,,,,TabletsCaps
DEVIAT0093,,,,Major,Supply,,,,,,,,,,,,,,,,,,
QCS00597,,,,,,,,,,,LAB3,,,,,,,,,,FP,,
BATCH00582,Medium,No,Contract,,,Hormonal,,,,,,HORM1,,ES,,2413,PLANT_SPECIAL,Medium,LEVOHORMIMPL,,,,Units
QCS00598,,,,,,,,,,,LAB1,,,,,,,,,,FP,,
BATCH00583,Low,Yes,OwnBrand,,,Capsule,,,,,,CL1,,IT,,461072,PLANT_SOLIDS,Medium,OMEP20CAP,,,,TabletsCaps
QCS00599,,,,,,,,,,,LAB2,,,,,,,,,,FP,,
BATCH00584,Medium,No,OwnBrand,,,Tablet,,,,,,TL3,,FR,,194290,PLANT_SOLIDS,Medium,IBUP400TAB,,,,TabletsCaps
QCS00600,,,,,,,,,,,LAB2,,,,,,,,,,FP,,
BATCH00585,High,Yes,Contract,,,Capsule,,,,,,CL1,,DE,,226193,PLANT_SOLIDS,Low,AMOX500CAP,,,,TabletsCaps
DEVIAT0094,,,,Major,Supply,,,,,,,,,,,,,,,,,,
QCS00601,,,,,,,,,,,LAB3,,,,,,,,,,FP,,
BATCH00586,Medium,No,OwnBrand,,,Device,,,,,,DEV1,,DE,,26570,PLANT_SPECIAL,Low,INSUPEN,,,,Units
QCS00602,,,,,,,,,,,LAB2,,,,,,,,,,FP,,
BATCH00587,Low,No,OwnBrand,,,Tablet,,,,,,TL3,,ES,,487183,PLANT_SOLIDS,Medium,PARA500TAB,,,,TabletsCaps
DEVIAT0095,,,,Major,Process,,,,,,,,,,,,,,,,,,
QCS00603,,,,,,,,,,,LAB1,,,,,,,,,,IPC,,
QCS00604,,,,,,,,,,,LAB3,,,,,,,,,,FP,,
BATCH00588,Medium,No,OwnBrand,,,Injectable,,,,,,INJ1,,FR,,45936,PLANT_PARENTERAL,Low,HEP5000SC,,,,Units
QCS00605,,,,,,,,,,,LAB1,,,,,,,,,,FP,,
BATCH00589,Low,No,OwnBrand,,,Tablet,,,,,,TL1,,ES,,161818,PLANT_SOLIDS,Low,PARA500TAB,,,,TabletsCaps
QCS00606,,,,,,,,,,,LAB1,,,,,,,,,,FP,,
DEVIAT0096,,,,Major,Quality,,,,,,,,,,,,,,,,,,
QCS00607,,,,,,,,,,,LAB1,,,,,,,,,,FP,,
BATCH00590,High,No,Contract,,,Capsule,,,,,,CL2,,DE,,458862,PLANT_SOLIDS,Low,AMOX500CAP,,,,TabletsCaps
QCS00608,,,,,,,,,,,LAB1,,,,,,,,,,FP,,
BATCH00591,High,No,Contract,,,Injectable,,,,,,INJ2,,UK,,38306,PLANT_PARENTERAL,Medium,CEF1GIV,,,,Units
QCS00609,,,,,,,,,,,LAB1,,,,,,,,,,FP,,
BATCH00592,High,No,Contract,,,Injectable,,,,,,INJ2,,UK,,4386,PLANT_PARENTERAL,Low,CEF1GIV,,,,Units
QCS00610,,,,,,,,,,,LAB3,,,,,,,,,,FP,,
BATCH00593,Medium,Yes,OwnBrand,,,Injectable,,,,,,INJ2,,FR,,23988,PLANT_PARENTERAL,Low,HEP5000SC,,,,Units
QCS00611,,,,,,,,,,,LAB3,,,,,,,,,,FP,,
BATCH00594,Medium,No,OwnBrand,,,Injectable,,,,,,INJ1,,FR,,39515,PLANT_PARENTERAL,High,HEP5000SC,,,,Units
DEVIAT0097,,,,Minor,Documentation,,,,,,,,,,,,,,,,,,
QCS00612,,,,,,,,,,,LAB3,,,,,,,,,,FP,,
BATCH00595,High,No,Contract,,,Injectable,,,,,,INJ1,,UK,,38617,PLANT_PARENTERAL,High,CEF1GIV,,,,Units
QCS00613,,,,,,,,,,,LAB2,,,,,,,,,,FP,,
BATCH00596,Medium,No,OwnBrand,,,Injectable,,,,,,INJ1,,FR,,30787,PLANT_PARENTERAL,High,HEP5000SC,,,,Units
QCS00614,,,,,,,,,,,LAB1,,,,,,,,,,FP,,
BATCH00597,Low,No,Contract,,,Device,,,,,,DEV1,,UK,,4288,PLANT_SPECIAL,Medium,INHALER,,,,Units
QCS00615,,,,,,,,,,,LAB2,,,,,,,,,,FP,,
BATCH00598,Medium,Yes,Contract,,,Hormonal,,,,,,HORM1,,ES,,27690,PLANT_SPECIAL,Medium,LEVOHORMIMPL,,,,Units
QCS00616,,,,,,,,,,,LAB1,,,,,,,,,,FP,,
BATCH00599,Medium,No,Contract,,,Hormonal,,,,,,HORM1,,ES,,4334,PLANT_SPECIAL,High,LEVOHORMIMPL,,,,Units
QCS00617,,,,,,,,,,,LAB2,,,,,,,,,,FP,,
BATCH00600,Medium,No,Contract,,,Hormonal,,,,,,HORM2,,ES,,5395,PLANT_SPECIAL,Medium,LEVOHORMIMPL,,,,Units
QCS00618,,,,,,,,,,,LAB1,,,,,,,,,,FP,,
BATCH00601,High,No,Contract,,,Injectable,,,,,,INJ2,,UK,,24010,PLANT_PARENTERAL,Low,CEF1GIV,,,,Units
QCS00619,,,,,,,,,,,LAB3,,,,,,,,,,FP,,
BATCH00602,Low,No,OwnBrand,,,Hormonal,,,,,,HORM2,,PT,,32500,PLANT_SPECIAL,High,EE30TAB,,,,Units
QCS00620,,,,,,,,,,,LAB3,,,,,,,,,,FP,,
BATCH00603,Low,No,OwnBrand,,,Hormonal,,,,,,HORM1,,PT,,39988,PLANT_SPECIAL,Medium,EE30TAB,,,,Units
QCS00621,,,,,,,,,,,LAB1,,,,,,,,,,FP,,
BATCH00604,Medium,No,OwnBrand,,,Device,,,,,,DEV2,,DE,,23487,PLANT_SPECIAL,Medium,INSUPEN,,,,Units
QCS00622,,,,,,,,,,,LAB1,,,,,,,,,,FP,,
BATCH00605,Low,No,OwnBrand,,,Capsule,,,,,,CL1,,IT,,473564,PLANT_SOLIDS,Low,OMEP20CAP,,,,TabletsCaps
DEVIAT0098,,,,Critical,Quality,,,,,,,,,,,,,,,,,,
QCS00623,,,,,,,,,,,LAB1,,,,,,,,,,FP,,
BATCH00606,Medium,No,OwnBrand,,,Tablet,,,,,,TL2,,FR,,359253,PLANT_SOLIDS,Medium,IBUP400TAB,,,,TabletsCaps
QCS00624,,,,,,,,,,,LAB1,,,,,,,,,,FP,,
BATCH00607,Medium,Yes,OwnBrand,,,Injectable,,,,,,INJ1,,FR,,38495,PLANT_PARENTERAL,Medium,HEP5000SC,,,,Units
QCS00625,,,,,,,,,,,LAB2,,,,,,,,,,FP,,
BATCH00608,Medium,No,OwnBrand,,,Injectable,,,,,,INJ2,,FR,,5295,PLANT_PARENTERAL,Medium,HEP5000SC,,,,Units
QCS00626,,,,,,,,,,,LAB2,,,,,,,,,,FP,,
BATCH00609,Medium,No,OwnBrand,,,Device,,,,,,DEV1,,DE,,16440,PLANT_SPECIAL,Medium,INSUPEN,,,,Units
QCS00627,,,,,,,,,,,LAB2,,,,,,,,,,FP,,
BATCH00610,High,No,Contract,,,Capsule,,,,,,CL2,,DE,,143969,PLANT_SOLIDS,High,AMOX500CAP,,,,TabletsCaps
QCS00628,,,,,,,,,,,LAB2,,,,,,,,,,FP,,
BATCH00611,Low,No,Contract,,,Device,,,,,,DEV1,,UK,,15486,PLANT_SPECIAL,High,INHALER,,,,Units
QCS00629,,,,,,,,,,,LAB3,,,,,,,,,,FP,,
BATCH00612,High,No,Contract,,,Injectable,,,,,,INJ1,,UK,,26709,PLANT_PARENTERAL,Medium,CEF1GIV,,,,Units
QCS00630,,,,,,,,,,,LAB3,,,,,,,,,,FP,,
BATCH00613,Low,No,Contract,,,Device,,,,,,DEV1,,UK,,13344,PLANT_SPECIAL,Medium,INHALER,,,,Units
QCS00631,,,,,,,,,,,LAB3,,,,,,,,,,FP,,
BATCH00614,Low,No,OwnBrand,,,Hormonal,,,,,,HORM2,,PT,,43500,PLANT_SPECIAL,Medium,EE30TAB,,,,Units
QCS00632,,,,,,,,,,,LAB3,,,,,,,,,,FP,,
BATCH00615,Low,No,OwnBrand,,,Capsule,,,,,,CL1,,IT,,284725,PLANT_SOLIDS,Medium,OMEP20CAP,,,,TabletsCaps
DEVIAT0099,,,,Critical,Quality,,,,,,,,,,,,,,,,,,
QCS00633,,,,,,,,,,,LAB1,,,,,,,,,,FP,,
BATCH00616,Medium,No,OwnBrand,,,Device,,,,,,DEV1,,DE,,15462,PLANT_SPECIAL,Medium,INSUPEN,,,,Units
QCS00634,,,,,,,,,,,LAB1,,,,,,,,,,FP,,
BATCH00617,Medium,No,OwnBrand,,,Device,,,,,,DEV2,,DE,,36290,PLANT_SPECIAL,Medium,INSUPEN,,,,Units
QCS00635,,,,,,,,,,,LAB3,,,,,,,,,,FP,,
BATCH00618,High,No,Contract,,,Capsule,,,,,,CL2,,DE,,462682,PLANT_SOLIDS,Medium,AMOX500CAP,,,,TabletsCaps
BATCH00619,High,No,Contract,,,Capsule,,,,,,CL2,,DE,,178475,PLANT_SOLIDS,Low,AMOX500CAP,,,,TabletsCaps
QCS00636,,,,,,,,,,,LAB3,,,,,,,,,,FP,,
BATCH00620,Medium,No,OwnBrand,,,Device,,,,,,DEV2,,DE,,49419,PLANT_SPECIAL,Medium,INSUPEN,,,,Units
QCS00637,,,,,,,,,,,LAB1,,,,,,,,,,FP,,
BATCH00621,High,No,Contract,,,Capsule,,,,,,CL1,,DE,,308977,PLANT_SOLIDS,Medium,AMOX500CAP,,,,TabletsCaps
DEVIAT0100,,,,Major,Process,,,,,,,,,,,,,,,,,,
QCS00638,,,,,,,,,,,LAB3,,,,,,,,,,IPC,,
QCS00639,,,,,,,,,,,LAB3,,,,,,,,,,FP,,
BATCH00622,Low,Yes,OwnBrand,,,Tablet,,,,,,TL1,,ES,,178139,PLANT_SOLIDS,Low,PARA500TAB,,,,TabletsCaps
QCS00640,,,,,,,,,,,LAB3,,,,,,,,,,FP,,
BATCH00623,High,No,Contract,,,Capsule,,,,,,CL2,,DE,,495611,PLANT_SOLIDS,Medium,AMOX500CAP,,,,TabletsCaps
QCS00641,,,,,,,,,,,LAB3,,,,,,,,,,FP,,
BATCH00624,Medium,No,OwnBrand,,,Device,,,,,,DEV1,,DE,,36737,PLANT_SPECIAL,Medium,INSUPEN,,,,Units
QCS00642,,,,,,,,,,,LAB1,,,,,,,,,,FP,,
BATCH00625,Medium,No,OwnBrand,,,Injectable,,,,,,INJ2,,FR,,11854,PLANT_PARENTERAL,Medium,HEP5000SC,,,,Units
QCS00643,,,,,,,,,,,LAB2,,,,,,,,,,FP,,
BATCH00626,Medium,Yes,OwnBrand,,,Injectable,,,,,,INJ1,,FR,,42989,PLANT_PARENTERAL,Medium,HEP5000SC,,,,Units
QCS00644,,,,,,,,,,,LAB2,,,,,,,,,,FP,,
BATCH00627,Medium,No,Contract,,,Hormonal,,,,,,HORM2,,ES,,18865,PLANT_SPECIAL,High,LEVOHORMIMPL,,,,Units
QCS00645,,,,,,,,,,,LAB1,,,,,,,,,,FP,,
BATCH00628,Low,Yes,Contract,,,Device,,,,,,DEV1,,UK,,24847,PLANT_SPECIAL,Medium,INHALER,,,,Units
QCS00646,,,,,,,,,,,LAB3,,,,,,,,,,FP,,
BATCH00629,Low,No,Contract,,,Device,,,,,,DEV1,,UK,,21178,PLANT_SPECIAL,High,INHALER,,,,Units
QCS00647,,,,,,,,,,,LAB3,,,,,,,,,,FP,,
DEVIAT0101,,,,Major,Quality,,,,,,,,,,,,,,,,,,
QCS00648,,,,,,,,,,,LAB2,,,,,,,,,,FP,,
BATCH00630,Low,No,OwnBrand,,,Capsule,,,,,,CL1,,IT,,181901,PLANT_SOLIDS,Medium,OMEP20CAP,,,,TabletsCaps
QCS00649,,,,,,,,,,,LAB1,,,,,,,,,,FP,,
BATCH00631,Medium,Yes,OwnBrand,,,Injectable,,,,,,INJ2,,FR,,45856,PLANT_PARENTERAL,Medium,HEP5000SC,,,,Units
QCS00650,,,,,,,,,,,LAB3,,,,,,,,,,FP,,
BATCH00632,High,No,Contract,,,Capsule,,,,,,CL2,,DE,,180510,PLANT_SOLIDS,Medium,AMOX500CAP,,,,TabletsCaps
DEVIAT0102,,,,Critical,Quality,,,,,,,,,,,,,,,,,,
QCS00651,,,,,,,,,,,LAB2,,,,,,,,,,FP,,
BATCH00633,Medium,No,OwnBrand,,,Injectable,,,,,,INJ2,,FR,,3107,PLANT_PARENTERAL,Medium,HEP5000SC,,,,Units
QCS00652,,,,,,,,,,,LAB3,,,,,,,,,,FP,,
BATCH00634,Medium,Yes,OwnBrand,,,Injectable,,,,,,INJ1,,FR,,11578,PLANT_PARENTERAL,High,HEP5000SC,,,,Units
QCS00653,,,,,,,,,,,LAB1,,,,,,,,,,FP,,
BATCH00635,Medium,No,OwnBrand,,,Tablet,,,,,,TL3,,FR,,165469,PLANT_SOLIDS,Low,IBUP400TAB,,,,TabletsCaps
QCS00654,,,,,,,,,,,LAB3,,,,,,,,,,FP,,
BATCH00636,Medium,No,OwnBrand,,,Tablet,,,,,,TL2,,FR,,381299,PLANT_SOLIDS,High,IBUP400TAB,,,,TabletsCaps
QCS00655,,,,,,,,,,,LAB2,,,,,,,,,,FP,,
BATCH00637,High,No,Contract,,,Capsule,,,,,,CL2,,DE,,51166,PLANT_SOLIDS,Medium,AMOX500CAP,,,,TabletsCaps
DEVIAT0103,,,,Major,Process,,,,,,,,,,,,,,,,,,
QCS00656,,,,,,,,,,,LAB1,,,,,,,,,,IPC,,
QCS00657,,,,,,,,,,,LAB1,,,,,,,,,,FP,,
BATCH00638,Medium,Yes,Contract,,,Hormonal,,,,,,HORM2,,ES,,11743,PLANT_SPECIAL,High,LEVOHORMIMPL,,,,Units
QCS00658,,,,,,,,,,,LAB3,,,,,,,,,,FP,,
BATCH00639,High,No,Contract,,,Capsule,,,,,,CL1,,DE,,65054,PLANT_SOLIDS,Medium,AMOX500CAP,,,,TabletsCaps
QCS00659,,,,,,,,,,,LAB1,,,,,,,,,,FP,,
BATCH00640,Medium,No,OwnBrand,,,Device,,,,,,DEV2,,DE,,37145,PLANT_SPECIAL,Low,INSUPEN,,,,Units
QCS00660,,,,,,,,,,,LAB1,,,,,,,,,,FP,,
DEVIAT0104,,,,Major,Quality,,,,,,,,,,,,,,,,,,
QCS00661,,,,,,,,,,,LAB1,,,,,,,,,,FP,,
BATCH00641,Low,No,Contract,,,Device,,,,,,DEV2,,UK,,3494,PLANT_SPECIAL,Low,INHALER,,,,Units
QCS00662,,,,,,,,,,,LAB3,,,,,,,,,,FP,,
BATCH00642,Medium,No,Contract,,,Hormonal,,,,,,HORM1,,ES,,41708,PLANT_SPECIAL,Low,LEVOHORMIMPL,,,,Units
QCS00663,,,,,,,,,,,LAB3,,,,,,,,,,FP,,
BATCH00643,Low,No,OwnBrand,,,Capsule,,,,,,CL2,,IT,,246668,PLANT_SOLIDS,Medium,OMEP20CAP,,,,TabletsCaps
QCS00664,,,,,,,,,,,LAB1,,,,,,,,,,FP,,
BATCH00644,Low,Yes,OwnBrand,,,Capsule,,,,,,CL1,,IT,,200394,PLANT_SOLIDS,High,OMEP20CAP,,,,TabletsCaps
QCS00665,,,,,,,,,,,LAB1,,,,,,,,,,FP,,
BATCH00645,Low,No,OwnBrand,,,Tablet,,,,,,TL3,,ES,,175983,PLANT_SOLIDS,Low,PARA500TAB,,,,TabletsCaps
DEVIAT0105,,,,Minor,Documentation,,,,,,,,,,,,,,,,,,
QCS00666,,,,,,,,,,,LAB3,,,,,,,,,,FP,,
BATCH00646,Low,Yes,OwnBrand,,,Capsule,,,,,,CL1,,IT,,481271,PLANT_SOLIDS,Medium,OMEP20CAP,,,,TabletsCaps
QCS00667,,,,,,,,,,,LAB2,,,,,,,,,,FP,,
BATCH00647,Medium,No,OwnBrand,,,Device,,,,,,DEV2,,DE,,29637,PLANT_SPECIAL,High,INSUPEN,,,,Units
QCS00668,,,,,,,,,,,LAB1,,,,,,,,,,FP,,
BATCH00648,Medium,No,OwnBrand,,,Tablet,,,,,,TL1,,FR,,246209,PLANT_SOLIDS,Medium,IBUP400TAB,,,,TabletsCaps
DEVIAT0106,,,,Major,Supply,,,,,,,,,,,,,,,,,,
QCS00669,,,,,,,,,,,LAB2,,,,,,,,,,FP,,
BATCH00649,Medium,No,OwnBrand,,,Injectable,,,,,,INJ1,,FR,,20867,PLANT_PARENTERAL,Low,HEP5000SC,,,,Units
QCS00670,,,,,,,,,,,LAB1,,,,,,,,,,FP,,
BATCH00650,Medium,Yes,Contract,,,Hormonal,,,,,,HORM2,,ES,,47601,PLANT_SPECIAL,Low,LEVOHORMIMPL,,,,Units
QCS00671,,,,,,,,,,,LAB3,,,,,,,,,,FP,,
BATCH00651,Medium,Yes,OwnBrand,,,Injectable,,,,,,INJ1,,FR,,24269,PLANT_PARENTERAL,Low,HEP5000SC,,,,Units
QCS00672,,,,,,,,,,,LAB1,,,,,,,,,,FP,,
BATCH00652,Low,No,OwnBrand,,,Capsule,,,,,,CL1,,IT,,357763,PLANT_SOLIDS,Low,OMEP20CAP,,,,TabletsCaps
BATCH00653,High,No,Contract,,,Capsule,,,,,,CL2,,DE,,347537,PLANT_SOLIDS,Medium,AMOX500CAP,,,,TabletsCaps
QCS00673,,,,,,,,,,,LAB3,,,,,,,,,,FP,,
BATCH00654,Low,No,OwnBrand,,,Hormonal,,,,,,HORM1,,PT,,8248,PLANT_SPECIAL,Low,EE30TAB,,,,Units
DEVIAT0107,,,,Minor,Documentation,,,,,,,,,,,,,,,,,,
QCS00674,,,,,,,,,,,LAB1,,,,,,,,,,FP,,
BATCH00655,Low,No,OwnBrand,,,Tablet,,,,,,TL1,,ES,,498342,PLANT_SOLIDS,Low,PARA500TAB,,,,TabletsCaps
QCS00675,,,,,,,,,,,LAB1,,,,,,,,,,FP,,
BATCH00656,Low,No,Contract,,,Device,,,,,,DEV2,,UK,,34133,PLANT_SPECIAL,Medium,INHALER,,,,Units
QCS00676,,,,,,,,,,,LAB3,,,,,,,,,,FP,,
BATCH00657,Low,Yes,Contract,,,Device,,,,,,DEV2,,UK,,23038,PLANT_SPECIAL,Medium,INHALER,,,,Units
QCS00677,,,,,,,,,,,LAB2,,,,,,,,,,FP,,
BATCH00658,Low,No,OwnBrand,,,Capsule,,,,,,CL1,,IT,,243542,PLANT_SOLIDS,Low,OMEP20CAP,,,,TabletsCaps
QCS00678,,,,,,,,,,,LAB1,,,,,,,,,,FP,,
BATCH00659,Low,No,Contract,,,Device,,,,,,DEV1,,UK,,17127,PLANT_SPECIAL,High,INHALER,,,,Units
QCS00679,,,,,,,,,,,LAB3,,,,,,,,,,FP,,
BATCH00660,High,No,Contract,,,Injectable,,,,,,INJ2,,UK,,31016,PLANT_PARENTERAL,Low,CEF1GIV,,,,Units
BATCH00661,Low,No,Contract,,,Device,,,,,,DEV1,,UK,,46707,PLANT_SPECIAL,Medium,INHALER,,,,Units
QCS00680,,,,,,,,,,,LAB1,,,,,,,,,,FP,,
BATCH00662,High,No,Contract,,,Capsule,,,,,,CL1,,DE,,499795,PLANT_SOLIDS,Medium,AMOX500CAP,,,,TabletsCaps
BATCH00663,Medium,No,Contract,,,Hormonal,,,,,,HORM1,,ES,,20348,PLANT_SPECIAL,Medium,LEVOHORMIMPL,,,,Units
QCS00681,,,,,,,,,,,LAB3,,,,,,,,,,FP,,
BATCH00664,Medium,No,OwnBrand,,,Device,,,,,,DEV2,,DE,,49907,PLANT_SPECIAL,High,INSUPEN,,,,Units
QCS00682,,,,,,,,,,,LAB3,,,,,,,,,,FP,,
BATCH00665,Medium,Yes,Contract,,,Hormonal,,,,,,HORM1,,ES,,3679,PLANT_SPECIAL,High,LEVOHORMIMPL,,,,Units
QCS00683,,,,,,,,,,,LAB3,,,,,,,,,,FP,,
BATCH00666,Low,No,OwnBrand,,,Tablet,,,,,,TL2,,ES,,204032,PLANT_SOLIDS,Medium,PARA500TAB,,,,TabletsCaps
QCS00684,,,,,,,,,,,LAB3,,,,,,,,,,FP,,
BATCH00667,Medium,No,Contract,,,Hormonal,,,,,,HORM2,,ES,,31687,PLANT_SPECIAL,Low,LEVOHORMIMPL,,,,Units
QCS00685,,,,,,,,,,,LAB3,,,,,,,,,,FP,,
BATCH00668,Medium,No,Contract,,,Hormonal,,,,,,HORM1,,ES,,12820,PLANT_SPECIAL,Low,LEVOHORMIMPL,,,,Units
QCS00686,,,,,,,,,,,LAB3,,,,,,,,,,FP,,
BATCH00669,Medium,No,Contract,,,Hormonal,,,,,,HORM2,,ES,,29695,PLANT_SPECIAL,High,LEVOHORMIMPL,,,,Units
QCS00687,,,,,,,,,,,LAB2,,,,,,,,,,FP,,
BATCH00670,Medium,No,OwnBrand,,,Injectable,,,,,,INJ1,,FR,,24294,PLANT_PARENTERAL,Medium,HEP5000SC,,,,Units
QCS00688,,,,,,,,,,,LAB1,,,,,,,,,,FP,,
DEVIAT0108,,,,Major,Quality,,,,,,,,,,,,,,,,,,
QCS00689,,,,,,,,,,,LAB1,,,,,,,,,,FP,,
BATCH00671,Low,No,OwnBrand,,,Capsule,,,,,,CL1,,IT,,85500,PLANT_SOLIDS,Medium,OMEP20CAP,,,,TabletsCaps
QCS00690,,,,,,,,,,,LAB2,,,,,,,,,,FP,,
BATCH00672,Medium,No,OwnBrand,,,Injectable,,,,,,INJ2,,FR,,35764,PLANT_PARENTERAL,Low,HEP5000SC,,,,Units
QCS00691,,,,,,,,,,,LAB2,,,,,,,,,,FP,,
BATCH00673,Medium,No,OwnBrand,,,Device,,,,,,DEV2,,DE,,43693,PLANT_SPECIAL,Low,INSUPEN,,,,Units
QCS00692,,,,,,,,,,,LAB2,,,,,,,,,,FP,,
BATCH00674,High,No,Contract,,,Injectable,,,,,,INJ2,,UK,,25120,PLANT_PARENTERAL,High,CEF1GIV,,,,Units
QCS00693,,,,,,,,,,,LAB2,,,,,,,,,,FP,,
BATCH00675,Medium,No,OwnBrand,,,Device,,,,,,DEV2,,DE,,43876,PLANT_SPECIAL,High,INSUPEN,,,,Units
QCS00694,,,,,,,,,,,LAB3,,,,,,,,,,FP,,
BATCH00676,Low,No,OwnBrand,,,Capsule,,,,,,CL1,,IT,,257946,PLANT_SOLIDS,Medium,OMEP20CAP,,,,TabletsCaps
BATCH00677,Low,Yes,OwnBrand,,,Hormonal,,,,,,HORM2,,PT,,40889,PLANT_SPECIAL,Medium,EE30TAB,,,,Units
QCS00695,,,,,,,,,,,LAB2,,,,,,,,,,FP,,
BATCH00678,Low,No,Contract,,,Device,,,,,,DEV2,,UK,,10978,PLANT_SPECIAL,Medium,INHALER,,,,Units
QCS00696,,,,,,,,,,,LAB3,,,,,,,,,,FP,,
BATCH00679,Medium,No,OwnBrand,,,Tablet,,,,,,TL1,,FR,,268320,PLANT_SOLIDS,Low,IBUP400TAB,,,,TabletsCaps
QCS00697,,,,,,,,,,,LAB1,,,,,,,,,,FP,,
BATCH00680,Medium,No,OwnBrand,,,Device,,,,,,DEV2,,DE,,2571,PLANT_SPECIAL,Medium,INSUPEN,,,,Units
QCS00698,,,,,,,,,,,LAB3,,,,,,,,,,FP,,
BATCH00681,Medium,No,OwnBrand,,,Device,,,,,,DEV1,,DE,,24366,PLANT_SPECIAL,High,INSUPEN,,,,Units
QCS00699,,,,,,,,,,,LAB3,,,,,,,,,,FP,,
BATCH00682,High,No,Contract,,,Capsule,,,,,,CL2,,DE,,74026,PLANT_SOLIDS,Low,AMOX500CAP,,,,TabletsCaps
BATCH00683,Low,No,OwnBrand,,,Capsule,,,,,,CL2,,IT,,386780,PLANT_SOLIDS,Medium,OMEP20CAP,,,,TabletsCaps
QCS00700,,,,,,,,,,,LAB2,,,,,,,,,,FP,,
BATCH00684,Medium,Yes,Contract,,,Hormonal,,,,,,HORM1,,ES,,22927,PLANT_SPECIAL,Medium,LEVOHORMIMPL,,,,Units
QCS00701,,,,,,,,,,,LAB3,,,,,,,,,,FP,,
BATCH00685,Medium,No,Contract,,,Hormonal,,,,,,HORM2,,ES,,19227,PLANT_SPECIAL,Low,LEVOHORMIMPL,,,,Units
QCS00702,,,,,,,,,,,LAB2,,,,,,,,,,FP,,
BATCH00686,Low,No,Contract,,,Device,,,,,,DEV2,,UK,,32663,PLANT_SPECIAL,Medium,INHALER,,,,Units
QCS00703,,,,,,,,,,,LAB3,,,,,,,,,,FP,,
BATCH00687,Low,No,Contract,,,Device,,,,,,DEV2,,UK,,9889,PLANT_SPECIAL,High,INHALER,,,,Units
QCS00704,,,,,,,,,,,LAB2,,,,,,,,,,FP,,
BATCH00688,Medium,No,OwnBrand,,,Tablet,,,,,,TL3,,FR,,212545,PLANT_SOLIDS,Low,IBUP400TAB,,,,TabletsCaps
QCS00705,,,,,,,,,,,LAB1,,,,,,,,,,FP,,
BATCH00689,Medium,No,OwnBrand,,,Injectable,,,,,,INJ2,,FR,,41953,PLANT_PARENTERAL,Medium,HEP5000SC,,,,Units
QCS00706,,,,,,,,,,,LAB2,,,,,,,,,,FP,,
BATCH00690,Medium,No,OwnBrand,,,Injectable,,,,,,INJ2,,FR,,46497,PLANT_PARENTERAL,High,HEP5000SC,,,,Units
QCS00707,,,,,,,,,,,LAB2,,,,,,,,,,FP,,
BATCH00691,Medium,No,OwnBrand,,,Device,,,,,,DEV2,,DE,,25144,PLANT_SPECIAL,Low,INSUPEN,,,,Units
QCS00708,,,,,,,,,,,LAB2,,,,,,,,,,FP,,
BATCH00692,High,No,Contract,,,Capsule,,,,,,CL1,,DE,,434290,PLANT_SOLIDS,Medium,AMOX500CAP,,,,TabletsCaps
QCS00709,,,,,,,,,,,LAB2,,,,,,,,,,FP,,
BATCH00693,Low,Yes,OwnBrand,,,Capsule,,,,,,CL2,,IT,,85088,PLANT_SOLIDS,Medium,OMEP20CAP,,,,TabletsCaps
QCS00710,,,,,,,,,,,LAB2,,,,,,,,,,FP,,
BATCH00694,Low,No,OwnBrand,,,Hormonal,,,,,,HORM2,,PT,,31464,PLANT_SPECIAL,Medium,EE30TAB,,,,Units
QCS00711,,,,,,,,,,,LAB3,,,,,,,,,,FP,,
BATCH00695,Medium,Yes,OwnBrand,,,Injectable,,,,,,INJ2,,FR,,17159,PLANT_PARENTERAL,Low,HEP5000SC,,,,Units
QCS00712,,,,,,,,,,,LAB2,,,,,,,,,,FP,,
BATCH00696,Medium,No,Contract,,,Hormonal,,,,,,HORM1,,ES,,7133,PLANT_SPECIAL,Medium,LEVOHORMIMPL,,,,Units
DEVIAT0109,,,,Minor,Documentation,,,,,,,,,,,,,,,,,,
QCS00713,,,,,,,,,,,LAB3,,,,,,,,,,FP,,
BATCH00697,Medium,Yes,Contract,,,Hormonal,,,,,,HORM1,,ES,,13241,PLANT_SPECIAL,Medium,LEVOHORMIMPL,,,,Units
QCS00714,,,,,,,,,,,LAB3,,,,,,,,,,FP,,
BATCH00698,Low,No,Contract,,,Device,,,,,,DEV2,,UK,,43978,PLANT_SPECIAL,Medium,INHALER,,,,Units
QCS00715,,,,,,,,,,,LAB3,,,,,,,,,,FP,,
BATCH00699,High,Yes,Contract,,,Injectable,,,,,,INJ2,,UK,,35731,PLANT_PARENTERAL,High,CEF1GIV,,,,Units
QCS00716,,,,,,,,,,,LAB2,,,,,,,,,,FP,,
BATCH00700,Medium,No,OwnBrand,,,Tablet,,,,,,TL1,,FR,,355585,PLANT_SOLIDS,High,IBUP400TAB,,,,TabletsCaps
QCS00717,,,,,,,,,,,LAB3,,,,,,,,,,FP,,
BATCH00701,Low,Yes,Contract,,,Device,,,,,,DEV1,,UK,,22607,PLANT_SPECIAL,High,INHALER,,,,Units
QCS00718,,,,,,,,,,,LAB1,,,,,,,,,,FP,,
BATCH00702,Low,Yes,OwnBrand,,,Hormonal,,,,,,HORM1,,PT,,9984,PLANT_SPECIAL,Medium,EE30TAB,,,,Units
DEVIAT0110,,,,Minor,Documentation,,,,,,,,,,,,,,,,,,
QCS00719,,,,,,,,,,,LAB1,,,,,,,,,,FP,,
BATCH00703,Low,No,OwnBrand,,,Hormonal,,,,,,HORM2,,PT,,28345,PLANT_SPECIAL,Low,EE30TAB,,,,Units
QCS00720,,,,,,,,,,,LAB3,,,,,,,,,,FP,,
BATCH00704,Low,No,OwnBrand,,,Capsule,,,,,,CL1,,IT,,297340,PLANT_SOLIDS,Medium,OMEP20CAP,,,,TabletsCaps
QCS00721,,,,,,,,,,,LAB2,,,,,,,,,,FP,,
BATCH00705,High,No,Contract,,,Injectable,,,,,,INJ2,,UK,,10224,PLANT_PARENTERAL,Medium,CEF1GIV,,,,Units
QCS00722,,,,,,,,,,,LAB3,,,,,,,,,,FP,,
BATCH00706,Medium,No,Contract,,,Hormonal,,,,,,HORM1,,ES,,11551,PLANT_SPECIAL,High,LEVOHORMIMPL,,,,Units
DEVIAT0111,,,,Minor,Documentation,,,,,,,,,,,,,,,,,,
QCS00723,,,,,,,,,,,LAB3,,,,,,,,,,FP,,
BATCH00707,Low,No,OwnBrand,,,Tablet,,,,,,TL2,,ES,,271264,PLANT_SOLIDS,Medium,PARA500TAB,,,,TabletsCaps
QCS00724,,,,,,,,,,,LAB3,,,,,,,,,,FP,,
BATCH00708,Medium,No,OwnBrand,,,Injectable,,,,,,INJ1,,FR,,39762,PLANT_PARENTERAL,Medium,HEP5000SC,,,,Units
QCS00725,,,,,,,,,,,LAB2,,,,,,,,,,FP,,
BATCH00709,Medium,Yes,OwnBrand,,,Device,,,,,,DEV2,,DE,,12557,PLANT_SPECIAL,Medium,INSUPEN,,,,Units
QCS00726,,,,,,,,,,,LAB2,,,,,,,,,,FP,,
BATCH00710,High,No,Contract,,,Injectable,,,,,,INJ2,,UK,,49898,PLANT_PARENTERAL,Low,CEF1GIV,,,,Units
DEVIAT0112,,,,Minor,Documentation,,,,,,,,,,,,,,,,,,
QCS00727,,,,,,,,,,,LAB1,,,,,,,,,,FP,,
BATCH00711,Medium,No,OwnBrand,,,Device,,,,,,DEV2,,DE,,24139,PLANT_SPECIAL,Low,INSUPEN,,,,Units
QCS00728,,,,,,,,,,,LAB2,,,,,,,,,,FP,,
BATCH00712,Low,Yes,OwnBrand,,,Hormonal,,,,,,HORM2,,PT,,7432,PLANT_SPECIAL,High,EE30TAB,,,,Units
QCS00729,,,,,,,,,,,LAB2,,,,,,,,,,FP,,
BATCH00713,High,No,Contract,,,Injectable,,,,,,INJ1,,UK,,16401,PLANT_PARENTERAL,Medium,CEF1GIV,,,,Units
BATCH00714,Medium,Yes,OwnBrand,,,Injectable,,,,,,INJ2,,FR,,22146,PLANT_PARENTERAL,Medium,HEP5000SC,,,,Units
QCS00730,,,,,,,,,,,LAB2,,,,,,,,,,FP,,
BATCH00715,High,Yes,Contract,,,Capsule,,,,,,CL1,,DE,,290891,PLANT_SOLIDS,Medium,AMOX500CAP,,,,TabletsCaps
DEVIAT0113,,,,Major,Supply,,,,,,,,,,,,,,,,,,
QCS00731,,,,,,,,,,,LAB2,,,,,,,,,,FP,,
BATCH00716,Low,No,Contract,,,Device,,,,,,DEV2,,UK,,31228,PLANT_SPECIAL,Medium,INHALER,,,,Units
QCS00732,,,,,,,,,,,LAB1,,,,,,,,,,FP,,
BATCH00717,Low,Yes,OwnBrand,,,Hormonal,,,,,,HORM1,,PT,,2081,PLANT_SPECIAL,Low,EE30TAB,,,,Units
QCS00733,,,,,,,,,,,LAB1,,,,,,,,,,FP,,
BATCH00718,Low,No,OwnBrand,,,Hormonal,,,,,,HORM2,,PT,,11491,PLANT_SPECIAL,Medium,EE30TAB,,,,Units
QCS00734,,,,,,,,,,,LAB2,,,,,,,,,,FP,,
BATCH00719,High,No,Contract,,,Capsule,,,,,,CL2,,DE,,317027,PLANT_SOLIDS,Low,AMOX500CAP,,,,TabletsCaps
QCS00735,,,,,,,,,,,LAB1,,,,,,,,,,FP,,
BATCH00720,Medium,No,OwnBrand,,,Injectable,,,,,,INJ2,,FR,,9496,PLANT_PARENTERAL,Low,HEP5000SC,,,,Units
QCS00736,,,,,,,,,,,LAB1,,,,,,,,,,FP,,
BATCH00721,Medium,No,OwnBrand,,,Injectable,,,,,,INJ1,,FR,,30809,PLANT_PARENTERAL,Medium,HEP5000SC,,,,Units
QCS00737,,,,,,,,,,,LAB1,,,,,,,,,,FP,,
BATCH00722,High,No,Contract,,,Injectable,,,,,,INJ2,,UK,,33738,PLANT_PARENTERAL,High,CEF1GIV,,,,Units
QCS00738,,,,,,,,,,,LAB1,,,,,,,,,,FP,,
BATCH00723,Medium,No,OwnBrand,,,Tablet,,,,,,TL2,,FR,,50271,PLANT_SOLIDS,Medium,IBUP400TAB,,,,TabletsCaps
QCS00739,,,,,,,,,,,LAB3,,,,,,,,,,FP,,
BATCH00724,Low,No,OwnBrand,,,Hormonal,,,,,,HORM2,,PT,,2053,PLANT_SPECIAL,High,EE30TAB,,,,Units
QCS00740,,,,,,,,,,,LAB2,,,,,,,,,,FP,,
BATCH00725,Low,No,Contract,,,Device,,,,,,DEV2,,UK,,12867,PLANT_SPECIAL,Low,INHALER,,,,Units
QCS00741,,,,,,,,,,,LAB3,,,,,,,,,,FP,,
BATCH00726,Low,Yes,OwnBrand,,,Tablet,,,,,,TL1,,ES,,219705,PLANT_SOLIDS,Medium,PARA500TAB,,,,TabletsCaps
DEVIAT0114,,,,Major,Process,,,,,,,,,,,,,,,,,,
QCS00742,,,,,,,,,,,LAB3,,,,,,,,,,IPC,,
QCS00743,,,,,,,,,,,LAB2,,,,,,,,,,FP,,
BATCH00727,Medium,Yes,Contract,,,Hormonal,,,,,,HORM2,,ES,,39359,PLANT_SPECIAL,Low,LEVOHORMIMPL,,,,Units
QCS00744,,,,,,,,,,,LAB2,,,,,,,,,,FP,,
BATCH00728,Low,No,OwnBrand,,,Hormonal,,,,,,HORM1,,PT,,38304,PLANT_SPECIAL,Low,EE30TAB,,,,Units
QCS00745,,,,,,,,,,,LAB1,,,,,,,,,,FP,,
BATCH00729,Low,Yes,Contract,,,Device,,,,,,DEV2,,UK,,44955,PLANT_SPECIAL,Medium,INHALER,,,,Units
QCS00746,,,,,,,,,,,LAB1,,,,,,,,,,FP,,
BATCH00730,High,No,Contract,,,Capsule,,,,,,CL2,,DE,,323454,PLANT_SOLIDS,Medium,AMOX500CAP,,,,TabletsCaps
DEVIAT0115,,,,Major,Process,,,,,,,,,,,,,,,,,,
QCS00747,,,,,,,,,,,LAB3,,,,,,,,,,IPC,,
QCS00748,,,,,,,,,,,LAB3,,,,,,,,,,FP,,
BATCH00731,High,No,Contract,,,Injectable,,,,,,INJ1,,UK,,15594,PLANT_PARENTERAL,High,CEF1GIV,,,,Units
QCS00749,,,,,,,,,,,LAB2,,,,,,,,,,FP,,
BATCH00732,Low,Yes,OwnBrand,,,Capsule,,,,,,CL2,,IT,,202363,PLANT_SOLIDS,High,OMEP20CAP,,,,TabletsCaps
DEVIAT0116,,,,Minor,Documentation,,,,,,,,,,,,,,,,,,
QCS00750,,,,,,,,,,,LAB3,,,,,,,,,,FP,,
BATCH00733,Medium,No,OwnBrand,,,Tablet,,,,,,TL1,,FR,,465745,PLANT_SOLIDS,High,IBUP400TAB,,,,TabletsCaps
QCS00751,,,,,,,,,,,LAB2,,,,,,,,,,FP,,
BATCH00734,Low,No,OwnBrand,,,Tablet,,,,,,TL3,,ES,,340314,PLANT_SOLIDS,Medium,PARA500TAB,,,,TabletsCaps
QCS00752,,,,,,,,,,,LAB1,,,,,,,,,,FP,,
BATCH00735,Medium,Yes,OwnBrand,,,Device,,,,,,DEV1,,DE,,32753,PLANT_SPECIAL,Medium,INSUPEN,,,,Units
BATCH00736,Low,No,OwnBrand,,,Hormonal,,,,,,HORM2,,PT,,47029,PLANT_SPECIAL,High,EE30TAB,,,,Units
QCS00753,,,,,,,,,,,LAB3,,,,,,,,,,FP,,
BATCH00737,Medium,Yes,OwnBrand,,,Tablet,,,,,,TL2,,FR,,263010,PLANT_SOLIDS,Medium,IBUP400TAB,,,,TabletsCaps
DEVIAT0117,,,,Major,Process,,,,,,,,,,,,,,,,,,
QCS00754,,,,,,,,,,,LAB1,,,,,,,,,,IPC,,
QCS00755,,,,,,,,,,,LAB2,,,,,,,,,,FP,,
BATCH00738,Low,No,Contract,,,Device,,,,,,DEV2,,UK,,33000,PLANT_SPECIAL,Medium,INHALER,,,,Units
DEVIAT0118,,,,Minor,Documentation,,,,,,,,,,,,,,,,,,
QCS00756,,,,,,,,,,,LAB2,,,,,,,,,,FP,,
BATCH00739,Medium,No,OwnBrand,,,Device,,,,,,DEV1,,DE,,40295,PLANT_SPECIAL,Medium,INSUPEN,,,,Units
QCS00757,,,,,,,,,,,LAB3,,,,,,,,,,FP,,
BATCH00740,Low,No,OwnBrand,,,Tablet,,,,,,TL3,,ES,,470294,PLANT_SOLIDS,Medium,PARA500TAB,,,,TabletsCaps
QCS00758,,,,,,,,,,,LAB1,,,,,,,,,,FP,,
BATCH00741,Medium,No,OwnBrand,,,Injectable,,,,,,INJ2,,FR,,9685,PLANT_PARENTERAL,Medium,HEP5000SC,,,,Units
QCS00759,,,,,,,,,,,LAB2,,,,,,,,,,FP,,
DEVIAT0119,,,,Major,Quality,,,,,,,,,,,,,,,,,,
QCS00760,,,,,,,,,,,LAB1,,,,,,,,,,FP,,
BATCH00742,Medium,No,OwnBrand,,,Injectable,,,,,,INJ1,,FR,,39052,PLANT_PARENTERAL,Low,HEP5000SC,,,,Units
QCS00761,,,,,,,,,,,LAB1,,,,,,,,,,FP,,
BATCH00743,High,Yes,Contract,,,Capsule,,,,,,CL1,,DE,,150343,PLANT_SOLIDS,Low,AMOX500CAP,,,,TabletsCaps
QCS00762,,,,,,,,,,,LAB3,,,,,,,,,,FP,,
BATCH00744,Medium,No,OwnBrand,,,Device,,,,,,DEV1,,DE,,8814,PLANT_SPECIAL,Medium,INSUPEN,,,,Units
QCS00763,,,,,,,,,,,LAB1,,,,,,,,,,FP,,
BATCH00745,High,No,Contract,,,Capsule,,,,,,CL1,,DE,,213021,PLANT_SOLIDS,Medium,AMOX500CAP,,,,TabletsCaps
QCS00764,,,,,,,,,,,LAB2,,,,,,,,,,FP,,
BATCH00746,Low,No,Contract,,,Device,,,,,,DEV2,,UK,,43111,PLANT_SPECIAL,Medium,INHALER,,,,Units
QCS00765,,,,,,,,,,,LAB1,,,,,,,,,,FP,,
BATCH00747,High,No,Contract,,,Capsule,,,,,,CL1,,DE,,77288,PLANT_SOLIDS,Low,AMOX500CAP,,,,TabletsCaps
DEVIAT0120,,,,Minor,Documentation,,,,,,,,,,,,,,,,,,
QCS00766,,,,,,,,,,,LAB1,,,,,,,,,,FP,,
BATCH00748,High,No,Contract,,,Injectable,,,,,,INJ1,,UK,,37088,PLANT_PARENTERAL,Low,CEF1GIV,,,,Units
QCS00767,,,,,,,,,,,LAB2,,,,,,,,,,FP,,
BATCH00749,Low,Yes,OwnBrand,,,Capsule,,,,,,CL2,,IT,,239199,PLANT_SOLIDS,High,OMEP20CAP,,,,TabletsCaps
QCS00768,,,,,,,,,,,LAB2,,,,,,,,,,FP,,
BATCH00750,Medium,No,OwnBrand,,,Tablet,,,,,,TL3,,FR,,405036,PLANT_SOLIDS,Medium,IBUP400TAB,,,,TabletsCaps
QCS00769,,,,,,,,,,,LAB1,,,,,,,,,,FP,,
BATCH00751,High,No,Contract,,,Injectable,,,,,,INJ2,,UK,,31481,PLANT_PARENTERAL,High,CEF1GIV,,,,Units
QCS00770,,,,,,,,,,,LAB1,,,,,,,,,,FP,,
BATCH00752,Medium,Yes,OwnBrand,,,Device,,,,,,DEV2,,DE,,32387,PLANT_SPECIAL,High,INSUPEN,,,,Units
QCS00771,,,,,,,,,,,LAB3,,,,,,,,,,FP,,
BATCH00753,Medium,Yes,OwnBrand,,,Injectable,,,,,,INJ2,,FR,,35251,PLANT_PARENTERAL,Low,HEP5000SC,,,,Units
QCS00772,,,,,,,,,,,LAB2,,,,,,,,,,FP,,
BATCH00754,Low,No,OwnBrand,,,Tablet,,,,,,TL3,,ES,,264888,PLANT_SOLIDS,Medium,PARA500TAB,,,,TabletsCaps
QCS00773,,,,,,,,,,,LAB1,,,,,,,,,,FP,,
BATCH00755,Medium,Yes,OwnBrand,,,Tablet,,,,,,TL2,,FR,,135109,PLANT_SOLIDS,Medium,IBUP400TAB,,,,TabletsCaps
QCS00774,,,,,,,,,,,LAB2,,,,,,,,,,FP,,
BATCH00756,High,Yes,Contract,,,Injectable,,,,,,INJ1,,UK,,20854,PLANT_PARENTERAL,High,CEF1GIV,,,,Units
QCS00775,,,,,,,,,,,LAB3,,,,,,,,,,FP,,
BATCH00757,Low,No,OwnBrand,,,Capsule,,,,,,CL2,,IT,,411467,PLANT_SOLIDS,Low,OMEP20CAP,,,,TabletsCaps
DEVIAT0121,,,,Minor,Documentation,,,,,,,,,,,,,,,,,,
QCS00776,,,,,,,,,,,LAB1,,,,,,,,,,FP,,
BATCH00758,Low,Yes,OwnBrand,,,Tablet,,,,,,TL2,,ES,,334857,PLANT_SOLIDS,Low,PARA500TAB,,,,TabletsCaps
QCS00777,,,,,,,,,,,LAB1,,,,,,,,,,FP,,
BATCH00759,Low,No,OwnBrand,,,Capsule,,,,,,CL2,,IT,,447964,PLANT_SOLIDS,High,OMEP20CAP,,,,TabletsCaps
QCS00778,,,,,,,,,,,LAB2,,,,,,,,,,FP,,
BATCH00760,High,No,Contract,,,Capsule,,,,,,CL1,,DE,,221730,PLANT_SOLIDS,High,AMOX500CAP,,,,TabletsCaps
QCS00779,,,,,,,,,,,LAB2,,,,,,,,,,FP,,
BATCH00761,High,Yes,Contract,,,Capsule,,,,,,CL2,,DE,,318854,PLANT_SOLIDS,High,AMOX500CAP,,,,TabletsCaps
QCS00780,,,,,,,,,,,LAB3,,,,,,,,,,FP,,
BATCH00762,High,Yes,Contract,,,Capsule,,,,,,CL2,,DE,,416636,PLANT_SOLIDS,Medium,AMOX500CAP,,,,TabletsCaps
BATCH00763,High,No,Contract,,,Injectable,,,,,,INJ1,,UK,,7634,PLANT_PARENTERAL,Medium,CEF1GIV,,,,Units
QCS00781,,,,,,,,,,,LAB3,,,,,,,,,,FP,,
BATCH00764,Medium,No,OwnBrand,,,Device,,,,,,DEV2,,DE,,33399,PLANT_SPECIAL,Low,INSUPEN,,,,Units
QCS00782,,,,,,,,,,,LAB2,,,,,,,,,,FP,,
BATCH00765,Low,No,Contract,,,Device,,,,,,DEV2,,UK,,35424,PLANT_SPECIAL,High,INHALER,,,,Units
QCS00783,,,,,,,,,,,LAB1,,,,,,,,,,FP,,
BATCH00766,Low,No,OwnBrand,,,Capsule,,,,,,CL2,,IT,,373994,PLANT_SOLIDS,High,OMEP20CAP,,,,TabletsCaps
DEVIAT0122,,,,Minor,Documentation,,,,,,,,,,,,,,,,,,
QCS00784,,,,,,,,,,,LAB3,,,,,,,,,,FP,,
BATCH00767,Medium,No,OwnBrand,,,Device,,,,,,DEV1,,DE,,7272,PLANT_SPECIAL,Medium,INSUPEN,,,,Units
QCS00785,,,,,,,,,,,LAB1,,,,,,,,,,FP,,
BATCH00768,Low,No,OwnBrand,,,Capsule,,,,,,CL2,,IT,,80387,PLANT_SOLIDS,Medium,OMEP20CAP,,,,TabletsCaps
QCS00786,,,,,,,,,,,LAB2,,,,,,,,,,FP,,
BATCH00769,Low,No,Contract,,,Device,,,,,,DEV1,,UK,,48096,PLANT_SPECIAL,High,INHALER,,,,Units
QCS00787,,,,,,,,,,,LAB1,,,,,,,,,,FP,,
BATCH00770,Medium,No,OwnBrand,,,Injectable,,,,,,INJ1,,FR,,3954,PLANT_PARENTERAL,Medium,HEP5000SC,,,,Units
QCS00788,,,,,,,,,,,LAB1,,,,,,,,,,FP,,
BATCH00771,High,No,Contract,,,Capsule,,,,,,CL1,,DE,,375791,PLANT_SOLIDS,Low,AMOX500CAP,,,,TabletsCaps
QCS00789,,,,,,,,,,,LAB3,,,,,,,,,,FP,,
BATCH00772,High,Yes,Contract,,,Injectable,,,,,,INJ2,,UK,,13153,PLANT_PARENTERAL,Medium,CEF1GIV,,,,Units
QCS00790,,,,,,,,,,,LAB2,,,,,,,,,,FP,,
BATCH00773,Medium,Yes,Contract,,,Hormonal,,,,,,HORM1,,ES,,38415,PLANT_SPECIAL,Medium,LEVOHORMIMPL,,,,Units
QCS00791,,,,,,,,,,,LAB2,,,,,,,,,,FP,,
BATCH00774,High,No,Contract,,,Capsule,,,,,,CL2,,DE,,282512,PLANT_SOLIDS,High,AMOX500CAP,,,,TabletsCaps
QCS00792,,,,,,,,,,,LAB1,,,,,,,,,,FP,,
BATCH00775,Medium,No,Contract,,,Hormonal,,,,,,HORM2,,ES,,5663,PLANT_SPECIAL,Medium,LEVOHORMIMPL,,,,Units
QCS00793,,,,,,,,,,,LAB2,,,,,,,,,,FP,,
BATCH00776,High,No,Contract,,,Capsule,,,,,,CL2,,DE,,408185,PLANT_SOLIDS,High,AMOX500CAP,,,,TabletsCaps
QCS00794,,,,,,,,,,,LAB3,,,,,,,,,,FP,,
BATCH00777,High,Yes,Contract,,,Injectable,,,,,,INJ2,,UK,,2311,PLANT_PARENTERAL,Medium,CEF1GIV,,,,Units
QCS00795,,,,,,,,,,,LAB3,,,,,,,,,,FP,,
BATCH00778,Medium,No,OwnBrand,,,Tablet,,,,,,TL3,,FR,,102227,PLANT_SOLIDS,High,IBUP400TAB,,,,TabletsCaps
QCS00796,,,,,,,,,,,LAB1,,,,,,,,,,FP,,
DEVIAT0123,,,,Major,Quality,,,,,,,,,,,,,,,,,,
QCS00797,,,,,,,,,,,LAB2,,,,,,,,,,FP,,
BATCH00779,Low,Yes,OwnBrand,,,Capsule,,,,,,CL2,,IT,,304246,PLANT_SOLIDS,Medium,OMEP20CAP,,,,TabletsCaps
DEVIAT0124,,,,Critical,Quality,,,,,,,,,,,,,,,,,,
QCS00798,,,,,,,,,,,LAB2,,,,,,,,,,FP,,
BATCH00780,Medium,No,OwnBrand,,,Injectable,,,,,,INJ1,,FR,,25261,PLANT_PARENTERAL,Medium,HEP5000SC,,,,Units
QCS00799,,,,,,,,,,,LAB1,,,,,,,,,,FP,,
BATCH00781,High,No,Contract,,,Capsule,,,,,,CL2,,DE,,253986,PLANT_SOLIDS,Low,AMOX500CAP,,,,TabletsCaps
BATCH00782,Low,Yes,OwnBrand,,,Hormonal,,,,,,HORM2,,PT,,40985,PLANT_SPECIAL,Medium,EE30TAB,,,,Units
QCS00800,,,,,,,,,,,LAB3,,,,,,,,,,FP,,
BATCH00783,Medium,No,Contract,,,Hormonal,,,,,,HORM1,,ES,,23485,PLANT_SPECIAL,Medium,LEVOHORMIMPL,,,,Units
QCS00801,,,,,,,,,,,LAB2,,,,,,,,,,FP,,
BATCH00784,Medium,No,OwnBrand,,,Tablet,,,,,,TL3,,FR,,248880,PLANT_SOLIDS,High,IBUP400TAB,,,,TabletsCaps
DEVIAT0125,,,,Major,Supply,,,,,,,,,,,,,,,,,,
QCS00802,,,,,,,,,,,LAB3,,,,,,,,,,FP,,
BATCH00785,Low,No,Contract,,,Device,,,,,,DEV2,,UK,,11104,PLANT_SPECIAL,Medium,INHALER,,,,Units
QCS00803,,,,,,,,,,,LAB2,,,,,,,,,,FP,,
BATCH00786,Low,Yes,OwnBrand,,,Hormonal,,,,,,HORM1,,PT,,24445,PLANT_SPECIAL,Medium,EE30TAB,,,,Units
QCS00804,,,,,,,,,,,LAB3,,,,,,,,,,FP,,
BATCH00787,High,No,Contract,,,Injectable,,,,,,INJ2,,UK,,36282,PLANT_PARENTERAL,High,CEF1GIV,,,,Units
QCS00805,,,,,,,,,,,LAB1,,,,,,,,,,FP,,
BATCH00788,Low,No,OwnBrand,,,Tablet,,,,,,TL1,,ES,,271424,PLANT_SOLIDS,Low,PARA500TAB,,,,TabletsCaps
QCS00806,,,,,,,,,,,LAB1,,,,,,,,,,FP,,
BATCH00789,Medium,No,Contract,,,Hormonal,,,,,,HORM2,,ES,,38173,PLANT_SPECIAL,High,LEVOHORMIMPL,,,,Units
QCS00807,,,,,,,,,,,LAB3,,,,,,,,,,FP,,
BATCH00790,Low,No,Contract,,,Device,,,,,,DEV1,,UK,,11439,PLANT_SPECIAL,High,INHALER,,,,Units
QCS00808,,,,,,,,,,,LAB1,,,,,,,,,,FP,,
DEVIAT0126,,,,Major,Quality,,,,,,,,,,,,,,,,,,
QCS00809,,,,,,,,,,,LAB1,,,,,,,,,,FP,,
BATCH00791,Low,No,OwnBrand,,,Tablet,,,,,,TL1,,ES,,302664,PLANT_SOLIDS,Medium,PARA500TAB,,,,TabletsCaps
DEVIAT0127,,,,Major,Process,,,,,,,,,,,,,,,,,,
QCS00810,,,,,,,,,,,LAB2,,,,,,,,,,IPC,,
QCS00811,,,,,,,,,,,LAB3,,,,,,,,,,FP,,
BATCH00792,High,No,Contract,,,Injectable,,,,,,INJ1,,UK,,49413,PLANT_PARENTERAL,Low,CEF1GIV,,,,Units
QCS00812,,,,,,,,,,,LAB2,,,,,,,,,,FP,,
BATCH00793,High,No,Contract,,,Capsule,,,,,,CL2,,DE,,451475,PLANT_SOLIDS,Low,AMOX500CAP,,,,TabletsCaps
QCS00813,,,,,,,,,,,LAB2,,,,,,,,,,FP,,
BATCH00794,Low,Yes,OwnBrand,,,Tablet,,,,,,TL2,,ES,,250357,PLANT_SOLIDS,Low,PARA500TAB,,,,TabletsCaps
DEVIAT0128,,,,Major,Process,,,,,,,,,,,,,,,,,,
QCS00814,,,,,,,,,,,LAB2,,,,,,,,,,IPC,,
QCS00815,,,,,,,,,,,LAB2,,,,,,,,,,FP,,
BATCH00795,Medium,No,Contract,,,Hormonal,,,,,,HORM2,,ES,,12732,PLANT_SPECIAL,Medium,LEVOHORMIMPL,,,,Units
DEVIAT0129,,,,Minor,Documentation,,,,,,,,,,,,,,,,,,
QCS00816,,,,,,,,,,,LAB2,,,,,,,,,,FP,,
BATCH00796,Low,Yes,OwnBrand,,,Tablet,,,,,,TL3,,ES,,405399,PLANT_SOLIDS,Medium,PARA500TAB,,,,TabletsCaps
BATCH00797,Medium,No,OwnBrand,,,Device,,,,,,DEV1,,DE,,6937,PLANT_SPECIAL,Medium,INSUPEN,,,,Units
QCS00817,,,,,,,,,,,LAB2,,,,,,,,,,FP,,
BATCH00798,Medium,No,OwnBrand,,,Injectable,,,,,,INJ1,,FR,,26652,PLANT_PARENTERAL,Low,HEP5000SC,,,,Units
QCS00818,,,,,,,,,,,LAB2,,,,,,,,,,FP,,
BATCH00799,High,No,Contract,,,Injectable,,,,,,INJ1,,UK,,41142,PLANT_PARENTERAL,Low,CEF1GIV,,,,Units
QCS00819,,,,,,,,,,,LAB1,,,,,,,,,,FP,,
BATCH00800,Low,No,OwnBrand,,,Hormonal,,,,,,HORM1,,PT,,15755,PLANT_SPECIAL,Low,EE30TAB,,,,Units
QCS00820,,,,,,,,,,,LAB2,,,,,,,,,,FP,,
BATCH00801,Low,Yes,OwnBrand,,,Capsule,,,,,,CL1,,IT,,409467,PLANT_SOLIDS,Medium,OMEP20CAP,,,,TabletsCaps
QCS00821,,,,,,,,,,,LAB1,,,,,,,,,,FP,,
BATCH00802,Medium,No,OwnBrand,,,Injectable,,,,,,INJ1,,FR,,21945,PLANT_PARENTERAL,High,HEP5000SC,,,,Units
QCS00822,,,,,,,,,,,LAB1,,,,,,,,,,FP,,
BATCH00803,Medium,No,OwnBrand,,,Injectable,,,,,,INJ1,,FR,,22706,PLANT_PARENTERAL,Medium,HEP5000SC,,,,Units
QCS00823,,,,,,,,,,,LAB1,,,,,,,,,,FP,,
BATCH00804,Low,No,Contract,,,Device,,,,,,DEV1,,UK,,9972,PLANT_SPECIAL,High,INHALER,,,,Units
QCS00824,,,,,,,,,,,LAB3,,,,,,,,,,FP,,
BATCH00805,Medium,No,OwnBrand,,,Tablet,,,,,,TL3,,FR,,284748,PLANT_SOLIDS,Low,IBUP400TAB,,,,TabletsCaps
QCS00825,,,,,,,,,,,LAB3,,,,,,,,,,FP,,
BATCH00806,Medium,No,OwnBrand,,,Device,,,,,,DEV2,,DE,,25873,PLANT_SPECIAL,Medium,INSUPEN,,,,Units
QCS00826,,,,,,,,,,,LAB1,,,,,,,,,,FP,,
BATCH00807,Medium,No,Contract,,,Hormonal,,,,,,HORM1,,ES,,42346,PLANT_SPECIAL,Medium,LEVOHORMIMPL,,,,Units
QCS00827,,,,,,,,,,,LAB3,,,,,,,,,,FP,,
BATCH00808,High,No,Contract,,,Capsule,,,,,,CL2,,DE,,247883,PLANT_SOLIDS,High,AMOX500CAP,,,,TabletsCaps
DEVIAT0130,,,,Minor,Documentation,,,,,,,,,,,,,,,,,,
QCS00828,,,,,,,,,,,LAB2,,,,,,,,,,FP,,
BATCH00809,Medium,Yes,Contract,,,Hormonal,,,,,,HORM1,,ES,,26355,PLANT_SPECIAL,Medium,LEVOHORMIMPL,,,,Units
QCS00829,,,,,,,,,,,LAB3,,,,,,,,,,FP,,
BATCH00810,Medium,Yes,Contract,,,Hormonal,,,,,,HORM1,,ES,,19830,PLANT_SPECIAL,Medium,LEVOHORMIMPL,,,,Units
QCS00830,,,,,,,,,,,LAB1,,,,,,,,,,FP,,
BATCH00811,High,No,Contract,,,Capsule,,,,,,CL1,,DE,,326759,PLANT_SOLIDS,High,AMOX500CAP,,,,TabletsCaps
QCS00831,,,,,,,,,,,LAB1,,,,,,,,,,FP,,
DEVIAT0131,,,,Major,Quality,,,,,,,,,,,,,,,,,,
QCS00832,,,,,,,,,,,LAB2,,,,,,,,,,FP,,
BATCH00812,Medium,No,Contract,,,Hormonal,,,,,,HORM2,,ES,,3862,PLANT_SPECIAL,High,LEVOHORMIMPL,,,,Units
QCS00833,,,,,,,,,,,LAB2,,,,,,,,,,FP,,
DEVIAT0132,,,,Major,Quality,,,,,,,,,,,,,,,,,,
QCS00834,,,,,,,,,,,LAB2,,,,,,,,,,FP,,
BATCH00813,Low,No,Contract,,,Device,,,,,,DEV1,,UK,,27897,PLANT_SPECIAL,Low,INHALER,,,,Units
QCS00835,,,,,,,,,,,LAB3,,,,,,,,,,FP,,
BATCH00814,Medium,No,OwnBrand,,,Tablet,,,,,,TL2,,FR,,322067,PLANT_SOLIDS,Low,IBUP400TAB,,,,TabletsCaps
QCS00836,,,,,,,,,,,LAB1,,,,,,,,,,FP,,
BATCH00815,Medium,No,OwnBrand,,,Tablet,,,,,,TL1,,FR,,442945,PLANT_SOLIDS,High,IBUP400TAB,,,,TabletsCaps
QCS00837,,,,,,,,,,,LAB3,,,,,,,,,,FP,,
BATCH00816,Medium,No,OwnBrand,,,Injectable,,,,,,INJ1,,FR,,21963,PLANT_PARENTERAL,Medium,HEP5000SC,,,,Units
QCS00838,,,,,,,,,,,LAB3,,,,,,,,,,FP,,
BATCH00817,Medium,Yes,OwnBrand,,,Device,,,,,,DEV1,,DE,,15969,PLANT_SPECIAL,High,INSUPEN,,,,Units
QCS00839,,,,,,,,,,,LAB2,,,,,,,,,,FP,,
BATCH00818,Medium,No,Contract,,,Hormonal,,,,,,HORM1,,ES,,18159,PLANT_SPECIAL,Medium,LEVOHORMIMPL,,,,Units
QCS00840,,,,,,,,,,,LAB3,,,,,,,,,,FP,,
DEVIAT0133,,,,Major,Quality,,,,,,,,,,,,,,,,,,
QCS00841,,,,,,,,,,,LAB3,,,,,,,,,,FP,,
BATCH00819,Low,No,Contract,,,Device,,,,,,DEV1,,UK,,1115,PLANT_SPECIAL,Medium,INHALER,,,,Units
QCS00842,,,,,,,,,,,LAB1,,,,,,,,,,FP,,
BATCH00820,Medium,No,OwnBrand,,,Injectable,,,,,,INJ2,,FR,,16640,PLANT_PARENTERAL,Low,HEP5000SC,,,,Units
BATCH00821,High,Yes,Contract,,,Capsule,,,,,,CL1,,DE,,88443,PLANT_SOLIDS,High,AMOX500CAP,,,,TabletsCaps
DEVIAT0134,,,,Critical,Quality,,,,,,,,,,,,,,,,,,
QCS00843,,,,,,,,,,,LAB2,,,,,,,,,,FP,,
BATCH00822,Low,No,OwnBrand,,,Capsule,,,,,,CL1,,IT,,274087,PLANT_SOLIDS,Low,OMEP20CAP,,,,TabletsCaps
QCS00844,,,,,,,,,,,LAB1,,,,,,,,,,FP,,
BATCH00823,Low,No,OwnBrand,,,Capsule,,,,,,CL2,,IT,,287174,PLANT_SOLIDS,Medium,OMEP20CAP,,,,TabletsCaps
DEVIAT0135,,,,Major,Process,,,,,,,,,,,,,,,,,,
QCS00845,,,,,,,,,,,LAB3,,,,,,,,,,IPC,,
QCS00846,,,,,,,,,,,LAB3,,,,,,,,,,FP,,
BATCH00824,Medium,Yes,Contract,,,Hormonal,,,,,,HORM2,,ES,,26095,PLANT_SPECIAL,Low,LEVOHORMIMPL,,,,Units
QCS00847,,,,,,,,,,,LAB1,,,,,,,,,,FP,,
BATCH00825,Low,Yes,OwnBrand,,,Hormonal,,,,,,HORM1,,PT,,7262,PLANT_SPECIAL,Medium,EE30TAB,,,,Units
BATCH00826,Medium,No,Contract,,,Hormonal,,,,,,HORM2,,ES,,45271,PLANT_SPECIAL,Medium,LEVOHORMIMPL,,,,Units
QCS00848,,,,,,,,,,,LAB1,,,,,,,,,,FP,,
BATCH00827,Low,No,OwnBrand,,,Hormonal,,,,,,HORM1,,PT,,42483,PLANT_SPECIAL,Medium,EE30TAB,,,,Units
QCS00849,,,,,,,,,,,LAB1,,,,,,,,,,FP,,
BATCH00828,Low,No,Contract,,,Device,,,,,,DEV1,,UK,,18949,PLANT_SPECIAL,Medium,INHALER,,,,Units
QCS00850,,,,,,,,,,,LAB2,,,,,,,,,,FP,,
BATCH00829,Low,No,OwnBrand,,,Capsule,,,,,,CL1,,IT,,358254,PLANT_SOLIDS,Low,OMEP20CAP,,,,TabletsCaps
DEVIAT0136,,,,Major,Supply,,,,,,,,,,,,,,,,,,
QCS00851,,,,,,,,,,,LAB2,,,,,,,,,,FP,,
BATCH00830,Low,No,OwnBrand,,,Tablet,,,,,,TL2,,ES,,156870,PLANT_SOLIDS,Medium,PARA500TAB,,,,TabletsCaps
DEVIAT0137,,,,Critical,Quality,,,,,,,,,,,,,,,,,,
QCS00852,,,,,,,,,,,LAB1,,,,,,,,,,FP,,
BATCH00831,Medium,No,Contract,,,Hormonal,,,,,,HORM2,,ES,,40897,PLANT_SPECIAL,Medium,LEVOHORMIMPL,,,,Units
QCS00853,,,,,,,,,,,LAB3,,,,,,,,,,FP,,
BATCH00832,Low,No,OwnBrand,,,Hormonal,,,,,,HORM2,,PT,,12597,PLANT_SPECIAL,Medium,EE30TAB,,,,Units
QCS00854,,,,,,,,,,,LAB3,,,,,,,,,,FP,,
BATCH00833,Low,No,OwnBrand,,,Tablet,,,,,,TL3,,ES,,133561,PLANT_SOLIDS,Medium,PARA500TAB,,,,TabletsCaps
QCS00855,,,,,,,,,,,LAB2,,,,,,,,,,FP,,
BATCH00834,Low,Yes,Contract,,,Device,,,,,,DEV1,,UK,,24892,PLANT_SPECIAL,High,INHALER,,,,Units
BATCH00835,Medium,Yes,OwnBrand,,,Injectable,,,,,,INJ1,,FR,,22535,PLANT_PARENTERAL,Medium,HEP5000SC,,,,Units
QCS00856,,,,,,,,,,,LAB2,,,,,,,,,,FP,,
BATCH00836,Medium,No,Contract,,,Hormonal,,,,,,HORM2,,ES,,45881,PLANT_SPECIAL,Medium,LEVOHORMIMPL,,,,Units
QCS00857,,,,,,,,,,,LAB1,,,,,,,,,,FP,,
BATCH00837,Medium,No,OwnBrand,,,Device,,,,,,DEV2,,DE,,12670,PLANT_SPECIAL,Medium,INSUPEN,,,,Units
QCS00858,,,,,,,,,,,LAB3,,,,,,,,,,FP,,
BATCH00838,Medium,No,OwnBrand,,,Device,,,,,,DEV2,,DE,,38830,PLANT_SPECIAL,Medium,INSUPEN,,,,Units
QCS00859,,,,,,,,,,,LAB2,,,,,,,,,,FP,,
BATCH00839,Low,No,OwnBrand,,,Capsule,,,,,,CL1,,IT,,157364,PLANT_SOLIDS,Medium,OMEP20CAP,,,,TabletsCaps
QCS00860,,,,,,,,,,,LAB2,,,,,,,,,,FP,,
DEVIAT0138,,,,Major,Quality,,,,,,,,,,,,,,,,,,
QCS00861,,,,,,,,,,,LAB2,,,,,,,,,,FP,,
BATCH00840,Low,No,Contract,,,Device,,,,,,DEV2,,UK,,3730,PLANT_SPECIAL,Medium,INHALER,,,,Units
QCS00862,,,,,,,,,,,LAB3,,,,,,,,,,FP,,
BATCH00841,Low,Yes,OwnBrand,,,Hormonal,,,,,,HORM2,,PT,,25462,PLANT_SPECIAL,High,EE30TAB,,,,Units
QCS00863,,,,,,,,,,,LAB2,,,,,,,,,,FP,,
BATCH00842,Medium,No,OwnBrand,,,Injectable,,,,,,INJ1,,FR,,34153,PLANT_PARENTERAL,High,HEP5000SC,,,,Units
QCS00864,,,,,,,,,,,LAB1,,,,,,,,,,FP,,
BATCH00843,High,No,Contract,,,Injectable,,,,,,INJ1,,UK,,39540,PLANT_PARENTERAL,High,CEF1GIV,,,,Units
QCS00865,,,,,,,,,,,LAB3,,,,,,,,,,FP,,
DEVIAT0139,,,,Major,Quality,,,,,,,,,,,,,,,,,,
QCS00866,,,,,,,,,,,LAB1,,,,,,,,,,FP,,
BATCH00844,Low,Yes,OwnBrand,,,Hormonal,,,,,,HORM1,,PT,,21707,PLANT_SPECIAL,Low,EE30TAB,,,,Units
QCS00867,,,,,,,,,,,LAB3,,,,,,,,,,FP,,
BATCH00845,Medium,No,OwnBrand,,,Device,,,,,,DEV2,,DE,,18109,PLANT_SPECIAL,Medium,INSUPEN,,,,Units
QCS00868,,,,,,,,,,,LAB2,,,,,,,,,,FP,,
BATCH00846,Low,Yes,OwnBrand,,,Hormonal,,,,,,HORM2,,PT,,12572,PLANT_SPECIAL,High,EE30TAB,,,,Units
QCS00869,,,,,,,,,,,LAB1,,,,,,,,,,FP,,
BATCH00847,Medium,No,OwnBrand,,,Injectable,,,,,,INJ1,,FR,,6200,PLANT_PARENTERAL,Medium,HEP5000SC,,,,Units
QCS00870,,,,,,,,,,,LAB1,,,,,,,,,,FP,,
BATCH00848,Medium,Yes,Contract,,,Hormonal,,,,,,HORM1,,ES,,12575,PLANT_SPECIAL,High,LEVOHORMIMPL,,,,Units
QCS00871,,,,,,,,,,,LAB3,,,,,,,,,,FP,,
BATCH00849,Low,No,OwnBrand,,,Hormonal,,,,,,HORM1,,PT,,28604,PLANT_SPECIAL,Medium,EE30TAB,,,,Units
QCS00872,,,,,,,,,,,LAB1,,,,,,,,,,FP,,
DEVIAT0140,,,,Major,Quality,,,,,,,,,,,,,,,,,,
QCS00873,,,,,,,,,,,LAB3,,,,,,,,,,FP,,
BATCH00850,Medium,No,OwnBrand,,,Injectable,,,,,,INJ2,,FR,,19215,PLANT_PARENTERAL,Medium,HEP5000SC,,,,Units
QCS00874,,,,,,,,,,,LAB3,,,,,,,,,,FP,,
BATCH00851,High,No,Contract,,,Injectable,,,,,,INJ2,,UK,,49686,PLANT_PARENTERAL,Medium,CEF1GIV,,,,Units
QCS00875,,,,,,,,,,,LAB3,,,,,,,,,,FP,,
BATCH00852,High,No,Contract,,,Injectable,,,,,,INJ2,,UK,,7169,PLANT_PARENTERAL,Medium,CEF1GIV,,,,Units
QCS00876,,,,,,,,,,,LAB1,,,,,,,,,,FP,,
BATCH00853,High,No,Contract,,,Injectable,,,,,,INJ1,,UK,,48355,PLANT_PARENTERAL,High,CEF1GIV,,,,Units
QCS00877,,,,,,,,,,,LAB2,,,,,,,,,,FP,,
BATCH00854,Low,No,Contract,,,Device,,,,,,DEV1,,UK,,38060,PLANT_SPECIAL,Medium,INHALER,,,,Units
QCS00878,,,,,,,,,,,LAB1,,,,,,,,,,FP,,
BATCH00855,Low,Yes,Contract,,,Device,,,,,,DEV2,,UK,,20606,PLANT_SPECIAL,Low,INHALER,,,,Units
QCS00879,,,,,,,,,,,LAB3,,,,,,,,,,FP,,
BATCH00856,Low,No,OwnBrand,,,Tablet,,,,,,TL2,,ES,,199365,PLANT_SOLIDS,Medium,PARA500TAB,,,,TabletsCaps
QCS00880,,,,,,,,,,,LAB3,,,,,,,,,,FP,,
BATCH00857,Medium,Yes,OwnBrand,,,Device,,,,,,DEV2,,DE,,8851,PLANT_SPECIAL,Medium,INSUPEN,,,,Units
QCS00881,,,,,,,,,,,LAB3,,,,,,,,,,FP,,
BATCH00858,Low,Yes,OwnBrand,,,Tablet,,,,,,TL2,,ES,,152111,PLANT_SOLIDS,Low,PARA500TAB,,,,TabletsCaps
QCS00882,,,,,,,,,,,LAB2,,,,,,,,,,FP,,
BATCH00859,High,No,Contract,,,Injectable,,,,,,INJ2,,UK,,47311,PLANT_PARENTERAL,High,CEF1GIV,,,,Units
QCS00883,,,,,,,,,,,LAB1,,,,,,,,,,FP,,
BATCH00860,Medium,Yes,Contract,,,Hormonal,,,,,,HORM1,,ES,,13494,PLANT_SPECIAL,High,LEVOHORMIMPL,,,,Units
QCS00884,,,,,,,,,,,LAB2,,,,,,,,,,FP,,
BATCH00861,High,No,Contract,,,Capsule,,,,,,CL1,,DE,,274269,PLANT_SOLIDS,Low,AMOX500CAP,,,,TabletsCaps
DEVIAT0141,,,,Minor,Documentation,,,,,,,,,,,,,,,,,,
QCS00885,,,,,,,,,,,LAB1,,,,,,,,,,FP,,
BATCH00862,Medium,No,OwnBrand,,,Injectable,,,,,,INJ2,,FR,,8932,PLANT_PARENTERAL,Medium,HEP5000SC,,,,Units
QCS00886,,,,,,,,,,,LAB1,,,,,,,,,,FP,,
BATCH00863,Low,Yes,OwnBrand,,,Hormonal,,,,,,HORM2,,PT,,29414,PLANT_SPECIAL,High,EE30TAB,,,,Units
QCS00887,,,,,,,,,,,LAB1,,,,,,,,,,FP,,
BATCH00864,Medium,No,OwnBrand,,,Tablet,,,,,,TL1,,FR,,286675,PLANT_SOLIDS,Medium,IBUP400TAB,,,,TabletsCaps
QCS00888,,,,,,,,,,,LAB3,,,,,,,,,,FP,,
BATCH00865,High,No,Contract,,,Capsule,,,,,,CL1,,DE,,383262,PLANT_SOLIDS,High,AMOX500CAP,,,,TabletsCaps
QCS00889,,,,,,,,,,,LAB1,,,,,,,,,,FP,,
BATCH00866,High,No,Contract,,,Injectable,,,,,,INJ1,,UK,,1249,PLANT_PARENTERAL,High,CEF1GIV,,,,Units
QCS00890,,,,,,,,,,,LAB3,,,,,,,,,,FP,,
BATCH00867,Low,No,Contract,,,Device,,,,,,DEV1,,UK,,16923,PLANT_SPECIAL,High,INHALER,,,,Units
QCS00891,,,,,,,,,,,LAB1,,,,,,,,,,FP,,
BATCH00868,Medium,Yes,Contract,,,Hormonal,,,,,,HORM1,,ES,,11384,PLANT_SPECIAL,Medium,LEVOHORMIMPL,,,,Units
QCS00892,,,,,,,,,,,LAB3,,,,,,,,,,FP,,
BATCH00869,Low,No,OwnBrand,,,Hormonal,,,,,,HORM2,,PT,,32097,PLANT_SPECIAL,High,EE30TAB,,,,Units
QCS00893,,,,,,,,,,,LAB2,,,,,,,,,,FP,,
BATCH00870,Low,No,OwnBrand,,,Capsule,,,,,,CL2,,IT,,202901,PLANT_SOLIDS,Medium,OMEP20CAP,,,,TabletsCaps
QCS00894,,,,,,,,,,,LAB1,,,,,,,,,,FP,,
BATCH00871,High,No,Contract,,,Capsule,,,,,,CL2,,DE,,51339,PLANT_SOLIDS,High,AMOX500CAP,,,,TabletsCaps
QCS00895,,,,,,,,,,,LAB3,,,,,,,,,,FP,,
BATCH00872,Low,No,OwnBrand,,,Tablet,,,,,,TL1,,ES,,404548,PLANT_SOLIDS,Medium,PARA500TAB,,,,TabletsCaps
QCS00896,,,,,,,,,,,LAB1,,,,,,,,,,FP,,
BATCH00873,High,No,Contract,,,Injectable,,,,,,INJ1,,UK,,4328,PLANT_PARENTERAL,High,CEF1GIV,,,,Units
QCS00897,,,,,,,,,,,LAB1,,,,,,,,,,FP,,
BATCH00874,Medium,No,OwnBrand,,,Injectable,,,,,,INJ2,,FR,,18226,PLANT_PARENTERAL,High,HEP5000SC,,,,Units
QCS00898,,,,,,,,,,,LAB2,,,,,,,,,,FP,,
BATCH00875,Low,No,OwnBrand,,,Capsule,,,,,,CL2,,IT,,326007,PLANT_SOLIDS,Medium,OMEP20CAP,,,,TabletsCaps
QCS00899,,,,,,,,,,,LAB1,,,,,,,,,,FP,,
BATCH00876,Low,No,OwnBrand,,,Tablet,,,,,,TL2,,ES,,147275,PLANT_SOLIDS,Low,PARA500TAB,,,,TabletsCaps
QCS00900,,,,,,,,,,,LAB2,,,,,,,,,,FP,,
BATCH00877,High,No,Contract,,,Capsule,,,,,,CL2,,DE,,365347,PLANT_SOLIDS,Low,AMOX500CAP,,,,TabletsCaps
DEVIAT0142,,,,Major,Process,,,,,,,,,,,,,,,,,,
QCS00901,,,,,,,,,,,LAB3,,,,,,,,,,IPC,,
QCS00902,,,,,,,,,,,LAB2,,,,,,,,,,FP,,
BATCH00878,Medium,No,OwnBrand,,,Device,,,,,,DEV2,,DE,,34174,PLANT_SPECIAL,High,INSUPEN,,,,Units
QCS00903,,,,,,,,,,,LAB2,,,,,,,,,,FP,,
BATCH00879,High,No,Contract,,,Injectable,,,,,,INJ2,,UK,,43547,PLANT_PARENTERAL,Low,CEF1GIV,,,,Units
QCS00904,,,,,,,,,,,LAB3,,,,,,,,,,FP,,
BATCH00880,Low,No,OwnBrand,,,Tablet,,,,,,TL1,,ES,,150343,PLANT_SOLIDS,Medium,PARA500TAB,,,,TabletsCaps
QCS00905,,,,,,,,,,,LAB3,,,,,,,,,,FP,,
BATCH00881,Medium,Yes,OwnBrand,,,Device,,,,,,DEV1,,DE,,16845,PLANT_SPECIAL,Medium,INSUPEN,,,,Units
QCS00906,,,,,,,,,,,LAB3,,,,,,,,,,FP,,
BATCH00882,Medium,No,OwnBrand,,,Device,,,,,,DEV1,,DE,,5997,PLANT_SPECIAL,Medium,INSUPEN,,,,Units
QCS00907,,,,,,,,,,,LAB1,,,,,,,,,,FP,,
BATCH00883,Medium,No,OwnBrand,,,Tablet,,,,,,TL2,,FR,,384110,PLANT_SOLIDS,Medium,IBUP400TAB,,,,TabletsCaps
QCS00908,,,,,,,,,,,LAB3,,,,,,,,,,FP,,
BATCH00884,Low,No,OwnBrand,,,Hormonal,,,,,,HORM1,,PT,,28142,PLANT_SPECIAL,Medium,EE30TAB,,,,Units
QCS00909,,,,,,,,,,,LAB3,,,,,,,,,,FP,,
BATCH00885,Medium,No,OwnBrand,,,Tablet,,,,,,TL3,,FR,,481015,PLANT_SOLIDS,High,IBUP400TAB,,,,TabletsCaps
DEVIAT0143,,,,Major,Supply,,,,,,,,,,,,,,,,,,
QCS00910,,,,,,,,,,,LAB3,,,,,,,,,,FP,,
BATCH00886,Low,No,OwnBrand,,,Tablet,,,,,,TL2,,ES,,402667,PLANT_SOLIDS,High,PARA500TAB,,,,TabletsCaps
DEVIAT0144,,,,Major,Supply,,,,,,,,,,,,,,,,,,
QCS00911,,,,,,,,,,,LAB3,,,,,,,,,,FP,,
BATCH00887,Medium,No,OwnBrand,,,Device,,,,,,DEV2,,DE,,25810,PLANT_SPECIAL,Medium,INSUPEN,,,,Units
QCS00912,,,,,,,,,,,LAB1,,,,,,,,,,FP,,
BATCH00888,High,No,Contract,,,Injectable,,,,,,INJ1,,UK,,13201,PLANT_PARENTERAL,Low,CEF1GIV,,,,Units
QCS00913,,,,,,,,,,,LAB1,,,,,,,,,,FP,,
BATCH00889,Medium,Yes,Contract,,,Hormonal,,,,,,HORM1,,ES,,35691,PLANT_SPECIAL,Medium,LEVOHORMIMPL,,,,Units
QCS00914,,,,,,,,,,,LAB2,,,,,,,,,,FP,,
DEVIAT0145,,,,Major,Quality,,,,,,,,,,,,,,,,,,
QCS00915,,,,,,,,,,,LAB1,,,,,,,,,,FP,,
BATCH00890,Medium,Yes,OwnBrand,,,Injectable,,,,,,INJ1,,FR,,38995,PLANT_PARENTERAL,Medium,HEP5000SC,,,,Units
QCS00916,,,,,,,,,,,LAB2,,,,,,,,,,FP,,
BATCH00891,Low,Yes,Contract,,,Device,,,,,,DEV1,,UK,,8916,PLANT_SPECIAL,Medium,INHALER,,,,Units
QCS00917,,,,,,,,,,,LAB2,,,,,,,,,,FP,,
BATCH00892,Low,Yes,OwnBrand,,,Tablet,,,,,,TL3,,ES,,180005,PLANT_SOLIDS,Medium,PARA500TAB,,,,TabletsCaps
QCS00918,,,,,,,,,,,LAB1,,,,,,,,,,FP,,
BATCH00893,Medium,No,Contract,,,Hormonal,,,,,,HORM1,,ES,,14910,PLANT_SPECIAL,Medium,LEVOHORMIMPL,,,,Units
QCS00919,,,,,,,,,,,LAB3,,,,,,,,,,FP,,
BATCH00894,High,No,Contract,,,Injectable,,,,,,INJ2,,UK,,42793,PLANT_PARENTERAL,Medium,CEF1GIV,,,,Units
QCS00920,,,,,,,,,,,LAB3,,,,,,,,,,FP,,
BATCH00895,Low,No,OwnBrand,,,Hormonal,,,,,,HORM2,,PT,,11632,PLANT_SPECIAL,High,EE30TAB,,,,Units
QCS00921,,,,,,,,,,,LAB3,,,,,,,,,,FP,,
BATCH00896,High,No,Contract,,,Capsule,,,,,,CL1,,DE,,77628,PLANT_SOLIDS,Medium,AMOX500CAP,,,,TabletsCaps
QCS00922,,,,,,,,,,,LAB3,,,,,,,,,,FP,,
BATCH00897,High,No,Contract,,,Injectable,,,,,,INJ1,,UK,,4937,PLANT_PARENTERAL,Medium,CEF1GIV,,,,Units
QCS00923,,,,,,,,,,,LAB3,,,,,,,,,,FP,,
BATCH00898,Low,No,OwnBrand,,,Hormonal,,,,,,HORM2,,PT,,28471,PLANT_SPECIAL,High,EE30TAB,,,,Units
QCS00924,,,,,,,,,,,LAB2,,,,,,,,,,FP,,
BATCH00899,Medium,No,Contract,,,Hormonal,,,,,,HORM1,,ES,,7543,PLANT_SPECIAL,High,LEVOHORMIMPL,,,,Units
QCS00925,,,,,,,,,,,LAB3,,,,,,,,,,FP,,
BATCH00900,Low,No,OwnBrand,,,Capsule,,,,,,CL1,,IT,,471711,PLANT_SOLIDS,High,OMEP20CAP,,,,TabletsCaps
QCS00926,,,,,,,,,,,LAB1,,,,,,,,,,FP,,
BATCH00901,Medium,Yes,OwnBrand,,,Injectable,,,,,,INJ2,,FR,,35566,PLANT_PARENTERAL,Low,HEP5000SC,,,,Units
QCS00927,,,,,,,,,,,LAB3,,,,,,,,,,FP,,
BATCH00902,Medium,No,OwnBrand,,,Injectable,,,,,,INJ1,,FR,,28566,PLANT_PARENTERAL,High,HEP5000SC,,,,Units
QCS00928,,,,,,,,,,,LAB3,,,,,,,,,,FP,,
BATCH00903,High,No,Contract,,,Injectable,,,,,,INJ2,,UK,,41033,PLANT_PARENTERAL,Medium,CEF1GIV,,,,Units
QCS00929,,,,,,,,,,,LAB3,,,,,,,,,,FP,,
BATCH00904,Medium,No,OwnBrand,,,Device,,,,,,DEV1,,DE,,8795,PLANT_SPECIAL,Low,INSUPEN,,,,Units
DEVIAT0146,,,,Minor,Documentation,,,,,,,,,,,,,,,,,,
QCS00930,,,,,,,,,,,LAB2,,,,,,,,,,FP,,
BATCH00905,Low,No,OwnBrand,,,Tablet,,,,,,TL3,,ES,,102332,PLANT_SOLIDS,Low,PARA500TAB,,,,TabletsCaps
QCS00931,,,,,,,,,,,LAB1,,,,,,,,,,FP,,
BATCH00906,Low,No,Contract,,,Device,,,,,,DEV1,,UK,,45639,PLANT_SPECIAL,Medium,INHALER,,,,Units
QCS00932,,,,,,,,,,,LAB3,,,,,,,,,,FP,,
DEVIAT0147,,,,Major,Quality,,,,,,,,,,,,,,,,,,
QCS00933,,,,,,,,,,,LAB2,,,,,,,,,,FP,,
BATCH00907,Medium,No,OwnBrand,,,Injectable,,,,,,INJ2,,FR,,12692,PLANT_PARENTERAL,High,HEP5000SC,,,,Units
QCS00934,,,,,,,,,,,LAB3,,,,,,,,,,FP,,
BATCH00908,Low,No,OwnBrand,,,Tablet,,,,,,TL3,,ES,,82779,PLANT_SOLIDS,Medium,PARA500TAB,,,,TabletsCaps
QCS00935,,,,,,,,,,,LAB3,,,,,,,,,,FP,,
BATCH00909,Medium,No,OwnBrand,,,Device,,,,,,DEV2,,DE,,15199,PLANT_SPECIAL,Medium,INSUPEN,,,,Units
QCS00936,,,,,,,,,,,LAB3,,,,,,,,,,FP,,
BATCH00910,Low,Yes,OwnBrand,,,Hormonal,,,,,,HORM1,,PT,,44424,PLANT_SPECIAL,Medium,EE30TAB,,,,Units
QCS00937,,,,,,,,,,,LAB3,,,,,,,,,,FP,,
DEVIAT0148,,,,Major,Quality,,,,,,,,,,,,,,,,,,
QCS00938,,,,,,,,,,,LAB1,,,,,,,,,,FP,,
BATCH00911,Medium,No,OwnBrand,,,Device,,,,,,DEV2,,DE,,18724,PLANT_SPECIAL,High,INSUPEN,,,,Units
QCS00939,,,,,,,,,,,LAB1,,,,,,,,,,FP,,
BATCH00912,Low,No,Contract,,,Device,,,,,,DEV1,,UK,,22638,PLANT_SPECIAL,Medium,INHALER,,,,Units
QCS00940,,,,,,,,,,,LAB3,,,,,,,,,,FP,,
BATCH00913,Medium,No,Contract,,,Hormonal,,,,,,HORM1,,ES,,21202,PLANT_SPECIAL,Low,LEVOHORMIMPL,,,,Units
QCS00941,,,,,,,,,,,LAB3,,,,,,,,,,FP,,
BATCH00914,Medium,No,OwnBrand,,,Device,,,,,,DEV1,,DE,,18311,PLANT_SPECIAL,High,INSUPEN,,,,Units
QCS00942,,,,,,,,,,,LAB3,,,,,,,,,,FP,,
DEVIAT0149,,,,Major,Quality,,,,,,,,,,,,,,,,,,
QCS00943,,,,,,,,,,,LAB2,,,,,,,,,,FP,,
BATCH00915,Medium,Yes,OwnBrand,,,Tablet,,,,,,TL1,,FR,,73573,PLANT_SOLIDS,High,IBUP400TAB,,,,TabletsCaps
QCS00944,,,,,,,,,,,LAB3,,,,,,,,,,FP,,
BATCH00916,Medium,Yes,OwnBrand,,,Tablet,,,,,,TL1,,FR,,323979,PLANT_SOLIDS,Low,IBUP400TAB,,,,TabletsCaps
DEVIAT0150,,,,Critical,Quality,,,,,,,,,,,,,,,,,,
QCS00945,,,,,,,,,,,LAB1,,,,,,,,,,FP,,
BATCH00917,Low,No,OwnBrand,,,Capsule,,,,,,CL2,,IT,,77054,PLANT_SOLIDS,High,OMEP20CAP,,,,TabletsCaps
DEVIAT0151,,,,Critical,Quality,,,,,,,,,,,,,,,,,,
QCS00946,,,,,,,,,,,LAB3,,,,,,,,,,FP,,
BATCH00918,Medium,No,OwnBrand,,,Injectable,,,,,,INJ1,,FR,,36367,PLANT_PARENTERAL,Medium,HEP5000SC,,,,Units
QCS00947,,,,,,,,,,,LAB2,,,,,,,,,,FP,,
BATCH00919,Medium,No,OwnBrand,,,Injectable,,,,,,INJ1,,FR,,42968,PLANT_PARENTERAL,Low,HEP5000SC,,,,Units
QCS00948,,,,,,,,,,,LAB2,,,,,,,,,,FP,,
BATCH00920,Medium,No,Contract,,,Hormonal,,,,,,HORM2,,ES,,14609,PLANT_SPECIAL,High,LEVOHORMIMPL,,,,Units
QCS00949,,,,,,,,,,,LAB3,,,,,,,,,,FP,,
BATCH00921,Low,No,OwnBrand,,,Capsule,,,,,,CL2,,IT,,258708,PLANT_SOLIDS,High,OMEP20CAP,,,,TabletsCaps
DEVIAT0152,,,,Major,Process,,,,,,,,,,,,,,,,,,
QCS00950,,,,,,,,,,,LAB3,,,,,,,,,,IPC,,
QCS00951,,,,,,,,,,,LAB2,,,,,,,,,,FP,,
BATCH00922,High,No,Contract,,,Capsule,,,,,,CL1,,DE,,225008,PLANT_SOLIDS,Low,AMOX500CAP,,,,TabletsCaps
BATCH00923,Medium,Yes,OwnBrand,,,Tablet,,,,,,TL1,,FR,,371287,PLANT_SOLIDS,High,IBUP400TAB,,,,TabletsCaps
QCS00952,,,,,,,,,,,LAB3,,,,,,,,,,FP,,
BATCH00924,Low,No,Contract,,,Device,,,,,,DEV2,,UK,,20469,PLANT_SPECIAL,High,INHALER,,,,Units
QCS00953,,,,,,,,,,,LAB2,,,,,,,,,,FP,,
BATCH00925,Low,No,Contract,,,Device,,,,,,DEV1,,UK,,43305,PLANT_SPECIAL,Medium,INHALER,,,,Units
QCS00954,,,,,,,,,,,LAB1,,,,,,,,,,FP,,
BATCH00926,Medium,No,OwnBrand,,,Tablet,,,,,,TL2,,FR,,426827,PLANT_SOLIDS,High,IBUP400TAB,,,,TabletsCaps
DEVIAT0153,,,,Major,Supply,,,,,,,,,,,,,,,,,,
QCS00955,,,,,,,,,,,LAB1,,,,,,,,,,FP,,
BATCH00927,Medium,No,Contract,,,Hormonal,,,,,,HORM1,,ES,,36689,PLANT_SPECIAL,Medium,LEVOHORMIMPL,,,,Units
QCS00956,,,,,,,,,,,LAB3,,,,,,,,,,FP,,
BATCH00928,Low,Yes,OwnBrand,,,Hormonal,,,,,,HORM1,,PT,,19027,PLANT_SPECIAL,Medium,EE30TAB,,,,Units
QCS00957,,,,,,,,,,,LAB3,,,,,,,,,,FP,,
BATCH00929,High,No,Contract,,,Injectable,,,,,,INJ1,,UK,,33928,PLANT_PARENTERAL,High,CEF1GIV,,,,Units
QCS00958,,,,,,,,,,,LAB2,,,,,,,,,,FP,,
BATCH00930,Medium,No,OwnBrand,,,Tablet,,,,,,TL1,,FR,,213315,PLANT_SOLIDS,Medium,IBUP400TAB,,,,TabletsCaps
DEVIAT0154,,,,Major,Process,,,,,,,,,,,,,,,,,,
QCS00959,,,,,,,,,,,LAB3,,,,,,,,,,IPC,,
QCS00960,,,,,,,,,,,LAB3,,,,,,,,,,FP,,
BATCH00931,Medium,Yes,OwnBrand,,,Injectable,,,,,,INJ1,,FR,,48930,PLANT_PARENTERAL,Medium,HEP5000SC,,,,Units
BATCH00932,Medium,No,Contract,,,Hormonal,,,,,,HORM1,,ES,,15745,PLANT_SPECIAL,Medium,LEVOHORMIMPL,,,,Units
QCS00961,,,,,,,,,,,LAB2,,,,,,,,,,FP,,
BATCH00933,High,No,Contract,,,Capsule,,,,,,CL2,,DE,,479266,PLANT_SOLIDS,Medium,AMOX500CAP,,,,TabletsCaps
DEVIAT0155,,,,Major,Process,,,,,,,,,,,,,,,,,,
QCS00962,,,,,,,,,,,LAB2,,,,,,,,,,IPC,,
QCS00963,,,,,,,,,,,LAB2,,,,,,,,,,FP,,
BATCH00934,High,No,Contract,,,Injectable,,,,,,INJ1,,UK,,19943,PLANT_PARENTERAL,Medium,CEF1GIV,,,,Units
QCS00964,,,,,,,,,,,LAB1,,,,,,,,,,FP,,
BATCH00935,Low,No,OwnBrand,,,Tablet,,,,,,TL3,,ES,,436482,PLANT_SOLIDS,Medium,PARA500TAB,,,,TabletsCaps
DEVIAT0156,,,,Major,Supply,,,,,,,,,,,,,,,,,,
QCS00965,,,,,,,,,,,LAB1,,,,,,,,,,FP,,
BATCH00936,Low,No,OwnBrand,,,Tablet,,,,,,TL1,,ES,,120887,PLANT_SOLIDS,Medium,PARA500TAB,,,,TabletsCaps
DEVIAT0157,,,,Major,Supply,,,,,,,,,,,,,,,,,,
QCS00966,,,,,,,,,,,LAB2,,,,,,,,,,FP,,
BATCH00937,Low,No,OwnBrand,,,Hormonal,,,,,,HORM2,,PT,,4709,PLANT_SPECIAL,High,EE30TAB,,,,Units
QCS00967,,,,,,,,,,,LAB1,,,,,,,,,,FP,,
BATCH00938,High,No,Contract,,,Injectable,,,,,,INJ1,,UK,,31004,PLANT_PARENTERAL,High,CEF1GIV,,,,Units
QCS00968,,,,,,,,,,,LAB1,,,,,,,,,,FP,,
BATCH00939,Low,No,OwnBrand,,,Tablet,,,,,,TL2,,ES,,154893,PLANT_SOLIDS,High,PARA500TAB,,,,TabletsCaps
DEVIAT0158,,,,Major,Supply,,,,,,,,,,,,,,,,,,
QCS00969,,,,,,,,,,,LAB1,,,,,,,,,,FP,,
BATCH00940,Low,No,Contract,,,Device,,,,,,DEV1,,UK,,47214,PLANT_SPECIAL,High,INHALER,,,,Units
QCS00970,,,,,,,,,,,LAB1,,,,,,,,,,FP,,
BATCH00941,Low,No,OwnBrand,,,Hormonal,,,,,,HORM2,,PT,,43255,PLANT_SPECIAL,Low,EE30TAB,,,,Units
QCS00971,,,,,,,,,,,LAB1,,,,,,,,,,FP,,
BATCH00942,High,No,Contract,,,Capsule,,,,,,CL2,,DE,,78210,PLANT_SOLIDS,Medium,AMOX500CAP,,,,TabletsCaps
QCS00972,,,,,,,,,,,LAB3,,,,,,,,,,FP,,
BATCH00943,Low,No,OwnBrand,,,Tablet,,,,,,TL3,,ES,,344782,PLANT_SOLIDS,Low,PARA500TAB,,,,TabletsCaps
BATCH00944,Medium,No,Contract,,,Hormonal,,,,,,HORM2,,ES,,32680,PLANT_SPECIAL,Low,LEVOHORMIMPL,,,,Units
QCS00973,,,,,,,,,,,LAB2,,,,,,,,,,FP,,
BATCH00945,Medium,No,OwnBrand,,,Injectable,,,,,,INJ2,,FR,,29251,PLANT_PARENTERAL,Medium,HEP5000SC,,,,Units
QCS00974,,,,,,,,,,,LAB2,,,,,,,,,,FP,,
BATCH00946,Medium,No,OwnBrand,,,Tablet,,,,,,TL2,,FR,,281969,PLANT_SOLIDS,High,IBUP400TAB,,,,TabletsCaps
QCS00975,,,,,,,,,,,LAB3,,,,,,,,,,FP,,
BATCH00947,Low,No,Contract,,,Device,,,,,,DEV1,,UK,,14953,PLANT_SPECIAL,Low,INHALER,,,,Units
QCS00976,,,,,,,,,,,LAB2,,,,,,,,,,FP,,
BATCH00948,Medium,No,OwnBrand,,,Tablet,,,,,,TL1,,FR,,180588,PLANT_SOLIDS,High,IBUP400TAB,,,,TabletsCaps
QCS00977,,,,,,,,,,,LAB2,,,,,,,,,,FP,,
DEVIAT0159,,,,Major,Quality,,,,,,,,,,,,,,,,,,
QCS00978,,,,,,,,,,,LAB2,,,,,,,,,,FP,,
BATCH00949,Medium,Yes,Contract,,,Hormonal,,,,,,HORM1,,ES,,29280,PLANT_SPECIAL,High,LEVOHORMIMPL,,,,Units
QCS00979,,,,,,,,,,,LAB1,,,,,,,,,,FP,,
BATCH00950,Medium,No,OwnBrand,,,Tablet,,,,,,TL3,,FR,,72360,PLANT_SOLIDS,Medium,IBUP400TAB,,,,TabletsCaps
QCS00980,,,,,,,,,,,LAB1,,,,,,,,,,FP,,
BATCH00951,Low,Yes,OwnBrand,,,Capsule,,,,,,CL2,,IT,,144225,PLANT_SOLIDS,High,OMEP20CAP,,,,TabletsCaps
QCS00981,,,,,,,,,,,LAB3,,,,,,,,,,FP,,
BATCH00952,Low,No,Contract,,,Device,,,,,,DEV2,,UK,,33901,PLANT_SPECIAL,Medium,INHALER,,,,Units
QCS00982,,,,,,,,,,,LAB2,,,,,,,,,,FP,,
BATCH00953,Low,No,Contract,,,Device,,,,,,DEV2,,UK,,3854,PLANT_SPECIAL,Low,INHALER,,,,Units
QCS00983,,,,,,,,,,,LAB1,,,,,,,,,,FP,,
BATCH00954,High,No,Contract,,,Injectable,,,,,,INJ2,,UK,,5616,PLANT_PARENTERAL,Medium,CEF1GIV,,,,Units
QCS00984,,,,,,,,,,,LAB3,,,,,,,,,,FP,,
BATCH00955,Medium,Yes,Contract,,,Hormonal,,,,,,HORM2,,ES,,22892,PLANT_SPECIAL,High,LEVOHORMIMPL,,,,Units
QCS00985,,,,,,,,,,,LAB2,,,,,,,,,,FP,,
BATCH00956,High,No,Contract,,,Injectable,,,,,,INJ1,,UK,,28300,PLANT_PARENTERAL,Medium,CEF1GIV,,,,Units
QCS00986,,,,,,,,,,,LAB2,,,,,,,,,,FP,,
BATCH00957,Low,No,OwnBrand,,,Hormonal,,,,,,HORM1,,PT,,30236,PLANT_SPECIAL,Low,EE30TAB,,,,Units
QCS00987,,,,,,,,,,,LAB3,,,,,,,,,,FP,,
BATCH00958,High,No,Contract,,,Injectable,,,,,,INJ1,,UK,,16359,PLANT_PARENTERAL,Medium,CEF1GIV,,,,Units
QCS00988,,,,,,,,,,,LAB1,,,,,,,,,,FP,,
BATCH00959,Medium,No,Contract,,,Hormonal,,,,,,HORM1,,ES,,18862,PLANT_SPECIAL,Medium,LEVOHORMIMPL,,,,Units
QCS00989,,,,,,,,,,,LAB2,,,,,,,,,,FP,,
DEVIAT0160,,,,Major,Quality,,,,,,,,,,,,,,,,,,
QCS00990,,,,,,,,,,,LAB2,,,,,,,,,,FP,,
BATCH00960,Low,No,Contract,,,Device,,,,,,DEV1,,UK,,36341,PLANT_SPECIAL,Low,INHALER,,,,Units
QCS00991,,,,,,,,,,,LAB1,,,,,,,,,,FP,,
BATCH00961,Low,Yes,OwnBrand,,,Capsule,,,,,,CL1,,IT,,348406,PLANT_SOLIDS,Low,OMEP20CAP,,,,TabletsCaps
DEVIAT0161,,,,Major,Process,,,,,,,,,,,,,,,,,,
QCS00992,,,,,,,,,,,LAB3,,,,,,,,,,IPC,,
QCS00993,,,,,,,,,,,LAB2,,,,,,,,,,FP,,
BATCH00962,Low,No,Contract,,,Device,,,,,,DEV1,,UK,,22887,PLANT_SPECIAL,Medium,INHALER,,,,Units
QCS00994,,,,,,,,,,,LAB2,,,,,,,,,,FP,,
BATCH00963,Low,No,Contract,,,Device,,,,,,DEV2,,UK,,6521,PLANT_SPECIAL,High,INHALER,,,,Units
QCS00995,,,,,,,,,,,LAB1,,,,,,,,,,FP,,
BATCH00964,High,Yes,Contract,,,Capsule,,,,,,CL1,,DE,,67335,PLANT_SOLIDS,Medium,AMOX500CAP,,,,TabletsCaps
QCS00996,,,,,,,,,,,LAB1,,,,,,,,,,FP,,
BATCH00965,High,No,Contract,,,Injectable,,,,,,INJ2,,UK,,26451,PLANT_PARENTERAL,Low,CEF1GIV,,,,Units
QCS00997,,,,,,,,,,,LAB2,,,,,,,,,,FP,,
DEVIAT0162,,,,Major,Quality,,,,,,,,,,,,,,,,,,
QCS00998,,,,,,,,,,,LAB1,,,,,,,,,,FP,,
BATCH00966,High,No,Contract,,,Capsule,,,,,,CL2,,DE,,284303,PLANT_SOLIDS,Medium,AMOX500CAP,,,,TabletsCaps
QCS00999,,,,,,,,,,,LAB3,,,,,,,,,,FP,,
BATCH00967,Medium,No,OwnBrand,,,Injectable,,,,,,INJ2,,FR,,20534,PLANT_PARENTERAL,Low,HEP5000SC,,,,Units
QCS01000,,,,,,,,,,,LAB2,,,,,,,,,,FP,,
BATCH00968,Medium,No,OwnBrand,,,Tablet,,,,,,TL1,,FR,,230372,PLANT_SOLIDS,Medium,IBUP400TAB,,,,TabletsCaps
QCS01001,,,,,,,,,,,LAB3,,,,,,,,,,FP,,
BATCH00969,Low,Yes,OwnBrand,,,Capsule,,,,,,CL2,,IT,,63137,PLANT_SOLIDS,High,OMEP20CAP,,,,TabletsCaps
DEVIAT0163,,,,Major,Supply,,,,,,,,,,,,,,,,,,
QCS01002,,,,,,,,,,,LAB1,,,,,,,,,,FP,,
BATCH00970,High,No,Contract,,,Capsule,,,,,,CL2,,DE,,276517,PLANT_SOLIDS,Medium,AMOX500CAP,,,,TabletsCaps
QCS01003,,,,,,,,,,,LAB3,,,,,,,,,,FP,,
BATCH00971,High,No,Contract,,,Injectable,,,,,,INJ1,,UK,,6279,PLANT_PARENTERAL,Medium,CEF1GIV,,,,Units
QCS01004,,,,,,,,,,,LAB3,,,,,,,,,,FP,,
BATCH00972,Medium,No,OwnBrand,,,Device,,,,,,DEV1,,DE,,22401,PLANT_SPECIAL,Low,INSUPEN,,,,Units
QCS01005,,,,,,,,,,,LAB2,,,,,,,,,,FP,,
BATCH00973,Medium,Yes,OwnBrand,,,Injectable,,,,,,INJ1,,FR,,18943,PLANT_PARENTERAL,Medium,HEP5000SC,,,,Units
QCS01006,,,,,,,,,,,LAB3,,,,,,,,,,FP,,
BATCH00974,High,No,Contract,,,Capsule,,,,,,CL2,,DE,,491381,PLANT_SOLIDS,Low,AMOX500CAP,,,,TabletsCaps
QCS01007,,,,,,,,,,,LAB1,,,,,,,,,,FP,,
BATCH00975,Low,Yes,OwnBrand,,,Hormonal,,,,,,HORM1,,PT,,9632,PLANT_SPECIAL,Low,EE30TAB,,,,Units
QCS01008,,,,,,,,,,,LAB3,,,,,,,,,,FP,,
BATCH00976,High,No,Contract,,,Injectable,,,,,,INJ2,,UK,,26760,PLANT_PARENTERAL,Medium,CEF1GIV,,,,Units
QCS01009,,,,,,,,,,,LAB2,,,,,,,,,,FP,,
BATCH00977,Medium,Yes,Contract,,,Hormonal,,,,,,HORM2,,ES,,9015,PLANT_SPECIAL,Medium,LEVOHORMIMPL,,,,Units
QCS01010,,,,,,,,,,,LAB2,,,,,,,,,,FP,,
BATCH00978,Low,Yes,OwnBrand,,,Tablet,,,,,,TL1,,ES,,373600,PLANT_SOLIDS,Low,PARA500TAB,,,,TabletsCaps
QCS01011,,,,,,,,,,,LAB1,,,,,,,,,,FP,,
BATCH00979,Medium,No,OwnBrand,,,Tablet,,,,,,TL1,,FR,,84556,PLANT_SOLIDS,Low,IBUP400TAB,,,,TabletsCaps
QCS01012,,,,,,,,,,,LAB3,,,,,,,,,,FP,,
BATCH00980,Medium,No,Contract,,,Hormonal,,,,,,HORM1,,ES,,24038,PLANT_SPECIAL,Low,LEVOHORMIMPL,,,,Units
QCS01013,,,,,,,,,,,LAB2,,,,,,,,,,FP,,
BATCH00981,Low,No,OwnBrand,,,Tablet,,,,,,TL3,,ES,,197825,PLANT_SOLIDS,Medium,PARA500TAB,,,,TabletsCaps
QCS01014,,,,,,,,,,,LAB2,,,,,,,,,,FP,,
BATCH00982,Medium,Yes,OwnBrand,,,Device,,,,,,DEV2,,DE,,5452,PLANT_SPECIAL,High,INSUPEN,,,,Units
QCS01015,,,,,,,,,,,LAB3,,,,,,,,,,FP,,
BATCH00983,Medium,Yes,Contract,,,Hormonal,,,,,,HORM2,,ES,,2691,PLANT_SPECIAL,Medium,LEVOHORMIMPL,,,,Units
QCS01016,,,,,,,,,,,LAB3,,,,,,,,,,FP,,
BATCH00984,Medium,No,OwnBrand,,,Tablet,,,,,,TL3,,FR,,138497,PLANT_SOLIDS,Low,IBUP400TAB,,,,TabletsCaps
DEVIAT0164,,,,Major,Supply,,,,,,,,,,,,,,,,,,
QCS01017,,,,,,,,,,,LAB1,,,,,,,,,,FP,,
BATCH00985,Medium,No,Contract,,,Hormonal,,,,,,HORM1,,ES,,48440,PLANT_SPECIAL,High,LEVOHORMIMPL,,,,Units
QCS01018,,,,,,,,,,,LAB2,,,,,,,,,,FP,,
BATCH00986,Medium,No,OwnBrand,,,Tablet,,,,,,TL2,,FR,,295967,PLANT_SOLIDS,Medium,IBUP400TAB,,,,TabletsCaps
QCS01019,,,,,,,,,,,LAB2,,,,,,,,,,FP,,
BATCH00987,Medium,No,Contract,,,Hormonal,,,,,,HORM2,,ES,,4086,PLANT_SPECIAL,Low,LEVOHORMIMPL,,,,Units
QCS01020,,,,,,,,,,,LAB3,,,,,,,,,,FP,,
BATCH00988,Low,No,OwnBrand,,,Hormonal,,,,,,HORM2,,PT,,39035,PLANT_SPECIAL,High,EE30TAB,,,,Units
QCS01021,,,,,,,,,,,LAB2,,,,,,,,,,FP,,
BATCH00989,High,Yes,Contract,,,Injectable,,,,,,INJ1,,UK,,12763,PLANT_PARENTERAL,Low,CEF1GIV,,,,Units
QCS01022,,,,,,,,,,,LAB2,,,,,,,,,,FP,,
BATCH00990,Medium,Yes,OwnBrand,,,Device,,,,,,DEV1,,DE,,8738,PLANT_SPECIAL,High,INSUPEN,,,,Units
QCS01023,,,,,,,,,,,LAB3,,,,,,,,,,FP,,
BATCH00991,High,No,Contract,,,Capsule,,,,,,CL2,,DE,,104961,PLANT_SOLIDS,Medium,AMOX500CAP,,,,TabletsCaps
QCS01024,,,,,,,,,,,LAB2,,,,,,,,,,FP,,
BATCH00992,High,No,Contract,,,Injectable,,,,,,INJ1,,UK,,33065,PLANT_PARENTERAL,High,CEF1GIV,,,,Units
QCS01025,,,,,,,,,,,LAB2,,,,,,,,,,FP,,
BATCH00993,Low,No,OwnBrand,,,Capsule,,,,,,CL1,,IT,,147588,PLANT_SOLIDS,Low,OMEP20CAP,,,,TabletsCaps
QCS01026,,,,,,,,,,,LAB2,,,,,,,,,,FP,,
BATCH00994,Low,No,OwnBrand,,,Hormonal,,,,,,HORM2,,PT,,45540,PLANT_SPECIAL,Medium,EE30TAB,,,,Units
QCS01027,,,,,,,,,,,LAB1,,,,,,,,,,FP,,
BATCH00995,Medium,No,Contract,,,Hormonal,,,,,,HORM2,,ES,,28333,PLANT_SPECIAL,Medium,LEVOHORMIMPL,,,,Units
QCS01028,,,,,,,,,,,LAB1,,,,,,,,,,FP,,
BATCH00996,Medium,No,OwnBrand,,,Device,,,,,,DEV2,,DE,,38393,PLANT_SPECIAL,Medium,INSUPEN,,,,Units
QCS01029,,,,,,,,,,,LAB3,,,,,,,,,,FP,,
BATCH00997,Medium,Yes,OwnBrand,,,Device,,,,,,DEV1,,DE,,40308,PLANT_SPECIAL,Medium,INSUPEN,,,,Units
QCS01030,,,,,,,,,,,LAB2,,,,,,,,,,FP,,
DEVIAT0165,,,,Major,Quality,,,,,,,,,,,,,,,,,,
QCS01031,,,,,,,,,,,LAB1,,,,,,,,,,FP,,
BATCH00998,Medium,No,OwnBrand,,,Tablet,,,,,,TL2,,FR,,52209,PLANT_SOLIDS,Medium,IBUP400TAB,,,,TabletsCaps
DEVIAT0166,,,,Major,Process,,,,,,,,,,,,,,,,,,
QCS01032,,,,,,,,,,,LAB1,,,,,,,,,,IPC,,
QCS01033,,,,,,,,,,,LAB1,,,,,,,,,,FP,,
BATCH00999,High,No,Contract,,,Injectable,,,,,,INJ2,,UK,,22601,PLANT_PARENTERAL,High,CEF1GIV,,,,Units
QCS01034,,,,,,,,,,,LAB2,,,,,,,,,,FP,,
BATCH01000,Low,Yes,Contract,,,Device,,,,,,DEV2,,UK,,45976,PLANT_SPECIAL,Medium,INHALER,,,,Units
QCS01035,,,,,,,,,,,LAB1,,,,,,,,,,FP,,
BATCH01001,Medium,Yes,OwnBrand,,,Tablet,,,,,,TL3,,FR,,434083,PLANT_SOLIDS,Medium,IBUP400TAB,,,,TabletsCaps
DEVIAT0167,,,,Major,Supply,,,,,,,,,,,,,,,,,,
QCS01036,,,,,,,,,,,LAB3,,,,,,,,,,FP,,
BATCH01002,Medium,No,OwnBrand,,,Tablet,,,,,,TL2,,FR,,170708,PLANT_SOLIDS,Medium,IBUP400TAB,,,,TabletsCaps
QCS01037,,,,,,,,,,,LAB3,,,,,,,,,,FP,,
BATCH01003,Low,No,OwnBrand,,,Tablet,,,,,,TL1,,ES,,318551,PLANT_SOLIDS,Medium,PARA500TAB,,,,TabletsCaps
BATCH01004,High,No,Contract,,,Capsule,,,,,,CL2,,DE,,203793,PLANT_SOLIDS,High,AMOX500CAP,,,,TabletsCaps
BATCH01005,Medium,Yes,OwnBrand,,,Tablet,,,,,,TL2,,FR,,483079,PLANT_SOLIDS,Medium,IBUP400TAB,,,,TabletsCaps
QCS01038,,,,,,,,,,,LAB1,,,,,,,,,,FP,,
BATCH01006,Low,No,Contract,,,Device,,,,,,DEV2,,UK,,10203,PLANT_SPECIAL,Low,INHALER,,,,Units
QCS01039,,,,,,,,,,,LAB1,,,,,,,,,,FP,,
BATCH01007,Medium,No,OwnBrand,,,Tablet,,,,,,TL2,,FR,,225570,PLANT_SOLIDS,High,IBUP400TAB,,,,TabletsCaps
QCS01040,,,,,,,,,,,LAB3,,,,,,,,,,FP,,
BATCH01008,Medium,No,OwnBrand,,,Injectable,,,,,,INJ2,,FR,,11516,PLANT_PARENTERAL,Medium,HEP5000SC,,,,Units
QCS01041,,,,,,,,,,,LAB1,,,,,,,,,,FP,,
BATCH01009,Low,No,OwnBrand,,,Hormonal,,,,,,HORM2,,PT,,12575,PLANT_SPECIAL,High,EE30TAB,,,,Units
QCS01042,,,,,,,,,,,LAB3,,,,,,,,,,FP,,
BATCH01010,Medium,No,Contract,,,Hormonal,,,,,,HORM1,,ES,,46928,PLANT_SPECIAL,Medium,LEVOHORMIMPL,,,,Units
BATCH01011,Low,No,Contract,,,Device,,,,,,DEV2,,UK,,31317,PLANT_SPECIAL,Medium,INHALER,,,,Units
QCS01043,,,,,,,,,,,LAB1,,,,,,,,,,FP,,
BATCH01012,Medium,Yes,OwnBrand,,,Injectable,,,,,,INJ1,,FR,,44719,PLANT_PARENTERAL,High,HEP5000SC,,,,Units
QCS01044,,,,,,,,,,,LAB3,,,,,,,,,,FP,,
BATCH01013,Medium,Yes,OwnBrand,,,Injectable,,,,,,INJ1,,FR,,5195,PLANT_PARENTERAL,Medium,HEP5000SC,,,,Units
QCS01045,,,,,,,,,,,LAB2,,,,,,,,,,FP,,
BATCH01014,High,Yes,Contract,,,Injectable,,,,,,INJ2,,UK,,23455,PLANT_PARENTERAL,High,CEF1GIV,,,,Units
QCS01046,,,,,,,,,,,LAB1,,,,,,,,,,FP,,
BATCH01015,Low,No,OwnBrand,,,Capsule,,,,,,CL1,,IT,,447467,PLANT_SOLIDS,High,OMEP20CAP,,,,TabletsCaps
QCS01047,,,,,,,,,,,LAB1,,,,,,,,,,FP,,
BATCH01016,Low,No,OwnBrand,,,Capsule,,,,,,CL2,,IT,,352613,PLANT_SOLIDS,High,OMEP20CAP,,,,TabletsCaps
QCS01048,,,,,,,,,,,LAB3,,,,,,,,,,FP,,
BATCH01017,High,No,Contract,,,Injectable,,,,,,INJ1,,UK,,4773,PLANT_PARENTERAL,High,CEF1GIV,,,,Units
QCS01049,,,,,,,,,,,LAB3,,,,,,,,,,FP,,
BATCH01018,Low,Yes,OwnBrand,,,Capsule,,,,,,CL2,,IT,,333241,PLANT_SOLIDS,Medium,OMEP20CAP,,,,TabletsCaps
QCS01050,,,,,,,,,,,LAB2,,,,,,,,,,FP,,
BATCH01019,Medium,No,OwnBrand,,,Injectable,,,,,,INJ1,,FR,,48698,PLANT_PARENTERAL,High,HEP5000SC,,,,Units
QCS01051,,,,,,,,,,,LAB1,,,,,,,,,,FP,,
BATCH01020,Low,No,Contract,,,Device,,,,,,DEV2,,UK,,12293,PLANT_SPECIAL,Low,INHALER,,,,Units
QCS01052,,,,,,,,,,,LAB3,,,,,,,,,,FP,,
BATCH01021,Low,No,OwnBrand,,,Capsule,,,,,,CL2,,IT,,241061,PLANT_SOLIDS,Medium,OMEP20CAP,,,,TabletsCaps
DEVIAT0168,,,,Major,Supply,,,,,,,,,,,,,,,,,,
QCS01053,,,,,,,,,,,LAB2,,,,,,,,,,FP,,
BATCH01022,Medium,No,OwnBrand,,,Device,,,,,,DEV2,,DE,,36612,PLANT_SPECIAL,Medium,INSUPEN,,,,Units
QCS01054,,,,,,,,,,,LAB3,,,,,,,,,,FP,,
BATCH01023,High,No,Contract,,,Injectable,,,,,,INJ1,,UK,,28836,PLANT_PARENTERAL,Low,CEF1GIV,,,,Units
QCS01055,,,,,,,,,,,LAB3,,,,,,,,,,FP,,
DEVIAT0169,,,,Major,Quality,,,,,,,,,,,,,,,,,,
QCS01056,,,,,,,,,,,LAB1,,,,,,,,,,FP,,
BATCH01024,High,No,Contract,,,Capsule,,,,,,CL2,,DE,,248198,PLANT_SOLIDS,Medium,AMOX500CAP,,,,TabletsCaps
QCS01057,,,,,,,,,,,LAB1,,,,,,,,,,FP,,
BATCH01025,Medium,No,OwnBrand,,,Tablet,,,,,,TL2,,FR,,359534,PLANT_SOLIDS,Medium,IBUP400TAB,,,,TabletsCaps
QCS01058,,,,,,,,,,,LAB3,,,,,,,,,,FP,,
BATCH01026,Low,Yes,OwnBrand,,,Hormonal,,,,,,HORM1,,PT,,37997,PLANT_SPECIAL,High,EE30TAB,,,,Units
QCS01059,,,,,,,,,,,LAB1,,,,,,,,,,FP,,
BATCH01027,Medium,No,OwnBrand,,,Device,,,,,,DEV1,,DE,,36739,PLANT_SPECIAL,Medium,INSUPEN,,,,Units
QCS01060,,,,,,,,,,,LAB3,,,,,,,,,,FP,,
BATCH01028,Medium,No,OwnBrand,,,Tablet,,,,,,TL1,,FR,,448689,PLANT_SOLIDS,High,IBUP400TAB,,,,TabletsCaps
DEVIAT0170,,,,Minor,Documentation,,,,,,,,,,,,,,,,,,
QCS01061,,,,,,,,,,,LAB3,,,,,,,,,,FP,,
BATCH01029,Medium,Yes,Contract,,,Hormonal,,,,,,HORM2,,ES,,9153,PLANT_SPECIAL,High,LEVOHORMIMPL,,,,Units
QCS01062,,,,,,,,,,,LAB3,,,,,,,,,,FP,,
BATCH01030,Medium,Yes,OwnBrand,,,Device,,,,,,DEV2,,DE,,1178,PLANT_SPECIAL,High,INSUPEN,,,,Units
QCS01063,,,,,,,,,,,LAB1,,,,,,,,,,FP,,
BATCH01031,Low,Yes,Contract,,,Device,,,,,,DEV1,,UK,,34598,PLANT_SPECIAL,Medium,INHALER,,,,Units
QCS01064,,,,,,,,,,,LAB2,,,,,,,,,,FP,,
BATCH01032,Low,No,Contract,,,Device,,,,,,DEV1,,UK,,1973,PLANT_SPECIAL,Medium,INHALER,,,,Units
QCS01065,,,,,,,,,,,LAB3,,,,,,,,,,FP,,
BATCH01033,Low,Yes,OwnBrand,,,Hormonal,,,,,,HORM1,,PT,,11633,PLANT_SPECIAL,High,EE30TAB,,,,Units
QCS01066,,,,,,,,,,,LAB3,,,,,,,,,,FP,,
BATCH01034,Low,Yes,OwnBrand,,,Capsule,,,,,,CL2,,IT,,72978,PLANT_SOLIDS,High,OMEP20CAP,,,,TabletsCaps
DEVIAT0171,,,,Minor,Documentation,,,,,,,,,,,,,,,,,,
QCS01067,,,,,,,,,,,LAB1,,,,,,,,,,FP,,
BATCH01035,Medium,No,OwnBrand,,,Tablet,,,,,,TL2,,FR,,488636,PLANT_SOLIDS,Low,IBUP400TAB,,,,TabletsCaps
QCS01068,,,,,,,,,,,LAB3,,,,,,,,,,FP,,
BATCH01036,Low,Yes,OwnBrand,,,Tablet,,,,,,TL2,,ES,,174901,PLANT_SOLIDS,Low,PARA500TAB,,,,TabletsCaps
QCS01069,,,,,,,,,,,LAB2,,,,,,,,,,FP,,
BATCH01037,Low,No,OwnBrand,,,Tablet,,,,,,TL3,,ES,,156725,PLANT_SOLIDS,Medium,PARA500TAB,,,,TabletsCaps
QCS01070,,,,,,,,,,,LAB3,,,,,,,,,,FP,,
BATCH01038,High,No,Contract,,,Capsule,,,,,,CL1,,DE,,50337,PLANT_SOLIDS,Medium,AMOX500CAP,,,,TabletsCaps
QCS01071,,,,,,,,,,,LAB3,,,,,,,,,,FP,,
BATCH01039,Medium,No,OwnBrand,,,Tablet,,,,,,TL3,,FR,,375244,PLANT_SOLIDS,Medium,IBUP400TAB,,,,TabletsCaps
DEVIAT0172,,,,Major,Supply,,,,,,,,,,,,,,,,,,
QCS01072,,,,,,,,,,,LAB3,,,,,,,,,,FP,,
BATCH01040,High,No,Contract,,,Capsule,,,,,,CL2,,DE,,456415,PLANT_SOLIDS,High,AMOX500CAP,,,,TabletsCaps
QCS01073,,,,,,,,,,,LAB3,,,,,,,,,,FP,,
BATCH01041,Medium,Yes,Contract,,,Hormonal,,,,,,HORM2,,ES,,40330,PLANT_SPECIAL,High,LEVOHORMIMPL,,,,Units
QCS01074,,,,,,,,,,,LAB3,,,,,,,,,,FP,,
BATCH01042,Low,No,OwnBrand,,,Tablet,,,,,,TL1,,ES,,245262,PLANT_SOLIDS,Medium,PARA500TAB,,,,TabletsCaps
DEVIAT0173,,,,Major,Process,,,,,,,,,,,,,,,,,,
QCS01075,,,,,,,,,,,LAB1,,,,,,,,,,IPC,,
QCS01076,,,,,,,,,,,LAB3,,,,,,,,,,FP,,
BATCH01043,Medium,Yes,OwnBrand,,,Device,,,,,,DEV2,,DE,,24992,PLANT_SPECIAL,Low,INSUPEN,,,,Units
QCS01077,,,,,,,,,,,LAB1,,,,,,,,,,FP,,
BATCH01044,High,No,Contract,,,Injectable,,,,,,INJ1,,UK,,45334,PLANT_PARENTERAL,Medium,CEF1GIV,,,,Units
QCS01078,,,,,,,,,,,LAB3,,,,,,,,,,FP,,
BATCH01045,High,No,Contract,,,Injectable,,,,,,INJ2,,UK,,28796,PLANT_PARENTERAL,Low,CEF1GIV,,,,Units
QCS01079,,,,,,,,,,,LAB2,,,,,,,,,,FP,,
BATCH01046,Low,No,OwnBrand,,,Hormonal,,,,,,HORM1,,PT,,46521,PLANT_SPECIAL,Medium,EE30TAB,,,,Units
QCS01080,,,,,,,,,,,LAB1,,,,,,,,,,FP,,
BATCH01047,Low,No,OwnBrand,,,Tablet,,,,,,TL3,,ES,,325082,PLANT_SOLIDS,High,PARA500TAB,,,,TabletsCaps
DEVIAT0174,,,,Critical,Quality,,,,,,,,,,,,,,,,,,
QCS01081,,,,,,,,,,,LAB1,,,,,,,,,,FP,,
BATCH01048,Medium,No,OwnBrand,,,Device,,,,,,DEV2,,DE,,39351,PLANT_SPECIAL,Medium,INSUPEN,,,,Units
QCS01082,,,,,,,,,,,LAB3,,,,,,,,,,FP,,
BATCH01049,Low,No,Contract,,,Device,,,,,,DEV1,,UK,,31419,PLANT_SPECIAL,Medium,INHALER,,,,Units
QCS01083,,,,,,,,,,,LAB3,,,,,,,,,,FP,,
BATCH01050,Medium,No,Contract,,,Hormonal,,,,,,HORM1,,ES,,47533,PLANT_SPECIAL,High,LEVOHORMIMPL,,,,Units
QCS01084,,,,,,,,,,,LAB3,,,,,,,,,,FP,,
BATCH01051,Medium,Yes,Contract,,,Hormonal,,,,,,HORM1,,ES,,42744,PLANT_SPECIAL,Low,LEVOHORMIMPL,,,,Units
QCS01085,,,,,,,,,,,LAB2,,,,,,,,,,FP,,
BATCH01052,Low,Yes,OwnBrand,,,Capsule,,,,,,CL2,,IT,,71503,PLANT_SOLIDS,Low,OMEP20CAP,,,,TabletsCaps
QCS01086,,,,,,,,,,,LAB3,,,,,,,,,,FP,,
BATCH01053,Low,No,OwnBrand,,,Hormonal,,,,,,HORM2,,PT,,29597,PLANT_SPECIAL,High,EE30TAB,,,,Units
QCS01087,,,,,,,,,,,LAB2,,,,,,,,,,FP,,
BATCH01054,Low,Yes,OwnBrand,,,Hormonal,,,,,,HORM2,,PT,,22419,PLANT_SPECIAL,Medium,EE30TAB,,,,Units
DEVIAT0175,,,,Minor,Documentation,,,,,,,,,,,,,,,,,,
QCS01088,,,,,,,,,,,LAB1,,,,,,,,,,FP,,
BATCH01055,Low,No,OwnBrand,,,Capsule,,,,,,CL1,,IT,,51248,PLANT_SOLIDS,High,OMEP20CAP,,,,TabletsCaps
QCS01089,,,,,,,,,,,LAB2,,,,,,,,,,FP,,
BATCH01056,Low,No,OwnBrand,,,Hormonal,,,,,,HORM1,,PT,,38202,PLANT_SPECIAL,High,EE30TAB,,,,Units
QCS01090,,,,,,,,,,,LAB2,,,,,,,,,,FP,,
BATCH01057,Medium,No,OwnBrand,,,Tablet,,,,,,TL2,,FR,,153557,PLANT_SOLIDS,Medium,IBUP400TAB,,,,TabletsCaps
DEVIAT0176,,,,Minor,Documentation,,,,,,,,,,,,,,,,,,
QCS01091,,,,,,,,,,,LAB3,,,,,,,,,,FP,,
BATCH01058,High,No,Contract,,,Capsule,,,,,,CL1,,DE,,495534,PLANT_SOLIDS,Medium,AMOX500CAP,,,,TabletsCaps
QCS01092,,,,,,,,,,,LAB1,,,,,,,,,,FP,,
BATCH01059,Medium,No,OwnBrand,,,Injectable,,,,,,INJ2,,FR,,40635,PLANT_PARENTERAL,High,HEP5000SC,,,,Units
QCS01093,,,,,,,,,,,LAB3,,,,,,,,,,FP,,
BATCH01060,Medium,No,OwnBrand,,,Device,,,,,,DEV1,,DE,,8415,PLANT_SPECIAL,Low,INSUPEN,,,,Units
QCS01094,,,,,,,,,,,LAB3,,,,,,,,,,FP,,
BATCH01061,Low,No,OwnBrand,,,Tablet,,,,,,TL1,,ES,,290873,PLANT_SOLIDS,Medium,PARA500TAB,,,,TabletsCaps
QCS01095,,,,,,,,,,,LAB1,,,,,,,,,,FP,,
BATCH01062,Medium,Yes,Contract,,,Hormonal,,,,,,HORM1,,ES,,19108,PLANT_SPECIAL,Medium,LEVOHORMIMPL,,,,Units
QCS01096,,,,,,,,,,,LAB1,,,,,,,,,,FP,,
BATCH01063,High,No,Contract,,,Injectable,,,,,,INJ2,,UK,,18010,PLANT_PARENTERAL,Medium,CEF1GIV,,,,Units
QCS01097,,,,,,,,,,,LAB1,,,,,,,,,,FP,,
BATCH01064,Medium,No,Contract,,,Hormonal,,,,,,HORM2,,ES,,35520,PLANT_SPECIAL,Medium,LEVOHORMIMPL,,,,Units
QCS01098,,,,,,,,,,,LAB1,,,,,,,,,,FP,,
BATCH01065,Medium,No,Contract,,,Hormonal,,,,,,HORM1,,ES,,7914,PLANT_SPECIAL,Medium,LEVOHORMIMPL,,,,Units
QCS01099,,,,,,,,,,,LAB2,,,,,,,,,,FP,,
BATCH01066,Medium,Yes,OwnBrand,,,Injectable,,,,,,INJ1,,FR,,23841,PLANT_PARENTERAL,High,HEP5000SC,,,,Units
QCS01100,,,,,,,,,,,LAB3,,,,,,,,,,FP,,
BATCH01067,Medium,Yes,Contract,,,Hormonal,,,,,,HORM2,,ES,,22660,PLANT_SPECIAL,Medium,LEVOHORMIMPL,,,,Units
QCS01101,,,,,,,,,,,LAB1,,,,,,,,,,FP,,
BATCH01068,Medium,No,OwnBrand,,,Injectable,,,,,,INJ2,,FR,,2866,PLANT_PARENTERAL,Low,HEP5000SC,,,,Units
QCS01102,,,,,,,,,,,LAB3,,,,,,,,,,FP,,
BATCH01069,Medium,No,OwnBrand,,,Tablet,,,,,,TL3,,FR,,401356,PLANT_SOLIDS,Medium,IBUP400TAB,,,,TabletsCaps
QCS01103,,,,,,,,,,,LAB3,,,,,,,,,,FP,,
BATCH01070,High,No,Contract,,,Capsule,,,,,,CL2,,DE,,166229,PLANT_SOLIDS,Low,AMOX500CAP,,,,TabletsCaps
DEVIAT0177,,,,Major,Process,,,,,,,,,,,,,,,,,,
QCS01104,,,,,,,,,,,LAB2,,,,,,,,,,IPC,,
QCS01105,,,,,,,,,,,LAB1,,,,,,,,,,FP,,
BATCH01071,High,Yes,Contract,,,Injectable,,,,,,INJ2,,UK,,18769,PLANT_PARENTERAL,Medium,CEF1GIV,,,,Units
QCS01106,,,,,,,,,,,LAB3,,,,,,,,,,FP,,
BATCH01072,Medium,No,OwnBrand,,,Tablet,,,,,,TL3,,FR,,360595,PLANT_SOLIDS,High,IBUP400TAB,,,,TabletsCaps
QCS01107,,,,,,,,,,,LAB2,,,,,,,,,,FP,,
DEVIAT0178,,,,Major,Quality,,,,,,,,,,,,,,,,,,
QCS01108,,,,,,,,,,,LAB3,,,,,,,,,,FP,,
BATCH01073,Medium,No,OwnBrand,,,Tablet,,,,,,TL2,,FR,,306500,PLANT_SOLIDS,High,IBUP400TAB,,,,TabletsCaps
QCS01109,,,,,,,,,,,LAB1,,,,,,,,,,FP,,
BATCH01074,Medium,No,OwnBrand,,,Injectable,,,,,,INJ1,,FR,,26124,PLANT_PARENTERAL,High,HEP5000SC,,,,Units
QCS01110,,,,,,,,,,,LAB3,,,,,,,,,,FP,,
BATCH01075,High,No,Contract,,,Injectable,,,,,,INJ1,,UK,,8530,PLANT_PARENTERAL,Medium,CEF1GIV,,,,Units
QCS01111,,,,,,,,,,,LAB3,,,,,,,,,,FP,,
BATCH01076,Medium,No,Contract,,,Hormonal,,,,,,HORM2,,ES,,20212,PLANT_SPECIAL,Low,LEVOHORMIMPL,,,,Units
QCS01112,,,,,,,,,,,LAB1,,,,,,,,,,FP,,
BATCH01077,Low,No,OwnBrand,,,Hormonal,,,,,,HORM2,,PT,,45571,PLANT_SPECIAL,Low,EE30TAB,,,,Units
QCS01113,,,,,,,,,,,LAB2,,,,,,,,,,FP,,
BATCH01078,Low,Yes,OwnBrand,,,Tablet,,,,,,TL1,,ES,,91803,PLANT_SOLIDS,Low,PARA500TAB,,,,TabletsCaps
DEVIAT0179,,,,Major,Process,,,,,,,,,,,,,,,,,,
QCS01114,,,,,,,,,,,LAB2,,,,,,,,,,IPC,,
QCS01115,,,,,,,,,,,LAB1,,,,,,,,,,FP,,
BATCH01079,Low,No,Contract,,,Device,,,,,,DEV1,,UK,,25613,PLANT_SPECIAL,Medium,INHALER,,,,Units
QCS01116,,,,,,,,,,,LAB2,,,,,,,,,,FP,,
BATCH01080,High,No,Contract,,,Injectable,,,,,,INJ1,,UK,,7333,PLANT_PARENTERAL,Medium,CEF1GIV,,,,Units
QCS01117,,,,,,,,,,,LAB3,,,,,,,,,,FP,,
BATCH01081,Medium,No,OwnBrand,,,Device,,,,,,DEV2,,DE,,36569,PLANT_SPECIAL,Low,INSUPEN,,,,Units
QCS01118,,,,,,,,,,,LAB2,,,,,,,,,,FP,,
BATCH01082,Medium,Yes,OwnBrand,,,Tablet,,,,,,TL1,,FR,,76488,PLANT_SOLIDS,Medium,IBUP400TAB,,,,TabletsCaps
QCS01119,,,,,,,,,,,LAB1,,,,,,,,,,FP,,
BATCH01083,Low,No,OwnBrand,,,Hormonal,,,,,,HORM1,,PT,,5905,PLANT_SPECIAL,Low,EE30TAB,,,,Units
QCS01120,,,,,,,,,,,LAB1,,,,,,,,,,FP,,
BATCH01084,Low,No,OwnBrand,,,Hormonal,,,,,,HORM1,,PT,,41784,PLANT_SPECIAL,Medium,EE30TAB,,,,Units
QCS01121,,,,,,,,,,,LAB3,,,,,,,,,,FP,,
BATCH01085,Low,No,OwnBrand,,,Hormonal,,,,,,HORM2,,PT,,1068,PLANT_SPECIAL,High,EE30TAB,,,,Units
QCS01122,,,,,,,,,,,LAB2,,,,,,,,,,FP,,
BATCH01086,High,No,Contract,,,Injectable,,,,,,INJ2,,UK,,46675,PLANT_PARENTERAL,Medium,CEF1GIV,,,,Units
QCS01123,,,,,,,,,,,LAB3,,,,,,,,,,FP,,
BATCH01087,High,No,Contract,,,Capsule,,,,,,CL1,,DE,,140861,PLANT_SOLIDS,Low,AMOX500CAP,,,,TabletsCaps
QCS01124,,,,,,,,,,,LAB1,,,,,,,,,,FP,,
BATCH01088,Medium,Yes,OwnBrand,,,Device,,,,,,DEV1,,DE,,32541,PLANT_SPECIAL,High,INSUPEN,,,,Units
QCS01125,,,,,,,,,,,LAB1,,,,,,,,,,FP,,
BATCH01089,Low,Yes,OwnBrand,,,Hormonal,,,,,,HORM1,,PT,,23642,PLANT_SPECIAL,Low,EE30TAB,,,,Units
QCS01126,,,,,,,,,,,LAB2,,,,,,,,,,FP,,
BATCH01090,High,No,Contract,,,Injectable,,,,,,INJ1,,UK,,39945,PLANT_PARENTERAL,High,CEF1GIV,,,,Units
QCS01127,,,,,,,,,,,LAB1,,,,,,,,,,FP,,
BATCH01091,Low,Yes,Contract,,,Device,,,,,,DEV1,,UK,,15234,PLANT_SPECIAL,Medium,INHALER,,,,Units
QCS01128,,,,,,,,,,,LAB2,,,,,,,,,,FP,,
BATCH01092,High,No,Contract,,,Capsule,,,,,,CL2,,DE,,294898,PLANT_SOLIDS,Medium,AMOX500CAP,,,,TabletsCaps
QCS01129,,,,,,,,,,,LAB3,,,,,,,,,,FP,,
BATCH01093,High,Yes,Contract,,,Injectable,,,,,,INJ2,,UK,,46225,PLANT_PARENTERAL,Medium,CEF1GIV,,,,Units
QCS01130,,,,,,,,,,,LAB3,,,,,,,,,,FP,,
BATCH01094,Medium,No,OwnBrand,,,Tablet,,,,,,TL2,,FR,,176856,PLANT_SOLIDS,High,IBUP400TAB,,,,TabletsCaps
DEVIAT0180,,,,Major,Supply,,,,,,,,,,,,,,,,,,
QCS01131,,,,,,,,,,,LAB3,,,,,,,,,,FP,,
BATCH01095,Low,Yes,OwnBrand,,,Tablet,,,,,,TL2,,ES,,229327,PLANT_SOLIDS,High,PARA500TAB,,,,TabletsCaps
DEVIAT0181,,,,Major,Process,,,,,,,,,,,,,,,,,,
QCS01132,,,,,,,,,,,LAB2,,,,,,,,,,IPC,,
QCS01133,,,,,,,,,,,LAB3,,,,,,,,,,FP,,
BATCH01096,Medium,No,OwnBrand,,,Tablet,,,,,,TL2,,FR,,260777,PLANT_SOLIDS,Medium,IBUP400TAB,,,,TabletsCaps
DEVIAT0182,,,,Critical,Quality,,,,,,,,,,,,,,,,,,
QCS01134,,,,,,,,,,,LAB3,,,,,,,,,,FP,,
BATCH01097,Low,No,OwnBrand,,,Capsule,,,,,,CL1,,IT,,410099,PLANT_SOLIDS,Medium,OMEP20CAP,,,,TabletsCaps
QCS01135,,,,,,,,,,,LAB1,,,,,,,,,,FP,,
BATCH01098,Medium,No,OwnBrand,,,Injectable,,,,,,INJ2,,FR,,22361,PLANT_PARENTERAL,High,HEP5000SC,,,,Units
QCS01136,,,,,,,,,,,LAB3,,,,,,,,,,FP,,
DEVIAT0183,,,,Major,Quality,,,,,,,,,,,,,,,,,,
QCS01137,,,,,,,,,,,LAB2,,,,,,,,,,FP,,
BATCH01099,Low,No,OwnBrand,,,Capsule,,,,,,CL2,,IT,,77595,PLANT_SOLIDS,Low,OMEP20CAP,,,,TabletsCaps
QCS01138,,,,,,,,,,,LAB3,,,,,,,,,,FP,,
BATCH01100,Low,No,Contract,,,Device,,,,,,DEV1,,UK,,47199,PLANT_SPECIAL,Medium,INHALER,,,,Units
QCS01139,,,,,,,,,,,LAB1,,,,,,,,,,FP,,
BATCH01101,Medium,Yes,Contract,,,Hormonal,,,,,,HORM2,,ES,,13592,PLANT_SPECIAL,Medium,LEVOHORMIMPL,,,,Units
QCS01140,,,,,,,,,,,LAB2,,,,,,,,,,FP,,
BATCH01102,Medium,Yes,OwnBrand,,,Injectable,,,,,,INJ1,,FR,,3056,PLANT_PARENTERAL,Medium,HEP5000SC,,,,Units
QCS01141,,,,,,,,,,,LAB2,,,,,,,,,,FP,,
BATCH01103,High,Yes,Contract,,,Injectable,,,,,,INJ1,,UK,,23777,PLANT_PARENTERAL,Medium,CEF1GIV,,,,Units
QCS01142,,,,,,,,,,,LAB2,,,,,,,,,,FP,,
BATCH01104,Low,No,Contract,,,Device,,,,,,DEV1,,UK,,12054,PLANT_SPECIAL,Medium,INHALER,,,,Units
QCS01143,,,,,,,,,,,LAB3,,,,,,,,,,FP,,
BATCH01105,Low,No,OwnBrand,,,Capsule,,,,,,CL1,,IT,,405234,PLANT_SOLIDS,Medium,OMEP20CAP,,,,TabletsCaps
QCS01144,,,,,,,,,,,LAB2,,,,,,,,,,FP,,
BATCH01106,High,No,Contract,,,Injectable,,,,,,INJ1,,UK,,8872,PLANT_PARENTERAL,Medium,CEF1GIV,,,,Units
QCS01145,,,,,,,,,,,LAB1,,,,,,,,,,FP,,
BATCH01107,Medium,No,OwnBrand,,,Injectable,,,,,,INJ2,,FR,,6107,PLANT_PARENTERAL,Medium,HEP5000SC,,,,Units
QCS01146,,,,,,,,,,,LAB2,,,,,,,,,,FP,,
BATCH01108,Medium,No,OwnBrand,,,Tablet,,,,,,TL2,,FR,,409075,PLANT_SOLIDS,High,IBUP400TAB,,,,TabletsCaps
QCS01147,,,,,,,,,,,LAB3,,,,,,,,,,FP,,
BATCH01109,Medium,No,OwnBrand,,,Injectable,,,,,,INJ2,,FR,,35879,PLANT_PARENTERAL,Low,HEP5000SC,,,,Units
QCS01148,,,,,,,,,,,LAB1,,,,,,,,,,FP,,
BATCH01110,High,Yes,Contract,,,Injectable,,,,,,INJ2,,UK,,23307,PLANT_PARENTERAL,Medium,CEF1GIV,,,,Units
QCS01149,,,,,,,,,,,LAB1,,,,,,,,,,FP,,
BATCH01111,Low,Yes,OwnBrand,,,Hormonal,,,,,,HORM1,,PT,,22754,PLANT_SPECIAL,Medium,EE30TAB,,,,Units
QCS01150,,,,,,,,,,,LAB2,,,,,,,,,,FP,,
BATCH01112,Medium,No,Contract,,,Hormonal,,,,,,HORM1,,ES,,31608,PLANT_SPECIAL,High,LEVOHORMIMPL,,,,Units
QCS01151,,,,,,,,,,,LAB2,,,,,,,,,,FP,,
BATCH01113,Medium,No,OwnBrand,,,Injectable,,,,,,INJ2,,FR,,40925,PLANT_PARENTERAL,Medium,HEP5000SC,,,,Units
BATCH01114,Low,No,Contract,,,Device,,,,,,DEV2,,UK,,31043,PLANT_SPECIAL,Low,INHALER,,,,Units
QCS01152,,,,,,,,,,,LAB3,,,,,,,,,,FP,,
BATCH01115,Medium,No,OwnBrand,,,Tablet,,,,,,TL2,,FR,,200598,PLANT_SOLIDS,Medium,IBUP400TAB,,,,TabletsCaps
DEVIAT0184,,,,Major,Process,,,,,,,,,,,,,,,,,,
QCS01153,,,,,,,,,,,LAB2,,,,,,,,,,IPC,,
QCS01154,,,,,,,,,,,LAB1,,,,,,,,,,FP,,
BATCH01116,Low,No,OwnBrand,,,Hormonal,,,,,,HORM1,,PT,,17761,PLANT_SPECIAL,High,EE30TAB,,,,Units
QCS01155,,,,,,,,,,,LAB1,,,,,,,,,,FP,,
BATCH01117,Low,No,OwnBrand,,,Hormonal,,,,,,HORM1,,PT,,42150,PLANT_SPECIAL,Low,EE30TAB,,,,Units
QCS01156,,,,,,,,,,,LAB1,,,,,,,,,,FP,,
BATCH01118,Medium,Yes,OwnBrand,,,Injectable,,,,,,INJ2,,FR,,28166,PLANT_PARENTERAL,Medium,HEP5000SC,,,,Units
DEVIAT0185,,,,Minor,Documentation,,,,,,,,,,,,,,,,,,
QCS01157,,,,,,,,,,,LAB2,,,,,,,,,,FP,,
BATCH01119,Low,No,OwnBrand,,,Hormonal,,,,,,HORM1,,PT,,40302,PLANT_SPECIAL,High,EE30TAB,,,,Units
QCS01158,,,,,,,,,,,LAB3,,,,,,,,,,FP,,
BATCH01120,Medium,No,OwnBrand,,,Injectable,,,,,,INJ2,,FR,,15270,PLANT_PARENTERAL,Medium,HEP5000SC,,,,Units
QCS01159,,,,,,,,,,,LAB1,,,,,,,,,,FP,,
BATCH01121,Medium,Yes,OwnBrand,,,Injectable,,,,,,INJ2,,FR,,14169,PLANT_PARENTERAL,High,HEP5000SC,,,,Units
QCS01160,,,,,,,,,,,LAB1,,,,,,,,,,FP,,
BATCH01122,Medium,No,OwnBrand,,,Device,,,,,,DEV2,,DE,,3973,PLANT_SPECIAL,Medium,INSUPEN,,,,Units
QCS01161,,,,,,,,,,,LAB1,,,,,,,,,,FP,,
DEVIAT0186,,,,Major,Quality,,,,,,,,,,,,,,,,,,
QCS01162,,,,,,,,,,,LAB3,,,,,,,,,,FP,,
BATCH01123,Medium,No,Contract,,,Hormonal,,,,,,HORM1,,ES,,21989,PLANT_SPECIAL,Medium,LEVOHORMIMPL,,,,Units
QCS01163,,,,,,,,,,,LAB2,,,,,,,,,,FP,,
BATCH01124,Medium,No,OwnBrand,,,Device,,,,,,DEV1,,DE,,11843,PLANT_SPECIAL,Medium,INSUPEN,,,,Units
QCS01164,,,,,,,,,,,LAB2,,,,,,,,,,FP,,
BATCH01125,Medium,No,OwnBrand,,,Injectable,,,,,,INJ1,,FR,,16679,PLANT_PARENTERAL,Low,HEP5000SC,,,,Units
QCS01165,,,,,,,,,,,LAB2,,,,,,,,,,FP,,
BATCH01126,Medium,No,OwnBrand,,,Tablet,,,,,,TL2,,FR,,97940,PLANT_SOLIDS,Medium,IBUP400TAB,,,,TabletsCaps
QCS01166,,,,,,,,,,,LAB2,,,,,,,,,,FP,,
DEVIAT0187,,,,Major,Quality,,,,,,,,,,,,,,,,,,
QCS01167,,,,,,,,,,,LAB2,,,,,,,,,,FP,,
BATCH01127,High,No,Contract,,,Capsule,,,,,,CL1,,DE,,122983,PLANT_SOLIDS,Medium,AMOX500CAP,,,,TabletsCaps
QCS01168,,,,,,,,,,,LAB1,,,,,,,,,,FP,,
BATCH01128,Medium,Yes,OwnBrand,,,Tablet,,,,,,TL2,,FR,,197267,PLANT_SOLIDS,Medium,IBUP400TAB,,,,TabletsCaps
QCS01169,,,,,,,,,,,LAB3,,,,,,,,,,FP,,
BATCH01129,Medium,No,OwnBrand,,,Tablet,,,,,,TL1,,FR,,262978,PLANT_SOLIDS,Medium,IBUP400TAB,,,,TabletsCaps
QCS01170,,,,,,,,,,,LAB1,,,,,,,,,,FP,,
BATCH01130,Medium,No,OwnBrand,,,Tablet,,,,,,TL2,,FR,,50611,PLANT_SOLIDS,Low,IBUP400TAB,,,,TabletsCaps
QCS01171,,,,,,,,,,,LAB3,,,,,,,,,,FP,,
BATCH01131,High,No,Contract,,,Capsule,,,,,,CL2,,DE,,346909,PLANT_SOLIDS,Low,AMOX500CAP,,,,TabletsCaps
QCS01172,,,,,,,,,,,LAB1,,,,,,,,,,FP,,
BATCH01132,Medium,Yes,OwnBrand,,,Tablet,,,,,,TL1,,FR,,146473,PLANT_SOLIDS,Medium,IBUP400TAB,,,,TabletsCaps
QCS01173,,,,,,,,,,,LAB1,,,,,,,,,,FP,,
BATCH01133,Medium,Yes,OwnBrand,,,Injectable,,,,,,INJ1,,FR,,7918,PLANT_PARENTERAL,Medium,HEP5000SC,,,,Units
QCS01174,,,,,,,,,,,LAB2,,,,,,,,,,FP,,
DEVIAT0188,,,,Major,Quality,,,,,,,,,,,,,,,,,,
QCS01175,,,,,,,,,,,LAB1,,,,,,,,,,FP,,
BATCH01134,Medium,Yes,OwnBrand,,,Device,,,,,,DEV2,,DE,,38095,PLANT_SPECIAL,Low,INSUPEN,,,,Units
QCS01176,,,,,,,,,,,LAB2,,,,,,,,,,FP,,
BATCH01135,High,No,Contract,,,Injectable,,,,,,INJ2,,UK,,4460,PLANT_PARENTERAL,Medium,CEF1GIV,,,,Units
QCS01177,,,,,,,,,,,LAB1,,,,,,,,,,FP,,
BATCH01136,Low,No,OwnBrand,,,Hormonal,,,,,,HORM1,,PT,,9697,PLANT_SPECIAL,High,EE30TAB,,,,Units
QCS01178,,,,,,,,,,,LAB1,,,,,,,,,,FP,,
BATCH01137,Low,No,OwnBrand,,,Hormonal,,,,,,HORM2,,PT,,33796,PLANT_SPECIAL,Low,EE30TAB,,,,Units
QCS01179,,,,,,,,,,,LAB1,,,,,,,,,,FP,,
BATCH01138,Low,No,Contract,,,Device,,,,,,DEV2,,UK,,34382,PLANT_SPECIAL,High,INHALER,,,,Units
QCS01180,,,,,,,,,,,LAB3,,,,,,,,,,FP,,
BATCH01139,Medium,No,OwnBrand,,,Device,,,,,,DEV1,,DE,,21130,PLANT_SPECIAL,Low,INSUPEN,,,,Units
BATCH01140,Medium,Yes,OwnBrand,,,Tablet,,,,,,TL1,,FR,,109630,PLANT_SOLIDS,Medium,IBUP400TAB,,,,TabletsCaps
QCS01181,,,,,,,,,,,LAB1,,,,,,,,,,FP,,
BATCH01141,Low,Yes,OwnBrand,,,Capsule,,,,,,CL2,,IT,,238587,PLANT_SOLIDS,High,OMEP20CAP,,,,TabletsCaps
QCS01182,,,,,,,,,,,LAB3,,,,,,,,,,FP,,
BATCH01142,High,Yes,Contract,,,Capsule,,,,,,CL2,,DE,,452848,PLANT_SOLIDS,High,AMOX500CAP,,,,TabletsCaps
QCS01183,,,,,,,,,,,LAB1,,,,,,,,,,FP,,
BATCH01143,High,No,Contract,,,Injectable,,,,,,INJ1,,UK,,32265,PLANT_PARENTERAL,Medium,CEF1GIV,,,,Units
QCS01184,,,,,,,,,,,LAB2,,,,,,,,,,FP,,
BATCH01144,Medium,No,OwnBrand,,,Injectable,,,,,,INJ2,,FR,,46413,PLANT_PARENTERAL,High,HEP5000SC,,,,Units
QCS01185,,,,,,,,,,,LAB3,,,,,,,,,,FP,,
BATCH01145,High,No,Contract,,,Capsule,,,,,,CL2,,DE,,291396,PLANT_SOLIDS,High,AMOX500CAP,,,,TabletsCaps
QCS01186,,,,,,,,,,,LAB1,,,,,,,,,,FP,,
BATCH01146,Medium,Yes,OwnBrand,,,Tablet,,,,,,TL3,,FR,,411723,PLANT_SOLIDS,High,IBUP400TAB,,,,TabletsCaps
BATCH01147,Low,No,OwnBrand,,,Hormonal,,,,,,HORM2,,PT,,37316,PLANT_SPECIAL,High,EE30TAB,,,,Units
QCS01187,,,,,,,,,,,LAB3,,,,,,,,,,FP,,
BATCH01148,Medium,No,OwnBrand,,,Device,,,,,,DEV1,,DE,,25929,PLANT_SPECIAL,Low,INSUPEN,,,,Units
QCS01188,,,,,,,,,,,LAB3,,,,,,,,,,FP,,
BATCH01149,Medium,No,OwnBrand,,,Tablet,,,,,,TL3,,FR,,122487,PLANT_SOLIDS,Medium,IBUP400TAB,,,,TabletsCaps
QCS01189,,,,,,,,,,,LAB2,,,,,,,,,,FP,,
BATCH01150,Medium,No,OwnBrand,,,Tablet,,,,,,TL3,,FR,,155330,PLANT_SOLIDS,High,IBUP400TAB,,,,TabletsCaps
QCS01190,,,,,,,,,,,LAB1,,,,,,,,,,FP,,
BATCH01151,Medium,No,Contract,,,Hormonal,,,,,,HORM1,,ES,,15133,PLANT_SPECIAL,Medium,LEVOHORMIMPL,,,,Units
QCS01191,,,,,,,,,,,LAB1,,,,,,,,,,FP,,
BATCH01152,Low,Yes,OwnBrand,,,Tablet,,,,,,TL3,,ES,,375263,PLANT_SOLIDS,Medium,PARA500TAB,,,,TabletsCaps
QCS01192,,,,,,,,,,,LAB3,,,,,,,,,,FP,,
BATCH01153,Low,No,OwnBrand,,,Tablet,,,,,,TL1,,ES,,451163,PLANT_SOLIDS,Medium,PARA500TAB,,,,TabletsCaps
QCS01193,,,,,,,,,,,LAB3,,,,,,,,,,FP,,
BATCH01154,Medium,No,OwnBrand,,,Tablet,,,,,,TL3,,FR,,168923,PLANT_SOLIDS,Low,IBUP400TAB,,,,TabletsCaps
QCS01194,,,,,,,,,,,LAB2,,,,,,,,,,FP,,
BATCH01155,High,No,Contract,,,Injectable,,,,,,INJ2,,UK,,11237,PLANT_PARENTERAL,High,CEF1GIV,,,,Units
QCS01195,,,,,,,,,,,LAB3,,,,,,,,,,FP,,
BATCH01156,Low,Yes,OwnBrand,,,Capsule,,,,,,CL2,,IT,,106552,PLANT_SOLIDS,Low,OMEP20CAP,,,,TabletsCaps
DEVIAT0189,,,,Critical,Quality,,,,,,,,,,,,,,,,,,
QCS01196,,,,,,,,,,,LAB1,,,,,,,,,,FP,,
BATCH01157,Medium,No,OwnBrand,,,Device,,,,,,DEV2,,DE,,29710,PLANT_SPECIAL,Medium,INSUPEN,,,,Units
QCS01197,,,,,,,,,,,LAB2,,,,,,,,,,FP,,
BATCH01158,Medium,No,Contract,,,Hormonal,,,,,,HORM1,,ES,,35841,PLANT_SPECIAL,Low,LEVOHORMIMPL,,,,Units
BATCH01159,Medium,No,OwnBrand,,,Injectable,,,,,,INJ1,,FR,,41244,PLANT_PARENTERAL,Low,HEP5000SC,,,,Units
QCS01198,,,,,,,,,,,LAB2,,,,,,,,,,FP,,
BATCH01160,Medium,No,Contract,,,Hormonal,,,,,,HORM1,,ES,,6409,PLANT_SPECIAL,High,LEVOHORMIMPL,,,,Units
QCS01199,,,,,,,,,,,LAB3,,,,,,,,,,FP,,
BATCH01161,Medium,Yes,OwnBrand,,,Device,,,,,,DEV1,,DE,,24483,PLANT_SPECIAL,Medium,INSUPEN,,,,Units
QCS01200,,,,,,,,,,,LAB3,,,,,,,,,,FP,,
BATCH01162,High,No,Contract,,,Injectable,,,,,,INJ2,,UK,,35370,PLANT_PARENTERAL,High,CEF1GIV,,,,Units
QCS01201,,,,,,,,,,,LAB1,,,,,,,,,,FP,,
BATCH01163,Medium,Yes,OwnBrand,,,Device,,,,,,DEV1,,DE,,45920,PLANT_SPECIAL,Medium,INSUPEN,,,,Units
QCS01202,,,,,,,,,,,LAB2,,,,,,,,,,FP,,
BATCH01164,Low,No,OwnBrand,,,Tablet,,,,,,TL2,,ES,,176835,PLANT_SOLIDS,Low,PARA500TAB,,,,TabletsCaps
QCS01203,,,,,,,,,,,LAB3,,,,,,,,,,FP,,
BATCH01165,Medium,No,OwnBrand,,,Tablet,,,,,,TL3,,FR,,271683,PLANT_SOLIDS,Medium,IBUP400TAB,,,,TabletsCaps
DEVIAT0190,,,,Major,Supply,,,,,,,,,,,,,,,,,,
QCS01204,,,,,,,,,,,LAB2,,,,,,,,,,FP,,
BATCH01166,High,No,Contract,,,Capsule,,,,,,CL2,,DE,,182989,PLANT_SOLIDS,Medium,AMOX500CAP,,,,TabletsCaps
DEVIAT0191,,,,Critical,Quality,,,,,,,,,,,,,,,,,,
QCS01205,,,,,,,,,,,LAB2,,,,,,,,,,FP,,
BATCH01167,Medium,Yes,OwnBrand,,,Tablet,,,,,,TL1,,FR,,469596,PLANT_SOLIDS,Medium,IBUP400TAB,,,,TabletsCaps
QCS01206,,,,,,,,,,,LAB2,,,,,,,,,,FP,,
BATCH01168,Low,No,OwnBrand,,,Hormonal,,,,,,HORM2,,PT,,38297,PLANT_SPECIAL,High,EE30TAB,,,,Units
QCS01207,,,,,,,,,,,LAB3,,,,,,,,,,FP,,
BATCH01169,Low,No,OwnBrand,,,Tablet,,,,,,TL2,,ES,,173621,PLANT_SOLIDS,Medium,PARA500TAB,,,,TabletsCaps
QCS01208,,,,,,,,,,,LAB3,,,,,,,,,,FP,,
BATCH01170,Low,No,OwnBrand,,,Hormonal,,,,,,HORM2,,PT,,4819,PLANT_SPECIAL,Medium,EE30TAB,,,,Units
QCS01209,,,,,,,,,,,LAB2,,,,,,,,,,FP,,
BATCH01171,Medium,No,OwnBrand,,,Injectable,,,,,,INJ2,,FR,,20646,PLANT_PARENTERAL,Low,HEP5000SC,,,,Units
QCS01210,,,,,,,,,,,LAB3,,,,,,,,,,FP,,
BATCH01172,Medium,No,OwnBrand,,,Injectable,,,,,,INJ1,,FR,,15627,PLANT_PARENTERAL,Low,HEP5000SC,,,,Units
QCS01211,,,,,,,,,,,LAB3,,,,,,,,,,FP,,
BATCH01173,Low,No,Contract,,,Device,,,,,,DEV1,,UK,,41838,PLANT_SPECIAL,Medium,INHALER,,,,Units
QCS01212,,,,,,,,,,,LAB3,,,,,,,,,,FP,,
BATCH01174,Medium,No,Contract,,,Hormonal,,,,,,HORM1,,ES,,44600,PLANT_SPECIAL,Medium,LEVOHORMIMPL,,,,Units
QCS01213,,,,,,,,,,,LAB2,,,,,,,,,,FP,,
BATCH01175,Low,No,OwnBrand,,,Hormonal,,,,,,HORM1,,PT,,23675,PLANT_SPECIAL,Low,EE30TAB,,,,Units
QCS01214,,,,,,,,,,,LAB2,,,,,,,,,,FP,,
BATCH01176,High,Yes,Contract,,,Capsule,,,,,,CL1,,DE,,420222,PLANT_SOLIDS,Low,AMOX500CAP,,,,TabletsCaps
QCS01215,,,,,,,,,,,LAB3,,,,,,,,,,FP,,
BATCH01177,Low,No,Contract,,,Device,,,,,,DEV2,,UK,,19334,PLANT_SPECIAL,Medium,INHALER,,,,Units
QCS01216,,,,,,,,,,,LAB3,,,,,,,,,,FP,,
BATCH01178,Medium,No,OwnBrand,,,Device,,,,,,DEV1,,DE,,6599,PLANT_SPECIAL,Low,INSUPEN,,,,Units
QCS01217,,,,,,,,,,,LAB3,,,,,,,,,,FP,,
BATCH01179,Low,No,OwnBrand,,,Capsule,,,,,,CL2,,IT,,84628,PLANT_SOLIDS,Medium,OMEP20CAP,,,,TabletsCaps
DEVIAT0192,,,,Major,Process,,,,,,,,,,,,,,,,,,
QCS01218,,,,,,,,,,,LAB3,,,,,,,,,,IPC,,
QCS01219,,,,,,,,,,,LAB1,,,,,,,,,,FP,,
BATCH01180,Medium,No,OwnBrand,,,Tablet,,,,,,TL3,,FR,,128640,PLANT_SOLIDS,Low,IBUP400TAB,,,,TabletsCaps
QCS01220,,,,,,,,,,,LAB2,,,,,,,,,,FP,,
BATCH01181,Low,No,Contract,,,Device,,,,,,DEV1,,UK,,20103,PLANT_SPECIAL,High,INHALER,,,,Units
QCS01221,,,,,,,,,,,LAB3,,,,,,,,,,FP,,
BATCH01182,Medium,Yes,Contract,,,Hormonal,,,,,,HORM2,,ES,,45174,PLANT_SPECIAL,Low,LEVOHORMIMPL,,,,Units
QCS01222,,,,,,,,,,,LAB3,,,,,,,,,,FP,,
BATCH01183,Low,No,OwnBrand,,,Capsule,,,,,,CL2,,IT,,295170,PLANT_SOLIDS,High,OMEP20CAP,,,,TabletsCaps
QCS01223,,,,,,,,,,,LAB1,,,,,,,,,,FP,,
BATCH01184,Low,Yes,Contract,,,Device,,,,,,DEV1,,UK,,42196,PLANT_SPECIAL,Medium,INHALER,,,,Units
QCS01224,,,,,,,,,,,LAB3,,,,,,,,,,FP,,
BATCH01185,High,No,Contract,,,Injectable,,,,,,INJ1,,UK,,21090,PLANT_PARENTERAL,High,CEF1GIV,,,,Units
QCS01225,,,,,,,,,,,LAB1,,,,,,,,,,FP,,
BATCH01186,Low,No,OwnBrand,,,Hormonal,,,,,,HORM2,,PT,,12698,PLANT_SPECIAL,High,EE30TAB,,,,Units
QCS01226,,,,,,,,,,,LAB1,,,,,,,,,,FP,,
BATCH01187,Low,Yes,OwnBrand,,,Tablet,,,,,,TL1,,ES,,140426,PLANT_SOLIDS,Medium,PARA500TAB,,,,TabletsCaps
QCS01227,,,,,,,,,,,LAB2,,,,,,,,,,FP,,
BATCH01188,Medium,No,OwnBrand,,,Injectable,,,,,,INJ1,,FR,,28199,PLANT_PARENTERAL,High,HEP5000SC,,,,Units
QCS01228,,,,,,,,,,,LAB2,,,,,,,,,,FP,,
BATCH01189,Medium,Yes,Contract,,,Hormonal,,,,,,HORM2,,ES,,34244,PLANT_SPECIAL,Medium,LEVOHORMIMPL,,,,Units
QCS01229,,,,,,,,,,,LAB1,,,,,,,,,,FP,,
BATCH01190,Medium,Yes,Contract,,,Hormonal,,,,,,HORM1,,ES,,4222,PLANT_SPECIAL,Medium,LEVOHORMIMPL,,,,Units
QCS01230,,,,,,,,,,,LAB3,,,,,,,,,,FP,,
BATCH01191,Low,No,OwnBrand,,,Capsule,,,,,,CL1,,IT,,339621,PLANT_SOLIDS,Medium,OMEP20CAP,,,,TabletsCaps
DEVIAT0193,,,,Major,Process,,,,,,,,,,,,,,,,,,
QCS01231,,,,,,,,,,,LAB1,,,,,,,,,,IPC,,
QCS01232,,,,,,,,,,,LAB2,,,,,,,,,,FP,,
BATCH01192,Medium,No,Contract,,,Hormonal,,,,,,HORM1,,ES,,7218,PLANT_SPECIAL,Medium,LEVOHORMIMPL,,,,Units
BATCH01193,Low,No,OwnBrand,,,Capsule,,,,,,CL2,,IT,,276372,PLANT_SOLIDS,Low,OMEP20CAP,,,,TabletsCaps
QCS01233,,,,,,,,,,,LAB1,,,,,,,,,,FP,,
BATCH01194,Low,No,OwnBrand,,,Capsule,,,,,,CL2,,IT,,118247,PLANT_SOLIDS,High,OMEP20CAP,,,,TabletsCaps
QCS01234,,,,,,,,,,,LAB1,,,,,,,,,,FP,,
BATCH01195,Medium,No,OwnBrand,,,Device,,,,,,DEV2,,DE,,32248,PLANT_SPECIAL,High,INSUPEN,,,,Units
QCS01235,,,,,,,,,,,LAB3,,,,,,,,,,FP,,
BATCH01196,Low,No,OwnBrand,,,Tablet,,,,,,TL3,,ES,,391884,PLANT_SOLIDS,Low,PARA500TAB,,,,TabletsCaps
QCS01236,,,,,,,,,,,LAB3,,,,,,,,,,FP,,
DEVIAT0194,,,,Major,Quality,,,,,,,,,,,,,,,,,,
QCS01237,,,,,,,,,,,LAB2,,,,,,,,,,FP,,
BATCH01197,Low,Yes,OwnBrand,,,Hormonal,,,,,,HORM1,,PT,,48719,PLANT_SPECIAL,High,EE30TAB,,,,Units
QCS01238,,,,,,,,,,,LAB2,,,,,,,,,,FP,,
BATCH01198,Low,No,OwnBrand,,,Tablet,,,,,,TL1,,ES,,466950,PLANT_SOLIDS,Medium,PARA500TAB,,,,TabletsCaps
QCS01239,,,,,,,,,,,LAB3,,,,,,,,,,FP,,
BATCH01199,Medium,No,OwnBrand,,,Injectable,,,,,,INJ1,,FR,,25889,PLANT_PARENTERAL,Medium,HEP5000SC,,,,Units
QCS01240,,,,,,,,,,,LAB3,,,,,,,,,,FP,,
BATCH01200,Low,No,OwnBrand,,,Tablet,,,,,,TL1,,ES,,262732,PLANT_SOLIDS,Low,PARA500TAB,,,,TabletsCaps
QCS01241,,,,,,,,,,,LAB3,,,,,,,,,,FP,,
BATCH01201,Low,No,Contract,,,Device,,,,,,DEV2,,UK,,45116,PLANT_SPECIAL,Low,INHALER,,,,Units
QCS01242,,,,,,,,,,,LAB2,,,,,,,,,,FP,,
BATCH01202,Medium,No,OwnBrand,,,Device,,,,,,DEV2,,DE,,28555,PLANT_SPECIAL,High,INSUPEN,,,,Units
QCS01243,,,,,,,,,,,LAB3,,,,,,,,,,FP,,
BATCH01203,Low,No,OwnBrand,,,Hormonal,,,,,,HORM2,,PT,,28724,PLANT_SPECIAL,High,EE30TAB,,,,Units
QCS01244,,,,,,,,,,,LAB3,,,,,,,,,,FP,,
BATCH01204,Medium,Yes,OwnBrand,,,Device,,,,,,DEV2,,DE,,22347,PLANT_SPECIAL,Low,INSUPEN,,,,Units
QCS01245,,,,,,,,,,,LAB1,,,,,,,,,,FP,,
BATCH01205,Low,Yes,OwnBrand,,,Capsule,,,,,,CL1,,IT,,149964,PLANT_SOLIDS,Low,OMEP20CAP,,,,TabletsCaps
QCS01246,,,,,,,,,,,LAB3,,,,,,,,,,FP,,
DEVIAT0195,,,,Major,Quality,,,,,,,,,,,,,,,,,,
QCS01247,,,,,,,,,,,LAB1,,,,,,,,,,FP,,
BATCH01206,Medium,No,OwnBrand,,,Injectable,,,,,,INJ1,,FR,,39925,PLANT_PARENTERAL,High,HEP5000SC,,,,Units
QCS01248,,,,,,,,,,,LAB3,,,,,,,,,,FP,,
BATCH01207,Low,Yes,OwnBrand,,,Tablet,,,,,,TL2,,ES,,378985,PLANT_SOLIDS,Low,PARA500TAB,,,,TabletsCaps
QCS01249,,,,,,,,,,,LAB3,,,,,,,,,,FP,,
BATCH01208,Low,No,OwnBrand,,,Tablet,,,,,,TL1,,ES,,183148,PLANT_SOLIDS,Medium,PARA500TAB,,,,TabletsCaps
DEVIAT0196,,,,Major,Process,,,,,,,,,,,,,,,,,,
QCS01250,,,,,,,,,,,LAB3,,,,,,,,,,IPC,,
QCS01251,,,,,,,,,,,LAB1,,,,,,,,,,FP,,
BATCH01209,Medium,No,OwnBrand,,,Injectable,,,,,,INJ1,,FR,,8177,PLANT_PARENTERAL,Medium,HEP5000SC,,,,Units
QCS01252,,,,,,,,,,,LAB3,,,,,,,,,,FP,,
BATCH01210,High,No,Contract,,,Injectable,,,,,,INJ2,,UK,,4826,PLANT_PARENTERAL,Low,CEF1GIV,,,,Units
QCS01253,,,,,,,,,,,LAB3,,,,,,,,,,FP,,
BATCH01211,High,No,Contract,,,Capsule,,,,,,CL2,,DE,,101688,PLANT_SOLIDS,Medium,AMOX500CAP,,,,TabletsCaps
BATCH01212,Low,No,OwnBrand,,,Capsule,,,,,,CL1,,IT,,388748,PLANT_SOLIDS,High,OMEP20CAP,,,,TabletsCaps
QCS01254,,,,,,,,,,,LAB2,,,,,,,,,,FP,,
BATCH01213,Medium,No,OwnBrand,,,Tablet,,,,,,TL3,,FR,,185601,PLANT_SOLIDS,Medium,IBUP400TAB,,,,TabletsCaps
QCS01255,,,,,,,,,,,LAB3,,,,,,,,,,FP,,
BATCH01214,Medium,No,OwnBrand,,,Injectable,,,,,,INJ2,,FR,,33070,PLANT_PARENTERAL,High,HEP5000SC,,,,Units
QCS01256,,,,,,,,,,,LAB3,,,,,,,,,,FP,,
BATCH01215,Medium,Yes,OwnBrand,,,Tablet,,,,,,TL1,,FR,,304546,PLANT_SOLIDS,Medium,IBUP400TAB,,,,TabletsCaps
QCS01257,,,,,,,,,,,LAB2,,,,,,,,,,FP,,
BATCH01216,Medium,No,OwnBrand,,,Injectable,,,,,,INJ1,,FR,,40278,PLANT_PARENTERAL,Medium,HEP5000SC,,,,Units
QCS01258,,,,,,,,,,,LAB1,,,,,,,,,,FP,,
BATCH01217,Low,No,Contract,,,Device,,,,,,DEV1,,UK,,3023,PLANT_SPECIAL,Low,INHALER,,,,Units
QCS01259,,,,,,,,,,,LAB3,,,,,,,,,,FP,,
BATCH01218,Medium,No,OwnBrand,,,Device,,,,,,DEV1,,DE,,33225,PLANT_SPECIAL,Low,INSUPEN,,,,Units
QCS01260,,,,,,,,,,,LAB1,,,,,,,,,,FP,,
BATCH01219,Medium,No,OwnBrand,,,Tablet,,,,,,TL3,,FR,,132907,PLANT_SOLIDS,Medium,IBUP400TAB,,,,TabletsCaps
QCS01261,,,,,,,,,,,LAB1,,,,,,,,,,FP,,
BATCH01220,Low,No,OwnBrand,,,Tablet,,,,,,TL2,,ES,,83667,PLANT_SOLIDS,Medium,PARA500TAB,,,,TabletsCaps
QCS01262,,,,,,,,,,,LAB1,,,,,,,,,,FP,,
BATCH01221,Low,No,OwnBrand,,,Capsule,,,,,,CL1,,IT,,375167,PLANT_SOLIDS,High,OMEP20CAP,,,,TabletsCaps
QCS01263,,,,,,,,,,,LAB3,,,,,,,,,,FP,,
BATCH01222,Medium,No,OwnBrand,,,Injectable,,,,,,INJ1,,FR,,29993,PLANT_PARENTERAL,Medium,HEP5000SC,,,,Units
QCS01264,,,,,,,,,,,LAB3,,,,,,,,,,FP,,
BATCH01223,Medium,Yes,OwnBrand,,,Injectable,,,,,,INJ2,,FR,,23997,PLANT_PARENTERAL,Medium,HEP5000SC,,,,Units
QCS01265,,,,,,,,,,,LAB1,,,,,,,,,,FP,,
BATCH01224,Medium,No,OwnBrand,,,Device,,,,,,DEV1,,DE,,2559,PLANT_SPECIAL,Medium,INSUPEN,,,,Units
QCS01266,,,,,,,,,,,LAB3,,,,,,,,,,FP,,
BATCH01225,High,No,Contract,,,Injectable,,,,,,INJ2,,UK,,13142,PLANT_PARENTERAL,Medium,CEF1GIV,,,,Units
BATCH01226,Low,No,OwnBrand,,,Hormonal,,,,,,HORM2,,PT,,26482,PLANT_SPECIAL,Medium,EE30TAB,,,,Units
QCS01267,,,,,,,,,,,LAB1,,,,,,,,,,FP,,
BATCH01227,Medium,Yes,OwnBrand,,,Injectable,,,,,,INJ2,,FR,,21788,PLANT_PARENTERAL,Medium,HEP5000SC,,,,Units
QCS01268,,,,,,,,,,,LAB3,,,,,,,,,,FP,,
BATCH01228,Medium,No,OwnBrand,,,Injectable,,,,,,INJ1,,FR,,35749,PLANT_PARENTERAL,Medium,HEP5000SC,,,,Units
QCS01269,,,,,,,,,,,LAB3,,,,,,,,,,FP,,
BATCH01229,Low,No,OwnBrand,,,Tablet,,,,,,TL2,,ES,,348909,PLANT_SOLIDS,Low,PARA500TAB,,,,TabletsCaps
QCS01270,,,,,,,,,,,LAB2,,,,,,,,,,FP,,
BATCH01230,Medium,No,Contract,,,Hormonal,,,,,,HORM2,,ES,,38773,PLANT_SPECIAL,High,LEVOHORMIMPL,,,,Units
QCS01271,,,,,,,,,,,LAB2,,,,,,,,,,FP,,
BATCH01231,High,No,Contract,,,Capsule,,,,,,CL2,,DE,,122659,PLANT_SOLIDS,Low,AMOX500CAP,,,,TabletsCaps
DEVIAT0197,,,,Major,Supply,,,,,,,,,,,,,,,,,,
QCS01272,,,,,,,,,,,LAB3,,,,,,,,,,FP,,
BATCH01232,Medium,No,Contract,,,Hormonal,,,,,,HORM2,,ES,,33157,PLANT_SPECIAL,Medium,LEVOHORMIMPL,,,,Units
QCS01273,,,,,,,,,,,LAB1,,,,,,,,,,FP,,
BATCH01233,Medium,No,Contract,,,Hormonal,,,,,,HORM2,,ES,,7322,PLANT_SPECIAL,Medium,LEVOHORMIMPL,,,,Units
QCS01274,,,,,,,,,,,LAB1,,,,,,,,,,FP,,
BATCH01234,Medium,No,OwnBrand,,,Injectable,,,,,,INJ2,,FR,,27115,PLANT_PARENTERAL,Low,HEP5000SC,,,,Units
QCS01275,,,,,,,,,,,LAB1,,,,,,,,,,FP,,
BATCH01235,Low,No,OwnBrand,,,Tablet,,,,,,TL3,,ES,,155449,PLANT_SOLIDS,Low,PARA500TAB,,,,TabletsCaps
QCS01276,,,,,,,,,,,LAB3,,,,,,,,,,FP,,
BATCH01236,Medium,No,OwnBrand,,,Injectable,,,,,,INJ1,,FR,,33148,PLANT_PARENTERAL,Low,HEP5000SC,,,,Units
QCS01277,,,,,,,,,,,LAB2,,,,,,,,,,FP,,
BATCH01237,Medium,Yes,OwnBrand,,,Device,,,,,,DEV1,,DE,,27130,PLANT_SPECIAL,Medium,INSUPEN,,,,Units
QCS01278,,,,,,,,,,,LAB3,,,,,,,,,,FP,,
BATCH01238,High,No,Contract,,,Capsule,,,,,,CL1,,DE,,162519,PLANT_SOLIDS,Medium,AMOX500CAP,,,,TabletsCaps
QCS01279,,,,,,,,,,,LAB1,,,,,,,,,,FP,,
BATCH01239,Medium,Yes,Contract,,,Hormonal,,,,,,HORM1,,ES,,47820,PLANT_SPECIAL,Medium,LEVOHORMIMPL,,,,Units
QCS01280,,,,,,,,,,,LAB1,,,,,,,,,,FP,,
BATCH01240,Medium,No,OwnBrand,,,Device,,,,,,DEV1,,DE,,1129,PLANT_SPECIAL,Low,INSUPEN,,,,Units
QCS01281,,,,,,,,,,,LAB1,,,,,,,,,,FP,,
BATCH01241,Low,No,OwnBrand,,,Tablet,,,,,,TL2,,ES,,279018,PLANT_SOLIDS,Low,PARA500TAB,,,,TabletsCaps
QCS01282,,,,,,,,,,,LAB1,,,,,,,,,,FP,,
BATCH01242,High,No,Contract,,,Capsule,,,,,,CL1,,DE,,91350,PLANT_SOLIDS,High,AMOX500CAP,,,,TabletsCaps
QCS01283,,,,,,,,,,,LAB3,,,,,,,,,,FP,,
BATCH01243,Medium,Yes,OwnBrand,,,Device,,,,,,DEV1,,DE,,16403,PLANT_SPECIAL,Medium,INSUPEN,,,,Units
QCS01284,,,,,,,,,,,LAB3,,,,,,,,,,FP,,
DEVIAT0198,,,,Major,Quality,,,,,,,,,,,,,,,,,,
QCS01285,,,,,,,,,,,LAB2,,,,,,,,,,FP,,
BATCH01244,Medium,Yes,OwnBrand,,,Injectable,,,,,,INJ1,,FR,,18731,PLANT_PARENTERAL,Low,HEP5000SC,,,,Units
QCS01286,,,,,,,,,,,LAB1,,,,,,,,,,FP,,
BATCH01245,Low,Yes,OwnBrand,,,Tablet,,,,,,TL1,,ES,,334606,PLANT_SOLIDS,Low,PARA500TAB,,,,TabletsCaps
QCS01287,,,,,,,,,,,LAB2,,,,,,,,,,FP,,
BATCH01246,Medium,No,OwnBrand,,,Device,,,,,,DEV1,,DE,,35434,PLANT_SPECIAL,Medium,INSUPEN,,,,Units
QCS01288,,,,,,,,,,,LAB1,,,,,,,,,,FP,,
BATCH01247,Low,No,OwnBrand,,,Capsule,,,,,,CL1,,IT,,269125,PLANT_SOLIDS,Low,OMEP20CAP,,,,TabletsCaps
DEVIAT0199,,,,Major,Supply,,,,,,,,,,,,,,,,,,
QCS01289,,,,,,,,,,,LAB2,,,,,,,,,,FP,,
BATCH01248,High,No,Contract,,,Injectable,,,,,,INJ2,,UK,,11373,PLANT_PARENTERAL,High,CEF1GIV,,,,Units
QCS01290,,,,,,,,,,,LAB1,,,,,,,,,,FP,,
BATCH01249,High,Yes,Contract,,,Capsule,,,,,,CL1,,DE,,216575,PLANT_SOLIDS,High,AMOX500CAP,,,,TabletsCaps
QCS01291,,,,,,,,,,,LAB2,,,,,,,,,,FP,,
BATCH01250,Low,No,OwnBrand,,,Tablet,,,,,,TL2,,ES,,255487,PLANT_SOLIDS,Low,PARA500TAB,,,,TabletsCaps
QCS01292,,,,,,,,,,,LAB1,,,,,,,,,,FP,,
BATCH01251,High,Yes,Contract,,,Capsule,,,,,,CL1,,DE,,142368,PLANT_SOLIDS,Medium,AMOX500CAP,,,,TabletsCaps
QCS01293,,,,,,,,,,,LAB1,,,,,,,,,,FP,,
BATCH01252,Medium,No,OwnBrand,,,Device,,,,,,DEV1,,DE,,33771,PLANT_SPECIAL,High,INSUPEN,,,,Units
QCS01294,,,,,,,,,,,LAB3,,,,,,,,,,FP,,
BATCH01253,Low,No,OwnBrand,,,Tablet,,,,,,TL3,,ES,,369501,PLANT_SOLIDS,Low,PARA500TAB,,,,TabletsCaps
DEVIAT0200,,,,Minor,Documentation,,,,,,,,,,,,,,,,,,
QCS01295,,,,,,,,,,,LAB3,,,,,,,,,,FP,,
BATCH01254,Medium,No,OwnBrand,,,Injectable,,,,,,INJ2,,FR,,36361,PLANT_PARENTERAL,Medium,HEP5000SC,,,,Units
QCS01296,,,,,,,,,,,LAB1,,,,,,,,,,FP,,
BATCH01255,High,No,Contract,,,Capsule,,,,,,CL2,,DE,,138469,PLANT_SOLIDS,Medium,AMOX500CAP,,,,TabletsCaps
QCS01297,,,,,,,,,,,LAB3,,,,,,,,,,FP,,
DEVIAT0201,,,,Major,Quality,,,,,,,,,,,,,,,,,,
QCS01298,,,,,,,,,,,LAB2,,,,,,,,,,FP,,
BATCH01256,Low,No,OwnBrand,,,Tablet,,,,,,TL2,,ES,,159379,PLANT_SOLIDS,Medium,PARA500TAB,,,,TabletsCaps
QCS01299,,,,,,,,,,,LAB2,,,,,,,,,,FP,,
BATCH01257,High,No,Contract,,,Capsule,,,,,,CL1,,DE,,488866,PLANT_SOLIDS,Low,AMOX500CAP,,,,TabletsCaps
QCS01300,,,,,,,,,,,LAB1,,,,,,,,,,FP,,
BATCH01258,Medium,No,Contract,,,Hormonal,,,,,,HORM2,,ES,,40730,PLANT_SPECIAL,High,LEVOHORMIMPL,,,,Units
QCS01301,,,,,,,,,,,LAB2,,,,,,,,,,FP,,
BATCH01259,Medium,No,OwnBrand,,,Tablet,,,,,,TL2,,FR,,422941,PLANT_SOLIDS,High,IBUP400TAB,,,,TabletsCaps
QCS01302,,,,,,,,,,,LAB3,,,,,,,,,,FP,,
BATCH01260,Medium,No,OwnBrand,,,Device,,,,,,DEV1,,DE,,21451,PLANT_SPECIAL,Low,INSUPEN,,,,Units
QCS01303,,,,,,,,,,,LAB3,,,,,,,,,,FP,,
BATCH01261,High,No,Contract,,,Capsule,,,,,,CL1,,DE,,73638,PLANT_SOLIDS,Medium,AMOX500CAP,,,,TabletsCaps
QCS01304,,,,,,,,,,,LAB1,,,,,,,,,,FP,,
BATCH01262,Medium,No,OwnBrand,,,Injectable,,,,,,INJ1,,FR,,33879,PLANT_PARENTERAL,High,HEP5000SC,,,,Units
QCS01305,,,,,,,,,,,LAB3,,,,,,,,,,FP,,
BATCH01263,Medium,No,OwnBrand,,,Tablet,,,,,,TL2,,FR,,125311,PLANT_SOLIDS,Low,IBUP400TAB,,,,TabletsCaps
QCS01306,,,,,,,,,,,LAB2,,,,,,,,,,FP,,
BATCH01264,High,No,Contract,,,Injectable,,,,,,INJ1,,UK,,40717,PLANT_PARENTERAL,Medium,CEF1GIV,,,,Units
QCS01307,,,,,,,,,,,LAB1,,,,,,,,,,FP,,
BATCH01265,High,No,Contract,,,Injectable,,,,,,INJ2,,UK,,25727,PLANT_PARENTERAL,High,CEF1GIV,,,,Units
QCS01308,,,,,,,,,,,LAB1,,,,,,,,,,FP,,
DEVIAT0202,,,,Major,Quality,,,,,,,,,,,,,,,,,,
QCS01309,,,,,,,,,,,LAB3,,,,,,,,,,FP,,
BATCH01266,Low,Yes,OwnBrand,,,Tablet,,,,,,TL1,,ES,,124011,PLANT_SOLIDS,High,PARA500TAB,,,,TabletsCaps
QCS01310,,,,,,,,,,,LAB3,,,,,,,,,,FP,,
BATCH01267,Low,No,OwnBrand,,,Tablet,,,,,,TL3,,ES,,449086,PLANT_SOLIDS,Low,PARA500TAB,,,,TabletsCaps
DEVIAT0203,,,,Minor,Documentation,,,,,,,,,,,,,,,,,,
QCS01311,,,,,,,,,,,LAB2,,,,,,,,,,FP,,
BATCH01268,High,No,Contract,,,Capsule,,,,,,CL1,,DE,,441310,PLANT_SOLIDS,Medium,AMOX500CAP,,,,TabletsCaps
DEVIAT0204,,,,Major,Process,,,,,,,,,,,,,,,,,,
QCS01312,,,,,,,,,,,LAB1,,,,,,,,,,IPC,,
QCS01313,,,,,,,,,,,LAB3,,,,,,,,,,FP,,
BATCH01269,Medium,No,Contract,,,Hormonal,,,,,,HORM2,,ES,,42659,PLANT_SPECIAL,High,LEVOHORMIMPL,,,,Units
QCS01314,,,,,,,,,,,LAB1,,,,,,,,,,FP,,
BATCH01270,Low,No,OwnBrand,,,Capsule,,,,,,CL1,,IT,,87386,PLANT_SOLIDS,Low,OMEP20CAP,,,,TabletsCaps
QCS01315,,,,,,,,,,,LAB2,,,,,,,,,,FP,,
DEVIAT0205,,,,Major,Quality,,,,,,,,,,,,,,,,,,
QCS01316,,,,,,,,,,,LAB1,,,,,,,,,,FP,,
BATCH01271,Low,No,OwnBrand,,,Hormonal,,,,,,HORM2,,PT,,44709,PLANT_SPECIAL,Medium,EE30TAB,,,,Units
QCS01317,,,,,,,,,,,LAB2,,,,,,,,,,FP,,
BATCH01272,Low,No,Contract,,,Device,,,,,,DEV2,,UK,,12448,PLANT_SPECIAL,High,INHALER,,,,Units
QCS01318,,,,,,,,,,,LAB2,,,,,,,,,,FP,,
BATCH01273,Medium,No,Contract,,,Hormonal,,,,,,HORM1,,ES,,42399,PLANT_SPECIAL,Low,LEVOHORMIMPL,,,,Units
QCS01319,,,,,,,,,,,LAB2,,,,,,,,,,FP,,
BATCH01274,Medium,No,OwnBrand,,,Device,,,,,,DEV1,,DE,,18585,PLANT_SPECIAL,Medium,INSUPEN,,,,Units
QCS01320,,,,,,,,,,,LAB3,,,,,,,,,,FP,,
BATCH01275,Medium,Yes,OwnBrand,,,Tablet,,,,,,TL2,,FR,,340879,PLANT_SOLIDS,High,IBUP400TAB,,,,TabletsCaps
DEVIAT0206,,,,Minor,Documentation,,,,,,,,,,,,,,,,,,
QCS01321,,,,,,,,,,,LAB2,,,,,,,,,,FP,,
BATCH01276,Medium,Yes,OwnBrand,,,Device,,,,,,DEV1,,DE,,49132,PLANT_SPECIAL,Medium,INSUPEN,,,,Units
QCS01322,,,,,,,,,,,LAB1,,,,,,,,,,FP,,
BATCH01277,High,No,Contract,,,Injectable,,,,,,INJ1,,UK,,6350,PLANT_PARENTERAL,Medium,CEF1GIV,,,,Units
QCS01323,,,,,,,,,,,LAB2,,,,,,,,,,FP,,
BATCH01278,Medium,No,Contract,,,Hormonal,,,,,,HORM1,,ES,,38838,PLANT_SPECIAL,Medium,LEVOHORMIMPL,,,,Units
QCS01324,,,,,,,,,,,LAB2,,,,,,,,,,FP,,
BATCH01279,High,No,Contract,,,Capsule,,,,,,CL1,,DE,,479104,PLANT_SOLIDS,Medium,AMOX500CAP,,,,TabletsCaps
QCS01325,,,,,,,,,,,LAB1,,,,,,,,,,FP,,
BATCH01280,Medium,Yes,OwnBrand,,,Tablet,,,,,,TL3,,FR,,471799,PLANT_SOLIDS,Low,IBUP400TAB,,,,TabletsCaps
QCS01326,,,,,,,,,,,LAB2,,,,,,,,,,FP,,
BATCH01281,Medium,No,Contract,,,Hormonal,,,,,,HORM1,,ES,,21414,PLANT_SPECIAL,Medium,LEVOHORMIMPL,,,,Units
QCS01327,,,,,,,,,,,LAB3,,,,,,,,,,FP,,
BATCH01282,Low,No,OwnBrand,,,Tablet,,,,,,TL1,,ES,,434793,PLANT_SOLIDS,High,PARA500TAB,,,,TabletsCaps
QCS01328,,,,,,,,,,,LAB3,,,,,,,,,,FP,,
BATCH01283,Low,No,OwnBrand,,,Hormonal,,,,,,HORM2,,PT,,34276,PLANT_SPECIAL,Medium,EE30TAB,,,,Units
QCS01329,,,,,,,,,,,LAB1,,,,,,,,,,FP,,
BATCH01284,Low,No,OwnBrand,,,Capsule,,,,,,CL1,,IT,,476523,PLANT_SOLIDS,Medium,OMEP20CAP,,,,TabletsCaps
QCS01330,,,,,,,,,,,LAB2,,,,,,,,,,FP,,
DEVIAT0207,,,,Major,Quality,,,,,,,,,,,,,,,,,,
QCS01331,,,,,,,,,,,LAB1,,,,,,,,,,FP,,
BATCH01285,Low,No,OwnBrand,,,Tablet,,,,,,TL2,,ES,,236890,PLANT_SOLIDS,Medium,PARA500TAB,,,,TabletsCaps
QCS01332,,,,,,,,,,,LAB2,,,,,,,,,,FP,,
DEVIAT0208,,,,Major,Quality,,,,,,,,,,,,,,,,,,
QCS01333,,,,,,,,,,,LAB3,,,,,,,,,,FP,,
BATCH01286,High,No,Contract,,,Injectable,,,,,,INJ1,,UK,,21464,PLANT_PARENTERAL,Low,CEF1GIV,,,,Units
QCS01334,,,,,,,,,,,LAB3,,,,,,,,,,FP,,
BATCH01287,High,No,Contract,,,Injectable,,,,,,INJ2,,UK,,35352,PLANT_PARENTERAL,Low,CEF1GIV,,,,Units
BATCH01288,Low,Yes,Contract,,,Device,,,,,,DEV2,,UK,,44860,PLANT_SPECIAL,Low,INHALER,,,,Units
QCS01335,,,,,,,,,,,LAB1,,,,,,,,,,FP,,
BATCH01289,Medium,No,Contract,,,Hormonal,,,,,,HORM2,,ES,,2864,PLANT_SPECIAL,Medium,LEVOHORMIMPL,,,,Units
QCS01336,,,,,,,,,,,LAB1,,,,,,,,,,FP,,
BATCH01290,Low,No,Contract,,,Device,,,,,,DEV2,,UK,,12710,PLANT_SPECIAL,Medium,INHALER,,,,Units
QCS01337,,,,,,,,,,,LAB3,,,,,,,,,,FP,,
BATCH01291,Medium,Yes,OwnBrand,,,Device,,,,,,DEV2,,DE,,27109,PLANT_SPECIAL,Low,INSUPEN,,,,Units
QCS01338,,,,,,,,,,,LAB1,,,,,,,,,,FP,,
BATCH01292,Low,No,OwnBrand,,,Tablet,,,,,,TL3,,ES,,217941,PLANT_SOLIDS,High,PARA500TAB,,,,TabletsCaps
BATCH01293,Low,No,OwnBrand,,,Hormonal,,,,,,HORM1,,PT,,18492,PLANT_SPECIAL,Medium,EE30TAB,,,,Units
DEVIAT0209,,,,Minor,Documentation,,,,,,,,,,,,,,,,,,
QCS01339,,,,,,,,,,,LAB1,,,,,,,,,,FP,,
BATCH01294,Medium,No,OwnBrand,,,Tablet,,,,,,TL3,,FR,,244586,PLANT_SOLIDS,Medium,IBUP400TAB,,,,TabletsCaps
BATCH01295,Medium,No,OwnBrand,,,Tablet,,,,,,TL3,,FR,,277179,PLANT_SOLIDS,High,IBUP400TAB,,,,TabletsCaps
QCS01340,,,,,,,,,,,LAB3,,,,,,,,,,FP,,
BATCH01296,Medium,No,OwnBrand,,,Tablet,,,,,,TL1,,FR,,171062,PLANT_SOLIDS,Medium,IBUP400TAB,,,,TabletsCaps
QCS01341,,,,,,,,,,,LAB2,,,,,,,,,,FP,,
BATCH01297,Low,No,Contract,,,Device,,,,,,DEV1,,UK,,41572,PLANT_SPECIAL,High,INHALER,,,,Units
DEVIAT0210,,,,Minor,Documentation,,,,,,,,,,,,,,,,,,
QCS01342,,,,,,,,,,,LAB2,,,,,,,,,,FP,,
BATCH01298,Low,No,OwnBrand,,,Tablet,,,,,,TL3,,ES,,60104,PLANT_SOLIDS,Medium,PARA500TAB,,,,TabletsCaps
QCS01343,,,,,,,,,,,LAB1,,,,,,,,,,FP,,
BATCH01299,Low,No,Contract,,,Device,,,,,,DEV2,,UK,,44349,PLANT_SPECIAL,Medium,INHALER,,,,Units
QCS01344,,,,,,,,,,,LAB1,,,,,,,,,,FP,,
BATCH01300,Medium,No,Contract,,,Hormonal,,,,,,HORM2,,ES,,49520,PLANT_SPECIAL,Medium,LEVOHORMIMPL,,,,Units
QCS01345,,,,,,,,,,,LAB1,,,,,,,,,,FP,,
DEVIAT0211,,,,Major,Quality,,,,,,,,,,,,,,,,,,
QCS01346,,,,,,,,,,,LAB3,,,,,,,,,,FP,,
BATCH01301,Low,Yes,OwnBrand,,,Capsule,,,,,,CL2,,IT,,97556,PLANT_SOLIDS,Medium,OMEP20CAP,,,,TabletsCaps
DEVIAT0212,,,,Major,Supply,,,,,,,,,,,,,,,,,,
QCS01347,,,,,,,,,,,LAB1,,,,,,,,,,FP,,
BATCH01302,High,No,Contract,,,Capsule,,,,,,CL1,,DE,,208013,PLANT_SOLIDS,Low,AMOX500CAP,,,,TabletsCaps
QCS01348,,,,,,,,,,,LAB2,,,,,,,,,,FP,,
BATCH01303,Low,No,OwnBrand,,,Tablet,,,,,,TL2,,ES,,369230,PLANT_SOLIDS,High,PARA500TAB,,,,TabletsCaps
DEVIAT0213,,,,Critical,Quality,,,,,,,,,,,,,,,,,,
QCS01349,,,,,,,,,,,LAB3,,,,,,,,,,FP,,
BATCH01304,High,No,Contract,,,Injectable,,,,,,INJ2,,UK,,8579,PLANT_PARENTERAL,Medium,CEF1GIV,,,,Units
QCS01350,,,,,,,,,,,LAB2,,,,,,,,,,FP,,
BATCH01305,Medium,No,OwnBrand,,,Device,,,,,,DEV2,,DE,,3340,PLANT_SPECIAL,High,INSUPEN,,,,Units
QCS01351,,,,,,,,,,,LAB1,,,,,,,,,,FP,,
DEVIAT0214,,,,Major,Quality,,,,,,,,,,,,,,,,,,
QCS01352,,,,,,,,,,,LAB3,,,,,,,,,,FP,,
BATCH01306,Low,No,OwnBrand,,,Hormonal,,,,,,HORM1,,PT,,40473,PLANT_SPECIAL,Medium,EE30TAB,,,,Units
QCS01353,,,,,,,,,,,LAB2,,,,,,,,,,FP,,
BATCH01307,Medium,No,OwnBrand,,,Device,,,,,,DEV1,,DE,,25524,PLANT_SPECIAL,Medium,INSUPEN,,,,Units
QCS01354,,,,,,,,,,,LAB1,,,,,,,,,,FP,,
BATCH01308,Low,No,OwnBrand,,,Tablet,,,,,,TL2,,ES,,480789,PLANT_SOLIDS,High,PARA500TAB,,,,TabletsCaps
DEVIAT0215,,,,Critical,Quality,,,,,,,,,,,,,,,,,,
QCS01355,,,,,,,,,,,LAB2,,,,,,,,,,FP,,
BATCH01309,Medium,No,OwnBrand,,,Tablet,,,,,,TL1,,FR,,396480,PLANT_SOLIDS,Medium,IBUP400TAB,,,,TabletsCaps
QCS01356,,,,,,,,,,,LAB3,,,,,,,,,,FP,,
BATCH01310,High,Yes,Contract,,,Capsule,,,,,,CL1,,DE,,231619,PLANT_SOLIDS,High,AMOX500CAP,,,,TabletsCaps
QCS01357,,,,,,,,,,,LAB3,,,,,,,,,,FP,,
BATCH01311,High,No,Contract,,,Capsule,,,,,,CL1,,DE,,231372,PLANT_SOLIDS,High,AMOX500CAP,,,,TabletsCaps
QCS01358,,,,,,,,,,,LAB3,,,,,,,,,,FP,,
BATCH01312,High,Yes,Contract,,,Injectable,,,,,,INJ1,,UK,,10357,PLANT_PARENTERAL,Medium,CEF1GIV,,,,Units
QCS01359,,,,,,,,,,,LAB2,,,,,,,,,,FP,,
BATCH01313,Medium,Yes,Contract,,,Hormonal,,,,,,HORM2,,ES,,24234,PLANT_SPECIAL,Medium,LEVOHORMIMPL,,,,Units
QCS01360,,,,,,,,,,,LAB3,,,,,,,,,,FP,,
BATCH01314,Medium,Yes,OwnBrand,,,Device,,,,,,DEV2,,DE,,12613,PLANT_SPECIAL,Medium,INSUPEN,,,,Units
QCS01361,,,,,,,,,,,LAB1,,,,,,,,,,FP,,
BATCH01315,Medium,Yes,OwnBrand,,,Device,,,,,,DEV1,,DE,,22350,PLANT_SPECIAL,Medium,INSUPEN,,,,Units
QCS01362,,,,,,,,,,,LAB2,,,,,,,,,,FP,,
BATCH01316,Low,No,OwnBrand,,,Capsule,,,,,,CL2,,IT,,186646,PLANT_SOLIDS,Medium,OMEP20CAP,,,,TabletsCaps
DEVIAT0216,,,,Major,Process,,,,,,,,,,,,,,,,,,
QCS01363,,,,,,,,,,,LAB3,,,,,,,,,,IPC,,
QCS01364,,,,,,,,,,,LAB3,,,,,,,,,,FP,,
BATCH01317,Medium,No,OwnBrand,,,Injectable,,,,,,INJ1,,FR,,42867,PLANT_PARENTERAL,High,HEP5000SC,,,,Units
QCS01365,,,,,,,,,,,LAB2,,,,,,,,,,FP,,
BATCH01318,Low,No,OwnBrand,,,Hormonal,,,,,,HORM1,,PT,,4475,PLANT_SPECIAL,High,EE30TAB,,,,Units
QCS01366,,,,,,,,,,,LAB2,,,,,,,,,,FP,,
BATCH01319,Medium,Yes,OwnBrand,,,Device,,,,,,DEV2,,DE,,19307,PLANT_SPECIAL,Medium,INSUPEN,,,,Units
QCS01367,,,,,,,,,,,LAB2,,,,,,,,,,FP,,
BATCH01320,Low,Yes,OwnBrand,,,Hormonal,,,,,,HORM2,,PT,,5031,PLANT_SPECIAL,Medium,EE30TAB,,,,Units
QCS01368,,,,,,,,,,,LAB2,,,,,,,,,,FP,,
BATCH01321,Medium,No,Contract,,,Hormonal,,,,,,HORM2,,ES,,10854,PLANT_SPECIAL,Medium,LEVOHORMIMPL,,,,Units
QCS01369,,,,,,,,,,,LAB3,,,,,,,,,,FP,,
BATCH01322,Low,No,Contract,,,Device,,,,,,DEV2,,UK,,29690,PLANT_SPECIAL,Medium,INHALER,,,,Units
QCS01370,,,,,,,,,,,LAB3,,,,,,,,,,FP,,
BATCH01323,Low,No,Contract,,,Device,,,,,,DEV1,,UK,,36692,PLANT_SPECIAL,Medium,INHALER,,,,Units
QCS01371,,,,,,,,,,,LAB1,,,,,,,,,,FP,,
BATCH01324,Medium,No,OwnBrand,,,Injectable,,,,,,INJ1,,FR,,36653,PLANT_PARENTERAL,High,HEP5000SC,,,,Units
QCS01372,,,,,,,,,,,LAB2,,,,,,,,,,FP,,
BATCH01325,Medium,No,OwnBrand,,,Injectable,,,,,,INJ2,,FR,,27082,PLANT_PARENTERAL,Medium,HEP5000SC,,,,Units
QCS01373,,,,,,,,,,,LAB3,,,,,,,,,,FP,,
BATCH01326,Medium,No,OwnBrand,,,Device,,,,,,DEV2,,DE,,4622,PLANT_SPECIAL,High,INSUPEN,,,,Units
QCS01374,,,,,,,,,,,LAB3,,,,,,,,,,FP,,
BATCH01327,Low,No,OwnBrand,,,Tablet,,,,,,TL1,,ES,,284828,PLANT_SOLIDS,Low,PARA500TAB,,,,TabletsCaps
QCS01375,,,,,,,,,,,LAB2,,,,,,,,,,FP,,
BATCH01328,High,Yes,Contract,,,Capsule,,,,,,CL2,,DE,,185174,PLANT_SOLIDS,Medium,AMOX500CAP,,,,TabletsCaps
QCS01376,,,,,,,,,,,LAB3,,,,,,,,,,FP,,
BATCH01329,Low,No,OwnBrand,,,Capsule,,,,,,CL1,,IT,,200342,PLANT_SOLIDS,High,OMEP20CAP,,,,TabletsCaps
QCS01377,,,,,,,,,,,LAB2,,,,,,,,,,FP,,
BATCH01330,Medium,No,OwnBrand,,,Device,,,,,,DEV1,,DE,,26231,PLANT_SPECIAL,Medium,INSUPEN,,,,Units
QCS01378,,,,,,,,,,,LAB3,,,,,,,,,,FP,,
BATCH01331,Medium,Yes,Contract,,,Hormonal,,,,,,HORM1,,ES,,16205,PLANT_SPECIAL,High,LEVOHORMIMPL,,,,Units
QCS01379,,,,,,,,,,,LAB2,,,,,,,,,,FP,,
BATCH01332,Medium,No,OwnBrand,,,Device,,,,,,DEV1,,DE,,41336,PLANT_SPECIAL,Medium,INSUPEN,,,,Units
QCS01380,,,,,,,,,,,LAB1,,,,,,,,,,FP,,
BATCH01333,Low,No,OwnBrand,,,Hormonal,,,,,,HORM1,,PT,,31307,PLANT_SPECIAL,High,EE30TAB,,,,Units
QCS01381,,,,,,,,,,,LAB3,,,,,,,,,,FP,,
BATCH01334,Low,No,Contract,,,Device,,,,,,DEV1,,UK,,9617,PLANT_SPECIAL,High,INHALER,,,,Units
QCS01382,,,,,,,,,,,LAB3,,,,,,,,,,FP,,
BATCH01335,Medium,No,OwnBrand,,,Injectable,,,,,,INJ2,,FR,,33717,PLANT_PARENTERAL,High,HEP5000SC,,,,Units
QCS01383,,,,,,,,,,,LAB1,,,,,,,,,,FP,,
BATCH01336,Medium,No,OwnBrand,,,Tablet,,,,,,TL2,,FR,,250456,PLANT_SOLIDS,Low,IBUP400TAB,,,,TabletsCaps
QCS01384,,,,,,,,,,,LAB1,,,,,,,,,,FP,,
BATCH01337,Medium,No,OwnBrand,,,Device,,,,,,DEV2,,DE,,22174,PLANT_SPECIAL,Medium,INSUPEN,,,,Units
QCS01385,,,,,,,,,,,LAB1,,,,,,,,,,FP,,
BATCH01338,Medium,Yes,OwnBrand,,,Injectable,,,,,,INJ1,,FR,,7900,PLANT_PARENTERAL,Medium,HEP5000SC,,,,Units
QCS01386,,,,,,,,,,,LAB1,,,,,,,,,,FP,,
BATCH01339,High,No,Contract,,,Capsule,,,,,,CL2,,DE,,165528,PLANT_SOLIDS,Medium,AMOX500CAP,,,,TabletsCaps
DEVIAT0217,,,,Major,Supply,,,,,,,,,,,,,,,,,,
QCS01387,,,,,,,,,,,LAB2,,,,,,,,,,FP,,
BATCH01340,Low,No,OwnBrand,,,Hormonal,,,,,,HORM1,,PT,,1231,PLANT_SPECIAL,High,EE30TAB,,,,Units
QCS01388,,,,,,,,,,,LAB1,,,,,,,,,,FP,,
BATCH01341,Low,No,OwnBrand,,,Capsule,,,,,,CL2,,IT,,154849,PLANT_SOLIDS,High,OMEP20CAP,,,,TabletsCaps
QCS01389,,,,,,,,,,,LAB3,,,,,,,,,,FP,,
BATCH01342,Medium,No,OwnBrand,,,Tablet,,,,,,TL2,,FR,,316026,PLANT_SOLIDS,Medium,IBUP400TAB,,,,TabletsCaps
QCS01390,,,,,,,,,,,LAB2,,,,,,,,,,FP,,
BATCH01343,High,Yes,Contract,,,Injectable,,,,,,INJ1,,UK,,22879,PLANT_PARENTERAL,Medium,CEF1GIV,,,,Units
QCS01391,,,,,,,,,,,LAB1,,,,,,,,,,FP,,
BATCH01344,Low,No,OwnBrand,,,Hormonal,,,,,,HORM1,,PT,,30347,PLANT_SPECIAL,Medium,EE30TAB,,,,Units
BATCH01345,Low,Yes,OwnBrand,,,Capsule,,,,,,CL2,,IT,,166627,PLANT_SOLIDS,Medium,OMEP20CAP,,,,TabletsCaps
DEVIAT0218,,,,Major,Process,,,,,,,,,,,,,,,,,,
QCS01392,,,,,,,,,,,LAB2,,,,,,,,,,IPC,,
QCS01393,,,,,,,,,,,LAB2,,,,,,,,,,FP,,
BATCH01346,Low,No,OwnBrand,,,Hormonal,,,,,,HORM1,,PT,,24392,PLANT_SPECIAL,High,EE30TAB,,,,Units
QCS01394,,,,,,,,,,,LAB2,,,,,,,,,,FP,,
BATCH01347,Low,No,OwnBrand,,,Hormonal,,,,,,HORM1,,PT,,11450,PLANT_SPECIAL,Low,EE30TAB,,,,Units
QCS01395,,,,,,,,,,,LAB2,,,,,,,,,,FP,,
BATCH01348,High,Yes,Contract,,,Capsule,,,,,,CL2,,DE,,291248,PLANT_SOLIDS,Low,AMOX500CAP,,,,TabletsCaps
QCS01396,,,,,,,,,,,LAB1,,,,,,,,,,FP,,
BATCH01349,Low,No,OwnBrand,,,Capsule,,,,,,CL1,,IT,,249381,PLANT_SOLIDS,Low,OMEP20CAP,,,,TabletsCaps
QCS01397,,,,,,,,,,,LAB3,,,,,,,,,,FP,,
BATCH01350,Low,Yes,OwnBrand,,,Tablet,,,,,,TL2,,ES,,495508,PLANT_SOLIDS,High,PARA500TAB,,,,TabletsCaps
QCS01398,,,,,,,,,,,LAB1,,,,,,,,,,FP,,
BATCH01351,Low,Yes,OwnBrand,,,Hormonal,,,,,,HORM2,,PT,,44539,PLANT_SPECIAL,Medium,EE30TAB,,,,Units
QCS01399,,,,,,,,,,,LAB3,,,,,,,,,,FP,,
BATCH01352,Low,No,OwnBrand,,,Capsule,,,,,,CL1,,IT,,166685,PLANT_SOLIDS,Low,OMEP20CAP,,,,TabletsCaps
QCS01400,,,,,,,,,,,LAB2,,,,,,,,,,FP,,
BATCH01353,Low,Yes,OwnBrand,,,Hormonal,,,,,,HORM2,,PT,,45024,PLANT_SPECIAL,Medium,EE30TAB,,,,Units
QCS01401,,,,,,,,,,,LAB3,,,,,,,,,,FP,,
BATCH01354,Low,No,Contract,,,Device,,,,,,DEV2,,UK,,41956,PLANT_SPECIAL,Low,INHALER,,,,Units
QCS01402,,,,,,,,,,,LAB3,,,,,,,,,,FP,,
BATCH01355,Medium,Yes,Contract,,,Hormonal,,,,,,HORM1,,ES,,37236,PLANT_SPECIAL,Medium,LEVOHORMIMPL,,,,Units
QCS01403,,,,,,,,,,,LAB2,,,,,,,,,,FP,,
BATCH01356,Low,No,OwnBrand,,,Hormonal,,,,,,HORM2,,PT,,39228,PLANT_SPECIAL,Medium,EE30TAB,,,,Units
QCS01404,,,,,,,,,,,LAB2,,,,,,,,,,FP,,
BATCH01357,High,No,Contract,,,Capsule,,,,,,CL2,,DE,,372396,PLANT_SOLIDS,Low,AMOX500CAP,,,,TabletsCaps
DEVIAT0219,,,,Minor,Documentation,,,,,,,,,,,,,,,,,,
QCS01405,,,,,,,,,,,LAB2,,,,,,,,,,FP,,
BATCH01358,Low,No,OwnBrand,,,Hormonal,,,,,,HORM1,,PT,,42836,PLANT_SPECIAL,Low,EE30TAB,,,,Units
QCS01406,,,,,,,,,,,LAB2,,,,,,,,,,FP,,
BATCH01359,Low,No,Contract,,,Device,,,,,,DEV1,,UK,,10832,PLANT_SPECIAL,Medium,INHALER,,,,Units
QCS01407,,,,,,,,,,,LAB2,,,,,,,,,,FP,,
BATCH01360,Medium,Yes,OwnBrand,,,Device,,,,,,DEV2,,DE,,43075,PLANT_SPECIAL,High,INSUPEN,,,,Units
QCS01408,,,,,,,,,,,LAB2,,,,,,,,,,FP,,
BATCH01361,High,No,Contract,,,Capsule,,,,,,CL1,,DE,,449234,PLANT_SOLIDS,High,AMOX500CAP,,,,TabletsCaps
QCS01409,,,,,,,,,,,LAB3,,,,,,,,,,FP,,
BATCH01362,High,No,Contract,,,Injectable,,,,,,INJ1,,UK,,21365,PLANT_PARENTERAL,Medium,CEF1GIV,,,,Units
QCS01410,,,,,,,,,,,LAB1,,,,,,,,,,FP,,
BATCH01363,Medium,No,Contract,,,Hormonal,,,,,,HORM1,,ES,,25804,PLANT_SPECIAL,High,LEVOHORMIMPL,,,,Units
QCS01411,,,,,,,,,,,LAB3,,,,,,,,,,FP,,
BATCH01364,Medium,No,Contract,,,Hormonal,,,,,,HORM2,,ES,,24008,PLANT_SPECIAL,Low,LEVOHORMIMPL,,,,Units
QCS01412,,,,,,,,,,,LAB2,,,,,,,,,,FP,,
BATCH01365,Medium,No,OwnBrand,,,Tablet,,,,,,TL2,,FR,,350756,PLANT_SOLIDS,Medium,IBUP400TAB,,,,TabletsCaps
QCS01413,,,,,,,,,,,LAB2,,,,,,,,,,FP,,
DEVIAT0220,,,,Major,Quality,,,,,,,,,,,,,,,,,,
QCS01414,,,,,,,,,,,LAB3,,,,,,,,,,FP,,
BATCH01366,Low,No,OwnBrand,,,Capsule,,,,,,CL2,,IT,,281913,PLANT_SOLIDS,Medium,OMEP20CAP,,,,TabletsCaps
DEVIAT0221,,,,Major,Supply,,,,,,,,,,,,,,,,,,
QCS01415,,,,,,,,,,,LAB3,,,,,,,,,,FP,,
BATCH01367,Medium,No,OwnBrand,,,Tablet,,,,,,TL3,,FR,,279384,PLANT_SOLIDS,High,IBUP400TAB,,,,TabletsCaps
QCS01416,,,,,,,,,,,LAB1,,,,,,,,,,FP,,
BATCH01368,Medium,No,OwnBrand,,,Tablet,,,,,,TL3,,FR,,174662,PLANT_SOLIDS,High,IBUP400TAB,,,,TabletsCaps
QCS01417,,,,,,,,,,,LAB3,,,,,,,,,,FP,,
BATCH01369,Low,No,Contract,,,Device,,,,,,DEV1,,UK,,1920,PLANT_SPECIAL,Low,INHALER,,,,Units
QCS01418,,,,,,,,,,,LAB3,,,,,,,,,,FP,,
BATCH01370,High,No,Contract,,,Injectable,,,,,,INJ2,,UK,,12170,PLANT_PARENTERAL,Medium,CEF1GIV,,,,Units
BATCH01371,Medium,Yes,OwnBrand,,,Tablet,,,,,,TL2,,FR,,100334,PLANT_SOLIDS,Low,IBUP400TAB,,,,TabletsCaps
QCS01419,,,,,,,,,,,LAB3,,,,,,,,,,FP,,
BATCH01372,Medium,Yes,OwnBrand,,,Device,,,,,,DEV1,,DE,,47952,PLANT_SPECIAL,High,INSUPEN,,,,Units
QCS01420,,,,,,,,,,,LAB3,,,,,,,,,,FP,,
BATCH01373,Low,No,OwnBrand,,,Hormonal,,,,,,HORM2,,PT,,38743,PLANT_SPECIAL,Medium,EE30TAB,,,,Units
QCS01421,,,,,,,,,,,LAB3,,,,,,,,,,FP,,
BATCH01374,Medium,No,Contract,,,Hormonal,,,,,,HORM2,,ES,,13623,PLANT_SPECIAL,Medium,LEVOHORMIMPL,,,,Units
QCS01422,,,,,,,,,,,LAB3,,,,,,,,,,FP,,
BATCH01375,High,No,Contract,,,Capsule,,,,,,CL1,,DE,,211490,PLANT_SOLIDS,Low,AMOX500CAP,,,,TabletsCaps
DEVIAT0222,,,,Major,Process,,,,,,,,,,,,,,,,,,
QCS01423,,,,,,,,,,,LAB1,,,,,,,,,,IPC,,
QCS01424,,,,,,,,,,,LAB2,,,,,,,,,,FP,,
BATCH01376,Low,No,Contract,,,Device,,,,,,DEV2,,UK,,10797,PLANT_SPECIAL,Medium,INHALER,,,,Units
QCS01425,,,,,,,,,,,LAB2,,,,,,,,,,FP,,
BATCH01377,Medium,Yes,OwnBrand,,,Tablet,,,,,,TL2,,FR,,434648,PLANT_SOLIDS,High,IBUP400TAB,,,,TabletsCaps
QCS01426,,,,,,,,,,,LAB2,,,,,,,,,,FP,,
BATCH01378,High,No,Contract,,,Injectable,,,,,,INJ1,,UK,,26416,PLANT_PARENTERAL,Medium,CEF1GIV,,,,Units
QCS01427,,,,,,,,,,,LAB1,,,,,,,,,,FP,,
BATCH01379,Medium,No,OwnBrand,,,Tablet,,,,,,TL1,,FR,,131280,PLANT_SOLIDS,High,IBUP400TAB,,,,TabletsCaps
QCS01428,,,,,,,,,,,LAB3,,,,,,,,,,FP,,
BATCH01380,High,No,Contract,,,Capsule,,,,,,CL2,,DE,,185629,PLANT_SOLIDS,Medium,AMOX500CAP,,,,TabletsCaps
BATCH01381,High,No,Contract,,,Capsule,,,,,,CL1,,DE,,199120,PLANT_SOLIDS,Medium,AMOX500CAP,,,,TabletsCaps
DEVIAT0223,,,,Minor,Documentation,,,,,,,,,,,,,,,,,,
QCS01429,,,,,,,,,,,LAB2,,,,,,,,,,FP,,
BATCH01382,Medium,No,Contract,,,Hormonal,,,,,,HORM1,,ES,,30880,PLANT_SPECIAL,High,LEVOHORMIMPL,,,,Units
QCS01430,,,,,,,,,,,LAB1,,,,,,,,,,FP,,
BATCH01383,Medium,Yes,OwnBrand,,,Injectable,,,,,,INJ2,,FR,,4717,PLANT_PARENTERAL,Medium,HEP5000SC,,,,Units
QCS01431,,,,,,,,,,,LAB2,,,,,,,,,,FP,,
BATCH01384,High,Yes,Contract,,,Injectable,,,,,,INJ1,,UK,,42216,PLANT_PARENTERAL,Medium,CEF1GIV,,,,Units
QCS01432,,,,,,,,,,,LAB2,,,,,,,,,,FP,,
BATCH01385,High,No,Contract,,,Capsule,,,,,,CL1,,DE,,70696,PLANT_SOLIDS,Medium,AMOX500CAP,,,,TabletsCaps
QCS01433,,,,,,,,,,,LAB3,,,,,,,,,,FP,,
BATCH01386,Low,No,OwnBrand,,,Tablet,,,,,,TL2,,ES,,175780,PLANT_SOLIDS,Medium,PARA500TAB,,,,TabletsCaps
QCS01434,,,,,,,,,,,LAB1,,,,,,,,,,FP,,
BATCH01387,Low,Yes,OwnBrand,,,Tablet,,,,,,TL3,,ES,,336155,PLANT_SOLIDS,Low,PARA500TAB,,,,TabletsCaps
QCS01435,,,,,,,,,,,LAB2,,,,,,,,,,FP,,
BATCH01388,Low,No,OwnBrand,,,Tablet,,,,,,TL1,,ES,,290009,PLANT_SOLIDS,Medium,PARA500TAB,,,,TabletsCaps
QCS01436,,,,,,,,,,,LAB3,,,,,,,,,,FP,,
BATCH01389,High,No,Contract,,,Injectable,,,,,,INJ1,,UK,,2349,PLANT_PARENTERAL,Low,CEF1GIV,,,,Units
QCS01437,,,,,,,,,,,LAB3,,,,,,,,,,FP,,
BATCH01390,Medium,No,OwnBrand,,,Tablet,,,,,,TL3,,FR,,71334,PLANT_SOLIDS,Low,IBUP400TAB,,,,TabletsCaps
BATCH01391,Medium,No,OwnBrand,,,Device,,,,,,DEV1,,DE,,38445,PLANT_SPECIAL,Low,INSUPEN,,,,Units
QCS01438,,,,,,,,,,,LAB2,,,,,,,,,,FP,,
BATCH01392,Low,No,Contract,,,Device,,,,,,DEV2,,UK,,32355,PLANT_SPECIAL,Medium,INHALER,,,,Units
QCS01439,,,,,,,,,,,LAB1,,,,,,,,,,FP,,
BATCH01393,Medium,No,OwnBrand,,,Tablet,,,,,,TL2,,FR,,170122,PLANT_SOLIDS,Medium,IBUP400TAB,,,,TabletsCaps
DEVIAT0224,,,,Major,Process,,,,,,,,,,,,,,,,,,
QCS01440,,,,,,,,,,,LAB1,,,,,,,,,,IPC,,
QCS01441,,,,,,,,,,,LAB1,,,,,,,,,,FP,,
BATCH01394,Medium,No,OwnBrand,,,Injectable,,,,,,INJ2,,FR,,17951,PLANT_PARENTERAL,Low,HEP5000SC,,,,Units
DEVIAT0225,,,,Minor,Documentation,,,,,,,,,,,,,,,,,,
QCS01442,,,,,,,,,,,LAB1,,,,,,,,,,FP,,
BATCH01395,Medium,No,Contract,,,Hormonal,,,,,,HORM2,,ES,,2840,PLANT_SPECIAL,Low,LEVOHORMIMPL,,,,Units
QCS01443,,,,,,,,,,,LAB3,,,,,,,,,,FP,,
BATCH01396,Medium,No,OwnBrand,,,Tablet,,,,,,TL1,,FR,,276777,PLANT_SOLIDS,High,IBUP400TAB,,,,TabletsCaps
QCS01444,,,,,,,,,,,LAB3,,,,,,,,,,FP,,
BATCH01397,Low,No,OwnBrand,,,Tablet,,,,,,TL1,,ES,,498206,PLANT_SOLIDS,Medium,PARA500TAB,,,,TabletsCaps
QCS01445,,,,,,,,,,,LAB2,,,,,,,,,,FP,,
BATCH01398,High,Yes,Contract,,,Capsule,,,,,,CL1,,DE,,377694,PLANT_SOLIDS,Medium,AMOX500CAP,,,,TabletsCaps
QCS01446,,,,,,,,,,,LAB1,,,,,,,,,,FP,,
BATCH01399,Medium,Yes,OwnBrand,,,Tablet,,,,,,TL2,,FR,,260831,PLANT_SOLIDS,High,IBUP400TAB,,,,TabletsCaps
QCS01447,,,,,,,,,,,LAB2,,,,,,,,,,FP,,
BATCH01400,Low,No,OwnBrand,,,Tablet,,,,,,TL1,,ES,,263110,PLANT_SOLIDS,Medium,PARA500TAB,,,,TabletsCaps
DEVIAT0226,,,,Major,Process,,,,,,,,,,,,,,,,,,
QCS01448,,,,,,,,,,,LAB1,,,,,,,,,,IPC,,
QCS01449,,,,,,,,,,,LAB1,,,,,,,,,,FP,,
BATCH01401,Low,No,Contract,,,Device,,,,,,DEV2,,UK,,22668,PLANT_SPECIAL,High,INHALER,,,,Units
QCS01450,,,,,,,,,,,LAB1,,,,,,,,,,FP,,
BATCH01402,Low,No,OwnBrand,,,Tablet,,,,,,TL3,,ES,,372736,PLANT_SOLIDS,Low,PARA500TAB,,,,TabletsCaps
DEVIAT0227,,,,Critical,Quality,,,,,,,,,,,,,,,,,,
QCS01451,,,,,,,,,,,LAB2,,,,,,,,,,FP,,
BATCH01403,Medium,No,OwnBrand,,,Injectable,,,,,,INJ1,,FR,,48937,PLANT_PARENTERAL,Medium,HEP5000SC,,,,Units
QCS01452,,,,,,,,,,,LAB1,,,,,,,,,,FP,,
BATCH01404,High,No,Contract,,,Injectable,,,,,,INJ1,,UK,,37667,PLANT_PARENTERAL,High,CEF1GIV,,,,Units
BATCH01405,Medium,No,OwnBrand,,,Tablet,,,,,,TL1,,FR,,448856,PLANT_SOLIDS,Medium,IBUP400TAB,,,,TabletsCaps
QCS01453,,,,,,,,,,,LAB3,,,,,,,,,,FP,,
BATCH01406,Medium,No,OwnBrand,,,Device,,,,,,DEV1,,DE,,3899,PLANT_SPECIAL,High,INSUPEN,,,,Units
QCS01454,,,,,,,,,,,LAB1,,,,,,,,,,FP,,
BATCH01407,High,No,Contract,,,Capsule,,,,,,CL1,,DE,,276749,PLANT_SOLIDS,Low,AMOX500CAP,,,,TabletsCaps
QCS01455,,,,,,,,,,,LAB1,,,,,,,,,,FP,,
DEVIAT0228,,,,Major,Quality,,,,,,,,,,,,,,,,,,
QCS01456,,,,,,,,,,,LAB1,,,,,,,,,,FP,,
BATCH01408,Medium,No,OwnBrand,,,Tablet,,,,,,TL3,,FR,,86862,PLANT_SOLIDS,Medium,IBUP400TAB,,,,TabletsCaps
DEVIAT0229,,,,Major,Process,,,,,,,,,,,,,,,,,,
QCS01457,,,,,,,,,,,LAB3,,,,,,,,,,IPC,,
QCS01458,,,,,,,,,,,LAB1,,,,,,,,,,FP,,
BATCH01409,High,No,Contract,,,Capsule,,,,,,CL1,,DE,,475328,PLANT_SOLIDS,High,AMOX500CAP,,,,TabletsCaps
QCS01459,,,,,,,,,,,LAB1,,,,,,,,,,FP,,
BATCH01410,Medium,No,OwnBrand,,,Device,,,,,,DEV1,,DE,,3746,PLANT_SPECIAL,Medium,INSUPEN,,,,Units
QCS01460,,,,,,,,,,,LAB2,,,,,,,,,,FP,,
BATCH01411,Medium,No,Contract,,,Hormonal,,,,,,HORM2,,ES,,10089,PLANT_SPECIAL,Medium,LEVOHORMIMPL,,,,Units
QCS01461,,,,,,,,,,,LAB2,,,,,,,,,,FP,,
BATCH01412,High,No,Contract,,,Capsule,,,,,,CL2,,DE,,434725,PLANT_SOLIDS,High,AMOX500CAP,,,,TabletsCaps
QCS01462,,,,,,,,,,,LAB2,,,,,,,,,,FP,,
DEVIAT0230,,,,Major,Quality,,,,,,,,,,,,,,,,,,
QCS01463,,,,,,,,,,,LAB3,,,,,,,,,,FP,,
BATCH01413,Low,No,OwnBrand,,,Capsule,,,,,,CL1,,IT,,325149,PLANT_SOLIDS,High,OMEP20CAP,,,,TabletsCaps
QCS01464,,,,,,,,,,,LAB1,,,,,,,,,,FP,,
BATCH01414,High,Yes,Contract,,,Injectable,,,,,,INJ1,,UK,,39862,PLANT_PARENTERAL,Low,CEF1GIV,,,,Units
QCS01465,,,,,,,,,,,LAB2,,,,,,,,,,FP,,
BATCH01415,High,No,Contract,,,Capsule,,,,,,CL2,,DE,,111447,PLANT_SOLIDS,Medium,AMOX500CAP,,,,TabletsCaps
QCS01466,,,,,,,,,,,LAB3,,,,,,,,,,FP,,
BATCH01416,Low,No,OwnBrand,,,Hormonal,,,,,,HORM2,,PT,,33508,PLANT_SPECIAL,Low,EE30TAB,,,,Units
QCS01467,,,,,,,,,,,LAB3,,,,,,,,,,FP,,
BATCH01417,Low,No,OwnBrand,,,Tablet,,,,,,TL2,,ES,,349994,PLANT_SOLIDS,Medium,PARA500TAB,,,,TabletsCaps
DEVIAT0231,,,,Critical,Quality,,,,,,,,,,,,,,,,,,
QCS01468,,,,,,,,,,,LAB3,,,,,,,,,,FP,,
BATCH01418,Low,No,Contract,,,Device,,,,,,DEV2,,UK,,4861,PLANT_SPECIAL,Medium,INHALER,,,,Units
QCS01469,,,,,,,,,,,LAB2,,,,,,,,,,FP,,
BATCH01419,High,No,Contract,,,Injectable,,,,,,INJ1,,UK,,40818,PLANT_PARENTERAL,High,CEF1GIV,,,,Units
QCS01470,,,,,,,,,,,LAB3,,,,,,,,,,FP,,
BATCH01420,Medium,Yes,OwnBrand,,,Device,,,,,,DEV1,,DE,,5141,PLANT_SPECIAL,Medium,INSUPEN,,,,Units
QCS01471,,,,,,,,,,,LAB3,,,,,,,,,,FP,,
BATCH01421,High,No,Contract,,,Capsule,,,,,,CL2,,DE,,153742,PLANT_SOLIDS,Low,AMOX500CAP,,,,TabletsCaps
QCS01472,,,,,,,,,,,LAB1,,,,,,,,,,FP,,
BATCH01422,Low,Yes,OwnBrand,,,Capsule,,,,,,CL1,,IT,,273168,PLANT_SOLIDS,High,OMEP20CAP,,,,TabletsCaps
QCS01473,,,,,,,,,,,LAB1,,,,,,,,,,FP,,
BATCH01423,Low,No,OwnBrand,,,Hormonal,,,,,,HORM1,,PT,,10233,PLANT_SPECIAL,Medium,EE30TAB,,,,Units
QCS01474,,,,,,,,,,,LAB3,,,,,,,,,,FP,,
BATCH01424,Medium,Yes,OwnBrand,,,Injectable,,,,,,INJ2,,FR,,33072,PLANT_PARENTERAL,High,HEP5000SC,,,,Units
QCS01475,,,,,,,,,,,LAB3,,,,,,,,,,FP,,
BATCH01425,Medium,No,Contract,,,Hormonal,,,,,,HORM2,,ES,,2221,PLANT_SPECIAL,Medium,LEVOHORMIMPL,,,,Units
QCS01476,,,,,,,,,,,LAB1,,,,,,,,,,FP,,
BATCH01426,Low,No,Contract,,,Device,,,,,,DEV1,,UK,,39356,PLANT_SPECIAL,Low,INHALER,,,,Units
QCS01477,,,,,,,,,,,LAB3,,,,,,,,,,FP,,
BATCH01427,Low,No,OwnBrand,,,Hormonal,,,,,,HORM2,,PT,,22112,PLANT_SPECIAL,Medium,EE30TAB,,,,Units
QCS01478,,,,,,,,,,,LAB2,,,,,,,,,,FP,,
BATCH01428,Low,No,OwnBrand,,,Hormonal,,,,,,HORM1,,PT,,31918,PLANT_SPECIAL,Medium,EE30TAB,,,,Units
QCS01479,,,,,,,,,,,LAB3,,,,,,,,,,FP,,
BATCH01429,Medium,No,OwnBrand,,,Injectable,,,,,,INJ2,,FR,,48580,PLANT_PARENTERAL,Low,HEP5000SC,,,,Units
QCS01480,,,,,,,,,,,LAB1,,,,,,,,,,FP,,
BATCH01430,Medium,No,OwnBrand,,,Injectable,,,,,,INJ1,,FR,,41792,PLANT_PARENTERAL,Medium,HEP5000SC,,,,Units
DEVIAT0232,,,,Minor,Documentation,,,,,,,,,,,,,,,,,,
QCS01481,,,,,,,,,,,LAB3,,,,,,,,,,FP,,
BATCH01431,Low,No,OwnBrand,,,Tablet,,,,,,TL2,,ES,,204365,PLANT_SOLIDS,Medium,PARA500TAB,,,,TabletsCaps
QCS01482,,,,,,,,,,,LAB3,,,,,,,,,,FP,,
BATCH01432,Medium,No,OwnBrand,,,Injectable,,,,,,INJ1,,FR,,26754,PLANT_PARENTERAL,Medium,HEP5000SC,,,,Units
QCS01483,,,,,,,,,,,LAB2,,,,,,,,,,FP,,
BATCH01433,Medium,No,OwnBrand,,,Device,,,,,,DEV2,,DE,,22757,PLANT_SPECIAL,Medium,INSUPEN,,,,Units
QCS01484,,,,,,,,,,,LAB1,,,,,,,,,,FP,,
BATCH01434,Low,Yes,OwnBrand,,,Tablet,,,,,,TL3,,ES,,299949,PLANT_SOLIDS,Low,PARA500TAB,,,,TabletsCaps
QCS01485,,,,,,,,,,,LAB1,,,,,,,,,,FP,,
BATCH01435,Medium,No,OwnBrand,,,Device,,,,,,DEV1,,DE,,8505,PLANT_SPECIAL,High,INSUPEN,,,,Units
QCS01486,,,,,,,,,,,LAB3,,,,,,,,,,FP,,
BATCH01436,Low,No,OwnBrand,,,Capsule,,,,,,CL2,,IT,,499764,PLANT_SOLIDS,Low,OMEP20CAP,,,,TabletsCaps
QCS01487,,,,,,,,,,,LAB3,,,,,,,,,,FP,,
BATCH01437,Medium,No,OwnBrand,,,Device,,,,,,DEV1,,DE,,22055,PLANT_SPECIAL,High,INSUPEN,,,,Units
QCS01488,,,,,,,,,,,LAB2,,,,,,,,,,FP,,
BATCH01438,Low,No,Contract,,,Device,,,,,,DEV2,,UK,,33807,PLANT_SPECIAL,Low,INHALER,,,,Units
QCS01489,,,,,,,,,,,LAB2,,,,,,,,,,FP,,
BATCH01439,Medium,No,OwnBrand,,,Device,,,,,,DEV2,,DE,,22553,PLANT_SPECIAL,Medium,INSUPEN,,,,Units
QCS01490,,,,,,,,,,,LAB1,,,,,,,,,,FP,,
BATCH01440,Medium,Yes,OwnBrand,,,Tablet,,,,,,TL3,,FR,,423211,PLANT_SOLIDS,Medium,IBUP400TAB,,,,TabletsCaps
QCS01491,,,,,,,,,,,LAB3,,,,,,,,,,FP,,
BATCH01441,High,No,Contract,,,Capsule,,,,,,CL2,,DE,,235388,PLANT_SOLIDS,High,AMOX500CAP,,,,TabletsCaps
QCS01492,,,,,,,,,,,LAB2,,,,,,,,,,FP,,
BATCH01442,Low,No,OwnBrand,,,Capsule,,,,,,CL1,,IT,,490691,PLANT_SOLIDS,Medium,OMEP20CAP,,,,TabletsCaps
QCS01493,,,,,,,,,,,LAB1,,,,,,,,,,FP,,
BATCH01443,Low,No,Contract,,,Device,,,,,,DEV1,,UK,,14659,PLANT_SPECIAL,Medium,INHALER,,,,Units
QCS01494,,,,,,,,,,,LAB3,,,,,,,,,,FP,,
BATCH01444,Low,No,OwnBrand,,,Tablet,,,,,,TL2,,ES,,399237,PLANT_SOLIDS,Medium,PARA500TAB,,,,TabletsCaps
QCS01495,,,,,,,,,,,LAB2,,,,,,,,,,FP,,
BATCH01445,High,Yes,Contract,,,Capsule,,,,,,CL1,,DE,,338273,PLANT_SOLIDS,Medium,AMOX500CAP,,,,TabletsCaps
DEVIAT0233,,,,Major,Process,,,,,,,,,,,,,,,,,,
QCS01496,,,,,,,,,,,LAB3,,,,,,,,,,IPC,,
QCS01497,,,,,,,,,,,LAB1,,,,,,,,,,FP,,
BATCH01446,Medium,Yes,OwnBrand,,,Device,,,,,,DEV1,,DE,,10539,PLANT_SPECIAL,High,INSUPEN,,,,Units
QCS01498,,,,,,,,,,,LAB3,,,,,,,,,,FP,,
BATCH01447,Low,No,OwnBrand,,,Hormonal,,,,,,HORM2,,PT,,7240,PLANT_SPECIAL,High,EE30TAB,,,,Units
QCS01499,,,,,,,,,,,LAB3,,,,,,,,,,FP,,
BATCH01448,Medium,No,Contract,,,Hormonal,,,,,,HORM1,,ES,,19055,PLANT_SPECIAL,High,LEVOHORMIMPL,,,,Units
QCS01500,,,,,,,,,,,LAB3,,,,,,,,,,FP,,
BATCH01449,Medium,No,OwnBrand,,,Injectable,,,,,,INJ1,,FR,,29617,PLANT_PARENTERAL,Medium,HEP5000SC,,,,Units
QCS01501,,,,,,,,,,,LAB3,,,,,,,,,,FP,,
BATCH01450,Medium,No,OwnBrand,,,Device,,,,,,DEV1,,DE,,46938,PLANT_SPECIAL,Medium,INSUPEN,,,,Units
QCS01502,,,,,,,,,,,LAB3,,,,,,,,,,FP,,
BATCH01451,High,Yes,Contract,,,Injectable,,,,,,INJ2,,UK,,25769,PLANT_PARENTERAL,High,CEF1GIV,,,,Units
QCS01503,,,,,,,,,,,LAB1,,,,,,,,,,FP,,
DEVIAT0234,,,,Major,Quality,,,,,,,,,,,,,,,,,,
QCS01504,,,,,,,,,,,LAB2,,,,,,,,,,FP,,
BATCH01452,Low,Yes,OwnBrand,,,Hormonal,,,,,,HORM1,,PT,,35445,PLANT_SPECIAL,Medium,EE30TAB,,,,Units
QCS01505,,,,,,,,,,,LAB2,,,,,,,,,,FP,,
BATCH01453,High,No,Contract,,,Injectable,,,,,,INJ1,,UK,,2417,PLANT_PARENTERAL,Medium,CEF1GIV,,,,Units
DEVIAT0235,,,,Minor,Documentation,,,,,,,,,,,,,,,,,,
QCS01506,,,,,,,,,,,LAB3,,,,,,,,,,FP,,
BATCH01454,Medium,No,OwnBrand,,,Tablet,,,,,,TL1,,FR,,444462,PLANT_SOLIDS,Medium,IBUP400TAB,,,,TabletsCaps
QCS01507,,,,,,,,,,,LAB3,,,,,,,,,,FP,,
DEVIAT0236,,,,Major,Quality,,,,,,,,,,,,,,,,,,
QCS01508,,,,,,,,,,,LAB1,,,,,,,,,,FP,,
BATCH01455,Medium,Yes,OwnBrand,,,Tablet,,,,,,TL1,,FR,,320825,PLANT_SOLIDS,Medium,IBUP400TAB,,,,TabletsCaps
QCS01509,,,,,,,,,,,LAB1,,,,,,,,,,FP,,
DEVIAT0237,,,,Major,Quality,,,,,,,,,,,,,,,,,,
QCS01510,,,,,,,,,,,LAB3,,,,,,,,,,FP,,
BATCH01456,Medium,No,OwnBrand,,,Device,,,,,,DEV2,,DE,,12746,PLANT_SPECIAL,Medium,INSUPEN,,,,Units
QCS01511,,,,,,,,,,,LAB3,,,,,,,,,,FP,,
BATCH01457,Low,No,Contract,,,Device,,,,,,DEV1,,UK,,45983,PLANT_SPECIAL,High,INHALER,,,,Units
QCS01512,,,,,,,,,,,LAB1,,,,,,,,,,FP,,
BATCH01458,Low,Yes,OwnBrand,,,Hormonal,,,,,,HORM2,,PT,,45376,PLANT_SPECIAL,Medium,EE30TAB,,,,Units
QCS01513,,,,,,,,,,,LAB3,,,,,,,,,,FP,,
BATCH01459,Medium,Yes,OwnBrand,,,Device,,,,,,DEV2,,DE,,39358,PLANT_SPECIAL,Medium,INSUPEN,,,,Units
QCS01514,,,,,,,,,,,LAB2,,,,,,,,,,FP,,
BATCH01460,Medium,No,OwnBrand,,,Device,,,,,,DEV2,,DE,,35984,PLANT_SPECIAL,High,INSUPEN,,,,Units
QCS01515,,,,,,,,,,,LAB2,,,,,,,,,,FP,,
BATCH01461,High,No,Contract,,,Injectable,,,,,,INJ1,,UK,,13790,PLANT_PARENTERAL,High,CEF1GIV,,,,Units
QCS01516,,,,,,,,,,,LAB1,,,,,,,,,,FP,,
BATCH01462,Medium,Yes,OwnBrand,,,Tablet,,,,,,TL3,,FR,,75473,PLANT_SOLIDS,Medium,IBUP400TAB,,,,TabletsCaps
QCS01517,,,,,,,,,,,LAB1,,,,,,,,,,FP,,
BATCH01463,Medium,No,OwnBrand,,,Device,,,,,,DEV1,,DE,,31795,PLANT_SPECIAL,Low,INSUPEN,,,,Units
QCS01518,,,,,,,,,,,LAB1,,,,,,,,,,FP,,
BATCH01464,Low,No,OwnBrand,,,Capsule,,,,,,CL2,,IT,,160061,PLANT_SOLIDS,Low,OMEP20CAP,,,,TabletsCaps
QCS01519,,,,,,,,,,,LAB2,,,,,,,,,,FP,,
BATCH01465,Medium,No,OwnBrand,,,Tablet,,,,,,TL1,,FR,,179903,PLANT_SOLIDS,Low,IBUP400TAB,,,,TabletsCaps
QCS01520,,,,,,,,,,,LAB3,,,,,,,,,,FP,,
BATCH01466,Low,No,OwnBrand,,,Tablet,,,,,,TL2,,ES,,177042,PLANT_SOLIDS,Low,PARA500TAB,,,,TabletsCaps
DEVIAT0238,,,,Minor,Documentation,,,,,,,,,,,,,,,,,,
QCS01521,,,,,,,,,,,LAB3,,,,,,,,,,FP,,
BATCH01467,Medium,Yes,OwnBrand,,,Device,,,,,,DEV1,,DE,,26468,PLANT_SPECIAL,Low,INSUPEN,,,,Units
QCS01522,,,,,,,,,,,LAB2,,,,,,,,,,FP,,
BATCH01468,Low,No,OwnBrand,,,Hormonal,,,,,,HORM2,,PT,,26903,PLANT_SPECIAL,Medium,EE30TAB,,,,Units
QCS01523,,,,,,,,,,,LAB2,,,,,,,,,,FP,,
BATCH01469,High,No,Contract,,,Capsule,,,,,,CL1,,DE,,209267,PLANT_SOLIDS,Low,AMOX500CAP,,,,TabletsCaps
BATCH01470,High,No,Contract,,,Capsule,,,,,,CL2,,DE,,368527,PLANT_SOLIDS,Medium,AMOX500CAP,,,,TabletsCaps
DEVIAT0239,,,,Major,Supply,,,,,,,,,,,,,,,,,,
QCS01524,,,,,,,,,,,LAB1,,,,,,,,,,FP,,
BATCH01471,High,No,Contract,,,Capsule,,,,,,CL1,,DE,,174156,PLANT_SOLIDS,Low,AMOX500CAP,,,,TabletsCaps
QCS01525,,,,,,,,,,,LAB3,,,,,,,,,,FP,,
BATCH01472,Medium,No,OwnBrand,,,Tablet,,,,,,TL1,,FR,,70717,PLANT_SOLIDS,High,IBUP400TAB,,,,TabletsCaps
QCS01526,,,,,,,,,,,LAB3,,,,,,,,,,FP,,
BATCH01473,High,No,Contract,,,Capsule,,,,,,CL1,,DE,,437695,PLANT_SOLIDS,High,AMOX500CAP,,,,TabletsCaps
QCS01527,,,,,,,,,,,LAB1,,,,,,,,,,FP,,
BATCH01474,Low,No,Contract,,,Device,,,,,,DEV2,,UK,,33925,PLANT_SPECIAL,Medium,INHALER,,,,Units
QCS01528,,,,,,,,,,,LAB1,,,,,,,,,,FP,,
BATCH01475,High,Yes,Contract,,,Injectable,,,,,,INJ1,,UK,,48947,PLANT_PARENTERAL,Low,CEF1GIV,,,,Units
QCS01529,,,,,,,,,,,LAB2,,,,,,,,,,FP,,
BATCH01476,Medium,No,OwnBrand,,,Injectable,,,,,,INJ1,,FR,,4366,PLANT_PARENTERAL,Low,HEP5000SC,,,,Units
QCS01530,,,,,,,,,,,LAB3,,,,,,,,,,FP,,
BATCH01477,Low,No,OwnBrand,,,Hormonal,,,,,,HORM2,,PT,,36919,PLANT_SPECIAL,Low,EE30TAB,,,,Units
QCS01531,,,,,,,,,,,LAB3,,,,,,,,,,FP,,
BATCH01478,Low,No,OwnBrand,,,Hormonal,,,,,,HORM1,,PT,,20032,PLANT_SPECIAL,Medium,EE30TAB,,,,Units
QCS01532,,,,,,,,,,,LAB3,,,,,,,,,,FP,,
BATCH01479,High,No,Contract,,,Capsule,,,,,,CL1,,DE,,313916,PLANT_SOLIDS,Medium,AMOX500CAP,,,,TabletsCaps
DEVIAT0240,,,,Major,Process,,,,,,,,,,,,,,,,,,
QCS01533,,,,,,,,,,,LAB2,,,,,,,,,,IPC,,
QCS01534,,,,,,,,,,,LAB3,,,,,,,,,,FP,,
BATCH01480,High,No,Contract,,,Capsule,,,,,,CL1,,DE,,360879,PLANT_SOLIDS,Medium,AMOX500CAP,,,,TabletsCaps
QCS01535,,,,,,,,,,,LAB3,,,,,,,,,,FP,,
BATCH01481,Low,No,Contract,,,Device,,,,,,DEV2,,UK,,49589,PLANT_SPECIAL,High,INHALER,,,,Units
QCS01536,,,,,,,,,,,LAB3,,,,,,,,,,FP,,
BATCH01482,High,No,Contract,,,Injectable,,,,,,INJ2,,UK,,11435,PLANT_PARENTERAL,High,CEF1GIV,,,,Units
QCS01537,,,,,,,,,,,LAB2,,,,,,,,,,FP,,
BATCH01483,Medium,No,OwnBrand,,,Tablet,,,,,,TL2,,FR,,254419,PLANT_SOLIDS,Medium,IBUP400TAB,,,,TabletsCaps
QCS01538,,,,,,,,,,,LAB2,,,,,,,,,,FP,,
BATCH01484,Medium,Yes,Contract,,,Hormonal,,,,,,HORM1,,ES,,6520,PLANT_SPECIAL,Low,LEVOHORMIMPL,,,,Units
QCS01539,,,,,,,,,,,LAB2,,,,,,,,,,FP,,
BATCH01485,Low,No,OwnBrand,,,Tablet,,,,,,TL1,,ES,,77903,PLANT_SOLIDS,Low,PARA500TAB,,,,TabletsCaps
QCS01540,,,,,,,,,,,LAB3,,,,,,,,,,FP,,
BATCH01486,Medium,No,Contract,,,Hormonal,,,,,,HORM2,,ES,,1407,PLANT_SPECIAL,Low,LEVOHORMIMPL,,,,Units
QCS01541,,,,,,,,,,,LAB2,,,,,,,,,,FP,,
BATCH01487,High,No,Contract,,,Capsule,,,,,,CL2,,DE,,406832,PLANT_SOLIDS,Medium,AMOX500CAP,,,,TabletsCaps
QCS01542,,,,,,,,,,,LAB3,,,,,,,,,,FP,,
BATCH01488,Medium,No,OwnBrand,,,Injectable,,,,,,INJ2,,FR,,12422,PLANT_PARENTERAL,Medium,HEP5000SC,,,,Units
BATCH01489,Low,No,Contract,,,Device,,,,,,DEV2,,UK,,43290,PLANT_SPECIAL,High,INHALER,,,,Units
QCS01543,,,,,,,,,,,LAB1,,,,,,,,,,FP,,
BATCH01490,High,Yes,Contract,,,Injectable,,,,,,INJ2,,UK,,28308,PLANT_PARENTERAL,High,CEF1GIV,,,,Units
QCS01544,,,,,,,,,,,LAB1,,,,,,,,,,FP,,
BATCH01491,Low,Yes,OwnBrand,,,Tablet,,,,,,TL2,,ES,,461604,PLANT_SOLIDS,High,PARA500TAB,,,,TabletsCaps
QCS01545,,,,,,,,,,,LAB2,,,,,,,,,,FP,,
BATCH01492,Medium,No,OwnBrand,,,Injectable,,,,,,INJ1,,FR,,23408,PLANT_PARENTERAL,Medium,HEP5000SC,,,,Units
QCS01546,,,,,,,,,,,LAB2,,,,,,,,,,FP,,
BATCH01493,Low,No,OwnBrand,,,Capsule,,,,,,CL2,,IT,,257615,PLANT_SOLIDS,Low,OMEP20CAP,,,,TabletsCaps
QCS01547,,,,,,,,,,,LAB1,,,,,,,,,,FP,,
BATCH01494,Medium,No,OwnBrand,,,Injectable,,,,,,INJ2,,FR,,21322,PLANT_PARENTERAL,High,HEP5000SC,,,,Units
QCS01548,,,,,,,,,,,LAB3,,,,,,,,,,FP,,
BATCH01495,Low,No,OwnBrand,,,Hormonal,,,,,,HORM2,,PT,,21055,PLANT_SPECIAL,Medium,EE30TAB,,,,Units
QCS01549,,,,,,,,,,,LAB1,,,,,,,,,,FP,,
BATCH01496,Medium,Yes,Contract,,,Hormonal,,,,,,HORM1,,ES,,3573,PLANT_SPECIAL,Low,LEVOHORMIMPL,,,,Units
QCS01550,,,,,,,,,,,LAB3,,,,,,,,,,FP,,
BATCH01497,Medium,No,Contract,,,Hormonal,,,,,,HORM2,,ES,,35609,PLANT_SPECIAL,Medium,LEVOHORMIMPL,,,,Units
QCS01551,,,,,,,,,,,LAB2,,,,,,,,,,FP,,
BATCH01498,Medium,No,OwnBrand,,,Injectable,,,,,,INJ2,,FR,,17627,PLANT_PARENTERAL,Medium,HEP5000SC,,,,Units
QCS01552,,,,,,,,,,,LAB1,,,,,,,,,,FP,,
BATCH01499,Low,No,Contract,,,Device,,,,,,DEV1,,UK,,44228,PLANT_SPECIAL,Low,INHALER,,,,Units
QCS01553,,,,,,,,,,,LAB1,,,,,,,,,,FP,,
BATCH01500,Low,No,OwnBrand,,,Hormonal,,,,,,HORM1,,PT,,17500,PLANT_SPECIAL,High,EE30TAB,,,,Units
QCS01554,,,,,,,,,,,LAB3,,,,,,,,,,FP,,
